localization_key,score,reasons,English_reference,English_display,preserved_tokens,preserved_in_locales
adle_henry_a_kaspar_havel_8awu,10,"non-ASCII character(s) in English display | English reference/display differ | token(s) preserved across 3+ localized displays: Casper, Havel, Rudolf | preserved token(s) also present in English reference","Ande Casper Havel… no, Rudolf Havel... I mean, Casper Rudolf wants me to pretend to be Havel.","Casper Havel… no, Rudolf Havel... I mean, Casper Rudolf wants me to pretend to be Havel.",Casper; Havel; Rudolf,Czech; French; German; Italian; Polish; Portuguese; Spanish; Turkish; Vietnamese
aren_henry_ja_se_jmenuju__IXqV,9,"non-ASCII character(s) in English display | token(s) preserved across 3+ localized displays: Henry, Sedletz, Albich | preserved token(s) also present in English reference","My name’s Henry. I came to Sedletz with Master Albich, I’m his protector.","My name’s Henry. I came to Sedletz with Master Albich, I’m his protector.",Henry; Sedletz; Albich,French; German; Italian; Portuguese; Spanish; Turkish; Vietnamese
arne_arne_nemec_aber_dann_1d9Y,11,"non-ASCII character(s) in English display | English reference/display differ | token(s) preserved across 3+ localized displays: Aber, dann, hatte, sehr, großes, Problem | preserved token(s) also present in English reference",!P Aber dann have they caught me stealing und ich hatte ein sehr großes Problem.,Aber dann have they caught me stealing und ich hatte ein sehr großes Problem.,Aber; dann; hatte; sehr; großes; Problem,Chineses; Chineset; Czech; French; German; Italian; Korean; Polish; Portuguese; Russian; Spanish; Turkish; Ukrainian
arne_arne_nemec_fechten_s_kCiC,10,"non-ASCII character(s) in English display | token(s) preserved across 3+ localized displays: Fechten, teuer, Spass, Geld, dafür | preserved token(s) also present in English reference","Learning Fechten is teuer Spass, so first I had to earn Geld dafür.","Learning Fechten is teuer Spass, so first I had to earn Geld dafür.",Fechten; teuer; Spass; Geld; dafür,Chineses; Chineset; Czech; French; German; Italian; Polish; Portuguese; Russian; Spanish; Turkish; Ukrainian; Vietnamese
arne_arne_nemec_ja_ja_got_yNSw,9,"non-ASCII character(s) in English display | English reference/display differ | token(s) preserved across 3+ localized displays: Gott, Dank | preserved token(s) also present in English reference","!P Ja, ja… Gott sei Dank.","Ja, ja … Gott sei Dank.",Gott; Dank,Chineses; Chineset; Czech; French; German; Italian; Korean; Polish; Portuguese; Russian; Spanish; Turkish; Ukrainian; Vietnamese
arne_arne_nemec_ja_ted_na_yWxZ,9,"non-ASCII character(s) in English display | English reference/display differ | token(s) preserved across 3+ localized displays: könnte, sagen | preserved token(s) also present in English reference","!P I see the world with new eyes now, mann kann sagen.","I see the world with new eyes now, könnte man sagen.",könnte; sagen,Chineses; Chineset; Czech; French; Italian; Korean; Polish; Portuguese; Russian; Spanish; Turkish; Ukrainian; Vietnamese
arne_arne_nemec_jetzt_geh_buSj,9,"non-ASCII character(s) in English display | English reference/display differ | token(s) preserved across 3+ localized displays: Jetzt, geht’s | preserved token(s) also present in English reference",!P Jetzt geht's los!,Jetzt geht’s los!,Jetzt; geht’s,Chineses; Chineset; Czech; French; German; Italian; Korean; Polish; Portuguese; Russian; Spanish; Turkish; Ukrainian; Vietnamese
arne_arne_nemec_kdyz_pak__7Dl6,10,"non-ASCII character(s) in English display | English reference/display differ | token(s) preserved across 3+ localized displays: Meister, Menhard, Böhmen | preserved token(s) also present in English reference","!P Then when Meister Menhard has gone to Böhmen, I go with him.","Then when Meister Menhard has gone to Böhmen, I go with him.",Meister; Menhard; Böhmen,Czech; French; German; Italian; Polish; Portuguese; Russian; Spanish; Turkish; Ukrainian; Vietnamese
arne_arne_nemec_nechci_mo_mUa4,10,"non-ASCII character(s) in English display | English reference/display differ | token(s) preserved across 3+ localized displays: Menhard, alles, beigebracht | preserved token(s) also present in English reference","!P I do not want to say much. Einfach, Menhard has me alles... beigebracht... taught me.","I do not want to say much. Nur, Menhard has me alles … beigebracht … taught me.",Menhard; alles; beigebracht,Chineses; Czech; French; German; Italian; Korean; Polish; Portuguese; Russian; Spanish; Turkish; Ukrainian; Vietnamese
arne_arne_nemec_pohledte__P2ST,10,"non-ASCII character(s) in English display | English reference/display differ | token(s) preserved across 3+ localized displays: Hört, gute, Menschen | preserved token(s) also present in English reference","Hören Sie, alle Menschen! Listen, everyone!","Hört zu, gute Menschen! Listen, everyone!",Hört; gute; Menschen,Chineses; Chineset; Czech; French; German; Italian; Japanese; Korean; Polish; Portuguese; Russian; Spanish; Turkish; Ukrainian; Vietnamese
arne_arne_nemec_to_nesnad_qY0U,11,"non-ASCII character(s) in English display | English reference/display differ | token(s) preserved across 3+ localized displays: nicht, einfach, also, Stoffe, Geld, Unterricht, Menhard | preserved token(s) also present in English reference","That is not easy, so I stole some fabrics to get money to pay Menhard for lessons. Das ist nicht einfach, also... I have some Stoffe stolen. To have Geld to pay für Unterricht... lessons... bei Meinhard.","Das ist nicht einfach, also... I have some Stoffe stolen. To have Geld to pay für Unterricht... lessons... bei Menhard.",nicht; einfach; also; Stoffe; Geld; Unterricht; Menhard,Chineses; Chineset; French; German; Italian; Korean; Polish; Portuguese; Russian; Spanish; Turkish; Ukrainian; Vietnamese
arne_menhart_z_vielleicht_JsnC,9,"non-ASCII character(s) in English display | English reference/display differ | token(s) preserved across 3+ localized displays: Vielleicht, Arne | preserved token(s) also present in English reference",Vielleicht Arne…,Vielleicht nur Arne…,Vielleicht; Arne,Chineses; Chineset; Czech; French; German; Italian; Korean; Polish; Portuguese; Russian; Spanish; Turkish; Ukrainian; Vietnamese
assa_npc_bylo__hilfe_pomo_n7NA,10,"non-ASCII character(s) in English display | English reference/display differ | token(s) preserved across 3+ localized displays: Hilfe, tollwütiger, Hund | preserved token(s) also present in English reference",!P Hilfe! Help! Ein tollwütiger Hund!,Hilfe! Help! Ein tollwütiger Hund!,Hilfe; tollwütiger; Hund,Chineses; Chineset; Czech; French; German; Italian; Korean; Polish; Portuguese; Russian; Spanish; Turkish; Ukrainian
assa_npc_vidi__a_kurva_co_sYpT,10,"non-ASCII character(s) in English display | English reference/display differ | token(s) preserved across 3+ localized displays: Kurva, életbe, kibaszott, kutya",Shit! A fucking dog!,Kurva életbe! Egy kibaszott kutya!,Kurva; életbe; kibaszott; kutya,Chineses; Chineset; Czech; French; German; Italian; Japanese; Korean; Polish; Portuguese; Russian; Spanish; Turkish; Ukrainian; Vietnamese
assa_npc_vidi__mordyr_pan_8gAO,9,"non-ASCII character(s) in English display | English reference/display differ | token(s) preserved across 3+ localized displays: Murdaroshis, Devla | preserved token(s) also present in English reference",!T Murdaroshis! Oy Devla…,Murdaroshis! Oy Devla…,Murdaroshis; Devla,Chineses; Chineset; Czech; French; German; Italian; Japanese; Korean; Portuguese; Russian; Spanish; Turkish; Ukrainian; Vietnamese
bals_henry_jmenuju_se_jin_FTmA,11,"non-ASCII character(s) in English display | English reference/display differ | token(s) preserved across 3+ localized displays: Henry, Radzig, Kobyla, Skalitz | preserved token(s) also present in English reference",My name is Henry. And you could say I'm in the service of Sir Radzig Kobyla.,My name is Henry. And you could say I'm in the service of Sir Radzig Kobyla… of Skalitz.,Henry; Radzig; Kobyla; Skalitz,French; German; Italian; Portuguese; Spanish; Turkish; Vietnamese
bals_jan_balsa_vyborne_vy_TWlc,9,"non-ASCII character(s) in English display | English reference/display differ | token(s) preserved across 3+ localized displays: Henry, Skalitz | preserved token(s) also present in English reference","Great. I see ou're kitted out pretty good alright. You ever been in battle with that lord of yours, Henry of Skalitz?","Great. I see you're kitted out pretty well alright. Have you ever been in battle with that lord of yours, Henry… of Skalitz?",Henry; Skalitz,French; German; Italian; Portuguese; Spanish; Turkish; Vietnamese
band_bandita_v_alarm_lass_P2zV,10,"non-ASCII character(s) in English display | English reference/display differ | token(s) preserved across 3+ localized displays: Alarm, Lasst, kämpfen | preserved token(s) also present in English reference",!P Alarm! Lasst uns kämpfen!,Alarm! Lasst uns kämpfen!,Alarm; Lasst; kämpfen,Chineses; Chineset; Czech; French; German; Italian; Korean; Polish; Portuguese; Russian; Spanish; Turkish; Ukrainian; Vietnamese
bark_kuman_na__aby_vas_er_mOFS,11,"non-ASCII character(s) in English display | English reference/display differ | token(s) preserved across 3+ localized displays: Erlik, majd, seggbe, benneteket | preserved token(s) also present in English reference",Erlik majd jól seggbe basz!,Erlik majd jól seggbe benneteket!,Erlik; majd; seggbe; benneteket,Chineses; Chineset; Czech; French; German; Italian; Japanese; Korean; Polish; Portuguese; Russian; Spanish; Turkish; Ukrainian; Vietnamese
bark_kuman_na__eja_na_nee_FJv1,9,"non-ASCII character(s) in English display | token(s) preserved across 3+ localized displays: Hurrá, rohaaam, Juhééé | preserved token(s) also present in English reference","Hurrá, rohaaam! Juhééé!","Hurrá, rohaaam! Juhééé!",Hurrá; rohaaam; Juhééé,Chineses; Chineset; Czech; French; German; Italian; Japanese; Korean; Polish; Portuguese; Russian; Spanish; Turkish; Ukrainian; Vietnamese
bark_kuman_na__jakej_sejt_YoSQ,10,"non-ASCII character(s) in English display | token(s) preserved across 3+ localized displays: Milyen, ördög, szart, benneteket, kutyazabálók | preserved token(s) also present in English reference","Milyen ördög szart benneteket, kutyazabálók?","Milyen ördög szart benneteket, kutyazabálók?",Milyen; ördög; szart; benneteket; kutyazabálók,Chineses; Chineset; Czech; French; German; Italian; Japanese; Korean; Polish; Portuguese; Russian; Spanish; Turkish; Ukrainian; Vietnamese
bark_kuman_na__pri_vsech__zm3D,9,"non-ASCII character(s) in English display | token(s) preserved across 3+ localized displays: összes, démonokra, dögölj | preserved token(s) also present in English reference","Az összes démonokra, dögölj meg!","Az összes démonokra, dögölj meg!",összes; démonokra; dögölj,Chineses; Chineset; Czech; French; German; Italian; Japanese; Korean; Polish; Portuguese; Russian; Spanish; Turkish; Ukrainian; Vietnamese
bark_kuman_na__ted_dostan_onZA,9,"non-ASCII character(s) in English display | token(s) preserved across 3+ localized displays: Túró, pofádba, rohadék | preserved token(s) also present in English reference","Túró a pofádba, te rohadék!","Túró a pofádba, te rohadék!",Túró; pofádba; rohadék,Chineses; Chineset; Czech; French; German; Italian; Japanese; Korean; Polish; Portuguese; Russian; Spanish; Turkish; Ukrainian; Vietnamese
bark_kuman_na__vytru_si_s_oehC,9,"non-ASCII character(s) in English display | token(s) preserved across 3+ localized displays: Kitörlöm, veled, seggem | preserved token(s) also present in English reference",Kitörlöm veled a seggem!,Kitörlöm veled a seggem!,Kitörlöm; veled; seggem,Chineses; Chineset; Czech; French; German; Italian; Japanese; Korean; Polish; Portuguese; Russian; Spanish; Turkish; Ukrainian; Vietnamese
bark_kuman_si__tak_na_toh_anL8,9,"non-ASCII character(s) in English display | English reference/display differ | token(s) preserved across 3+ localized displays: Ezer, ördög, pokol",A fenébe is!,Ezer ördög és pokol!,Ezer; ördög; pokol,Chineses; Chineset; Czech; French; German; Italian; Korean; Polish; Portuguese; Russian; Spanish; Turkish; Ukrainian; Vietnamese
bark_kuman_u_s_nem_fognak_6xRc,11,"non-ASCII character(s) in English display | English reference/display differ | token(s) preserved across 3+ localized displays: Soha, többé, fognak, látni, engem | preserved token(s) also present in English reference",Nem fognak itt látni engem!,Soha többé nem fognak itt látni engem.,Soha; többé; fognak; látni; engem,Chineses; Chineset; Czech; French; German; Italian; Korean; Polish; Portuguese; Russian; Spanish; Turkish; Ukrainian; Vietnamese
bark_kuman_u_s_vagy_nem_f_JEGp,11,"non-ASCII character(s) in English display | English reference/display differ | token(s) preserved across 3+ localized displays: Vagy, fogom, vissza, magam, rossz, lesz | preserved token(s) also present in English reference","Vagy nem fogom vissza, és rossz lesz!","Vagy nem fogom vissza magam, és az rossz lesz!",Vagy; fogom; vissza; magam; rossz; lesz,Chineses; Chineset; Czech; French; German; Italian; Korean; Polish; Portuguese; Russian; Spanish; Turkish; Ukrainian; Vietnamese
bark_pacholek__zasranej_f_z16Z,9,"non-ASCII character(s) in English display | English reference/display differ | token(s) preserved across 3+ localized displays: Franzi, Gules | preserved token(s) also present in English reference",Fucking Franzi… fucking Gules… fucking everything.,Fucking Franzi… fucking Gules… fucking everything!,Franzi; Gules,French; German; Italian; Portuguese; Spanish; Turkish; Vietnamese
baro_brabant_je_suis_deso_wU46,9,"non-ASCII character(s) in English display | English reference/display differ | token(s) preserved across 3+ localized displays: suis, désolé | preserved token(s) also present in English reference",!P Je suis désolée!,Je suis désolé !,suis; désolé,Chineses; Chineset; Czech; French; German; Italian; Korean; Polish; Portuguese; Russian; Spanish; Turkish; Ukrainian; Vietnamese
baro_brabant_och_cest_une_34zo,11,"non-ASCII character(s) in English display | English reference/display differ | token(s) preserved across 3+ localized displays: c'est, histoire, compliquée, Kuttenberg | preserved token(s) also present in English reference","!P Och, c'est une histoire troublée. It was after I heroically led the defence of Kuttenberg…","Oh, c'est une histoire compliquée. It was after I heroically led the defence of Kuttenberg…",c'est; histoire; compliquée; Kuttenberg,Chineses; Chineset; Czech; French; German; Italian; Korean; Polish; Portuguese; Russian; Spanish; Turkish; Ukrainian; Vietnamese
baro_brabant_zvlastni_kra_MxQp,9,"non-ASCII character(s) in English display | English reference/display differ | token(s) preserved across 3+ localized displays: Sainte, mère | preserved token(s) also present in English reference","!P This Bohemia is a strange land. I have see farmhands, children and even women fighting! But the clergy? Sainte mère…!","This Bohemia is a strange land. I have see farmhands, children and even women fighting! But the clergy? Sainte mère… !",Sainte; mère,Chineses; Chineset; Czech; French; German; Italian; Korean; Polish; Portuguese; Russian; Spanish; Turkish; Ukrainian; Vietnamese
berg_bergov_rikej_mu_jak__XlZf,9,"non-ASCII character(s) in English display | token(s) preserved across 3+ localized displays: Satan, Lucifer, Beelzebub | preserved token(s) also present in English reference","Call him whatever you want – Satan, Lucifer, Beelzebub…","Call him whatever you want – Satan, Lucifer, Beelzebub…",Satan; Lucifer; Beelzebub,Czech; French; German; Spanish; Turkish; Vietnamese
berg_henry_podseminskej_m_y7Yq,9,"non-ASCII character(s) in English display | English reference/display differ | token(s) preserved across 3+ localized displays: Kreyzl, Semine | preserved token(s) also present in English reference","Kreyzl, the Podsemin miller, is secretly making black powder… and is most likely up to other witchery as well.","Kreyzl, the Lower Semine miller, is secretly making black powder… and he's most likely up to other witchery as well.",Kreyzl; Semine,French; German; Italian; Portuguese; Spanish; Turkish; Vietnamese
berg_henry_rekl_pane_droz_zAwK,9,"non-ASCII character(s) in English display | English reference/display differ | token(s) preserved across 3+ localized displays: Thrush, Kreyzl | preserved token(s) also present in English reference","Yes, sir. Thrush made some kind of deal with Kreyzl that… should benefit your coffers.","Yes, Sir. Thrush made some kind of deal with Kreyzl that… should benefit your coffers.",Thrush; Kreyzl,French; German; Italian; Portuguese; Spanish; Turkish; Vietnamese
bezn_npc_reagu_netter_kot_2xKD,11,"non-ASCII character(s) in English display | English reference/display differ | token(s) preserved across 3+ localized displays: Braver, Köter, ganz, brav | preserved token(s) also present in English reference",Netter Köter... netter.,Braver Köter ... ganz brav.,Braver; Köter; ganz; brav,Chineses; Chineset; Czech; French; German; Italian; Korean; Polish; Portuguese; Russian; Spanish; Turkish; Ukrainian
bezn_npc_reagu_oh_du_ein__lrMg,9,"non-ASCII character(s) in English display | English reference/display differ | token(s) preserved across 3+ localized displays: hungriges, Biest | preserved token(s) also present in English reference","Oh, du ein hungriges Biest...","Oh, du hungriges Biest …",hungriges; Biest,Chineses; Chineset; Czech; French; German; Italian; Korean; Polish; Portuguese; Russian; Spanish; Turkish; Ukrainian; Vietnamese
bff__brabant_z_nejaka_fra_yIFb,11,"non-ASCII character(s) in English display | English reference/display differ | token(s) preserved across 3+ localized displays: Quel, putain, trou, Comment, sommes-nous, arrivés, avec, telle | preserved token(s) also present in English reference","!P Quel putain de trou! Comment en sommes-nous arrivés là, et avec une telle bande de crétins? Que Dieu me protège!","Quel putain de trou! Comment en sommes-nous arrivés là, et avec une telle bande de crétins? Que Dieu me protège!",Quel; putain; trou; Comment; sommes-nous; arrivés; avec; telle; bande; crétins; Dieu; protège,Chineses; Chineset; Czech; French; German; Italian; Japanese; Korean; Polish; Portuguese; Russian; Spanish; Turkish; Ukrainian; Vietnamese
bff__brabant_z_oh_dobrym__TWno,9,"non-ASCII character(s) in English display | English reference/display differ | token(s) preserved across 3+ localized displays: Ohoho, Tchèques | preserved token(s) also present in English reference","Oh! Good manners are something vous, les Tchèques, have yet to learn!","Ohoho! Good manners are something that you, les Tchèques, have yet to learn!",Ohoho; Tchèques,Chineses; Chineset; Czech; French; German; Italian; Polish; Portuguese; Russian; Spanish; Turkish; Ukrainian; Vietnamese
bff__brabant_z_pravda_sla_1KXA,11,"non-ASCII character(s) in English display | English reference/display differ | token(s) preserved across 3+ localized displays: douce, France, temps, seul, dira | preserved token(s) also present in English reference",!P Indeed. La douce France is my true home. I hope I did not make a mistake in abandoning her… Les temps dira.,Indeed. La douce France is my true home. I hope I did not make a mistake in abandoning her… Le temps seul le dira.,douce; France; temps; seul; dira,Chineses; Chineset; Czech; French; German; Italian; Korean; Polish; Portuguese; Russian; Spanish; Turkish; Ukrainian; Vietnamese
bff__brabant_z_s_takovu_s_XaXO,9,"non-ASCII character(s) in English display | English reference/display differ | token(s) preserved across 3+ localized displays: comme, l'ai | preserved token(s) also present in English reference","That way you will soon earn yourself a knighthood, comme je l'ai fait.","That way you will soon earn yourself a knighthood, comme je l'ai été.",comme; l'ai,Chineses; Chineset; Czech; French; German; Italian; Korean; Polish; Portuguese; Russian; Spanish; Turkish; Ukrainian; Vietnamese
bff__brabant_z_vysoka_cha_qVfK,9,"non-ASCII character(s) in English display | English reference/display differ | token(s) preserved across 3+ localized displays: élégant, Monsieur | preserved token(s) also present in English reference","Greetings, Elégant Monsieur!","Greetings, élégant Monsieur!",élégant; Monsieur,Chineset; Czech; French; German; Italian; Korean; Polish; Portuguese; Russian; Spanish; Ukrainian; Vietnamese
bff__brabant_z_za_temnoty_ABDL,9,"non-ASCII character(s) in English display | English reference/display differ | token(s) preserved across 3+ localized displays: suppôts, diable | preserved token(s) also present in English reference","The darkness helps aides du diable, so be careful you don't run into them.","It is in the darkness of night that les suppôts du diable venture out. Be wary, lest you meet them.",suppôts; diable,Chineses; Chineset; Czech; French; German; Italian; Korean; Polish; Portuguese; Russian; Spanish; Turkish; Ukrainian; Vietnamese
bff__hans_uher_fuj_do_pic_E5ON,9,"non-ASCII character(s) in English display | English reference/display differ | token(s) preserved across 3+ localized displays: piče, Henry | preserved token(s) also present in English reference","Yuck… Fucking hell, Henry. You smell like a pile of dung.","Fuj…! Do piče, Henry! You smell like dungheap!",piče; Henry,Czech; French; German; Italian; Polish; Portuguese; Russian; Spanish; Turkish; Vietnamese
bibr_handlir_m_tenhle_olt_C9s5,9,"non-ASCII character(s) in English display | token(s) preserved across 3+ localized displays: altar, Zamur, Lovari | preserved token(s) also present in English reference","“This altar belongs to Zamur, the greatest racing rider of all Lovari! In this region it shall forever recall his glory…”","“This altar belongs to Zamur, the greatest racing rider of all Lovari! In this region it shall forever recall his glory…”",altar; Zamur; Lovari,French; German; Italian; Portuguese; Spanish; Turkish; Vietnamese
bibr_kuman_bib__nadherneh_Aytv,9,"non-ASCII character(s) in English display | English reference/display differ | token(s) preserved across 3+ localized displays: Dicsérjük, csodás, paripákat",Revere this magnificent stallion!,Dicsérjük a csodás paripákat!,Dicsérjük; csodás; paripákat,Chineses; Chineset; Czech; French; German; Italian; Japanese; Korean; Polish; Portuguese; Russian; Spanish; Turkish; Ukrainian; Vietnamese
bibr_kuman_bib_at_se_jeho_k5w2,9,"non-ASCII character(s) in English display | English reference/display differ | token(s) preserved across 3+ localized displays: Vágjon, gyorsan, esze",Let its mind be sharp!,Vágjon gyorsan az esze!,Vágjon; gyorsan; esze,Chineses; Chineset; Czech; French; German; Italian; Japanese; Korean; Polish; Portuguese; Russian; Spanish; Turkish; Ukrainian; Vietnamese
bibr_kuman_bib_at_se_jeho_sgEu,9,"non-ASCII character(s) in English display | English reference/display differ | token(s) preserved across 3+ localized displays: Legyen, gyors, csikója",Let its foal be swift!,Legyen gyors a csikója!,Legyen; gyors; csikója,Chineses; Chineset; Czech; French; German; Italian; Japanese; Korean; Polish; Portuguese; Russian; Spanish; Turkish; Ukrainian; Vietnamese
bibr_kuman_bib_cech_je_st_maDI,10,"non-ASCII character(s) in English display | English reference/display differ | token(s) preserved across 3+ localized displays: lövészet, igazi, művészet, szóért","Nonsense. I say nonsense. Archery is the true art, there is nothing more to say.","Nonsense. I say nonsense. A lövészet az igazi művészet, kár is a szóért.",lövészet; igazi; művészet; szóért,Chineses; Chineset; Czech; French; German; Italian; Korean; Polish; Portuguese; Russian; Spanish; Turkish; Ukrainian
bibr_kuman_bib_dav_at_hle_5u3v,10,"non-ASCII character(s) in English display | English reference/display differ | token(s) preserved across 3+ localized displays: Ámuljon, tömeg, bökjön, felfelé, hüvelykujjával",Let the crowd watch in awe and raise their thumbs in astonishment!,"Ámuljon a tömeg, és bökjön felfelé hüvelykujjával!",Ámuljon; tömeg; bökjön; felfelé; hüvelykujjával,Chineses; Chineset; Czech; French; German; Italian; Japanese; Korean; Polish; Portuguese; Russian; Spanish; Turkish; Ukrainian; Vietnamese
bibr_kuman_bib_necht_je_t_N2AI,9,"non-ASCII character(s) in English display | English reference/display differ | token(s) preserved across 3+ localized displays: altar, Karachin | preserved token(s) also present in English reference","“May this altar belonging to Karachin, the greatest archer of the Jáz, in this land be an everlasting reminder of his glory on earth and in the power of God.”","“May this altar belonging to Karachin, the greatest archer of the Iasian tribe, be in this land an everlasting reminder of his glory on earth and in the power of God.”",altar; Karachin,French; German; Italian; Portuguese; Spanish; Turkish; Vietnamese
bibr_kuman_bib_nejvybrane_YMnt,9,"non-ASCII character(s) in English display | English reference/display differ | token(s) preserved across 3+ localized displays: Áldozzunk, legkiválóbb, tejjel",Let us offer the finest milk!,Áldozzunk a legkiválóbb tejjel!,Áldozzunk; legkiválóbb; tejjel,Chineses; Chineset; Czech; French; German; Italian; Japanese; Korean; Polish; Portuguese; Russian; Spanish; Turkish; Ukrainian; Vietnamese
bibr_kuman_bib_neunavne_j_iAvo,9,"non-ASCII character(s) in English display | English reference/display differ | token(s) preserved across 3+ localized displays: Fáradhatatlanul, mint, árja",Tireless as a rushing stream!,"Fáradhatatlanul, mint a víz árja!",Fáradhatatlanul; mint; árja,Chineses; Chineset; Czech; French; German; Italian; Japanese; Korean; Polish; Portuguese; Russian; Spanish; Turkish; Ukrainian; Vietnamese
bibr_kuman_bib_no_jasne_BSk7,9,"non-ASCII character(s) in English display | English reference/display differ | token(s) preserved across 3+ localized displays: szép, Milyen, útvonalon",Indeed. Which track?,Még szép! Milyen útvonalon?,szép; Milyen; útvonalon,Chineses; Chineset; Czech; French; German; Italian; Japanese; Korean; Polish; Portuguese; Russian; Spanish; Turkish; Ukrainian; Vietnamese
bibr_kuman_bib_no_jo_h65A,9,"non-ASCII character(s) in English display | English reference/display differ | token(s) preserved across 3+ localized displays: altar, Karachin | preserved token(s) also present in English reference","Yes, yes… But that altar should still have gone to Karachin. Blasted business.","Yes, yes… But that altar should still have gone to Karachin. Damn it all!",altar; Karachin,French; German; Italian; Portuguese; Spanish; Turkish; Vietnamese
bibr_kuman_bib_pockej_hle_AS0H,9,"non-ASCII character(s) in English display | English reference/display differ | token(s) preserved across 3+ localized displays: altar, Karachin | preserved token(s) also present in English reference",One thing at a time… there is an altar in the woods over there that I built for the great Kangly marksman Karachin.,One thing at a time… there is an altar in the woods over there that I built to the great Iasian marksman Karachin.,altar; Karachin,French; German; Italian; Portuguese; Spanish; Turkish; Vietnamese
bibr_kuman_bib_rychle_jak_hPWm,11,"non-ASCII character(s) in English display | English reference/display differ | token(s) preserved across 3+ localized displays: Gyorsan, mint, Tengri, kilőtt, nyila | preserved token(s) also present in English reference",Swift as an arrow fired by Tengri!,"Gyorsan, mint Tengri kilőtt nyila!",Gyorsan; mint; Tengri; kilőtt; nyila,Chineses; Chineset; Czech; French; German; Italian; Japanese; Korean; Polish; Portuguese; Russian; Spanish; Turkish; Ukrainian; Vietnamese
bibr_kuman_bib_upadli_jst_Ht1T,10,"non-ASCII character(s) in English display | English reference/display differ | token(s) preserved across 3+ localized displays: Baromság, oltár, Krachiné, pofa",Nonsense. The altar is Karachin’s and that is the end of it.,"Baromság! Az oltár Krachiné, és pofa be!",Baromság; oltár; Krachiné; pofa,Chineses; Chineset; French; German; Italian; Japanese; Polish; Portuguese; Russian; Spanish; Turkish; Ukrainian; Vietnamese
bibr_kuman_bib_vali_se_vp_JUHl,9,"non-ASCII character(s) in English display | English reference/display differ | token(s) preserved across 3+ localized displays: Előrezúdul, mint, folyó",He surges forward like a river!,"Előrezúdul, mint a folyó!",Előrezúdul; mint; folyó,Chineses; Chineset; Czech; French; German; Italian; Japanese; Korean; Polish; Portuguese; Russian; Spanish; Turkish; Ukrainian; Vietnamese
bibr_kuman_bib_vyrostl_z__QBLz,9,"non-ASCII character(s) in English display | English reference/display differ | token(s) preserved across 3+ localized displays: ősök, gyökeréből, ered",He has grown from ancestral roots!,Az ősök gyökeréből ered!,ősök; gyökeréből; ered,Chineses; Chineset; Czech; French; German; Italian; Japanese; Korean; Polish; Portuguese; Russian; Spanish; Turkish; Ukrainian; Vietnamese
blac_cechmistr_to_se_teda_5bwa,10,"non-ASCII character(s) in English display | English reference/display differ | token(s) preserved across 3+ localized displays: überhaupt, nicht, geklappt | preserved token(s) also present in English reference",!P Das hat überhaupt nicht geklappt!,Das hat überhaupt nicht geklappt!,überhaupt; nicht; geklappt,Chineses; Chineset; French; Italian; Japanese; Korean; Polish; Portuguese; Russian; Spanish; Turkish; Ukrainian
bohu_bohuta_hic_et_nunc_p_wv7C,9,"non-ASCII character(s) in English display | English reference/display differ | token(s) preserved across 3+ localized displays: nunc, bastard | preserved token(s) also present in English reference",!P Hīc et nunc... bastard!,Hīc et nunc... bastard!,nunc; bastard,Chineses; Chineset; Czech; French; German; Italian; Korean; Polish; Portuguese; Russian; Spanish; Turkish; Ukrainian; Vietnamese
bohu_bohuta_npc_a_hanus_s_KVAR,9,"non-ASCII character(s) in English display | English reference/display differ | token(s) preserved across 3+ localized displays: Hanush, Radzig | preserved token(s) also present in English reference",Now Lord Hanush and Radzig will know how things really stand…,Now Hanush and Radzig will know how things really stand…,Hanush; Radzig,French; German; Italian; Portuguese; Spanish; Turkish; Vietnamese
bohu_bohuta_npc_exaudi_or_Y0vy,10,"non-ASCII character(s) in English display | English reference/display differ | token(s) preserved across 3+ localized displays: Exaudi, orationem, meam | preserved token(s) also present in English reference",!P Exaudi orationem meam,Exaudi orationem meam…,Exaudi; orationem; meam,Chineses; Chineset; Czech; French; German; Italian; Japanese; Korean; Polish; Portuguese; Russian; Spanish; Turkish; Ukrainian; Vietnamese
bohu_bohuta_npc_hm__ja_zi_ZKPO,9,"non-ASCII character(s) in English display | English reference/display differ | token(s) preserved across 3+ localized displays: Sigismund, Henry | preserved token(s) also present in English reference","Hm… I, Sigismund of Luxembourg… This is it, I have it, Henry! We can finally get the fuck out of here!","Hm… I, Sigismund of Luxembourg… hmhmhm… This is it, I have it, Henry! We can finally get the fuck out of here!",Sigismund; Henry,French; German; Italian; Portuguese; Spanish; Turkish; Vietnamese
bohu_bohuta_npc_pax_bonum_9h8m,10,"non-ASCII character(s) in English display | token(s) preserved across 3+ localized displays: Requiem, æternam, dona, Domine | preserved token(s) also present in English reference","Requiem æternam dona ei, Domine...","Requiem æternam dona ei, Domine...",Requiem; æternam; dona; Domine,Chineses; Czech; French; German; Italian; Korean; Polish; Portuguese; Russian; Spanish; Turkish; Ukrainian; Vietnamese
bohu_bohuta_npc_te_decet__tQCc,11,"non-ASCII character(s) in English display | English reference/display differ | token(s) preserved across 3+ localized displays: decet, hymnus, Deus, Sion | preserved token(s) also present in English reference","!P Te decet hymnus, Deus, in Sion","Te decet hymnus, Deus, in Sion…",decet; hymnus; Deus; Sion,Chineses; Chineset; Czech; French; German; Italian; Japanese; Korean; Polish; Portuguese; Russian; Spanish; Turkish; Ukrainian; Vietnamese
bohu_bohuta_pl_mmmm_hmmm_MKFJ,9,"non-ASCII character(s) in English display | English reference/display differ | token(s) preserved across 3+ localized displays: Mmmm, Hmmm | preserved token(s) also present in English reference",!P Mmmm… Hmmm! Gustoso!,Mmmm… Hmmm! Tasty!,Mmmm; Hmmm,Chineses; Czech; German; Italian; Korean; Portuguese; Spanish; Turkish
bohu_katerina_a_jak_dopad_79hp,9,"non-ASCII character(s) in English display | English reference/display differ | token(s) preserved across 3+ localized displays: Mini, Mino | preserved token(s) also present in English reference",And what happened to this... Mino… Oxman?,And what happened to this... Mini... Mino… Bullman?,Mini; Mino,Czech; French; German; Italian; Polish; Portuguese; Spanish; Turkish; Vietnamese
bohu_lichtenst_tak_ze_sic_Fg7j,9,"non-ASCII character(s) in English display | English reference/display differ | token(s) preserved across 3+ localized displays: Sigismund, Jobst | preserved token(s) also present in English reference","We'll sit and wait quietly until Sigismund withdraws himself, as Jobst proposes…","We'll sit and wait quietly until Sigismund withdraws of his own volition, as Jobst proposes…",Sigismund; Jobst,French; German; Italian; Polish; Portuguese; Spanish; Turkish; Vietnamese
bohu_ptacek_ce_hanus_rika_qqqD,9,"non-ASCII character(s) in English display | English reference/display differ | token(s) preserved across 3+ localized displays: Hanush, Radzig | preserved token(s) also present in English reference","Hanush told a different story. When he and Sir Radzig came to you, you were half naked, drunk and...","Hanush told a different story. He said when he and Radzig came to get you, you were half-naked, drunk and…",Hanush; Radzig,French; German; Italian; Portuguese; Spanish; Turkish; Vietnamese
bohu_ptacek_myslel_jsem_z_s8zE,9,"non-ASCII character(s) in English display | English reference/display differ | token(s) preserved across 3+ localized displays: Vergow, Bergow | preserved token(s) also present in English reference",I thought that if we delivered the message to bon Vergow… gon Verbow… von Bergow!,I thought if we delivered the message to bon Vergow… gob Verbon… von Bergow…,Vergow; Bergow,German; Italian; Portuguese; Spanish; Turkish; Vietnamese
bonk_bonka_pod_jen_abys_v_jHfM,9,"non-ASCII character(s) in English display | English reference/display differ | token(s) preserved across 3+ localized displays: Hermes, Trismegistos | preserved token(s) also present in English reference","Just so you know, that mess with “Hermes Trismegistus' Offer” would never have happened to me! Not me!","Just so you know, that mess with “The Offer of Hermes Trismegistos” would never have happened to me! Not me!",Hermes; Trismegistos,German; Portuguese; Spanish; Turkish; Vietnamese
brab_brabant_buh_zehnej_EFe1,9,"non-ASCII character(s) in English display | English reference/display differ | token(s) preserved across 3+ localized displays: Dieu, soit, loué",God bless!,Que Dieu soit loué !,Dieu; soit; loué,Chineses; Chineset; Czech; French; German; Italian; Korean; Polish; Portuguese; Russian; Spanish; Turkish; Ukrainian; Vietnamese
brab_brabant_c_sracko_boj_oHsB,9,"non-ASCII character(s) in English display | English reference/display differ | token(s) preserved across 3+ localized displays: espèce, merde | preserved token(s) also present in English reference","!P Fight, espèce de merde!","Fight, espèce de merde!",espèce; merde,Chineses; Chineset; Czech; French; German; Italian; Korean; Polish; Portuguese; Russian; Spanish; Turkish; Ukrainian; Vietnamese
brab_brabant_nesmi_projit_eGD5,9,"non-ASCII character(s) in English display | English reference/display differ | token(s) preserved across 3+ localized displays: suis, désolé | preserved token(s) also present in English reference","Je suis désolé, mon ami... I'm sorry.","Je suis désolé, mon ami... I am sorry.",suis; désolé,Chineses; Chineset; Czech; French; German; Italian; Korean; Polish; Portuguese; Russian; Spanish; Turkish; Ukrainian; Vietnamese
brab_brabant_o_fortuno_mo_4M1I,9,"non-ASCII character(s) in English display | English reference/display differ | token(s) preserved across 3+ localized displays: Fortune, protectrice | preserved token(s) also present in English reference",!P Ô Fortune ma protectrice !,"Ô Fortune, ma protectrice !",Fortune; protectrice,Chineses; Chineset; Czech; French; German; Italian; Korean; Polish; Portuguese; Russian; Spanish; Turkish; Ukrainian; Vietnamese
brab_brabant_oba_jste_sme_EXtb,10,"non-ASCII character(s) in English display | English reference/display differ | token(s) preserved across 3+ localized displays: Vous, êtes, tous, deux, pathétiques","You are pathetic, both of you! You act like brothers, but you have nothing in common!","Vous êtes tous les deux pathétiques ! You act like brothers, but you have nothing in common!",Vous; êtes; tous; deux; pathétiques,Chineses; Chineset; Czech; French; German; Italian; Korean; Polish; Portuguese; Russian; Spanish; Turkish; Ukrainian; Vietnamese
brab_brabant_r_clovek_nev_xId3,10,"non-ASCII character(s) in English display | English reference/display differ | token(s) preserved across 3+ localized displays: Personne, connaît, jour, l'heure",But of that day and hour knoweth no man.,Personne ne connaît ni le jour ni l'heure.,Personne; connaît; jour; l'heure,Czech; French; German; Italian; Polish; Portuguese; Russian; Spanish; Turkish; Ukrainian; Vietnamese
brab_brabant_r_nech_toho__Niok,11,"non-ASCII character(s) in English display | English reference/display differ | token(s) preserved across 3+ localized displays: Arrêtez, Henry, Vous, nous, faites, honte | preserved token(s) also present in English reference","Stop it, Henry. You are bring shame upon us all!","Arrêtez, Henry. Vous nous faites honte !",Arrêtez; Henry; Vous; nous; faites; honte,Czech; French; German; Italian; Polish; Portuguese; Russian; Spanish; Turkish; Ukrainian; Vietnamese
brab_brabant_r_to_by_se_v_vvbw,11,"non-ASCII character(s) in English display | English reference/display differ | token(s) preserved across 3+ localized displays: Rien, tout, cela, serait, arrivé, France | preserved token(s) also present in English reference",This would not have happened in France.,Rien de tout cela ne serait arrivé en France.,Rien; tout; cela; serait; arrivé; France,Czech; French; German; Italian; Polish; Portuguese; Russian; Spanish; Turkish; Ukrainian; Vietnamese
brab_brabant_r_ty_pitomej_IJwZ,9,"non-ASCII character(s) in English display | English reference/display differ | token(s) preserved across 3+ localized displays: Vieux, prêtre, imbécile",You foolish old priest!,Vieux prêtre imbécile !,Vieux; prêtre; imbécile,Czech; French; German; Italian; Polish; Portuguese; Russian; Spanish; Turkish; Ukrainian; Vietnamese
brab_brabant_stuj_proto_p_1POf,11,"non-ASCII character(s) in English display | English reference/display differ | token(s) preserved across 3+ localized displays: Reste, près, même, cette, heure | preserved token(s) also present in English reference",!P Reste près de moi même à cette heure-ci !,"Reste près de moi, même en cette heure !",Reste; près; même; cette; heure,Chineses; Chineset; Czech; French; German; Italian; Korean; Polish; Portuguese; Russian; Spanish; Turkish; Ukrainian; Vietnamese
brab_brabant_to_se_ale_ne_Fh1s,10,"non-ASCII character(s) in English display | English reference/display differ | token(s) preserved across 3+ localized displays: dieu, quelles, mauvaises, manières",Such bad manners!,"Mon dieu, quelles mauvaises manières !",dieu; quelles; mauvaises; manières,Chineses; Chineset; Czech; French; German; Italian; Korean; Polish; Portuguese; Russian; Spanish; Turkish; Ukrainian; Vietnamese
brab_brabant_vzdy_jsi_pri_Wz4p,10,"non-ASCII character(s) in English display | English reference/display differ | token(s) preserved across 3+ localized displays: toujours, restée, côtés | preserved token(s) also present in English reference",!P Tu es toujours resté à mes côtés !,Tu es toujours restée à mes côtés !,toujours; restée; côtés,Chineses; Chineset; Czech; French; German; Italian; Korean; Polish; Portuguese; Russian; Spanish; Turkish; Ukrainian; Vietnamese
brab_brabant_z_va_chier_gZv6,9,"non-ASCII character(s) in English display | English reference/display differ | token(s) preserved across 3+ localized displays: chier, bâtard | preserved token(s) also present in English reference","!P Va chier, bâtard!","Va chier, bâtard!",chier; bâtard,Chineses; Chineset; Czech; French; German; Italian; Japanese; Korean; Polish; Portuguese; Russian; Spanish; Turkish; Ukrainian; Vietnamese
brab_brabant_zizka_za_teb_sFeR,9,"non-ASCII character(s) in English display | English reference/display differ | token(s) preserved across 3+ localized displays: Zizka, groschen | preserved token(s) also present in English reference","Žižka would not spare a single groschen to save you, you are not even noble…","Zizka would not spare a single groschen to save you, you are not even a noble…",Zizka; groschen,French; German; Italian; Portuguese; Spanish; Turkish; Vietnamese
brab_ptacek_re_co_to_do_t_ws1P,10,"non-ASCII character(s) in English display | English reference/display differ | token(s) preserved across 3+ localized displays: Vous, avez, perdu, tête",Are you out of your mind?,Vous avez perdu la tête ?,Vous; avez; perdu; tête,Czech; French; German; Italian; Polish; Portuguese; Russian; Spanish; Turkish; Ukrainian; Vietnamese
brab_ptacek_re_jestli_bud_kVon,10,"non-ASCII character(s) in English display | English reference/display differ | token(s) preserved across 3+ localized displays: Vous, avez, perdu, tête",Are you out of your mind?!,Vous avez perdu la tête ?,Vous; avez; perdu; tête,Czech; French; German; Italian; Polish; Portuguese; Russian; Spanish; Turkish; Ukrainian; Vietnamese
brab_ptacek_re_nechas_toh_8Ycg,10,"non-ASCII character(s) in English display | English reference/display differ | token(s) preserved across 3+ localized displays: Espèce, d'abruti, chien, anglais",You idiotic brainless English dog!,Espèce d'abruti de chien anglais !,Espèce; d'abruti; chien; anglais,Czech; French; German; Italian; Polish; Portuguese; Russian; Spanish; Turkish; Ukrainian; Vietnamese
cech_cechmistr_es_ist_ein_95ox,9,"non-ASCII character(s) in English display | token(s) preserved across 3+ localized displays: eine, großartige, Gelegenheit | preserved token(s) also present in English reference","Es ist eine großartige Gelegenheit! Clear your head, meet new people, and if you like, you can even place a wager.","Es ist eine großartige Gelegenheit! Clear your head, meet new people, and if you like, you can even place a wager.",eine; großartige; Gelegenheit,Chineses; Chineset; Czech; French; German; Italian; Korean; Polish; Portuguese; Russian; Spanish; Turkish; Ukrainian
cech_cechmistr_macht_nich_MQ7K,10,"non-ASCII character(s) in English display | token(s) preserved across 3+ localized displays: Macht, nichts, wirst, früh, genug, lernen | preserved token(s) also present in English reference","Macht nichts, du wirst es früh genug lernen. Like I said, it's not just about shooting.","Macht nichts, du wirst es früh genug lernen. Like I said, it's not just about shooting.",Macht; nichts; wirst; früh; genug; lernen,Chineses; Chineset; Czech; French; German; Italian; Korean; Polish; Portuguese; Russian; Spanish; Turkish; Ukrainian
cech_cechmistr_najdes_ho__vaft,10,"non-ASCII character(s) in English display | English reference/display differ | token(s) preserved across 3+ localized displays: Magister, Johan, Lasnius | preserved token(s) also present in English reference","It’s not far, you’ll find him at the inn just outside town, his name’s Magistr Johan Lasnius.","It’s not far, you’ll find him at the inn just outside town, he's called Magister Johan Lasnius.",Magister; Johan; Lasnius,Czech; French; German; Italian; Polish; Portuguese; Spanish; Turkish; Vietnamese
cech_cechmistr_oh_ja_ja_f_cC8o,10,"non-ASCII character(s) in English display | token(s) preserved across 3+ localized displays: mich, immer, noch, Gleiche | preserved token(s) also present in English reference","Oh ja, ja! Für mich ist es immer noch das Gleiche... but what about your forge, it’s hard work, eh?","Oh ja, ja! Für mich ist es immer noch das Gleiche... but what about your forge, it’s hard work, eh?",mich; immer; noch; Gleiche,Chineses; Chineset; Czech; French; Italian; Korean; Polish; Portuguese; Russian; Spanish; Turkish; Ukrainian
cech_cechmistr_pekne_si_k_AJvT,10,"non-ASCII character(s) in English display | English reference/display differ | token(s) preserved across 3+ localized displays: steirische, Würste, gefällt | preserved token(s) also present in English reference","We’ll have some wine with it, Steirische Würste, cut into some salted ham... Oh ja, das gefällt mir!","We’ll have some wine with it, steirische Würste, cut into some salted ham... Oh ja, das gefällt mir!",steirische; Würste; gefällt,Chineses; Chineset; Czech; French; German; Italian; Korean; Polish; Portuguese; Russian; Spanish; Turkish; Ukrainian; Vietnamese
cech_cechmistr_so_ist_das_BwcW,10,"non-ASCII character(s) in English display | English reference/display differ | token(s) preserved across 3+ localized displays: eben, unsere, Gilde | preserved token(s) also present in English reference","So ist das eben, it’s hard to get by without friends, but that’s what unsere Gilde is for — to help one another...","So ist das eben, it’s hard to get by without friends, but that’s what unsere Gilde is for - to help one another...",eben; unsere; Gilde,Chineses; Chineset; Czech; French; German; Italian; Korean; Polish; Portuguese; Russian; Spanish; Turkish; Ukrainian; Vietnamese
chat_brabant_vous_pouvez__NOS3,9,"non-ASCII character(s) in English display | English reference/display differ | token(s) preserved across 3+ localized displays: peux, compter | preserved token(s) also present in English reference","!P Tu peux compter sur eux, mon ami…","Tu peux compter sur eux, mon ami…",peux; compter,Chineses; Chineset; Czech; French; German; Italian; Korean; Polish; Portuguese; Russian; Spanish; Turkish; Ukrainian; Vietnamese
chat_cerny_bar_mluvilo_se_h3C2,9,"non-ASCII character(s) in English display | English reference/display differ | token(s) preserved across 3+ localized displays: Hohenstein, Riesenberg | preserved token(s) also present in English reference",Hohenstein and Riesenberg are quarrelling over some nonsense in Saxony.,Well… Hohenstein and Riesenberg are quarrelling over some nonsense in Saxony.,Hohenstein; Riesenberg,French; German; Italian; Portuguese; Spanish; Turkish; Vietnamese
chat_event_tab_guten_tag__qFbf,11,"non-ASCII character(s) in English display | English reference/display differ | token(s) preserved across 3+ localized displays: Guten, Pilger, Geht, hier, nicht, weiter, Straßen, sind | preserved token(s) also present in English reference","Guten Tag, Pilger! Hör auf hier, die Straßen sind schlecht und gefährlich.","Guten Tag, Pilger! Geht hier nicht weiter, die Straßen sind schlecht und gefährlich.",Guten; Pilger; Geht; hier; nicht; weiter; Straßen; sind; schlecht; gefährlich,Chineses; Chineset; Czech; French; German; Italian; Japanese; Korean; Polish; Portuguese; Russian; Spanish; Turkish; Ukrainian; Vietnamese
chat_henry_ne_Z8HV,9,"non-ASCII character(s) in English display | English reference/display differ | token(s) preserved across 3+ localized displays: Samuel, Martin | preserved token(s) also present in English reference","Samuel, how… What was the story with your mum and Martin?","Samuel, how… what was the story with your mother and Martin?",Samuel; Martin,French; German; Italian; Portuguese; Spanish; Turkish; Vietnamese
chat_musa_z_ma_tehdy_na_g_mGkb,10,"non-ASCII character(s) in English display | token(s) preserved across 3+ localized displays: Granada, Martín, Yáñez, Barbuda | preserved token(s) also present in English reference",That was when Granada was attacked by Martín Yáñez de la Barbuda.,That was when Granada was attacked by Martín Yáñez de la Barbuda.,Granada; Martín; Yáñez; Barbuda,Czech; French; German; Italian; Portuguese; Spanish; Turkish; Vietnamese
chat_opily_kum_azok_a_mel_rIbI,11,"non-ASCII character(s) in English display | English reference/display differ | token(s) preserved across 3+ localized displays: Azok, mély, erdők, félelmetesek | preserved token(s) also present in English reference",Azok a mély erdők... félnek.,Azok a mély erdők... félelmetesek.,Azok; mély; erdők; félelmetesek,Chineses; Chineset; Czech; French; German; Italian; Korean; Polish; Portuguese; Russian; Spanish; Turkish; Ukrainian; Vietnamese
chat_opily_kum_bla_bla_bla_LnGn,11,"non-ASCII character(s) in English display | English reference/display differ | token(s) preserved across 3+ localized displays: Köszönöm, majd, fogsz, keresni, nálunk, segítek, neked | preserved token(s) also present in English reference","Köszönöm a nőt. Ha nálunk keresel nőt, akkor neked is segítek.","Köszönöm a nőt. Ha majd te fogsz nőt keresni nálunk, én is segítek neked.",Köszönöm; majd; fogsz; keresni; nálunk; segítek; neked,Chineses; Chineset; Czech; French; German; Italian; Korean; Polish; Portuguese; Russian; Spanish; Turkish; Ukrainian; Vietnamese
chat_opily_kum_egy_ilyen__Qb0e,11,"non-ASCII character(s) in English display | English reference/display differ | token(s) preserved across 3+ localized displays: ilyen, miatt, tudnám, képzelni, hogy, maradjak, nálatok | preserved token(s) also present in English reference","Egy ilyen nő miatt el tudnám képzelni, hogy itt maradjak. Jó itt neked.","Egy ilyen nő miatt el tudnám képzelni, hogy itt maradjak. Jó itt nálatok.",ilyen; miatt; tudnám; képzelni; hogy; maradjak; nálatok,Chineses; Chineset; Czech; French; German; Italian; Korean; Polish; Portuguese; Russian; Spanish; Turkish; Ukrainian; Vietnamese
chat_opily_kum_nem_vagy_b_1zlL,11,"non-ASCII character(s) in English display | English reference/display differ | token(s) preserved across 3+ localized displays: vagy, beszédes, típus, értem | preserved token(s) also present in English reference","Nem vagy beszélő típus, megértem.","Nem vagy beszédes típus, értem.",vagy; beszédes; típus; értem,Chineses; Chineset; Czech; French; German; Italian; Korean; Polish; Portuguese; Russian; Spanish; Turkish; Ukrainian; Vietnamese
chat_vasko_u_nas_se_rika__kjPR,9,"non-ASCII character(s) in English display | English reference/display differ | token(s) preserved across 3+ localized displays: fájdalmas, szépség | preserved token(s) also present in English reference","!P Back home, we say fájdalmas szépség. Beauty that hurt.","Back home, we say fájdalmas szépség. Beauty that hurt.",fájdalmas; szépség,Chineses; Chineset; Czech; French; German; Italian; Korean; Polish; Portuguese; Russian; Spanish; Turkish; Ukrainian; Vietnamese
cin__bohuta_npc_adveniat__OscC,10,"non-ASCII character(s) in English display | English reference/display differ | token(s) preserved across 3+ localized displays: dimittimus, debitoribus, nostris | preserved token(s) also present in English reference",...et nos dimittimus debitoribus nostris....,...et nos dimittimus debitoribus nostris…,dimittimus; debitoribus; nostris,Chineses; Chineset; Czech; French; German; Italian; Korean; Polish; Portuguese; Russian; Spanish; Turkish; Ukrainian; Vietnamese
cin__brabant_vaqulin_brab_AtQV,10,"non-ASCII character(s) in English display | token(s) preserved across 3+ localized displays: Vauquelin, Brabant, Chevalier, d'Arrezo | preserved token(s) also present in English reference","Vauquelin Brabant, Chevalier d'Arrezo…","Vauquelin Brabant, Chevalier d'Arrezo…",Vauquelin; Brabant; Chevalier; d'Arrezo,Chineset; Czech; French; German; Italian; Japanese; Polish; Portuguese; Spanish; Turkish; Ukrainian; Vietnamese
cin__dlc3_modl__tuam_ergo_gI6w,10,"non-ASCII character(s) in English display | token(s) preserved across 3+ localized displays: Tuam, ergo, cleméntiam, deprecámur | preserved token(s) also present in English reference","Tuam ergo cleméntiam deprecámur,","Tuam ergo cleméntiam deprecámur,",Tuam; ergo; cleméntiam; deprecámur,Chineset; Czech; French; German; Italian; Japanese; Korean; Polish; Portuguese; Russian; Spanish; Turkish; Ukrainian; Vietnamese
cin__dlc3_modl_tibi_domin_JCZx,10,"non-ASCII character(s) in English display | token(s) preserved across 3+ localized displays: Tibi, Dómine, fratrem, nostrum | preserved token(s) also present in English reference","Tibi, Dómine, fratrem nostrum","Tibi, Dómine, fratrem nostrum",Tibi; Dómine; fratrem; nostrum,Chineset; Czech; French; German; Italian; Japanese; Korean; Polish; Portuguese; Russian; Spanish; Turkish; Ukrainian; Vietnamese
cin__henry_jsem_od_racka__3CIx,10,"non-ASCII character(s) in English display | English reference/display differ | token(s) preserved across 3+ localized displays: Radzig, Kobyla, Liechtenstein | preserved token(s) also present in English reference",Sir Radzig Kobyla sent me. Liechtenstein knows him.,I was sent by Sir Radzig Kobyla. Liechtenstein knows him…,Radzig; Kobyla; Liechtenstein,Czech; French; German; Italian; Polish; Portuguese; Spanish; Turkish; Vietnamese
cin__legatuv_m_e_buono_il_5s2N,9,"non-ASCII character(s) in English display | token(s) preserved across 3+ localized displays: buono, pollo, Eminenza | preserved token(s) also present in English reference","È buono il pollo, Eminenza??","È buono il pollo, Eminenza??",buono; pollo; Eminenza,Chineses; Czech; French; German; Italian; Japanese; Korean; Polish; Portuguese; Russian; Spanish; Turkish; Ukrainian; Vietnamese
cin__legatuv_m_il_cibo_da_KnhL,11,"non-ASCII character(s) in English display | English reference/display differ | token(s) preserved across 3+ localized displays: cibo, queste, parti, cagare | preserved token(s) also present in English reference",Il cibo da queste parti fa un po'... cagare.,Il cibo da queste parti fa un po’... cagare.,cibo; queste; parti; cagare,Chineses; Czech; French; German; Italian; Japanese; Korean; Polish; Portuguese; Russian; Spanish; Turkish; Ukrainian; Vietnamese
cin__markvart__i_am_sir_m_6WOq,9,"non-ASCII character(s) in English display | English reference/display differ | token(s) preserved across 3+ localized displays: Markvart, Aulitz | preserved token(s) also present in English reference",I am Sir Markvart von Aulitz.,I am Sir Markvart von Aulitz…,Markvart; Aulitz,Czech; French; German; Italian; Portuguese; Spanish; Turkish; Vietnamese
cin__markvart__prichazim__sKje,10,"non-ASCII character(s) in English display | English reference/display differ | token(s) preserved across 3+ localized displays: Sigismund, Otto, Bergow | preserved token(s) also present in English reference","I have come on behalf of King Sigismund and Lord Otto von Bergow, the royal chamberlain.","I’ve come on behalf of King Sigismund and Lord Otto von Bergow, the royal chamberlain.",Sigismund; Otto; Bergow,German; Italian; Portuguese; Spanish; Turkish; Vietnamese
cin__opat_jan__cum_filio__XbFt,10,"non-ASCII character(s) in English display | token(s) preserved across 3+ localized displays: Fílio, Spíritu, Sancto, sæculórum | preserved token(s) also present in English reference","cum Fílio tuo et Spíritu Sancto, in sǽcula sæculórum","cum Fílio tuo et Spíritu Sancto, in sǽcula sæculórum",Fílio; Spíritu; Sancto; sæculórum,Chineset; Czech; French; German; Italian; Japanese; Korean; Polish; Portuguese; Russian; Spanish; Turkish; Ukrainian; Vietnamese
cin__opat_jan__illum_in_p_ha1C,10,"non-ASCII character(s) in English display | token(s) preserved across 3+ localized displays: illum, paradísum, tuum, benígne, perdúcas | preserved token(s) also present in English reference","illum in paradísum tuum benígne perdúcas,","illum in paradísum tuum benígne perdúcas,",illum; paradísum; tuum; benígne; perdúcas,Chineset; Czech; French; German; Italian; Japanese; Korean; Polish; Portuguese; Russian; Spanish; Turkish; Ukrainian; Vietnamese
cin__opat_jan__immenso_se_J4VC,10,"non-ASCII character(s) in English display | token(s) preserved across 3+ localized displays: imménso, semper, prosecútus, amóre | preserved token(s) also present in English reference","imménso semper es prosecútus amóre,","imménso semper es prosecútus amóre,",imménso; semper; prosecútus; amóre,Chineset; Czech; French; German; Italian; Japanese; Korean; Polish; Portuguese; Russian; Spanish; Turkish; Ukrainian; Vietnamese
cin__opat_jan__in_requiem_eB0I,10,"non-ASCII character(s) in English display | token(s) preserved across 3+ localized displays: réquiem, íngredi, iúbeas, sempitérnam | preserved token(s) also present in English reference",in réquiem íngredi iúbeas sempitérnam.,in réquiem íngredi iúbeas sempitérnam.,réquiem; íngredi; iúbeas; sempitérnam,Chineset; Czech; French; German; Italian; Japanese; Korean; Polish; Portuguese; Russian; Spanish; Turkish; Ukrainian; Vietnamese
cin__opat_jan__nunc_a_mal_bBNt,10,"non-ASCII character(s) in English display | token(s) preserved across 3+ localized displays: nunc, malis, ómnibus, liberátum | preserved token(s) also present in English reference","nunc, a malis ómnibus liberátum,","nunc, a malis ómnibus liberátum,",nunc; malis; ómnibus; liberátum,Chineset; Czech; French; German; Italian; Japanese; Korean; Polish; Portuguese; Russian; Spanish; Turkish; Ukrainian; Vietnamese
cin__opat_jan__ut_quem_in_el6a,9,"non-ASCII character(s) in English display | token(s) preserved across 3+ localized displays: quem, vita, mortáli | preserved token(s) also present in English reference","ut, quem in hac vita mortáli","ut, quem in hac vita mortáli",quem; vita; mortáli,Chineset; Czech; French; German; Italian; Japanese; Korean; Polish; Portuguese; Russian; Spanish; Turkish; Ukrainian; Vietnamese
cin__opat_jan__ut_quia_pr_XsKq,9,"non-ASCII character(s) in English display | token(s) preserved across 3+ localized displays: quia, prima, transiérunt | preserved token(s) also present in English reference","ut, quia prima iam transiérunt,","ut, quia prima iam transiérunt,",quia; prima; transiérunt,Chineset; Czech; French; German; Italian; Japanese; Korean; Polish; Portuguese; Russian; Spanish; Turkish; Ukrainian; Vietnamese
cin__ptacek_jan_ptacek_z__VsWV,10,"non-ASCII character(s) in English display | English reference/display differ | token(s) preserved across 3+ localized displays: Hans, Capon, Pirkstein | preserved token(s) also present in English reference",I'm Sir Hans Capon... of Pirkstein...,I'm Sir… I'm Sir Hans Capon... of Pirkstein...,Hans; Capon; Pirkstein,French; German; Italian; Portuguese; Spanish; Turkish; Vietnamese
cin__zikmund_l_nem_turom__yuBW,9,"non-ASCII character(s) in English display | token(s) preserved across 3+ localized displays: tűröm, rohadékot, birtokomon | preserved token(s) also present in English reference",Nem tűröm el ezt a rohadékot a birtokomon!,Nem tűröm el ezt a rohadékot a birtokomon!,tűröm; rohadékot; birtokomon,Chineses; Chineset; Czech; French; German; Italian; Korean; Polish; Portuguese; Russian; Spanish; Turkish; Ukrainian; Vietnamese
comb_hans_plum_also_zunac_AFMl,9,"non-ASCII character(s) in English display | English reference/display differ | token(s) preserved across 3+ localized displays: Also, zunächst | preserved token(s) also present in English reference","!P Also zunächst: you stab the man in the belly and as he swerves, you pull out your weapon and cut his leg with a hook.","Also zunächst, you stab the man in the belly and as he swerves, you pull out your weapon and cut his leg with a hook.",Also; zunächst,Chineses; Chineset; Czech; French; Italian; Korean; Polish; Portuguese; Russian; Spanish; Turkish; Ukrainian
comb_hans_plum_dost_sem_s_b7UC,11,"non-ASCII character(s) in English display | English reference/display differ | token(s) preserved across 3+ localized displays: Langschwert, schön, stark, zugleich | preserved token(s) also present in English reference","!P I like the Langschwert, it's a good weapon: schön und wirksam zugleich!","I like the Langschwert, it's a good weapon, schön und stark zugleich!",Langschwert; schön; stark; zugleich,Chineses; Chineset; Czech; French; German; Italian; Korean; Polish; Portuguese; Russian; Spanish; Turkish; Ukrainian; Vietnamese
comb_hans_plum_erledigt_a_ytIl,10,"non-ASCII character(s) in English display | English reference/display differ | token(s) preserved across 3+ localized displays: wäre, erledigt, Bergmänner | preserved token(s) also present in English reference","!P Hah, erledigt, ausgestattet... i call it the hammer for bergmany.","Hah, das wäre erledigt … I call it the hammer for Bergmänner.",wäre; erledigt; Bergmänner,Chineses; Chineset; Czech; French; German; Italian; Korean; Polish; Portuguese; Russian; Spanish; Turkish; Ukrainian; Vietnamese
comb_hejtman_f_a_ted_si_t_6sEe,10,"non-ASCII character(s) in English display | English reference/display differ | token(s) preserved across 3+ localized displays: jetzt, mein, Freund | preserved token(s) also present in English reference","!P Und jetzt... Come try it out a few times, mein Freunde.","Und jetzt … Come try it out a few times, mein Freund.",jetzt; mein; Freund,Chineses; Chineset; Czech; French; German; Italian; Korean; Polish; Portuguese; Russian; Spanish; Turkish; Ukrainian
comb_hejtman_f_hm_ale_jo__hfqM,10,"non-ASCII character(s) in English display | English reference/display differ | token(s) preserved across 3+ localized displays: Aber, warum, nicht | preserved token(s) also present in English reference","!P Hmm... Aber ja, warum nicht?","Hmm … Aber ja, warum nicht?",Aber; warum; nicht,Chineses; Chineset; Czech; French; German; Italian; Japanese; Korean; Polish; Portuguese; Russian; Spanish; Turkish; Ukrainian
comb_hejtman_f_hm_hm_dobr_u3LO,9,"non-ASCII character(s) in English display | English reference/display differ | token(s) preserved across 3+ localized displays: Also, soll’s | preserved token(s) also present in English reference","!P Also gut, was soll's... I can show you something.","Also gut, was soll’s … I can show you something.",Also; soll’s,Chineses; Chineset; Czech; French; German; Italian; Korean; Polish; Portuguese; Russian; Spanish; Turkish; Ukrainian
comb_hejtman_f_napada_me__t67L,10,"non-ASCII character(s) in English display | English reference/display differ | token(s) preserved across 3+ localized displays: Kuttenberg, stadt, Bergmänner | preserved token(s) also present in English reference",!P Kuttenberg is a stadt full of bergmans. Here you need to be able to break up every fight with a few slaps.,Kuttenberg is a stadt full of Bergmänner. Here you need to be able to break up every fight with a few slaps.,Kuttenberg; stadt; Bergmänner,Czech; French; German; Italian; Polish; Portuguese; Russian; Spanish; Turkish; Ukrainian; Vietnamese
comb_hejtman_f_so_alt_wie_wJVn,10,"non-ASCII character(s) in English display | English reference/display differ | token(s) preserved across 3+ localized displays: Weißt, meine, Truppe | preserved token(s) also present in English reference","!P Wissen Sie, Meine Mannschaft I teach mainly to fight with pikes.","Weißt du, meine Truppe I teach mainly to fight with pikes.",Weißt; meine; Truppe,Chineses; Chineset; Czech; French; German; Italian; Korean; Polish; Portuguese; Russian; Spanish; Turkish; Ukrainian
comb_hejtman_f_wollen_sie_ncG1,10,"non-ASCII character(s) in English display | English reference/display differ | token(s) preserved across 3+ localized displays: Willst, du’s, zeigen | preserved token(s) also present in English reference",!P Wollen Sie es zeigen?,Willst du’s mir zeigen?,Willst; du’s; zeigen,Chineses; Chineset; Czech; French; German; Italian; Japanese; Korean; Polish; Portuguese; Russian; Spanish; Turkish; Ukrainian
comb_hejtman_s_a_ted_si_t_EHOP,10,"non-ASCII character(s) in English display | English reference/display differ | token(s) preserved across 3+ localized displays: jetzt, junger, Mann | preserved token(s) also present in English reference","!P Und jetzt... try it out a few times, junger Mann.","Und jetzt … try it out a few times, junger Mann.",jetzt; junger; Mann,Chineses; Chineset; Czech; French; German; Italian; Korean; Polish; Portuguese; Russian; Spanish; Turkish; Ukrainian
comb_hejtman_s_heh_vazne__ZWBv,11,"non-ASCII character(s) in English display | English reference/display differ | token(s) preserved across 3+ localized displays: allem, wenn, Gegner, dummer, Bauerntölpel | preserved token(s) also present in English reference","!P Ha, a seriously fast and deadly hit, vor allem, wenn der Gegner ein dummer Hinterwäldler ist.","Ha, a seriously fast and deadly hit, vor allem, wenn der Gegner ein dummer Bauerntölpel ist.",allem; wenn; Gegner; dummer; Bauerntölpel,Chineses; Chineset; Czech; French; German; Italian; Korean; Polish; Portuguese; Russian; Spanish; Turkish; Ukrainian
comb_hejtman_s_hm_ale_jo__odQd,10,"non-ASCII character(s) in English display | English reference/display differ | token(s) preserved across 3+ localized displays: Aber, warum, nicht | preserved token(s) also present in English reference","!P Hmm... Aber ja, warum nicht?","Hmm … Aber ja, warum nicht?",Aber; warum; nicht,Chineses; Chineset; Czech; French; German; Italian; Japanese; Korean; Polish; Portuguese; Russian; Spanish; Turkish; Ukrainian
comb_hejtman_s_hm_hm_dobr_xzN7,9,"non-ASCII character(s) in English display | English reference/display differ | token(s) preserved across 3+ localized displays: Also, soll’s | preserved token(s) also present in English reference","!P Also gut, was soll's... I can show you something.","Also gut, was soll’s … I can show you something.",Also; soll’s,Chineses; Chineset; Czech; French; German; Italian; Korean; Polish; Portuguese; Russian; Spanish; Turkish; Ukrainian
comb_menhart_z_tenhle_chv_pb2z,11,"non-ASCII character(s) in English display | English reference/display differ | token(s) preserved across 3+ localized displays: rechts, linke, Rückhand, geradeaus | preserved token(s) also present in English reference","!P After a hit von rechts, you lean into next attack, but it is only ruse! Instead of this, from the back linken of your hand you go directly geradeaus, um, in front of you.","After a hit von rechts, you lean into next attack, but it is only ruse! Instead of this, from the linke Rückhand you go directly geradeaus, um, in front of you.",rechts; linke; Rückhand; geradeaus,Chineses; Chineset; Czech; French; German; Italian; Korean; Polish; Portuguese; Russian; Spanish; Turkish; Ukrainian
comb_mikulas_p_samozrejme_QjiZ,9,"non-ASCII character(s) in English display | English reference/display differ | token(s) preserved across 3+ localized displays: Natürlich, Also | preserved token(s) also present in English reference","!P Nattürlich, I know this is something for you! Also hör zu...","Natürlich, I know this is something for you! Also hör zu...",Natürlich; Also,Chineses; Chineset; Czech; French; German; Italian; Korean; Polish; Portuguese; Russian; Spanish; Turkish; Ukrainian
comb_mikulas_p_ukazu_ti_j_85Zv,9,"non-ASCII character(s) in English display | English reference/display differ | token(s) preserved across 3+ localized displays: Ringkampfgriff, wär’s | preserved token(s) also present in English reference","!P I show you one wrestling Ringkampfgriff, gut?","I show you one wrestling Ringkampfgriff, wie wär’s?",Ringkampfgriff; wär’s,Chineses; Chineset; Czech; French; Italian; Korean; Polish; Portuguese; Russian; Spanish; Turkish; Ukrainian
comb_pogrom_ut_uriznu_ti__Y5in,9,"non-ASCII character(s) in English display | token(s) preserved across 3+ localized displays: Uříznu, zbytek, toho, tvýho, hnusnýho, ptáka",,Uříznu ti i zbytek toho tvýho hnusnýho ptáka!,Uříznu; zbytek; toho; tvýho; hnusnýho; ptáka,Chineses; Chineset; Czech; French; German; Italian; Japanese; Korean; Polish; Portuguese; Russian; Spanish; Turkish; Ukrainian; Vietnamese
cp_b_brabant_a_nebo_jeste_Wxtd,9,"non-ASCII character(s) in English display | English reference/display differ | token(s) preserved across 3+ localized displays: Capon, Maleshov | preserved token(s) also present in English reference","Or better yet… Do it with Capon, I'll watch your backs. Like we did in Maleshov!",Or better yet… you and Capon do it. I will watch your backs. Like in Maleshov!,Capon; Maleshov,French; German; Italian; Portuguese; Spanish; Turkish; Vietnamese
cp_z_henry_sei_un_proprio_Rk6D,9,"non-ASCII character(s) in English display | English reference/display differ | token(s) preserved across 3+ localized displays: proprio, baccalà | preserved token(s) also present in English reference",!P Sei un proprio baccalá!,Sei proprio un baccalà!,proprio; baccalà,Chineses; Chineset; Czech; French; German; Italian; Korean; Polish; Portuguese; Russian; Spanish; Turkish; Ukrainian; Vietnamese
cs_p_fridus_ku_pane_menha_Ad8D,9,"non-ASCII character(s) in English display | English reference/display differ | token(s) preserved across 3+ localized displays: Meister, Menhard | preserved token(s) also present in English reference","Meister Menhard, let me remind you that your petition was discussed by the town council… and your claim was not acknowledged.","Meister Menhard, let me remind you that your petition was discussed by the town council… and your claim was rejected.",Meister; Menhard,Chineses; French; German; Italian; Polish; Portuguese; Spanish; Turkish; Vietnamese
cust_bohuta_toho__toho_po_LViC,10,"non-ASCII character(s) in English display | English reference/display differ | token(s) preserved across 3+ localized displays: Radzig, Jobst, Kuttenberg | preserved token(s) also present in English reference",He… He… Radzig said Jobst sent him to Kuttenberg… That's all I know… As God is my witness…,Radzig said Jobst sent him to Kuttenberg…,Radzig; Jobst; Kuttenberg,French; German; Italian; Polish; Portuguese; Spanish; Turkish; Vietnamese
cust_stepan_vr_zmizeli_ne_B747,9,"non-ASCII character(s) in English display | English reference/display differ | token(s) preserved across 3+ localized displays: Miskowitz, Rabstein | preserved token(s) also present in English reference","It seems they were last seen somewhere between Miskovitze and Rabstein, but that was ages ago. Who knows where they might be now…","It seems they were last seen somewhere between Miskowitz and Rabstein, but that was ages ago. Christ knows where they might be now…",Miskowitz; Rabstein,French; German; Italian; Portuguese; Turkish; Vietnamese
dark_event_tab_az_egesz_s_sdBe,9,"non-ASCII character(s) in English display | English reference/display differ | token(s) preserved across 3+ localized displays: egész, szar | preserved token(s) also present in English reference","Az egész szar, we honest mercenaries, but he crook.","Az egész szar, we honest mercenary, but he criminal.",egész; szar,Chineses; Chineset; Czech; French; German; Italian; Korean; Polish; Portuguese; Russian; Spanish; Turkish; Ukrainian; Vietnamese
dark_event_tab_ez_az_orsz_HvZv,9,"non-ASCII character(s) in English display | token(s) preserved across 3+ localized displays: ország, tele, bolondokkal | preserved token(s) also present in English reference",Ez az ország tele van bolondokkal.,Ez az ország tele van bolondokkal.,ország; tele; bolondokkal,Chineses; Chineset; Czech; French; German; Italian; Japanese; Korean; Polish; Russian; Spanish; Turkish; Ukrainian; Vietnamese
dark_event_tab_sigmundnak_erBb,9,"non-ASCII character(s) in English display | token(s) preserved across 3+ localized displays: Sigmundnak, nincs, pénze | preserved token(s) also present in English reference",Sigmundnak nincs pénze. We as poor as mice. He not keep promise.,Sigmundnak nincs pénze. We as poor as mice. He not keep promise.,Sigmundnak; nincs; pénze,Chineses; Chineset; Czech; French; German; Italian; Korean; Polish; Portuguese; Russian; Spanish; Turkish; Ukrainian; Vietnamese
dark_event_tab_ty_skalicz_yIcy,10,"non-ASCII character(s) in English display | token(s) preserved across 3+ localized displays: Skalitz, Darko, Örülök, hogy, találkoztunk | preserved token(s) also present in English reference","You Skalitz? I name Darko. Örülök, hogy találkoztunk.","You Skalitz? I name Darko. Örülök, hogy találkoztunk.",Skalitz; Darko; Örülök; hogy; találkoztunk,Chineses; Chineset; Czech; French; German; Italian; Korean; Polish; Portuguese; Russian; Spanish; Turkish; Ukrainian; Vietnamese
davi_david_jo_dobrej_typek_gz8f,9,"non-ASCII character(s) in English display | English reference/display differ | token(s) preserved across 3+ localized displays: Henry, Michael | preserved token(s) also present in English reference",I know Henry! He helps me and Michal…,I know Henry! He helped me and Michael…,Henry; Michael,French; German; Italian; Portuguese; Spanish; Turkish; Vietnamese
deni_zena_such_mela_jsem__02Ba,9,"non-ASCII character(s) in English display | token(s) preserved across 3+ localized displays: Měla, jsem, utéct, dokud",,"Měla jsem utéct, dokud to šlo...",Měla; jsem; utéct; dokud,Chineses; Chineset; Czech; French; German; Italian; Japanese; Korean; Polish; Portuguese; Russian; Spanish; Turkish; Ukrainian; Vietnamese
deni_zena_such_nic_nemam__dFBz,9,"non-ASCII character(s) in English display | token(s) preserved across 3+ localized displays: nemám, nevím, Jako, nikdo, tady",,Nic nemám a nic nevím. Jako nikdo tady...,nemám; nevím; Jako; nikdo; tady,Chineses; Chineset; Czech; French; German; Italian; Japanese; Korean; Polish; Portuguese; Russian; Spanish; Turkish; Ukrainian; Vietnamese
dial_adamovy_l_poslys_na__Th8K,9,"non-ASCII character(s) in English display | English reference/display differ | token(s) preserved across 3+ localized displays: Bellissimo, Voyta | preserved token(s) also present in English reference","Oh, nothing. I grumble about Bellissimo because he drives me mad, but I don’t feel right telling you about Voyta.","Oh, nothing. I curse about Bellissimo because he drives me mad, but I don’t feel right telling you about Voyta.",Bellissimo; Voyta,French; German; Italian; Portuguese; Spanish; Turkish; Vietnamese
dial_adamovy_l_tehda_vojt_AX48,9,"non-ASCII character(s) in English display | English reference/display differ | token(s) preserved across 3+ localized displays: Bellissimo, Voyta | preserved token(s) also present in English reference","Well, “friends”—Bellissimo kept dragging Vojta around, and Vojta was too meek to say no. Bellissimo even latched onto his first big job!","Well, “friends” - Bellissimo kept dragging Voyta around, and Voyta was too meek to say no. Bellissimo even stuck his nose into Voyta's first big job!",Bellissimo; Voyta,French; German; Italian; Polish; Portuguese; Spanish; Turkish; Vietnamese
dial_adamovy_l_to_uz_je_d_ZENC,9,"non-ASCII character(s) in English display | English reference/display differ | token(s) preserved across 3+ localized displays: Voyta, Bellissimo | preserved token(s) also present in English reference","Fine, alright… You know Vojta and Bellissimo were friends.","Fine, alright… You know Voyta and Bellissimo were friends.",Voyta; Bellissimo,French; German; Italian; Polish; Portuguese; Spanish; Turkish; Vietnamese
dial_baladazha_budu_se_mo_lPL5,9,"non-ASCII character(s) in English display | token(s) preserved across 3+ localized displays: Benedictio, Domini, tecum | preserved token(s) also present in English reference",I’ll pray that God blesses your friend in his work. Benedictio Domini sit tecum.,I’ll pray that God blesses your friend in his work. Benedictio Domini sit tecum.,Benedictio; Domini; tecum,Chineses; Chineset; Czech; French; German; Italian; Korean; Polish; Portuguese; Russian; Spanish; Turkish; Ukrainian; Vietnamese
dial_baladazha_rozumim_al_gugo,10,"non-ASCII character(s) in English display | English reference/display differ | token(s) preserved across 3+ localized displays: Benedictio, Domini, tecum | preserved token(s) also present in English reference","I understand, but I’m sorry to disappoint you — others will decide about that. Benedictio Domini sit tecum.","I understand, but I’m sorry to disappoint you - others will decide about that. Benedictio Domini sit tecum.",Benedictio; Domini; tecum,Chineses; Chineset; Czech; French; German; Italian; Korean; Polish; Portuguese; Russian; Spanish; Turkish; Ukrainian; Vietnamese
dial_bohuta_pl_poridil_se_gt3V,9,"non-ASCII character(s) in English display | English reference/display differ | token(s) preserved across 3+ localized displays: Theo, Theodoric | preserved token(s) also present in English reference",I bought… … something really good. They say it's a piece by Master Theo… Theodoric himself!,I bought… something really good. They say it's a piece by Master Theo… Theodoric himself!,Theo; Theodoric,Czech; German; Spanish; Turkish; Vietnamese
dial_brabant_potkali_jsme_lqA4,10,"non-ASCII character(s) in English display | English reference/display differ | token(s) preserved across 3+ localized displays: grand, tournoi, Lorraine | preserved token(s) also present in English reference",We met years ago at le grand tournoi de Lorraine…,We met years ago au grand tournoi de Lorraine…,grand; tournoi; Lorraine,Chineses; Chineset; Czech; French; German; Italian; Polish; Portuguese; Russian; Spanish; Turkish; Ukrainian; Vietnamese
dial_brabant_seigneur_urs_l5K9,11,"non-ASCII character(s) in English display | English reference/display differ | token(s) preserved across 3+ localized displays: Chevalier, Morgenstern, Sigismund, d'argent | preserved token(s) also present in English reference","Chevalier Morgenstern was with Sigismund, but he turned him down, because… le roi n'a pas d'argent.","Le Chevalier Morgenstern was with Sigismund, but he turned him down, because… le roi n'a pas d'argent.",Chevalier; Morgenstern; Sigismund; d'argent,Chineses; Chineset; Czech; French; German; Italian; Japanese; Korean; Polish; Portuguese; Russian; Spanish; Turkish; Ukrainian; Vietnamese
dial_brabant_zatimco_ty_s_VaaL,11,"non-ASCII character(s) in English display | English reference/display differ | token(s) preserved across 3+ localized displays: Pendant, vous, étiez, chez, Hongrois | preserved token(s) also present in English reference",!P Pendant que tu étais chez les Hongrois…,Pendant que vous étiez chez les Hongrois…,Pendant; vous; étiez; chez; Hongrois,Chineses; Chineset; Czech; French; German; Italian; Korean; Polish; Portuguese; Russian; Spanish; Turkish; Ukrainian; Vietnamese
dial_cherthan_vigyazz_a_s_493T,9,"non-ASCII character(s) in English display | English reference/display differ | token(s) preserved across 3+ localized displays: Vigyázz, szádra | preserved token(s) also present in English reference","!P Vigyázz a szádra! You want to help girl, good. But don't fuck me off…",Vigyázz a szádra! You want to help girl? Good. But no piss me off.,Vigyázz; szádra,Chineses; Chineset; Czech; French; German; Italian; Korean; Polish; Portuguese; Russian; Spanish; Turkish; Ukrainian
dial_henry_bergov_nas_na__T5gL,9,"non-ASCII character(s) in English display | English reference/display differ | token(s) preserved across 3+ localized displays: Bergow, Trosky | preserved token(s) also present in English reference",Von Bergow sent us to Trosky to torture a prisoner… one of yours. We got him to tell us you were in that ambush.,Von Bergow sent us to Trosky to torture a prisoner… one of yours. He told us you were involved in that ambush.,Bergow; Trosky,French; German; Italian; Polish; Portuguese; Spanish; Turkish; Vietnamese
dial_henry_co_ten_oltar_1yWd,10,"non-ASCII character(s) in English display | token(s) preserved across 3+ localized displays: Henry, Voyta, Sedletz, altar | preserved token(s) also present in English reference","Good day, Master. I’m Henry. Master Voyta sent me to ask how those figurines for the Sedletz altar are coming along.","Good day, Master. I’m Henry. Master Voyta sent me to ask how those figurines for the Sedletz altar are coming along.",Henry; Voyta; Sedletz; altar,French; German; Italian; Portuguese; Spanish; Turkish; Vietnamese
dial_henry_jak_to_jde_s_o_gTn8,9,"non-ASCII character(s) in English display | token(s) preserved across 3+ localized displays: Voyta, Sedletz, altar | preserved token(s) also present in English reference",Painter Voyta said he had you make figurines for the Sedletz altar. How’s that going?,Painter Voyta said he had you make figurines for the Sedletz altar. How’s that going?,Voyta; Sedletz; altar,French; German; Italian; Portuguese; Spanish; Turkish; Vietnamese
dial_henry_kdyz_jsme_se_t_H9Nz,9,"non-ASCII character(s) in English display | English reference/display differ | token(s) preserved across 3+ localized displays: Hans, Capon | preserved token(s) also present in English reference","Now that we're such good friends… A lord is being held captive in the tower, Hans Capon. Where is he?","Now that we're all mates here… A certain lord is being held captive in the tower, Hans Capon. Where is he?",Hans; Capon,French; German; Italian; Portuguese; Spanish; Turkish; Vietnamese
dial_henry_kolik_sem_dove_DX7L,9,"non-ASCII character(s) in English display | English reference/display differ | token(s) preserved across 3+ localized displays: Horschan, Petronilla | preserved token(s) also present in English reference",How many corves of ore were delivered here from Horschan… for example on the feast of St. Petronilla?,"How many corves were delivered from Horschan, say… on the feast St. Petronilla?",Horschan; Petronilla,French; German; Italian; Portuguese; Turkish; Vietnamese
dial_henry_no_to_ja_vim_z_NAsT,10,"non-ASCII character(s) in English display | English reference/display differ | token(s) preserved across 3+ localized displays: schön, Grosse, Liebe | preserved token(s) also present in English reference","!P I know she's schön. But she's spoken for? Taken, see! Me and her. Ich and sie. Love! Grosse líbespíchoš!","I know she's schön. But she's spoken for. Taken, see? Me and her. Ich and sie. Love! Grosse Liebe!",schön; Grosse; Liebe,Chineses; Chineset; Czech; French; German; Italian; Korean; Polish; Portuguese; Russian; Spanish; Turkish; Ukrainian; Vietnamese
dial_henry_povez_mi_co_se_yrn4,9,"non-ASCII character(s) in English display | token(s) preserved across 3+ localized displays: Bellissimo, altar, Sedletz | preserved token(s) also present in English reference","Listen, Bellissimo is supposed to paint the altar for Sedletz Monastery. It’s a huge honour.","Listen, Bellissimo is supposed to paint the altar for Sedletz Monastery. It’s a huge honour.",Bellissimo; altar; Sedletz,French; German; Italian; Polish; Portuguese; Spanish; Turkish; Vietnamese
dial_hutnik_gr_i_kdyz_tav_6Erz,9,"non-ASCII character(s) in English display | English reference/display differ | token(s) preserved across 3+ localized displays: Volkmar, Grund | preserved token(s) also present in English reference","Although… The smelter foreman Volkmar recently bought some stables here in Grund. Entire stables, you see?!","Although… The smelter foreman Volkmar recently bought some stables here in Grund. The whole stables, see?!",Volkmar; Grund,French; German; Italian; Polish; Portuguese; Spanish; Turkish; Vietnamese
dial_kuman_vyz_csak_egy_n_zVUa,11,"non-ASCII character(s) in English display | English reference/display differ | token(s) preserved across 3+ localized displays: Duma, egész, hidd, nekem | preserved token(s) also present in English reference","Csak egy nagy beszéd, add nekem.","Duma az egész, hidd el nekem!",Duma; egész; hidd; nekem,Chineses; Chineset; Czech; French; German; Italian; Korean; Polish; Portuguese; Russian; Spanish; Turkish; Ukrainian; Vietnamese
dial_kuman_vyz_hagyj_beke_ZbCx,10,"non-ASCII character(s) in English display | token(s) preserved across 3+ localized displays: Hagyj, békén, tudod, fejemben | preserved token(s) also present in English reference","Hagyj békén, tudod mi jár a fejemben!","Hagyj békén, tudod mi jár a fejemben!",Hagyj; békén; tudod; fejemben,Chineses; Chineset; Czech; French; German; Italian; Korean; Polish; Portuguese; Russian; Spanish; Turkish; Ukrainian; Vietnamese
dial_malir_a_v_prevleku_n_F6Xn,9,"non-ASCII character(s) in English display | English reference/display differ | token(s) preserved across 3+ localized displays: Bellissimo, Kuttenberg | preserved token(s) also present in English reference","And in the disguise, you’ll tell Bellissimo he’s damned to hell, and if he wants to get out alive, he’ll leave Kuttenberg and beg the Pope for forgiveness. Both of you!","And in the disguise, you’ll tell Bellissimo he’s damned to hell, and if he wants to save his soul, he’ll leave Kuttenberg and beg the Pope for forgiveness. Actually, both of them.",Bellissimo; Kuttenberg,French; German; Italian; Polish; Portuguese; Spanish; Turkish; Vietnamese
dial_malir_jindro_priteli_ybhZ,10,"non-ASCII character(s) in English display | English reference/display differ | token(s) preserved across 3+ localized displays: Henry, Veles, Bellissimo | preserved token(s) also present in English reference","Henry, my friend... You trusted me with the basilisk and Veles, so trust me now. I know Bellissimo; he’s always been a massive coward. This will work.","Henry, my friend... You trusted me with the basilisk and Veles, so trust me now. I know Bellissimo; he’s always been a chickenshit. This will work.",Henry; Veles; Bellissimo,French; German; Italian; Portuguese; Spanish; Turkish; Vietnamese
dial_musa_z_ma_hergot_hm__6K65,9,"non-ASCII character(s) in English display | English reference/display differ | token(s) preserved across 3+ localized displays: Herr, Gott | preserved token(s) also present in English reference",!P Mein Gott? Hmm… I see some German words have caught on in Italy.,Herr Gott? Hmm… I see some German words have caught on in Italy.,Herr; Gott,Chineses; Chineset; French; Italian; Korean; Polish; Portuguese; Russian; Spanish; Turkish; Ukrainian; Vietnamese
dial_po_souboj_ja_ja_natu_Ducc,11,"non-ASCII character(s) in English display | English reference/display differ | token(s) preserved across 3+ localized displays: natürlich, habe, noch, eine, Verabredung | preserved token(s) also present in English reference","Ja ja, natürlich. But I have to leave early, Ich habe ein... Treffen.","Ja, ja, natürlich. But I have to leave early, ich habe noch eine … Verabredung.",natürlich; habe; noch; eine; Verabredung,Chineses; Chineset; Czech; French; German; Italian; Korean; Polish; Portuguese; Russian; Spanish; Turkish; Ukrainian; Vietnamese
dial_po_souboj_nechame_to_r678,9,"non-ASCII character(s) in English display | English reference/display differ | token(s) preserved across 3+ localized displays: auch, müde | preserved token(s) also present in English reference","Let's stop, Ich bing auch müde.","Let's stop, Ich bin auch müde.",auch; müde,Chineses; Chineset; Czech; French; German; Italian; Korean; Polish; Portuguese; Russian; Spanish; Turkish; Ukrainian; Vietnamese
dial_po_souboj_schluss_sc_i0eT,10,"non-ASCII character(s) in English display | English reference/display differ | token(s) preserved across 3+ localized displays: Aufhören, Schluss, jetzt | preserved token(s) also present in English reference","Schluss, schluss! I've had enough.",Aufhören! Schluss jetzt! I have had enough.,Aufhören; Schluss; jetzt,Chineses; Chineset; Czech; French; German; Italian; Korean; Polish; Portuguese; Russian; Spanish; Turkish; Ukrainian; Vietnamese
dial_po_souboj_takze_noch_L3Hh,10,"non-ASCII character(s) in English display | English reference/display differ | token(s) preserved across 3+ localized displays: Noch, eine, Runde | preserved token(s) also present in English reference",So… Noch einmal?,So … Noch eine Runde?,Noch; eine; Runde,Chineses; Chineset; Czech; French; German; Italian; Japanese; Korean; Polish; Portuguese; Russian; Spanish; Turkish; Ukrainian; Vietnamese
dial_po_souboj_uff_schlus_x0Bs,9,"non-ASCII character(s) in English display | English reference/display differ | token(s) preserved across 3+ localized displays: Schluss, jetzt | preserved token(s) also present in English reference",Oof... Schluss jetzt! Everything hurts.,Uff … Schluss jetzt! Everything hurts!,Schluss; jetzt,Chineses; Chineset; Czech; French; German; Italian; Korean; Polish; Portuguese; Russian; Spanish; Turkish; Ukrainian; Vietnamese
dial_ptacek_bergov_vecer__E0Ds,10,"non-ASCII character(s) in English display | English reference/display differ | token(s) preserved across 3+ localized displays: Bergow, plan, Nebakov | preserved token(s) also present in English reference","Von Burgow is giving a feast tonight, where he will tell his vassals and allies his plan of attack on the bandits… on Nebakov.","Von Bergow is giving a feast tonight, where he'll tell his vassals and allies his plan of attack on the bandits… on Nebakov.",Bergow; plan; Nebakov,French; German; Italian; Polish; Portuguese; Spanish; Turkish; Vietnamese
dial_rychtaruv_no_jo_kova_dFdH,9,"non-ASCII character(s) in English display | English reference/display differ | token(s) preserved across 3+ localized displays: Semine, Kreyzl | preserved token(s) also present in English reference","Oh, aye… The smith does business with old Semine. And nothing happens round these parts without Miller Kreyzl…","Oh, aye… The smith does business with old Semine. And nothing happens round these parts without Miller Kreyzl being involved.",Semine; Kreyzl,French; German; Italian; Portuguese; Spanish; Turkish; Vietnamese
dial_samuel_mysli_na_vsec_2PBT,10,"non-ASCII character(s) in English display | English reference/display differ | token(s) preserved across 3+ localized displays: Godwin, Zizka, Capon | preserved token(s) also present in English reference","Everyone's relying on you. Godwin, Žižka, Capon…","Everyone is counting on you, Godwin, Zizka, Capon…",Godwin; Zizka; Capon,French; German; Italian; Portuguese; Spanish; Turkish; Vietnamese
dial_samuel_mysli_na_vsec_fAPn,9,"non-ASCII character(s) in English display | English reference/display differ | token(s) preserved across 3+ localized displays: Godwin, Capon | preserved token(s) also present in English reference","Everyone's depending on you. Godwin, Žižka…","Everyone is counting on you, Godwin, Capon…",Godwin; Capon,French; German; Italian; Portuguese; Spanish; Turkish; Vietnamese
dial_samuel_mysli_na_vsec_tI8c,9,"non-ASCII character(s) in English display | English reference/display differ | token(s) preserved across 3+ localized displays: Godwin, Zizka | preserved token(s) also present in English reference","Everyone's depending on you. Godwin, Žižka…","Everyone is counting on you. Godwin, Zizka…",Godwin; Zizka,French; German; Italian; Portuguese; Spanish; Turkish; Vietnamese
dial_semin_jun_vsechno_st_EaH8,11,"non-ASCII character(s) in English display | English reference/display differ | token(s) preserved across 3+ localized displays: Bergow, Rosenberg, Kunstadt, Lichtenberg | preserved token(s) also present in English reference","It's all the same rabble. Bergow, Rosenberg, Kunstadt, Lichtenberg, or whatever their names are…","It's all the same scum - von Bergow, von Rosenberg, Kunstadt, Lichtenberg, or whatever their names are…",Bergow; Rosenberg; Kunstadt; Lichtenberg,French; German; Italian; Polish; Portuguese; Spanish; Turkish; Vietnamese
dial_semin_nejspis_ne_tro_gySy,9,"non-ASCII character(s) in English display | English reference/display differ | token(s) preserved across 3+ localized displays: Trosky, Bergow | preserved token(s) also present in English reference",Not likely. Thanks to you Trosky is now without a lord. That is… until von Bergow returns.,"Not likely. Thanks to you, Trosky is now without a lord. That is… until von Bergow returns.",Trosky; Bergow,Czech; French; German; Italian; Portuguese; Spanish; Turkish; Vietnamese
dial_stalker_co_boj_no_kd_yfH1,11,"non-ASCII character(s) in English display | English reference/display differ | token(s) preserved across 3+ localized displays: Fight, harcolni, akarsz, legyen, lányt, adom | preserved token(s) also present in English reference","Mi az? Harc? Hát jó, ha harcolni akarsz, ám legyen! De azt a lányt nem adom!","Mi az? Fight? Hát jó, ha harcolni akarsz, ám legyen! De azt a lányt nem adom!",Fight; harcolni; akarsz; legyen; lányt; adom,Chineses; Chineset; Czech; French; German; Italian; Korean; Polish; Russian; Spanish; Turkish; Ukrainian; Vietnamese
dial_stalker_co_to_je_des_Ulco,10,"non-ASCII character(s) in English display | token(s) preserved across 3+ localized displays: kurva, kevés, nyomorult, Rábasztál, lány, enyém, Érted, Nein | preserved token(s) also present in English reference","Mi? Ez kurva kevés, te nyomorult! Rábasztál, az a lány az enyém! Érted? Nem! Nein!","Mi? Ez kurva kevés, te nyomorult! Rábasztál, az a lány az enyém! Érted? Nem! Nein!",kurva; kevés; nyomorult; Rábasztál; lány; enyém; Érted; Nein,Chineses; Chineset; Czech; French; German; Italian; Korean; Polish; Portuguese; Russian; Spanish; Turkish; Ukrainian; Vietnamese
dial_stalker_co_to_kurva__v9hz,10,"non-ASCII character(s) in English display | token(s) preserved across 3+ localized displays: faszt, magyarázol, értem, Hogy, fenébe, értsek, szót, veled | preserved token(s) also present in English reference",Mi a faszt magyarázol? Nem értem. Hogy a fenébe értsek szót veled így?,Mi a faszt magyarázol? Nem értem. Hogy a fenébe értsek szót veled így?,faszt; magyarázol; értem; Hogy; fenébe; értsek; szót; veled,Chineses; Chineset; Czech; French; German; Italian; Korean; Polish; Portuguese; Russian; Spanish; Turkish; Ukrainian; Vietnamese
dial_stalker_coze_ona_se__Bfsi,10,"non-ASCII character(s) in English display | token(s) preserved across 3+ localized displays: tőlem, akartam, Rendben, békén, hagyom | preserved token(s) also present in English reference","Mi van? Fél tőlem? De én ezt nem akartam! Hát jó... Rendben, békén hagyom.","Mi van? Fél tőlem? De én ezt nem akartam! Hát jó... Rendben, békén hagyom.",tőlem; akartam; Rendben; békén; hagyom,Chineses; Chineset; Czech; German; Italian; Korean; Polish; Portuguese; Russian; Spanish; Turkish; Ukrainian; Vietnamese
dial_stalker_hm_tomu_kone_Auim,10,"non-ASCII character(s) in English display | token(s) preserved across 3+ localized displays: végre, értem, mennyit, adsz | preserved token(s) also present in English reference","Na, ezt végre értem... És mennyit adsz?","Na, ezt végre értem... És mennyit adsz?",végre; értem; mennyit; adsz,Chineses; Chineset; Czech; French; German; Italian; Korean; Polish; Portuguese; Russian; Spanish; Turkish; Ukrainian; Vietnamese
dial_stalker_igen_aha_laz_wGMr,10,"non-ASCII character(s) in English display | token(s) preserved across 3+ localized displays: Igen, fürdős, lány, Miért, Minek, ütöd, bele, orrod | preserved token(s) also present in English reference","Igen? Aha, a fürdős lány. Miért ne? Minek ütöd bele az orrod. Igen, szeretem.","Igen? Aha, a fürdős lány. Miért ne? Minek ütöd bele az orrod. Igen, szeretem.",Igen; fürdős; lány; Miért; Minek; ütöd; bele; orrod; szeretem,Chineses; Chineset; Czech; French; German; Italian; Korean; Polish; Portuguese; Russian; Spanish; Turkish; Ukrainian; Vietnamese
dial_stalker_ja_laska_ona_dPF3,10,"non-ASCII character(s) in English display | token(s) preserved across 3+ localized displays: szerelmes, hajadon, Nicht, mann, erős, szép, schön | preserved token(s) also present in English reference","Én, szerelmes. Ő hajadon. Nicht mann. Én erős. Ő szép. So schön...","Én, szerelmes. Ő hajadon. Nicht mann. Én erős. Ő szép. So schön...",szerelmes; hajadon; Nicht; mann; erős; szép; schön,Chineses; Chineset; Czech; French; German; Italian; Korean; Polish; Portuguese; Russian; Spanish; Turkish; Ukrainian; Vietnamese
dial_stalker_kurva_chlape_7BNN,11,"non-ASCII character(s) in English display | English reference/display differ | token(s) preserved across 3+ localized displays: Bassza, ember, nyugodj, Bath, girl, alone, Értem | preserved token(s) also present in English reference","Bassza meg, ember, nyugodj meg! Bathhouse girl alone! Értem. Jól van!","Bassza meg, ember, nyugodj meg! Bath girl alone! Értem. Jól van!",Bassza; ember; nyugodj; Bath; girl; alone; Értem,Chineses; Chineset; Czech; French; German; Italian; Korean; Polish; Portuguese; Russian; Spanish; Turkish; Ukrainian; Vietnamese
dial_stalker_no_to_by_slo_kJdn,10,"non-ASCII character(s) in English display | token(s) preserved across 3+ localized displays: erről, lehet, Akkor, beszélve, Békibe, hagyom, nőszemélyt, Érted | preserved token(s) also present in English reference","Na, erről lehet szó. Akkor meg van beszélve. Békibe hagyom azt a nőszemélyt, jó? Érted? Keine frau! Igen!","Na, erről lehet szó. Akkor meg van beszélve. Békibe hagyom azt a nőszemélyt, jó? Érted? Keine frau! Igen!",erről; lehet; Akkor; beszélve; Békibe; hagyom; nőszemélyt; Érted; Keine; frau; Igen,Chineses; Chineset; Czech; French; German; Italian; Korean; Polish; Portuguese; Russian; Spanish; Turkish; Ukrainian; Vietnamese
dial_stalker_to_jsem_neve_hlLi,10,"non-ASCII character(s) in English display | token(s) preserved across 3+ localized displays: tudtam, Nicht, wissen, Bocsánat, Békén, hagyom | preserved token(s) also present in English reference",Ezt nem tudtam... Nicht wissen! Bocsánat. I sorry. Békén hagyom.,Ezt nem tudtam... Nicht wissen! Bocsánat. I sorry. Békén hagyom.,tudtam; Nicht; wissen; Bocsánat; Békén; hagyom,Chineses; Chineset; Czech; French; German; Italian; Korean; Polish; Portuguese; Russian; Spanish; Turkish; Ukrainian; Vietnamese
dial_stalker_to_ne_je_moj_GCoR,10,"non-ASCII character(s) in English display | token(s) preserved across 3+ localized displays: enyém, érted, Meine, Menj, francba | preserved token(s) also present in English reference","Ne már! Ő az enyém, érted? Meine! Menj a francba!","Ne már! Ő az enyém, érted? Meine! Menj a francba!",enyém; érted; Meine; Menj; francba,Chineses; Chineset; Czech; French; German; Italian; Korean; Polish; Portuguese; Russian; Spanish; Turkish; Ukrainian; Vietnamese
dial_vasko_hallod_jindra__cq8G,10,"non-ASCII character(s) in English display | token(s) preserved across 3+ localized displays: Hallod, Henry, akarja, szerezni, neked | preserved token(s) also present in English reference",Hallod? Henry meg akarja szerezni neked azt a nőt!,Hallod? Henry meg akarja szerezni neked azt a nőt!,Hallod; Henry; akarja; szerezni; neked,Chineses; Chineset; Czech; French; German; Italian; Korean; Polish; Portuguese; Russian; Spanish; Turkish; Ukrainian; Vietnamese
dial_vasko_lat_hogy_szere_Y4sO,10,"non-ASCII character(s) in English display | English reference/display differ | token(s) preserved across 3+ localized displays: Szerelmes, lettél, ugye | preserved token(s) also present in English reference",Lát? Hogy szerelmes lettél?,"Szerelmes lettél, ugye!",Szerelmes; lettél; ugye,Chineses; Chineset; Czech; French; German; Italian; Korean; Polish; Portuguese; Russian; Spanish; Turkish; Ukrainian; Vietnamese
dial_vasko_megprobal_kemk_sP0a,10,"non-ASCII character(s) in English display | English reference/display differ | token(s) preserved across 3+ localized displays: Megpróbál, kémkedni, utánunk | preserved token(s) also present in English reference",!P Megpróbál kémkedni utánunk…,Megpróbál kémkedni utánunk.,Megpróbál; kémkedni; utánunk,Chineses; Chineset; Czech; French; German; Italian; Korean; Polish; Portuguese; Russian; Spanish; Turkish; Ukrainian; Vietnamese
dial_vasko_menj_vele_muta_sk1b,11,"non-ASCII character(s) in English display | English reference/display differ | token(s) preserved across 3+ localized displays: Menj, vele, mutasd, neki, hogy, melyikük, Aztán, majd | preserved token(s) also present in English reference","Menj vele, mutasd meg neki, hogy ki ő, és valahogy majd kiderül!","Menj vele, és mutasd meg neki, hogy melyikük az! Aztán majd csak lesz valahogy.",Menj; vele; mutasd; neki; hogy; melyikük; Aztán; majd; csak; lesz; valahogy,Chineses; Chineset; Czech; French; German; Italian; Korean; Polish; Portuguese; Russian; Spanish; Turkish; Ukrainian; Vietnamese
dial_vasko_mluvim_pravdu__VZrV,11,"non-ASCII character(s) in English display | English reference/display differ | token(s) preserved across 3+ localized displays: Ugye, Jasak, Arra, nőre, fened, fogad | preserved token(s) also present in English reference","Eh, Jasak? Hogy csikorgatja a fogát arra a nőre, nem?","Ugye, Jasak! Arra a nőre fened a fogad, mi?",Ugye; Jasak; Arra; nőre; fened; fogad,Chineses; Chineset; Czech; French; German; Italian; Korean; Polish; Portuguese; Russian; Spanish; Turkish; Ukrainian; Vietnamese
dial_velitel_p_straze_se__DOiB,9,"non-ASCII character(s) in English display | English reference/display differ | token(s) preserved across 3+ localized displays: Musa, Grozav | preserved token(s) also present in English reference","Cherthan's at death's door, Musa is up to his elbows in his guts, Grozav won't do a fucking thing, and I'm pissed out of my head…","Chertan's at death's door, Musa is up to his elbows in his guts, Grozav won't do a fucking thing, and I'm pissed out of my head…",Musa; Grozav,Czech; French; German; Italian; Polish; Portuguese; Spanish; Turkish; Vietnamese
dial_zajic_je_to_pravda_p_5U1e,9,"non-ASCII character(s) in English display | English reference/display differ | token(s) preserved across 3+ localized displays: Pasha, Karel | preserved token(s) also present in English reference",It's the truth. Pecha isn't like Karel. Karel was like… a holy man. He preached like a priest.,It's the truth. Pasha isn't like Karel. Karel was like… a holy man. He preached like a priest.,Pasha; Karel,Czech; French; German; Italian; Portuguese; Spanish; Turkish; Vietnamese
dial_zizka_nevypadas_jako_71oe,9,"non-ASCII character(s) in English display | English reference/display differ | token(s) preserved across 3+ localized displays: Hanush, Leipa | preserved token(s) also present in English reference","Hmm.. Hanush of Leipa, eh? Interesting…","Hmm... Hanush of Leipa, eh? Interesting…",Hanush; Leipa,French; German; Italian; Portuguese; Spanish; Turkish; Vietnamese
diva_divak_bar_do_haje_ty_sOFw,10,"non-ASCII character(s) in English display | token(s) preserved across 3+ localized displays: fenébe, gazember, Elvesztettem, miattad, pénzem | preserved token(s) also present in English reference","A fenébe is, te gazember! Elvesztettem miattad a pénzem.","A fenébe is, te gazember! Elvesztettem miattad a pénzem.",fenébe; gazember; Elvesztettem; miattad; pénzem,Chineses; Chineset; Czech; French; German; Italian; Japanese; Korean; Polish; Portuguese; Russian; Spanish; Turkish; Ukrainian; Vietnamese
diva_divak_bar_ha_ha_ja_v_3gch,10,"non-ASCII character(s) in English display | token(s) preserved across 3+ localized displays: Tudtam, hogy, fogsz, csalódást, okozni, Szép, munka, öregem | preserved token(s) also present in English reference","Ha ha! Tudtam, hogy nem fogsz csalódást okozni. Szép munka, öregem!","Ha ha! Tudtam, hogy nem fogsz csalódást okozni. Szép munka, öregem!",Tudtam; hogy; fogsz; csalódást; okozni; Szép; munka; öregem,Chineses; Chineset; Czech; French; German; Italian; Japanese; Korean; Polish; Portuguese; Russian; Spanish; Turkish; Ukrainian; Vietnamese
diva_divak_bar_ja_vedel_p_WN5x,9,"non-ASCII character(s) in English display | token(s) preserved across 3+ localized displays: věděl, proč, tebe, vsadit",,Já věděl proč na tebe vsadit.,věděl; proč; tebe; vsadit,Chineses; Chineset; Czech; French; German; Italian; Japanese; Korean; Polish; Portuguese; Spanish; Turkish; Ukrainian; Vietnamese
diva_divak_bar_no_vyborne_ASJ9,10,"non-ASCII character(s) in English display | token(s) preserved across 3+ localized displays: aztán, móka, tényleg, vagy | preserved token(s) also present in English reference",Ez az! Ez aztán jó móka! Te aztán tényleg jó vagy!,Ez az! Ez aztán jó móka! Te aztán tényleg jó vagy!,aztán; móka; tényleg; vagy,Chineses; Chineset; Czech; French; German; Italian; Japanese; Korean; Polish; Portuguese; Russian; Spanish; Turkish; Ukrainian; Vietnamese
diva_divak_bar_skvele_skv_BCTu,9,"non-ASCII character(s) in English display | token(s) preserved across 3+ localized displays: Skvěle, skvěle, věděl, proč, tebe, sázím",,"Skvěle, skvěle! Já věděl, proč na tebe sázím.",Skvěle; skvěle; věděl; proč; tebe; sázím,Chineses; Chineset; Czech; French; German; Italian; Japanese; Korean; Polish; Portuguese; Spanish; Turkish; Ukrainian; Vietnamese
diva_divak_bar_skvele_ver_dATs,9,"non-ASCII character(s) in English display | token(s) preserved across 3+ localized displays: Skvěle, Věřil, Skvělá, jízda",,Skvěle! Věřil sem ti. Skvělá jízda!,Skvěle; Věřil; Skvělá; jízda,Chineses; Chineset; Czech; French; German; Italian; Japanese; Korean; Polish; Portuguese; Spanish; Turkish; Ukrainian; Vietnamese
diva_divak_bar_to_mel_bej_f2rR,10,"non-ASCII character(s) in English display | token(s) preserved across 3+ localized displays: valami, vicc, volt, Ilyen, menetet, sose, láttam | preserved token(s) also present in English reference",Ez valami vicc volt? Ilyen menetet még sose láttam.,Ez valami vicc volt? Ilyen menetet még sose láttam.,valami; vicc; volt; Ilyen; menetet; sose; láttam,Chineses; Chineset; Czech; French; German; Italian; Japanese; Korean; Polish; Portuguese; Russian; Spanish; Turkish; Ukrainian; Vietnamese
diva_divak_bar_to_sem_jes_G5l9,9,"non-ASCII character(s) in English display | token(s) preserved across 3+ localized displays: ještě, neviděl, takový, nemehlo",,"To sem ještě neviděl, takový nemehlo!",ještě; neviděl; takový; nemehlo,Chineses; Chineset; Czech; French; German; Italian; Japanese; Korean; Polish; Portuguese; Spanish; Turkish; Ukrainian; Vietnamese
diva_divak_bar_vyborne_vs_JMWI,9,"non-ASCII character(s) in English display | token(s) preserved across 3+ localized displays: Výborně, Vsadil, tebe, chlape",,"Výborně! Vsadil sem si na tebe, chlape.",Výborně; Vsadil; tebe; chlape,Chineses; Chineset; Czech; French; German; Italian; Japanese; Korean; Polish; Portuguese; Spanish; Turkish; Ukrainian; Vietnamese
diva_divak_bar_zatracene__Y3sG,10,"non-ASCII character(s) in English display | token(s) preserved across 3+ localized displays: fene, volt, fogadtam, nyomorult | preserved token(s) also present in English reference","Mi a fene volt ez? Én meg rád fogadtam, te nyomorult!","Mi a fene volt ez? Én meg rád fogadtam, te nyomorult!",fene; volt; fogadtam; nyomorult,Chineses; Chineset; Czech; French; German; Italian; Japanese; Korean; Polish; Portuguese; Russian; Spanish; Turkish; Ukrainian; Vietnamese
diva_divak_kom_joho_treti_Nh75,10,"non-ASCII character(s) in English display | token(s) preserved across 3+ localized displays: Hohó, három, egymás, után | preserved token(s) also present in English reference","Hohó, három egymás után!","Hohó, három egymás után!",Hohó; három; egymás; után,Chineses; Chineset; Czech; French; German; Italian; Japanese; Korean; Polish; Portuguese; Russian; Spanish; Turkish; Ukrainian; Vietnamese
dlc2_pozdrav_c_gruss_gott_mHo6,11,"non-ASCII character(s) in English display | English reference/display differ | token(s) preserved across 3+ localized displays: Grüß, Gott, Bruder, Schmied | preserved token(s) also present in English reference","Gruss Gott, Bruder Schmied!","Grüß Gott, Bruder Schmied!",Grüß; Gott; Bruder; Schmied,Chineset; Czech; French; German; Italian; Japanese; Korean; Polish; Portuguese; Russian; Spanish; Turkish; Ukrainian; Vietnamese
dlc2_pozdrav_c_schon_dich_uPBk,10,"non-ASCII character(s) in English display | token(s) preserved across 3+ localized displays: Schön, dich, sehen, Gildenbruder | preserved token(s) also present in English reference","Schön, dich zu sehen, Gildenbruder!","Schön, dich zu sehen, Gildenbruder!",Schön; dich; sehen; Gildenbruder,Chineset; Czech; French; German; Italian; Japanese; Korean; Polish; Portuguese; Russian; Spanish; Turkish; Ukrainian; Vietnamese
dlc2_pozdrav_m_gruss_gott_48YB,11,"non-ASCII character(s) in English display | English reference/display differ | token(s) preserved across 3+ localized displays: Grüß, Gott, Meister, Heinrich | preserved token(s) also present in English reference","Grüss Gott, Meister Heinrich!","Grüß Gott, Meister Heinrich!",Grüß; Gott; Meister; Heinrich,Chineset; Czech; French; German; Italian; Japanese; Korean; Polish; Portuguese; Russian; Spanish; Turkish; Ukrainian; Vietnamese
dlc2_pozdrav_m_gruss_gott_cYqh,9,"non-ASCII character(s) in English display | token(s) preserved across 3+ localized displays: Grüss, Gott, Meister, Heinrich",,"Grüss Gott, Meister Heinrich!",Grüss; Gott; Meister; Heinrich,Chineses; Chineset; Czech; French; German; Italian; Japanese; Korean; Polish; Portuguese; Russian; Spanish; Turkish; Ukrainian; Vietnamese
dlc2_pozdrav_m_schon_sie__YZTV,10,"non-ASCII character(s) in English display | English reference/display differ | token(s) preserved across 3+ localized displays: Schön, sehen, Meisterschmied | preserved token(s) also present in English reference","Schön, Sie zu sehen, Schmied!","Schön, Sie zu sehen, Meisterschmied!",Schön; sehen; Meisterschmied,Chineset; Czech; French; German; Italian; Japanese; Korean; Polish; Portuguese; Russian; Spanish; Turkish; Ukrainian; Vietnamese
doda_henry_jak_si_podle_t_Nybt,9,"non-ASCII character(s) in English display | English reference/display differ | token(s) preserved across 3+ localized displays: Capon, Bergow | preserved token(s) also present in English reference",Maybe in the end Lord Capon and von Bergow will arrive at some agreement..,"Maybe in the end, Lord Capon and von Bergow will arrive at some agreement…",Capon; Bergow,French; German; Italian; Polish; Portuguese; Spanish; Turkish; Vietnamese
doml_henry_ja_ti_tady_pod_XwJG,9,"non-ASCII character(s) in English display | English reference/display differ | token(s) preserved across 3+ localized displays: Volf, chance | preserved token(s) also present in English reference","I’m offering you a helping hand here, Volf. This might be your last chance to crawl out of the muck.","I’m offering you a helping hand here, Volf. This might be your last chance to crawl out of the shit.",Volf; chance,French; German; Italian; Portuguese; Spanish; Turkish; Vietnamese
dost_kuman_dos_co_to_1Kwd,10,"non-ASCII character(s) in English display | English reference/display differ | token(s) preserved across 3+ localized displays: Áááá, hörrr, pffff | preserved token(s) also present in English reference","Áááá,, hörrr... pffff.","Áááá, hörrr... pffff.",Áááá; hörrr; pffff,Chineses; Chineset; Czech; French; German; Italian; Japanese; Korean; Polish; Portuguese; Russian; Spanish; Turkish; Ukrainian; Vietnamese
dost_kuman_dos_do_hajzlu__sRkg,9,"non-ASCII character(s) in English display | token(s) preserved across 3+ localized displays: Áááá, picsába, faszomba | preserved token(s) also present in English reference","Áááá, a picsába! A faszomba...","Áááá, a picsába! A faszomba...",Áááá; picsába; faszomba,Chineses; Chineset; Czech; French; German; Italian; Japanese; Korean; Polish; Portuguese; Russian; Spanish; Turkish; Ukrainian; Vietnamese
dost_soldier_d_aah_nein_v_lvHc,9,"non-ASCII character(s) in English display | English reference/display differ | token(s) preserved across 3+ localized displays: nein, Verflucht | preserved token(s) also present in English reference",!P Aah… nein. Verflucht!,Aah … nein. Verflucht!,nein; Verflucht,Chineses; Chineset; Czech; French; German; Italian; Japanese; Korean; Polish; Portuguese; Russian; Spanish; Turkish; Ukrainian; Vietnamese
drab_brabant_vytecne_sem__ZUTx,9,"non-ASCII character(s) in English display | English reference/display differ | token(s) preserved across 3+ localized displays: Très, bien | preserved token(s) also present in English reference",Trés bien! Give it here!,Très bien ! Give it to me!,Très; bien,Chineses; Chineset; Czech; French; German; Italian; Korean; Polish; Portuguese; Russian; Spanish; Turkish; Ukrainian; Vietnamese
druh_henry_jindrich__rych_WbZZ,9,"non-ASCII character(s) in English display | English reference/display differ | token(s) preserved across 3+ localized displays: Henry, Skalitz | preserved token(s) also present in English reference",Henry - Fast-as-the-szél - of Skalitz.,"Henry ""Fast-as-the-szél"" of Skalitz.",Henry; Skalitz,French; German; Italian; Portuguese; Spanish; Turkish; Vietnamese
druh_vasko_azt_mondja_o_u_s4oE,9,"non-ASCII character(s) in English display | token(s) preserved across 3+ localized displays: mondja, úszik, legjobban | preserved token(s) also present in English reference","Azt mondja, ő úszik a legjobban.","Azt mondja, ő úszik a legjobban.",mondja; úszik; legjobban,Chineses; Chineset; Czech; French; German; Italian; Korean; Polish; Portuguese; Russian; Spanish; Turkish; Ukrainian; Vietnamese
druh_vasko_dobre_ale_tohl_vN7S,9,"non-ASCII character(s) in English display | English reference/display differ | token(s) preserved across 3+ localized displays: Pisilni, szélben | preserved token(s) also present in English reference","!P Pfff, only talk, is all! Pisilni a szélben - pissing in the wind.","Pah, it is just talk! Pisilni a szélben - pissing in the wind.",Pisilni; szélben,Chineses; Chineset; Czech; French; German; Italian; Japanese; Korean; Polish; Portuguese; Russian; Spanish; Turkish; Ukrainian; Vietnamese
druh_vasko_hogy_a_kezevel_i6dj,11,"non-ASCII character(s) in English display | English reference/display differ | token(s) preserved across 3+ localized displays: állítja, hogy, puszta, kézzel, óriást | preserved token(s) also present in English reference","Hogy azt mondja, kézzel vágja ki a fákat!","Azt állítja, hogy puszta kézzel ölt meg egy óriást!",állítja; hogy; puszta; kézzel; óriást,Chineses; Chineset; Czech; French; German; Italian; Korean; Polish; Portuguese; Russian; Spanish; Turkish; Ukrainian; Vietnamese
dva__slechtic__takze_mysl_A97H,10,"non-ASCII character(s) in English display | English reference/display differ | token(s) preserved across 3+ localized displays: Oderin, Ruthard, Botschek | preserved token(s) also present in English reference","So… you think Oderin, Ruthard and Botschek…?","So… you think Oderin, Ruthard and Botschek?",Oderin; Ruthard; Botschek,Czech; French; German; Italian; Polish; Portuguese; Spanish; Turkish; Vietnamese
eich_cechmistr_ich_wei_ni_LsVq,9,"non-ASCII character(s) in English display | English reference/display differ | token(s) preserved across 3+ localized displays: weiß, nicht | preserved token(s) also present in English reference","!P Ich weiß nicht, and I thought it wasn’t worth digging into.","Ich weiß nicht, and I saw no reason to look into it.",weiß; nicht,Chineses; Chineset; Czech; French; German; Italian; Korean; Polish; Portuguese; Russian; Spanish; Turkish; Ukrainian
eich_cechmistr_ich_werde__giKQ,11,"non-ASCII character(s) in English display | English reference/display differ | token(s) preserved across 3+ localized displays: werde, gerne, erklären, mein, Freund | preserved token(s) also present in English reference","Ich werde es Ihnen gerne erklären, mein Freund.","Ich werde es dir gerne erklären, mein Freund.",werde; gerne; erklären; mein; Freund,Chineses; Chineset; Czech; French; German; Italian; Japanese; Korean; Polish; Portuguese; Russian; Spanish; Turkish; Ukrainian
eich_cechmistr_ja_er_hort_K4J7,10,"non-ASCII character(s) in English display | English reference/display differ | token(s) preserved across 3+ localized displays: habe, spezieller, Wohltäter | preserved token(s) also present in English reference","!P Ja, er hörte. He trades old rags for food among the poor. Ein spezieller Wohltäter.","Ja, das habe ich. He trades old rags for food among the poor. Ein spezieller Wohltäter.",habe; spezieller; Wohltäter,Chineses; Chineset; Czech; French; German; Italian; Korean; Polish; Portuguese; Russian; Spanish; Turkish; Ukrainian
eich_cechmistr_nah_ich_we_IAyA,9,"non-ASCII character(s) in English display | English reference/display differ | token(s) preserved across 3+ localized displays: weiß, nicht | preserved token(s) also present in English reference",!P Nah... Ich weiss nicht...,Na... Ich weiß nicht...,weiß; nicht,Chineses; Chineset; Czech; French; German; Italian; Japanese; Korean; Polish; Portuguese; Russian; Spanish; Turkish; Ukrainian; Vietnamese
eich_cechmistr_ne_proc_by_PK31,11,"non-ASCII character(s) in English display | English reference/display differ | token(s) preserved across 3+ localized displays: Nein, warum, sollte, oder | preserved token(s) also present in English reference","!P Nein, warum sollte es? I mean, of course it’s eccentric, but with his own money, anyone’s free to do as they like, oder?","Nein, warum sollte es? I mean, of course it’s eccentric, but with his own money, anyone’s free to do as they like, oder?",Nein; warum; sollte; oder,Chineses; Chineset; Czech; French; German; Italian; Korean; Polish; Portuguese; Russian; Spanish; Turkish; Ukrainian
eich_cechmistr_podivej_se_OX2O,9,"non-ASCII character(s) in English display | token(s) preserved across 3+ localized displays: mein, Freund, Boris | preserved token(s) also present in English reference","Ah, listen, mein Freund… Boris could not tell you everything…","Ah, listen, mein Freund… Boris could not tell you everything…",mein; Freund; Boris,Chineses; Chineset; Czech; French; German; Italian; Korean; Polish; Portuguese; Russian; Spanish; Turkish; Ukrainian; Vietnamese
eich_cechmistr_so_bitter__WqQE,9,"non-ASCII character(s) in English display | token(s) preserved across 3+ localized displays: bitter, Leben, selbst | preserved token(s) also present in English reference",So bitter und so süß wie das Leben selbst.,So bitter und so süß wie das Leben selbst.,bitter; Leben; selbst,Chineses; Chineset; Czech; French; German; Italian; Japanese; Korean; Polish; Portuguese; Russian; Spanish; Turkish; Ukrainian; Vietnamese
eich_cechmistr_svet_se_me_qmu4,9,"non-ASCII character(s) in English display | English reference/display differ | token(s) preserved across 3+ localized displays: junger, Mann | preserved token(s) also present in English reference","Nevertheless, while the world may change, problems stay the same… And you are the one I chose to help me deal with them, junge Mann.","Nevertheless, while the world may change, problems stay the same… And you are the one I chose to help me deal with them, junger Mann.",junger; Mann,Chineses; Chineset; Czech; French; German; Italian; Korean; Polish; Portuguese; Russian; Spanish; Turkish; Ukrainian
eich_cechmistr_vim_slysel_jFXb,9,"non-ASCII character(s) in English display | English reference/display differ | token(s) preserved across 3+ localized displays: habe, gehört | preserved token(s) also present in English reference","!P Ja, ich habe es gehört... Young and headstrong, eh?","Ja, ich habe es gehört... Young and headstrong, eh?",habe; gehört,Chineses; Chineset; Czech; French; Italian; Korean; Polish; Portuguese; Russian; Spanish; Turkish; Ukrainian
eldr_puskar_el_cenne_hm_n_eH2O,9,"non-ASCII character(s) in English display | token(s) preserved across 3+ localized displays: Nein, glaube, nicht | preserved token(s) also present in English reference","Valuable, hmm... Nein, das glaube ich nicht. But to me he’s valuable in himself!","Valuable, hmm... Nein, das glaube ich nicht. But to me he’s valuable in himself!",Nein; glaube; nicht,Chineses; Chineset; Czech; French; German; Italian; Korean; Polish; Portuguese; Russian; Spanish; Turkish; Ukrainian
eldr_puskar_el_ein_moment_5PGU,11,"non-ASCII character(s) in English display | English reference/display differ | token(s) preserved across 3+ localized displays: bist, neue, Meister, Eichner | preserved token(s) also present in English reference",Wait a moment! Du bist der neue Meister! You’re the new one at the guild — Eichner was talking about you! The capable one!,Wait a moment! Du bist der neue Meister! You’re the new one at the guild - Eichner was talking about you! The capable one!,bist; neue; Meister; Eichner,Chineses; Chineset; Czech; French; German; Italian; Korean; Polish; Portuguese; Russian; Spanish; Turkish; Ukrainian; Vietnamese
eldr_puskar_el_er_ist_wer_geI2,9,"non-ASCII character(s) in English display | token(s) preserved across 3+ localized displays: wertvoll, weil, geschickt | preserved token(s) also present in English reference","Er ist wertvoll, weil er geschickt ist! He’s truly very skilled...","Er ist wertvoll, weil er geschickt ist! He’s truly very skilled...",wertvoll; weil; geschickt,Chineses; Chineset; Czech; French; German; Italian; Korean; Polish; Portuguese; Russian; Spanish; Turkish; Ukrainian; Vietnamese
eldr_puskar_el_gott_sei_d_vLJo,11,"non-ASCII character(s) in English display | English reference/display differ | token(s) preserved across 3+ localized displays: Gott, Dank, meinem, Pferd | preserved token(s) also present in English reference",Gott sei Dank! Hopefully nothing’s happened to him — or meinem Pferd!,Gott sei Dank! Hopefully nothing’s happened to him - or meinem Pferd!,Gott; Dank; meinem; Pferd,Chineses; Chineset; Czech; French; German; Italian; Korean; Polish; Portuguese; Russian; Spanish; Turkish; Ukrainian; Vietnamese
eldr_puskar_el_pujcil_jse_0Def,10,"non-ASCII character(s) in English display | token(s) preserved across 3+ localized displays: seit, zwei, Tagen, Verdammter, Kerl | preserved token(s) also present in English reference","I lent him my horse so he’d be back quick! But he’s still not returned, seit zwei Tagen! Verdammter Kerl!","I lent him my horse so he’d be back quick! But he’s still not returned, seit zwei Tagen! Verdammter Kerl!",seit; zwei; Tagen; Verdammter; Kerl,Chineses; Chineset; Czech; French; German; Italian; Korean; Polish; Portuguese; Russian; Spanish; Turkish; Ukrainian; Vietnamese
eldr_puskar_el_was_wei_ic_26Yi,9,"non-ASCII character(s) in English display | token(s) preserved across 3+ localized displays: weiß, Pfarrer, Grund | preserved token(s) also present in English reference",Was weiß ich? You should ask the Pfarrer in Grund.,Was weiß ich? You should ask the Pfarrer in Grund.,weiß; Pfarrer; Grund,Chineses; Chineset; Czech; French; German; Italian; Korean; Polish; Portuguese; Russian; Spanish; Turkish; Ukrainian; Vietnamese
endi_rozloucen_ach_devleha_tMPs,9,"non-ASCII character(s) in English display | English reference/display differ | token(s) preserved across 3+ localized displays: Džan, Devleha | preserved token(s) also present in English reference",!T Džan Devleha!,Džan Devleha!,Džan; Devleha,Chineses; Chineset; Czech; French; German; Italian; Japanese; Korean; Portuguese; Russian; Spanish; Turkish; Ukrainian; Vietnamese
endi_rozloucen_auf_wieder_jbrq,11,"non-ASCII character(s) in English display | English reference/display differ | token(s) preserved across 3+ localized displays: Wiedersehen, einen, guten, Abend, dich | preserved token(s) also present in English reference",!P Auf Wiedersehen und Guten Abend!,Auf Wiedersehen und einen guten Abend für dich!,Wiedersehen; einen; guten; Abend; dich,Chineses; Chineset; Czech; French; German; Italian; Japanese; Korean; Polish; Portuguese; Russian; Spanish; Turkish; Ukrainian; Vietnamese
endi_rozloucen_auf_wieder_sj0d,11,"non-ASCII character(s) in English display | English reference/display differ | token(s) preserved across 3+ localized displays: Wiedersehen, einen, guten, Abend, dich | preserved token(s) also present in English reference",!P Auf Wiedersehen und Guten Abend!,Auf Wiedersehen und einen guten Abend für dich!,Wiedersehen; einen; guten; Abend; dich,Chineses; Chineset; Czech; French; German; Italian; Japanese; Korean; Polish; Portuguese; Russian; Spanish; Turkish; Ukrainian; Vietnamese
endi_rozloucen_bis_bald_u_TkzD,11,"non-ASCII character(s) in English display | English reference/display differ | token(s) preserved across 3+ localized displays: bald, einen, guten, Abend, dich | preserved token(s) also present in English reference",!P Bis bald und Guten Abend!,Bis bald und einen guten Abend für dich!,bald; einen; guten; Abend; dich,Chineses; Chineset; Czech; French; German; Italian; Japanese; Korean; Polish; Portuguese; Russian; Spanish; Turkish; Ukrainian; Vietnamese
endi_rozloucen_bis_bald_u_kcUz,11,"non-ASCII character(s) in English display | English reference/display differ | token(s) preserved across 3+ localized displays: bald, einen, guten, Abend, dich | preserved token(s) also present in English reference",!P Bis bald und Guten Abend!,Bis bald und einen guten Abend für dich!,bald; einen; guten; Abend; dich,Chineses; Chineset; Czech; French; German; Italian; Japanese; Korean; Polish; Portuguese; Russian; Spanish; Turkish; Ukrainian; Vietnamese
endi_rozloucen_dzan_devle_9Om9,9,"non-ASCII character(s) in English display | token(s) preserved across 3+ localized displays: Džan, Devleha, Lačhi | preserved token(s) also present in English reference",!T Džan Devleha! Lačhi rat!,!T Džan Devleha! Lačhi rat!,Džan; Devleha; Lačhi,Chineses; Chineset; Czech; French; German; Italian; Japanese; Korean; Polish; Portuguese; Russian; Spanish; Turkish; Ukrainian; Vietnamese
endi_rozloucen_gott_mit_d_pQiV,10,"non-ASCII character(s) in English display | English reference/display differ | token(s) preserved across 3+ localized displays: Möge, Gott, sein | preserved token(s) also present in English reference",!P Gott mit dir.,Möge Gott mit dir sein.,Möge; Gott; sein,Chineses; Chineset; Czech; French; German; Italian; Japanese; Korean; Polish; Portuguese; Russian; Spanish; Turkish; Ukrainian; Vietnamese
endi_rozloucen_tschus_hey_ITA9,9,"non-ASCII character(s) in English display | English reference/display differ | token(s) preserved across 3+ localized displays: Tschüs, Heyne | preserved token(s) also present in English reference","!P Tschus, Heyne!","Tschüs, Heyne!",Tschüs; Heyne,Chineses; Chineset; Czech; French; German; Italian; Japanese; Korean; Polish; Portuguese; Russian; Spanish; Turkish; Ukrainian; Vietnamese
endi_rozloucen_tschuss_me_QbOF,10,"non-ASCII character(s) in English display | English reference/display differ | token(s) preserved across 3+ localized displays: Tschüss, mein, Freund | preserved token(s) also present in English reference","!P Tschuss, mein Freund!","Tschüss, mein Freund!",Tschüss; mein; Freund,Chineses; Chineset; Czech; French; German; Italian; Japanese; Korean; Polish; Portuguese; Russian; Spanish; Turkish; Ukrainian; Vietnamese
endi_rozloucen_tschuss_me_voap,10,"non-ASCII character(s) in English display | English reference/display differ | token(s) preserved across 3+ localized displays: Tschüss, mein, Freund | preserved token(s) also present in English reference","!P Tschuss, mein Freund!","Tschüss, mein Freund!",Tschüss; mein; Freund,Chineses; Chineset; Czech; French; German; Italian; Japanese; Korean; Polish; Portuguese; Russian; Spanish; Turkish; Ukrainian; Vietnamese
fals_henry_co_treba_mens__LNYU,10,"non-ASCII character(s) in English display | token(s) preserved across 3+ localized displays: Mens, sana, corpore, sano | preserved token(s) also present in English reference",What about... “Mens sana in corpore sano.”,What about... “Mens sana in corpore sano.”,Mens; sana; corpore; sano,Chineses; Chineset; Czech; French; German; Italian; Japanese; Korean; Polish; Portuguese; Russian; Spanish; Turkish; Ukrainian; Vietnamese
fals_henry_uz_to_mam_aude_nGrX,10,"non-ASCII character(s) in English display | token(s) preserved across 3+ localized displays: Audentes, Fortuna, Iuvat, Capon | preserved token(s) also present in English reference","Got it! “Audentes Fortuna Iuvat.” If it’s good enough for Capon, why not the king?","Got it! “Audentes Fortuna Iuvat.” If it’s good enough for Capon, why not the king?",Audentes; Fortuna; Iuvat; Capon,Chineset; Czech; French; German; Italian; Japanese; Korean; Polish; Portuguese; Russian; Spanish; Turkish; Ukrainian; Vietnamese
fano_ztracena__do_nej_pan_cmSD,10,"non-ASCII character(s) in English display | token(s) preserved across 3+ localized displays: Kapd, őket, Garbow, büszkesége | preserved token(s) also present in English reference","Kapd el őket, Garbow büszkesége!","Kapd el őket, Garbow büszkesége!",Kapd; őket; Garbow; büszkesége,Chineses; Chineset; Czech; French; German; Italian; Japanese; Korean; Polish; Portuguese; Russian; Spanish; Turkish; Ukrainian; Vietnamese
fano_ztracena__no_tak_chc_F6tT,10,"non-ASCII character(s) in English display | token(s) preserved across 3+ localized displays: Gyerünk, vért, akarok, látni | preserved token(s) also present in English reference","Gyerünk, vért akarok látni!","Gyerünk, vért akarok látni!",Gyerünk; vért; akarok; látni,Chineses; Chineset; Czech; French; German; Italian; Japanese; Korean; Polish; Portuguese; Russian; Spanish; Turkish; Ukrainian; Vietnamese
fano_ztracena__zavis_z_ga_pnpz,9,"non-ASCII character(s) in English display | token(s) preserved across 3+ localized displays: Garbow-i, Záviš, legjobb | preserved token(s) also present in English reference",Garbow-i Záviš a legjobb!,Garbow-i Záviš a legjobb!,Garbow-i; Záviš; legjobb,Chineses; Chineset; Czech; French; German; Italian; Japanese; Korean; Polish; Portuguese; Russian; Spanish; Turkish; Ukrainian; Vietnamese
farm_sedlak_sl_tak_se_pob_WGxZ,9,"non-ASCII character(s) in English display | English reference/display differ | token(s) preserved across 3+ localized displays: Otto, Bergow | preserved token(s) also present in English reference",Otto von Bergow sent me here personally! I’m here to find out if you’re a sorcerer!,Sir Otto von Bergow personally sent me here! I’m here to find out if you’re a sorcerer!,Otto; Bergow,German; Italian; Polish; Portuguese; Spanish; Turkish; Vietnamese
fina_aulitz_dneska_mozna_JUNV,9,"non-ASCII character(s) in English display | English reference/display differ | token(s) preserved across 3+ localized displays: Haha, Jobst | preserved token(s) also present in English reference",Haha… I might almost believe that if Jobst himself had not been Sigismund's lackey just yesterday…,"Haha… I might almost believe that, if Jobst himself had not been Sigismund's lackey just yesterday…",Haha; Jobst,French; German; Italian; Polish; Portuguese; Spanish; Turkish; Vietnamese
forc_albik_z_u_jindro_bez_npvJ,9,"non-ASCII character(s) in English display | token(s) preserved across 3+ localized displays: Henry, Benedict, Denes | preserved token(s) also present in English reference","Henry, go and ask Brother Benedict and Denes in the infirmary if they noticed anything. Maybe we’ll get lucky.","Henry, go and ask Brother Benedict and Denes in the infirmary if they noticed anything. Maybe we’ll get lucky.",Henry; Benedict; Denes,French; German; Italian; Portuguese; Spanish; Turkish; Vietnamese
forc_dlc3_prep_moc_dobre__Havm,10,"non-ASCII character(s) in English display | English reference/display differ | token(s) preserved across 3+ localized displays: kurva, Boleslav, Bavor | preserved token(s) also present in English reference",You bloody well know what I’m on about! And I know he’s here somewhere! Boleslav Bavor!,"You know what I’m on about, kurva! And I know he’s here somewhere! Boleslav Bavor!",kurva; Boleslav; Bavor,Chineset; Czech; French; German; Italian; Portuguese; Spanish; Turkish; Vietnamese
forc_dlc3_veli_obavam_se__7Gqk,9,"non-ASCII character(s) in English display | token(s) preserved across 3+ localized displays: Henry, Zacharias, Albich | preserved token(s) also present in English reference",Henry here claims Zacharias deliberately poisoned Albich. He says the master’s life is in danger.,Henry here claims Zacharias deliberately poisoned Albich. He says the master’s life is in danger.,Henry; Zacharias; Albich,French; German; Italian; Portuguese; Spanish; Turkish; Vietnamese
forc_henry_mluvim_pravdu__2Jwe,9,"non-ASCII character(s) in English display | token(s) preserved across 3+ localized displays: Albich, Zacharias, Benedict | preserved token(s) also present in English reference","I’m telling the truth. Albich, Zacharias and Benedict can confirm it.","I’m telling the truth. Albich, Zacharias and Benedict can confirm it.",Albich; Zacharias; Benedict,French; German; Italian; Portuguese; Spanish; Turkish; Vietnamese
forc_opat_jan__alberichu__9iXI,9,"non-ASCII character(s) in English display | token(s) preserved across 3+ localized displays: Crispin, Benedict, Albich | preserved token(s) also present in English reference","Crispin, go to the infirmary. Tell Benedict to tend to Master Albich immediately. Without him, we can’t overcome the plague.","Crispin, go to the infirmary. Tell Benedict to tend to Master Albich immediately. Without him, we can’t overcome the plague.",Crispin; Benedict; Albich,French; German; Italian; Portuguese; Spanish; Turkish; Vietnamese
forc_opat_jan__dobra_prac_kCfq,9,"non-ASCII character(s) in English display | English reference/display differ | token(s) preserved across 3+ localized displays: Henry, Crispin | preserved token(s) also present in English reference","Well done, Henry... on behalf of the convent, I thank you and Crispin for uncovering Bavor’s treasure.","Well done, Henry... on behalf of the monastery, I thank you and Crispin for uncovering Bavor’s treasure.",Henry; Crispin,French; Italian; Portuguese; Spanish; Turkish; Vietnamese
forc_rychtaruv_jsem_jan_p_1ogE,10,"non-ASCII character(s) in English display | English reference/display differ | token(s) preserved across 3+ localized displays: Hans, Capon, Pirkstein | preserved token(s) also present in English reference","I am Sir Hans Capon, Lord of Pirkstein... I am Sir Hans Capon, Lord of Pirkstein…","I am Sir Hans Capon, Lord of Pirkstein... Sir Hans Capon, Lord of Pirkstein…",Hans; Capon; Pirkstein,French; German; Italian; Portuguese; Spanish; Turkish; Vietnamese
forc_standa_mo_no_vsechno_OlHl,10,"non-ASCII character(s) in English display | token(s) preserved across 3+ localized displays: Horschan, Martin, Kuttenberg, Magdalena | preserved token(s) also present in English reference","Well… Everything just fell apart. I found a job in Horschan, Martin stayed in Kuttenberg and Magdalena…","Well… Everything just fell apart. I found a job in Horschan, Martin stayed in Kuttenberg and Magdalena…",Horschan; Martin; Kuttenberg; Magdalena,Czech; French; German; Italian; Polish; Portuguese; Spanish; Turkish; Vietnamese
fors_majitel_s_ale_ale_ta_97E6,9,"non-ASCII character(s) in English display | English reference/display differ | token(s) preserved across 3+ localized displays: meine, Brüder | preserved token(s) also present in English reference","!P You're all long dead in any case, meine Brüder. You just don't know it yet!","You're all long dead anyway, meine Brüder. You just don't know it yet!",meine; Brüder,Chineses; Chineset; Czech; French; German; Italian; Korean; Polish; Portuguese; Russian; Spanish; Turkish; Ukrainian; Vietnamese
fran_francek_neblbni_anto_bwvl,9,"non-ASCII character(s) in English display | English reference/display differ | token(s) preserved across 3+ localized displays: Anton, Henry | preserved token(s) also present in English reference","Don't be silly Anton, get up, Henry will be here soon with a gift, you'll see…","Don't be daft, Anton, get up! Henry will be here soon with a gift, you'll see…",Anton; Henry,French; German; Italian; Polish; Portuguese; Spanish; Turkish; Vietnamese
frid_arne_nemec_slava_jin_EFjC,11,"non-ASCII character(s) in English display | English reference/display differ | token(s) preserved across 3+ localized displays: Ehre, Heinrich, letzten, Atemzug | preserved token(s) also present in English reference",!P Hail Heinrich! Bis zum letzten Atemzug!,Ehre für Heinrich! Bis zum letzten Atemzug!,Ehre; Heinrich; letzten; Atemzug,Chineses; Chineset; Czech; French; German; Italian; Korean; Polish; Portuguese; Russian; Spanish; Turkish; Ukrainian; Vietnamese
frid_mikulas_p_chmmpfjak__PD4X,9,"non-ASCII character(s) in English display | English reference/display differ | token(s) preserved across 3+ localized displays: Hmmm, Emmeram | preserved token(s) also present in English reference","Hmmm… as you wish, Emeran.","Hmmm… as you wish, Emmeram.",Hmmm; Emmeram,French; German; Portuguese; Spanish; Turkish; Vietnamese
goss_dlc3_goss_boze_panen_WxaO,10,"non-ASCII character(s) in English display | token(s) preserved across 3+ localized displays: Good, Lord, Blessed, Virgin, Mary, mercy | preserved token(s) also present in English reference","Good Lord… Blessed Virgin Mary, have mercy on us.","Good Lord… Blessed Virgin Mary, have mercy on us.",Good; Lord; Blessed; Virgin; Mary; mercy,Chineses; Chineset; French; German; Italian; Japanese; Korean; Polish; Portuguese; Russian; Spanish; Turkish; Ukrainian; Vietnamese
goss_gossip_ha_aha_a_co_v_HSH4,9,"non-ASCII character(s) in English display | English reference/display differ | token(s) preserved across 3+ localized displays: block, path | preserved token(s) also present in English reference","Aha… and what did it do? Ran away, or blocked his path?","Aha… and what did it do? Run off, or block his path?",block; path,Chineses; Chineset; French; Italian; Japanese; Korean; Portuguese; Spanish; Ukrainian
goss_gossip_ha_jo_ale_to__cnOf,10,"non-ASCII character(s) in English display | English reference/display differ | token(s) preserved across 3+ localized displays: that's, best, part | preserved token(s) also present in English reference","Yeah, but that's not the best part of it…","Aye, but that's not the best part of it…",that's; best; part,Chineses; Chineset; French; Italian; Japanese; Korean; Portuguese; Spanish; Ukrainian
goss_gossip_ha_ten_je_na__iF76,10,"non-ASCII character(s) in English display | token(s) preserved across 3+ localized displays: He's, Ever, since, reckons, he's, going, nasty, disease | preserved token(s) also present in English reference",He's in a bad way… Ever since then he reckons he's going to get a nasty disease.,He's in a bad way… Ever since then he reckons he's going to get a nasty disease.,He's; Ever; since; reckons; he's; going; nasty; disease,Chineses; Chineset; French; Italian; Japanese; Korean; Portuguese; Spanish; Ukrainian
goss_gossip_ha_to_prej_by_caHX,10,"non-ASCII character(s) in English display | token(s) preserved across 3+ localized displays: Seems, like, Jara, trying, spot, finished, last, time | preserved token(s) also present in English reference","Seems it was like this… Jara was trying to get to the spot he finished at last time, when he was suddenly blinded by a light!","Seems it was like this… Jara was trying to get to the spot he finished at last time, when he was suddenly blinded by a light!",Seems; like; Jara; trying; spot; finished; last; time; suddenly; blinded; light,Chineses; Chineset; French; German; Italian; Japanese; Korean; Polish; Portuguese; Spanish; Turkish; Ukrainian; Vietnamese
goss_gossip_hu_co_jinyho__uHet,10,"non-ASCII character(s) in English display | token(s) preserved across 3+ localized displays: else, than, raise, wrist, chase, skirts, Reaper, come | preserved token(s) also present in English reference",What else is there to do than raise the wrist and chase skirts? The Reaper could come for you at any moment…,What else is there to do than raise the wrist and chase skirts? The Reaper could come for you at any moment…,else; than; raise; wrist; chase; skirts; Reaper; come; moment,Chineses; Chineset; French; Italian; Japanese; Korean; Portuguese; Spanish; Ukrainian
goss_gossip_hu_neprehanej_0eeQ,10,"non-ASCII character(s) in English display | token(s) preserved across 3+ localized displays: Don't, thick, You've, long, before, hammer, tongs, Maria | preserved token(s) also present in English reference",Don't lay it on so thick. You've got a long way to go before that. You were at it hammer and tongs with Maria in the tavern the other day…,Don't lay it on so thick. You've got a long way to go before that. You were at it hammer and tongs with Maria in the tavern the other day…,Don't; thick; You've; long; before; hammer; tongs; Maria; tavern; other,Chineses; Chineset; French; German; Italian; Japanese; Korean; Portuguese; Spanish; Turkish; Ukrainian; Vietnamese
goss_gossip_na_mein_gott_wBag,9,"non-ASCII character(s) in English display | English reference/display differ | token(s) preserved across 3+ localized displays: Mein, Gott | preserved token(s) also present in English reference",Mein gott...,Mein Gott …,Mein; Gott,Chineses; Chineset; Czech; French; German; Italian; Japanese; Korean; Polish; Portuguese; Russian; Spanish; Turkish; Ukrainian; Vietnamese
goss_gossip_na_mmmmmm_agu7,11,"non-ASCII character(s) in English display | English reference/display differ | token(s) preserved across 3+ localized displays: Könnt, jetzt, schon, eigentlich, deinem, Bette, freilich, dich | preserved token(s) also present in English reference",Könnt' ich jetzt schon eigentlich von deinem Bette freilich dich schützen vor Gespenstern,"""...Könnt' ich jetzt schon eigentlich von deinem Bette freilich dich schützen vor Gespenstern.""",Könnt; jetzt; schon; eigentlich; deinem; Bette; freilich; dich; schützen; Gespenstern,Chineses; Chineset; Czech; French; German; Italian; Japanese; Korean; Polish; Portuguese; Russian; Spanish; Turkish; Ukrainian; Vietnamese
goss_gossip_na_mmmmmmmmmmm_Lw1W,11,"non-ASCII character(s) in English display | English reference/display differ | token(s) preserved across 3+ localized displays: Insobald, mich, besuchst, vergangen, seine, Wanderslust, sich, nicht | preserved token(s) also present in English reference",Sobald du mich besuchst vergangen seine Wanderslust sich nicht vom Flecke rühret,"""...Insobald du mich besuchst vergangen seine Wanderslust sich nicht vom Flecke rühret.""",Insobald; mich; besuchst; vergangen; seine; Wanderslust; sich; nicht; Flecke; rühret,Chineses; Chineset; Czech; French; German; Italian; Japanese; Korean; Polish; Portuguese; Russian; Spanish; Turkish; Ukrainian; Vietnamese
goss_gossip_na_scheisse_Qtgr,9,"non-ASCII character(s) in English display | English reference/display differ | token(s) preserved across 3+ localized displays: Scheiß, drauf | preserved token(s) also present in English reference",scheiß drauf!,Scheiß drauf!,Scheiß; drauf,Chineses; Chineset; Czech; French; German; Italian; Japanese; Korean; Polish; Portuguese; Russian; Spanish; Turkish; Ukrainian; Vietnamese
goss_gossip_ob_az_na_zitt_KGK3,9,"non-ASCII character(s) in English display | English reference/display differ | token(s) preserved across 3+ localized displays: Zittau, Sechsstädtebund | preserved token(s) also present in English reference","Apart from Zittau, we went to all the towns in the Sechsstädtebund.","Besides Zittau, all around the Sechsstädtebund.",Zittau; Sechsstädtebund,Chineses; Czech; French; German; Italian; Polish; Portuguese; Spanish; Turkish; Ukrainian; Vietnamese
goss_gossip_ob_heleslysel_SpkC,9,"non-ASCII character(s) in English display | English reference/display differ | token(s) preserved across 3+ localized displays: Psst, Dirk | preserved token(s) also present in English reference",Hey… Did you hear that Dirk Stallion is shagging Naaz's old woman?,Psst… Did you hear that Dirk Stallion is shagging Naaz's old woman?,Psst; Dirk,French; German; Polish; Portuguese; Spanish; Turkish; Vietnamese
goss_gossip_ob_ich_weiss__VKfz,10,"non-ASCII character(s) in English display | English reference/display differ | token(s) preserved across 3+ localized displays: weiß, nicht, Rathaus | preserved token(s) also present in English reference",Ich weiss nicht. Today he went crawling to the Rathaus to beg for a pardon. We'll see.,Ich weiß nicht. He went crawling to the Rathaus today to beg for a pardon. We'll see.,weiß; nicht; Rathaus,Chineses; Chineset; Czech; French; German; Italian; Korean; Polish; Portuguese; Russian; Spanish; Turkish; Ukrainian; Vietnamese
goss_gossip_ob_sechsstadt_xaZn,10,"non-ASCII character(s) in English display | English reference/display differ | token(s) preserved across 3+ localized displays: Sechsstädtebund, Görlitz, Kamenz | preserved token(s) also present in English reference","Sechsstädtebund, the Lusatian League. Görlitz, Kamenz and the rest of them.","Der Sechsstädtebund, the Lusatian League. Görlitz, Kamenz and the rest of them.",Sechsstädtebund; Görlitz; Kamenz,Chineset; Czech; French; German; Italian; Polish; Portuguese; Spanish; Turkish; Ukrainian; Vietnamese
goss_gossip_ob_zelicko_to_XLlF,9,"non-ASCII character(s) in English display | English reference/display differ | token(s) preserved across 3+ localized displays: Lecker, gesund | preserved token(s) also present in English reference",!P Good old cabbage… I cannot get enough of it! Gut und gesund!,Good old cabbage… I cannot get enough of it! Lecker und gesund!,Lecker; gesund,Chineset; Czech; French; German; Italian; Korean; Polish; Portuguese; Russian; Spanish; Turkish; Ukrainian
goss_gossip_sp_a_jo_to_mi_w8L3,11,"non-ASCII character(s) in English display | English reference/display differ | token(s) preserved across 3+ localized displays: meine, Frau, Hirse, Buchweizen | preserved token(s) also present in English reference","That is what meine Frau makes me eat. Alwas Hirse, Buchweizen and all these other… grains.","That is what meine Frau makes me eat. Always Hirse, Buchweizen and all these other… grains.",meine; Frau; Hirse; Buchweizen,Chineset; Czech; French; German; Italian; Korean; Polish; Portuguese; Russian; Spanish; Turkish; Ukrainian
goss_gossip_sp_ale_asi_ne_xHiW,11,"non-ASCII character(s) in English display | English reference/display differ | token(s) preserved across 3+ localized displays: meine, Frau, gibt’s, Ärger | preserved token(s) also present in English reference","!P No. If meine Frau saw you, das gäbe nur Ärger.","No. If meine Frau saw you, gibt’s nur Ärger.",meine; Frau; gibt’s; Ärger,Chineses; Chineset; Czech; French; German; Italian; Korean; Polish; Portuguese; Russian; Spanish; Turkish; Ukrainian; Vietnamese
goss_gossip_sp_bite_sejn__B1Yi,11,"non-ASCII character(s) in English display | English reference/display differ | token(s) preserved across 3+ localized displays: sheinem, dank, aber, neyn | preserved token(s) also present in English reference",A sheinem dank… aber neyn. I don't want to risk it.,!P A sheinem dank… aber neyn. I don't want to risk it.,sheinem; dank; aber; neyn,Chineset; Czech; French; German; Italian; Korean; Polish; Portuguese; Russian; Spanish; Turkish; Ukrainian
goss_gossip_sp_halt_die_k_XrjS,9,"non-ASCII character(s) in English display | English reference/display differ | token(s) preserved across 3+ localized displays: Khashokh, sfoseykha | preserved token(s) also present in English reference",Khashokh sfoseykha… I'm not so bad off to wish bad fortune on others.,!P Khashokh sfoseykha… I'm not so bad off to wish bad fortune on others.,Khashokh; sfoseykha,Chineset; French; German; Italian; Korean; Polish; Portuguese; Russian; Spanish; Turkish; Ukrainian
goss_gossip_sp_hm__tenhle_Gplg,9,"non-ASCII character(s) in English display | English reference/display differ | token(s) preserved across 3+ localized displays: verdammt, hochnäsig | preserved token(s) also present in English reference",!P Hm... verdammt Hochnäsig.,Hmm ... verdammt hochnäsig.,verdammt; hochnäsig,Chineses; Chineset; Czech; French; Italian; Japanese; Korean; Polish; Portuguese; Russian; Spanish; Turkish; Ukrainian; Vietnamese
goss_gossip_sp_nekecej_za_Oz71,11,"non-ASCII character(s) in English display | English reference/display differ | token(s) preserved across 3+ localized displays: Welcher, Köter, denn, bitte | preserved token(s) also present in English reference","!P Sagen Sie, welcher Hund? So you left the door open for any mangy mutt to come wandering in here?",Welcher Köter denn bitte? So you left the door open for any mangy mutt to come wandering in here?,Welcher; Köter; denn; bitte,Chineset; Czech; French; German; Italian; Korean; Polish; Portuguese; Russian; Spanish; Turkish; Ukrainian
goss_gossip_sp_neuklidil__cDL5,10,"non-ASCII character(s) in English display | English reference/display differ | token(s) preserved across 3+ localized displays: Nein, hast, nicht | preserved token(s) also present in English reference","!P Nein, sicher nicht. The place was a pig sty, bones on the floor, apple core under the table…","Nein, hast du nicht! The place was a pig sty, bones on the floor, apple core under the table…",Nein; hast; nicht,Chineset; Czech; German; Italian; Korean; Polish; Portuguese; Russian; Spanish; Turkish; Ukrainian
goss_gossip_v__ale_kdyby__LSdF,11,"non-ASCII character(s) in English display | English reference/display differ | token(s) preserved across 3+ localized displays: Wunderschön, Groß, schlank, elegant | preserved token(s) also present in English reference",But if you had seen her... Wunderschön! Hoch und schlank - as elegant as a doe.,You should have seen her… Wunderschön! Groß und schlank - as elegant as a doe.,Wunderschön; Groß; schlank; elegant,Chineset; Czech; French; German; Italian; Korean; Polish; Portuguese; Russian; Spanish; Turkish; Ukrainian; Vietnamese
goss_gossip_v__ich_ich_wa_jjfa,9,"non-ASCII character(s) in English display | English reference/display differ | token(s) preserved across 3+ localized displays: hatte, Glück | preserved token(s) also present in English reference",Ich? Ich war glücklich. Dogs like me. And the one they have there is not in any better shape than the master of the house or the cook.,Ich? Ich hatte Glück. Dogs like me. And the one they have there is not in any better shape than the master of the house or the cook.,hatte; Glück,Chineses; Chineset; Czech; French; German; Korean; Polish; Portuguese; Russian; Spanish; Turkish; Ukrainian
goss_gossip_v__nejses_kse_0xG3,9,"non-ASCII character(s) in English display | English reference/display differ | token(s) preserved across 3+ localized displays: Geschäftsmann, geld | preserved token(s) also present in English reference","You're not a business man. Where you see difficulties, I see geld. Sell it all.","I see you are not a Geschäftsmann. Where you see a problem, I see geld! Just sell it all!",Geschäftsmann; geld,Chineses; Czech; French; German; Italian; Korean; Polish; Portuguese; Russian; Spanish; Turkish; Ukrainian
goss_gossip_v__takze_ti_g_mNzP,9,"non-ASCII character(s) in English display | English reference/display differ | token(s) preserved across 3+ localized displays: Geschäftsgeist, Plunder | preserved token(s) also present in English reference","So you see, you do have geschäftsgeist! From groschen to groschen. I would have also chopped up that ekel and sold it for firewood.",You see? You do have some Geschäftsgeist after all! I would have chopped that Plunder up and sold it as firewood.,Geschäftsgeist; Plunder,Chineses; Czech; French; German; Italian; Polish; Portuguese; Russian; Spanish; Turkish; Ukrainian
goss_lapka_mlu_a_hochu__t_KRGu,10,"non-ASCII character(s) in English display | token(s) preserved across 3+ localized displays: Apám, azok, aztán, mindent, kibírnak | preserved token(s) also present in English reference","Apám, azok aztán mindent kibírnak.","Apám, azok aztán mindent kibírnak.",Apám; azok; aztán; mindent; kibírnak,Chineses; Chineset; Czech; French; German; Italian; Japanese; Korean; Polish; Portuguese; Russian; Spanish; Turkish; Ukrainian; Vietnamese
goss_lapka_mlu_a_nebo_jed_KCVl,10,"non-ASCII character(s) in English display | token(s) preserved across 3+ localized displays: Vagy, valami, kretén, inkább, megöleti, magát, garast, adna | preserved token(s) also present in English reference","Vagy valami kretén, aki inkább megöleti magát, de egy garast sem adna ki a kezéből.","Vagy valami kretén, aki inkább megöleti magát, de egy garast sem adna ki a kezéből.",Vagy; valami; kretén; inkább; megöleti; magát; garast; adna; kezéből,Chineses; Chineset; Czech; French; German; Italian; Japanese; Korean; Polish; Russian; Spanish; Turkish; Ukrainian; Vietnamese
goss_lapka_mlu_a_vubec_se_eGB2,10,"non-ASCII character(s) in English display | token(s) preserved across 3+ localized displays: különben, vagy, kicsit, elkényeztetve | preserved token(s) also present in English reference","Meg különben is, nem vagy te egy kicsit elkényeztetve?","Meg különben is, nem vagy te egy kicsit elkényeztetve?",különben; vagy; kicsit; elkényeztetve,Chineses; Chineset; Czech; French; German; Italian; Japanese; Korean; Polish; Portuguese; Russian; Spanish; Turkish; Ukrainian; Vietnamese
goss_lapka_mlu_ale_ja_nic_G70P,10,"non-ASCII character(s) in English display | token(s) preserved across 3+ localized displays: hozzá, nyúltam, Csak, álltam, azon, agyaltam, hogy, vajon | preserved token(s) also present in English reference","Én meg hozzá se nyúltam. Csak álltam ott, és azon agyaltam, hogy vajon ki az, aki fátylat varr a békáknak.","Én meg hozzá se nyúltam. Csak álltam ott, és azon agyaltam, hogy vajon ki az, aki fátylat varr a békáknak.",hozzá; nyúltam; Csak; álltam; azon; agyaltam; hogy; vajon; fátylat; varr; békáknak,Chineses; Chineset; Czech; French; German; Italian; Japanese; Korean; Polish; Portuguese; Russian; Spanish; Turkish; Ukrainian; Vietnamese
goss_lapka_mlu_ale_vseho__XWrm,10,"non-ASCII character(s) in English display | token(s) preserved across 3+ localized displays: miénknek, volt, szavajárása, hogy, mindent, csak, mértékkel | preserved token(s) also present in English reference","A miénknek meg az volt a szavajárása, hogy mindent csak mértékkel.","A miénknek meg az volt a szavajárása, hogy mindent csak mértékkel.",miénknek; volt; szavajárása; hogy; mindent; csak; mértékkel,Chineses; Chineset; Czech; French; German; Italian; Japanese; Korean; Polish; Portuguese; Russian; Spanish; Turkish; Ukrainian; Vietnamese
goss_lapka_mlu_bacha_na_b_pVd1,9,"non-ASCII character(s) in English display | token(s) preserved across 3+ localized displays: Hohó, csak, lúdvércek | preserved token(s) also present in English reference","Hohó, csak nem lúdvércek?","Hohó, csak nem lúdvércek?",Hohó; csak; lúdvércek,Chineses; Chineset; Czech; French; German; Italian; Japanese; Korean; Polish; Russian; Spanish; Turkish; Ukrainian; Vietnamese
goss_lapka_mlu_bludicky_n_klki,10,"non-ASCII character(s) in English display | token(s) preserved across 3+ localized displays: lúdvércek, dalolnak, azok, világítanak, szirének, énekelnek, csak, tengerbe | preserved token(s) also present in English reference","A lúdvércek nem dalolnak, azok világítanak. A szirének énekelnek, de azok meg csak a tengerbe’ vannak.","A lúdvércek nem dalolnak, azok világítanak. A szirének énekelnek, de azok meg csak a tengerbe’ vannak.",lúdvércek; dalolnak; azok; világítanak; szirének; énekelnek; csak; tengerbe; vannak,Chineses; Chineset; Czech; French; German; Italian; Japanese; Korean; Polish; Portuguese; Russian; Spanish; Turkish; Ukrainian; Vietnamese
goss_lapka_mlu_co_ja_vim__SAXG,10,"non-ASCII character(s) in English display | token(s) preserved across 3+ localized displays: tudom, Miért, bírták, volna | preserved token(s) also present in English reference",Mit tudom én. Miért ne bírták volna ki?,Mit tudom én. Miért ne bírták volna ki?,tudom; Miért; bírták; volna,Chineses; Chineset; Czech; French; German; Italian; Japanese; Korean; Polish; Portuguese; Russian; Spanish; Turkish; Ukrainian; Vietnamese
goss_lapka_mlu_covece_tla_LSCX,10,"non-ASCII character(s) in English display | token(s) preserved across 3+ localized displays: Öregem, rohadtul, nyom, cipő | preserved token(s) also present in English reference","Öregem, rohadtul nyom ez a cipő!","Öregem, rohadtul nyom ez a cipő!",Öregem; rohadtul; nyom; cipő,Chineses; Chineset; Czech; French; German; Italian; Japanese; Korean; Polish; Portuguese; Russian; Spanish; Turkish; Ukrainian; Vietnamese
goss_lapka_mlu_dneska_se__kYIu,10,"non-ASCII character(s) in English display | token(s) preserved across 3+ localized displays: iszonyú, fura, álmom, volt | preserved token(s) also present in English reference",Ma iszonyú fura álmom volt.,Ma iszonyú fura álmom volt.,iszonyú; fura; álmom; volt,Chineses; Chineset; Czech; French; German; Italian; Japanese; Korean; Polish; Russian; Spanish; Turkish; Ukrainian; Vietnamese
goss_lapka_mlu_doprdele_t_gQoQ,10,"non-ASCII character(s) in English display | token(s) preserved across 3+ localized displays: faszom, bele, ilyen, szarházi | preserved token(s) also present in English reference","A faszom bele, egy ilyen szarházi.","A faszom bele, egy ilyen szarházi.",faszom; bele; ilyen; szarházi,Chineses; Chineset; Czech; French; German; Italian; Japanese; Korean; Polish; Portuguese; Russian; Spanish; Turkish; Ukrainian; Vietnamese
goss_lapka_mlu_doufam_ze__EoQ1,10,"non-ASCII character(s) in English display | token(s) preserved across 3+ localized displays: Remélem, hogy, gyors, meló, lesz | preserved token(s) also present in English reference","Remélem, hogy gyors meló lesz.","Remélem, hogy gyors meló lesz.",Remélem; hogy; gyors; meló; lesz,Chineses; Chineset; Czech; French; German; Italian; Japanese; Korean; Polish; Portuguese; Russian; Spanish; Turkish; Ukrainian; Vietnamese
goss_lapka_mlu_duveruj_al_lBGE,10,"non-ASCII character(s) in English display | token(s) preserved across 3+ localized displays: Higgyél, azért, mindig, ellenőrizd, dolgokat, Ahogy, papunk, mondogatta | preserved token(s) also present in English reference","Higgyél, de azért mindig ellenőrizd a dolgokat. Ahogy a papunk mondogatta, amikor gyerek voltam.","Higgyél, de azért mindig ellenőrizd a dolgokat. Ahogy a papunk mondogatta, amikor gyerek voltam.",Higgyél; azért; mindig; ellenőrizd; dolgokat; Ahogy; papunk; mondogatta; amikor; gyerek; voltam,Chineses; Chineset; Czech; French; German; Italian; Japanese; Korean; Polish; Portuguese; Russian; Spanish; Turkish; Ukrainian; Vietnamese
goss_lapka_mlu_dyt_jen_se_eC19,10,"non-ASCII character(s) in English display | token(s) preserved across 3+ localized displays: Dehát, csak, trónolsz, bozótban, várod, hogy, valami, balfasz | preserved token(s) also present in English reference","Dehát csak itt trónolsz a bozótban és várod, hogy valami balfasz erre kolbászoljon, ebben mi olyan fárasztó?","Dehát csak itt trónolsz a bozótban és várod, hogy valami balfasz erre kolbászoljon, ebben mi olyan fárasztó?",Dehát; csak; trónolsz; bozótban; várod; hogy; valami; balfasz; erre; kolbászoljon; ebben; olyan; fárasztó,Chineses; Chineset; Czech; French; German; Italian; Japanese; Korean; Polish; Portuguese; Russian; Spanish; Turkish; Ukrainian; Vietnamese
goss_lapka_mlu_hehe_postn_xykx,10,"non-ASCII character(s) in English display | token(s) preserved across 3+ localized displays: Hehe, böjti, szalonna, rossz, meddig, bírták | preserved token(s) also present in English reference","Hehe, böjti szalonna, nem is rossz. És meddig bírták ki?","Hehe, böjti szalonna, nem is rossz. És meddig bírták ki?",Hehe; böjti; szalonna; rossz; meddig; bírták,Chineses; Chineset; Czech; French; German; Italian; Japanese; Korean; Polish; Portuguese; Russian; Spanish; Turkish; Ukrainian; Vietnamese
goss_lapka_mlu_hehe_to_je_BXIU,10,"non-ASCII character(s) in English display | token(s) preserved across 3+ localized displays: Hehe, rájuk, vall, bőrt, lenyúzzák, emberről | preserved token(s) also present in English reference","Hehe, ez rájuk vall. A bőrt is lenyúzzák az emberről.","Hehe, ez rájuk vall. A bőrt is lenyúzzák az emberről.",Hehe; rájuk; vall; bőrt; lenyúzzák; emberről,Chineses; Chineset; Czech; French; German; Italian; Japanese; Korean; Polish; Portuguese; Russian; Spanish; Turkish; Ukrainian; Vietnamese
goss_lapka_mlu_ja_mne_je__7e3N,10,"non-ASCII character(s) in English display | token(s) preserved across 3+ localized displays: Nekem, aztán, mindegy, zabot, vagy, bármit, állandóan, döglött | preserved token(s) also present in English reference","Én? Nekem aztán mindegy, adj egy kis zabot, vagy bármit. De ha állandóan döglött halat zabálok.","Én? Nekem aztán mindegy, adj egy kis zabot, vagy bármit. De ha állandóan döglött halat zabálok.",Nekem; aztán; mindegy; zabot; vagy; bármit; állandóan; döglött; halat; zabálok,Chineses; Chineset; Czech; French; German; Italian; Japanese; Korean; Polish; Portuguese; Russian; Spanish; Turkish; Ukrainian; Vietnamese
goss_lapka_mlu_ja_vim_ale_adRA,10,"non-ASCII character(s) in English display | token(s) preserved across 3+ localized displays: Tudom, csináljak, hallom, őket | preserved token(s) also present in English reference","Tudom, de mit csináljak, ha hallom őket?","Tudom, de mit csináljak, ha hallom őket?",Tudom; csináljak; hallom; őket,Chineses; Chineset; Czech; French; German; Italian; Japanese; Korean; Polish; Portuguese; Russian; Spanish; Turkish; Ukrainian; Vietnamese
goss_lapka_mlu_ja_za_to_n_Xsjk,10,"non-ASCII character(s) in English display | token(s) preserved across 3+ localized displays: tehetek, róla, hogy, pont, heringkereskedőt, evett, erre, fene | preserved token(s) also present in English reference","Hát én tehetek róla, hogy pont egy heringkereskedőt evett erre a fene? Csak nem hagyjuk kárba veszni!","Hát én tehetek róla, hogy pont egy heringkereskedőt evett erre a fene? Csak nem hagyjuk kárba veszni!",tehetek; róla; hogy; pont; heringkereskedőt; evett; erre; fene; Csak; hagyjuk; kárba; veszni,Chineses; Chineset; Czech; French; German; Italian; Japanese; Korean; Polish; Portuguese; Russian; Spanish; Turkish; Ukrainian; Vietnamese
goss_lapka_mlu_jak_jsme_t_LxYw,10,"non-ASCII character(s) in English display | token(s) preserved across 3+ localized displays: Mint, amikor, lecsaptunk, azokra, bányászokra, mielőtt, begyűjthettük, volna | preserved token(s) also present in English reference","Mint amikor lecsaptunk azokra a bányászokra, de mielőtt begyűjthettük volna a suskát, megjelent az a rohadék lovag.","Mint amikor lecsaptunk azokra a bányászokra, de mielőtt begyűjthettük volna a suskát, megjelent az a rohadék lovag.",Mint; amikor; lecsaptunk; azokra; bányászokra; mielőtt; begyűjthettük; volna; suskát; megjelent; rohadék; lovag,Chineses; Chineset; Czech; French; German; Italian; Japanese; Korean; Polish; Russian; Spanish; Turkish; Ukrainian; Vietnamese
goss_lapka_mlu_jenze_tak__QpOY,10,"non-ASCII character(s) in English display | token(s) preserved across 3+ localized displays: remegett, keze, hogy, minden, garas, szarába, potyogott | preserved token(s) also present in English reference","De úgy remegett a keze, hogy minden garas a szarába potyogott.","De úgy remegett a keze, hogy minden garas a szarába potyogott.",remegett; keze; hogy; minden; garas; szarába; potyogott,Chineses; Chineset; Czech; French; German; Italian; Japanese; Korean; Polish; Portuguese; Russian; Spanish; Turkish; Ukrainian; Vietnamese
goss_lapka_mlu_jo_a_byly__TprR,10,"non-ASCII character(s) in English display | token(s) preserved across 3+ localized displays: Nagyon, szőkék, voltak, fátylat, viseltek | preserved token(s) also present in English reference",Nagyon. És szőkék voltak és fátylat viseltek.,Nagyon. És szőkék voltak és fátylat viseltek.,Nagyon; szőkék; voltak; fátylat; viseltek,Chineses; Chineset; Czech; French; German; Italian; Japanese; Korean; Polish; Portuguese; Russian; Spanish; Turkish; Ukrainian; Vietnamese
goss_lapka_mlu_jo_jenze_t_mmWh,10,"non-ASCII character(s) in English display | token(s) preserved across 3+ localized displays: annak, csuhásnak, kicsi, volt, lába, most, tiszta, sarkam | preserved token(s) also present in English reference","Hát ja, de annak a csuhásnak kicsi volt a lába és most tiszta vér a sarkam.","Hát ja, de annak a csuhásnak kicsi volt a lába és most tiszta vér a sarkam.",annak; csuhásnak; kicsi; volt; lába; most; tiszta; sarkam,Chineses; Chineset; Czech; French; German; Italian; Japanese; Korean; Polish; Russian; Spanish; Turkish; Ukrainian; Vietnamese
goss_lapka_mlu_jo_to_bylo_lP7f,10,"non-ASCII character(s) in English display | token(s) preserved across 3+ localized displays: kurva, lovag, hogy, baszná | preserved token(s) also present in English reference","Ja, az a kurva lovag, hogy baszná meg.","Ja, az a kurva lovag, hogy baszná meg.",kurva; lovag; hogy; baszná,Chineses; Chineset; Czech; French; German; Italian; Japanese; Korean; Polish; Portuguese; Russian; Spanish; Turkish; Ukrainian; Vietnamese
goss_lapka_mlu_kazdopadne_TWXe,10,"non-ASCII character(s) in English display | token(s) preserved across 3+ localized displays: mindegy, szóval, álmomban, letérek, útról, megnézem, dalol | preserved token(s) also present in English reference","Na mindegy, szóval álmomban letérek az útról, megnézem már, ki dalol.","Na mindegy, szóval álmomban letérek az útról, megnézem már, ki dalol.",mindegy; szóval; álmomban; letérek; útról; megnézem; dalol,Chineses; Chineset; Czech; French; German; Italian; Japanese; Korean; Polish; Russian; Spanish; Turkish; Ukrainian; Vietnamese
goss_lapka_mlu_kdo_by_si__u51t,10,"non-ASCII character(s) in English display | token(s) preserved across 3+ localized displays: akarna, annyira, vágytam, volna, böjtölésre, beállhattam, szerzetesnek | preserved token(s) also present in English reference","Ki ne akarna? Ha annyira vágytam volna a böjtölésre, beállhattam volna szerzetesnek.","Ki ne akarna? Ha annyira vágytam volna a böjtölésre, beállhattam volna szerzetesnek.",akarna; annyira; vágytam; volna; böjtölésre; beállhattam; szerzetesnek,Chineses; Chineset; Czech; French; German; Italian; Japanese; Korean; Polish; Portuguese; Russian; Spanish; Turkish; Ukrainian; Vietnamese
goss_lapka_mlu_kolik_noci_djL9,9,"non-ASCII character(s) in English display | token(s) preserved across 3+ localized displays: Mióta, aludtál, rendesen | preserved token(s) also present in English reference",Mióta nem aludtál már rendesen?,Mióta nem aludtál már rendesen?,Mióta; aludtál; rendesen,Chineses; Chineset; Czech; French; German; Italian; Japanese; Korean; Polish; Russian; Spanish; Turkish; Ukrainian; Vietnamese
goss_lapka_mlu_koukam_ze__XgfM,9,"non-ASCII character(s) in English display | token(s) preserved across 3+ localized displays: Akkor, tőlük, örökölted | preserved token(s) also present in English reference",Akkor ezt tőlük örökölted.,Akkor ezt tőlük örökölted.,Akkor; tőlük; örökölted,Chineses; Chineset; Czech; French; German; Italian; Japanese; Korean; Polish; Russian; Spanish; Turkish; Ukrainian; Vietnamese
goss_lapka_mlu_kozli_ty_p_xV87,10,"non-ASCII character(s) in English display | token(s) preserved across 3+ localized displays: Bakkecskéket, Hangról, tudod, különbözteti, bakkecskét, gödölyétől, lánccsörgést, hallottál | preserved token(s) also present in English reference",Mi? Bakkecskéket?! Hangról meg tudod különbözteti a bakkecskét a gödölyétől? És lánccsörgést nem hallottál?,Mi? Bakkecskéket?! Hangról meg tudod különbözteti a bakkecskét a gödölyétől? És lánccsörgést nem hallottál?,Bakkecskéket; Hangról; tudod; különbözteti; bakkecskét; gödölyétől; lánccsörgést; hallottál,Chineses; Chineset; Czech; French; German; Italian; Japanese; Korean; Polish; Portuguese; Russian; Spanish; Turkish; Ukrainian; Vietnamese
goss_lapka_mlu_kurva_to_s_iT5n,10,"non-ASCII character(s) in English display | token(s) preserved across 3+ localized displays: ördögbe, csak, Miért, vagyok, ilyen, szerencsétlen, átkozott, elátkozott | preserved token(s) also present in English reference","Az ördögbe is, csak nem! Miért vagyok ilyen szerencsétlen. Az átkozott pap elátkozott csizmái!","Az ördögbe is, csak nem! Miért vagyok ilyen szerencsétlen. Az átkozott pap elátkozott csizmái!",ördögbe; csak; Miért; vagyok; ilyen; szerencsétlen; átkozott; elátkozott; csizmái,Chineses; Chineset; Czech; French; German; Italian; Japanese; Korean; Polish; Portuguese; Russian; Spanish; Turkish; Ukrainian; Vietnamese
goss_lapka_mlu_ne__sem_sp_gkjo,10,"non-ASCII character(s) in English display | English reference/display differ | token(s) preserved across 3+ localized displays: aludtam, Milyen, hangokat | preserved token(s) also present in English reference",Nem én aludtam. Milyen hangokat?,"Nem én, aludtam. Milyen hangokat?",aludtam; Milyen; hangokat,Chineses; Chineset; Czech; French; German; Italian; Japanese; Korean; Polish; Portuguese; Russian; Spanish; Turkish; Ukrainian; Vietnamese
goss_lapka_mlu_nejdriv_se_woxo,10,"non-ASCII character(s) in English display | token(s) preserved across 3+ localized displays: Először, gatyájából, potyogott, kincs, aztán, bukszájából, szórta, ezüstöket | preserved token(s) also present in English reference","Először a gatyájából potyogott a kincs, aztán meg a bukszájából szórta az ezüstöket!","Először a gatyájából potyogott a kincs, aztán meg a bukszájából szórta az ezüstöket!",Először; gatyájából; potyogott; kincs; aztán; bukszájából; szórta; ezüstöket,Chineses; Chineset; Czech; French; German; Italian; Japanese; Korean; Polish; Portuguese; Russian; Spanish; Turkish; Ukrainian; Vietnamese
goss_lapka_mlu_nekde_dole_2EtN,9,"non-ASCII character(s) in English display | token(s) preserved across 3+ localized displays: lent, hogy, érted | preserved token(s) also present in English reference",Ott lent? Ezt meg hogy érted?,Ott lent? Ezt meg hogy érted?,lent; hogy; érted,Chineses; Chineset; Czech; French; German; Italian; Japanese; Korean; Polish; Portuguese; Russian; Spanish; Turkish; Ukrainian; Vietnamese
goss_lapka_mlu_nezapomnel_21N3,10,"non-ASCII character(s) in English display | token(s) preserved across 3+ localized displays: Remélem, szablyád, hagytad, megint, táborban | preserved token(s) also present in English reference","Remélem, a szablyád nem hagytad megint a táborban.","Remélem, a szablyád nem hagytad megint a táborban.",Remélem; szablyád; hagytad; megint; táborban,Chineses; Chineset; Czech; French; German; Italian; Japanese; Korean; Polish; Portuguese; Russian; Spanish; Turkish; Ukrainian; Vietnamese
goss_lapka_mlu_no__jo_a_t_VFJj,10,"non-ASCII character(s) in English display | token(s) preserved across 3+ localized displays: Szóval, állok, bámulok, értem, valami, idegen, nyelven, énekelnek | preserved token(s) also present in English reference","Hát, ja. Szóval, állok és bámulok, de nem értem, valami idegen nyelven énekelnek.","Hát, ja. Szóval, állok és bámulok, de nem értem, valami idegen nyelven énekelnek.",Szóval; állok; bámulok; értem; valami; idegen; nyelven; énekelnek,Chineses; Chineset; Czech; French; German; Italian; Japanese; Korean; Polish; Russian; Spanish; Turkish; Ukrainian; Vietnamese
goss_lapka_mlu_no_a_co_hn_8LR2,10,"non-ASCII character(s) in English display | token(s) preserved across 3+ localized displays: akkor, Simán, bírnék, várakozás, marhára, kikészít | preserved token(s) also present in English reference",És akkor mi van? Simán bírnék még. Ez a várakozás marhára kikészít.,És akkor mi van? Simán bírnék még. Ez a várakozás marhára kikészít.,akkor; Simán; bírnék; várakozás; marhára; kikészít,Chineses; Chineset; Czech; French; German; Italian; Japanese; Korean; Polish; Russian; Spanish; Turkish; Ukrainian; Vietnamese
goss_lapka_mlu_no_a_pak_s_YcmG,10,"non-ASCII character(s) in English display | token(s) preserved across 3+ localized displays: Odaérek, ilyen, tavacskához, látom, hogy, fatuskón, béka, azok | preserved token(s) also present in English reference","Odaérek egy ilyen kis tavacskához, hát látom, hogy egy fatuskón 13 béka ül és azok énekelnek.","Odaérek egy ilyen kis tavacskához, hát látom, hogy egy fatuskón 13 béka ül és azok énekelnek.",Odaérek; ilyen; tavacskához; látom; hogy; fatuskón; béka; azok; énekelnek,Chineses; Chineset; Czech; French; German; Italian; Japanese; Korean; Polish; Portuguese; Russian; Spanish; Turkish; Ukrainian; Vietnamese
goss_lapka_mlu_no_jako_po_DAHC,9,"non-ASCII character(s) in English display | token(s) preserved across 3+ localized displays: lent, föld, alatt | preserved token(s) also present in English reference","Hát lent, a föld alatt.","Hát lent, a föld alatt.",lent; föld; alatt,Chineses; Chineset; Czech; French; German; Italian; Japanese; Korean; Polish; Portuguese; Russian; Spanish; Turkish; Ukrainian; Vietnamese
goss_lapka_mlu_no_jo_no_c_0tao,10,"non-ASCII character(s) in English display | token(s) preserved across 3+ localized displays: igen, Egész, héten, heringet, zabálunk, csodálkozol | preserved token(s) also present in English reference","Na ja, hát igen. Egész héten heringet zabálunk, hát mit csodálkozol?","Na ja, hát igen. Egész héten heringet zabálunk, hát mit csodálkozol?",igen; Egész; héten; heringet; zabálunk; csodálkozol,Chineses; Chineset; Czech; French; German; Italian; Japanese; Korean; Polish; Portuguese; Russian; Spanish; Turkish; Ukrainian; Vietnamese
goss_lapka_mlu_no_pak_se__c7wE,10,"non-ASCII character(s) in English display | token(s) preserved across 3+ localized displays: Aztán, egyik, másik, után, elkezdtek, felfújódni, szétpukkantak, apám | preserved token(s) also present in English reference","Aztán egyik a másik után elkezdtek felfújódni és szétpukkantak. És apám, egy csomó arany szóródott ki belőlük.","Aztán egyik a másik után elkezdtek felfújódni és szétpukkantak. És apám, egy csomó arany szóródott ki belőlük.",Aztán; egyik; másik; után; elkezdtek; felfújódni; szétpukkantak; apám; csomó; arany; szóródott; belőlük,Chineses; Chineset; Czech; French; German; Italian; Japanese; Korean; Polish; Russian; Spanish; Turkish; Ukrainian; Vietnamese
goss_lapka_mlu_no_tak_o_p_FNyl,10,"non-ASCII character(s) in English display | token(s) preserved across 3+ localized displays: Nohát, böjt, alatt, csak, olyat, ehetsz, vízben | preserved token(s) also present in English reference","Nohát a böjt alatt csak olyat ehetsz, ami a vízben él.","Nohát a böjt alatt csak olyat ehetsz, ami a vízben él.",Nohát; böjt; alatt; csak; olyat; ehetsz; vízben,Chineses; Chineset; Czech; French; German; Italian; Japanese; Korean; Polish; Russian; Spanish; Turkish; Ukrainian; Vietnamese
goss_lapka_mlu_no_takovy__N22f,10,"non-ASCII character(s) in English display | token(s) preserved across 3+ localized displays: ilyen, dörgéseket, mintha, dörögne, Aztán, valaki, röhögne, Valahol | preserved token(s) also present in English reference","Hát ilyen dörgéseket, mintha az ég dörögne. Aztán meg, mintha valaki röhögne. Valahol, ott lent.","Hát ilyen dörgéseket, mintha az ég dörögne. Aztán meg, mintha valaki röhögne. Valahol, ott lent.",ilyen; dörgéseket; mintha; dörögne; Aztán; valaki; röhögne; Valahol; lent,Chineses; Chineset; French; German; Italian; Japanese; Korean; Polish; Portuguese; Russian; Spanish; Turkish; Ukrainian; Vietnamese
goss_lapka_mlu_no_to_ceka_ors1,10,"non-ASCII character(s) in English display | token(s) preserved across 3+ localized displays: pont, várakozás, Bámulsz, fejedből, azon, görcsölsz, hogy, téved-e | preserved token(s) also present in English reference","Hát pont ez az, a várakozás! Bámulsz ki a fejedből és azon görcsölsz, hogy nem téved-e erre egy csapat zsandár.","Hát pont ez az, a várakozás! Bámulsz ki a fejedből és azon görcsölsz, hogy nem téved-e erre egy csapat zsandár.",pont; várakozás; Bámulsz; fejedből; azon; görcsölsz; hogy; téved-e; erre; csapat; zsandár,Chineses; Chineset; Czech; French; German; Italian; Japanese; Korean; Polish; Portuguese; Russian; Spanish; Turkish; Ukrainian; Vietnamese
goss_lapka_mlu_no_vod_ty__wE9O,10,"non-ASCII character(s) in English display | token(s) preserved across 3+ localized displays: amióta, hallom, ezeket, furcsa, hangokat | preserved token(s) also present in English reference",Hát amióta hallom ezeket a furcsa hangokat.,Hát amióta hallom ezeket a furcsa hangokat.,amióta; hallom; ezeket; furcsa; hangokat,Chineses; Chineset; Czech; French; German; Italian; Japanese; Korean; Polish; Russian; Spanish; Turkish; Ukrainian; Vietnamese
goss_lapka_mlu_opat_z_lop_opJp,10,"non-ASCII character(s) in English display | token(s) preserved across 3+ localized displays: Apátok, lapát, böjtölésről, volt, hallottam | preserved token(s) also present in English reference","Apátok lapát... de ha már a böjtölésről volt szó, hallottam egy jót.","Apátok lapát... de ha már a böjtölésről volt szó, hallottam egy jót.",Apátok; lapát; böjtölésről; volt; hallottam,Chineses; Chineset; Czech; French; German; Italian; Japanese; Korean; Polish; Portuguese; Russian; Spanish; Turkish; Ukrainian; Vietnamese
goss_lapka_mlu_pamatujes__CVpE,10,"non-ASCII character(s) in English display | token(s) preserved across 3+ localized displays: Emlékszel, amikor, beszarattuk, kalmárt | preserved token(s) also present in English reference","Emlékszel, amikor beszarattuk azt a kalmárt?","Emlékszel, amikor beszarattuk azt a kalmárt?",Emlékszel; amikor; beszarattuk; kalmárt,Chineses; Chineset; Czech; French; German; Italian; Japanese; Korean; Polish; Portuguese; Russian; Spanish; Turkish; Ukrainian; Vietnamese
goss_lapka_mlu_pockej__ty_GjMj,9,"non-ASCII character(s) in English display | token(s) preserved across 3+ localized displays: Haja, volt, békáknak | preserved token(s) also present in English reference",Ne már! Haja volt a békáknak?,Ne már! Haja volt a békáknak?,Haja; volt; békáknak,Chineses; Chineset; Czech; French; German; Italian; Japanese; Korean; Polish; Russian; Spanish; Turkish; Ukrainian; Vietnamese
goss_lapka_mlu_presne_a_t_Noxp,10,"non-ASCII character(s) in English display | token(s) preserved across 3+ localized displays: hallgattad, őrült, prédikátort, pokol, tüzéről, kénköves, bugyrokról, hadovált | preserved token(s) also present in English reference","Na, ez az! Ott hallgattad azt az őrült prédikátort, aki a pokol tüzéről meg a kénköves bugyrokról hadovált.","Na, ez az! Ott hallgattad azt az őrült prédikátort, aki a pokol tüzéről meg a kénköves bugyrokról hadovált.",hallgattad; őrült; prédikátort; pokol; tüzéről; kénköves; bugyrokról; hadovált,Chineses; Chineset; Czech; French; German; Italian; Japanese; Korean; Polish; Russian; Spanish; Turkish; Ukrainian; Vietnamese
goss_lapka_mlu_protoze_sm_OOZq,10,"non-ASCII character(s) in English display | token(s) preserved across 3+ localized displays: Mert, mindig, büdös, vagy, mindegy, hogy, zabálsz, Szerezz | preserved token(s) also present in English reference","Mert te mindig büdös vagy, tök mindegy, hogy mit zabálsz. Szerezz valami más kaját és akkor majd jobb lesz.","Mert te mindig büdös vagy, tök mindegy, hogy mit zabálsz. Szerezz valami más kaját és akkor majd jobb lesz.",Mert; mindig; büdös; vagy; mindegy; hogy; zabálsz; Szerezz; valami; kaját; akkor; majd; jobb; lesz,Chineses; Chineset; Czech; French; German; Italian; Japanese; Korean; Polish; Russian; Spanish; Turkish; Ukrainian; Vietnamese
goss_lapka_mlu_sakra_stal_DGLZ,10,"non-ASCII character(s) in English display | token(s) preserved across 3+ localized displays: pokolba, csak, egyszer, fordult, neked, mindig, orrom, kell | preserved token(s) also present in English reference","A pokolba is, csak egyszer fordult elő, de neked mindig az orrom alá kell dörgölnöd!","A pokolba is, csak egyszer fordult elő, de neked mindig az orrom alá kell dörgölnöd!",pokolba; csak; egyszer; fordult; neked; mindig; orrom; kell; dörgölnöd,Chineses; Chineset; Czech; French; German; Italian; Japanese; Korean; Polish; Portuguese; Russian; Spanish; Turkish; Ukrainian; Vietnamese
goss_lapka_mlu_sel_sem_po_rYDJ,10,"non-ASCII character(s) in English display | token(s) preserved across 3+ localized displays: erdőben, voltam, egyszerre, csak, gyönyörű, ének, fülemet, Tisztára | preserved token(s) also present in English reference",Az erdőben voltam és egyszerre csak gyönyörű ének üti meg a fülemet. Tisztára mint az angyalok kara.,Az erdőben voltam és egyszerre csak gyönyörű ének üti meg a fülemet. Tisztára mint az angyalok kara.,erdőben; voltam; egyszerre; csak; gyönyörű; ének; fülemet; Tisztára; mint; angyalok; kara,Chineses; Chineset; Czech; French; German; Italian; Japanese; Korean; Polish; Portuguese; Russian; Spanish; Turkish; Ukrainian; Vietnamese
goss_lapka_mlu_slysel_si__2BvI,10,"non-ASCII character(s) in English display | token(s) preserved across 3+ localized displays: Hallottad, éjjel, azokat, hangokat | preserved token(s) also present in English reference",Hallottad éjjel azokat a hangokat?,Hallottad éjjel azokat a hangokat?,Hallottad; éjjel; azokat; hangokat,Chineses; Chineset; Czech; French; German; Italian; Japanese; Korean; Polish; Russian; Spanish; Turkish; Ukrainian; Vietnamese
goss_lapka_mlu_snad_si_ne_j2bK,10,"non-ASCII character(s) in English display | token(s) preserved across 3+ localized displays: Miért, arra, számítottál, hogy, magyarul, fognak, vartyogni | preserved token(s) also present in English reference","Miért, tán arra számítottál, hogy magyarul fognak vartyogni?","Miért, tán arra számítottál, hogy magyarul fognak vartyogni?",Miért; arra; számítottál; hogy; magyarul; fognak; vartyogni,Chineses; Chineset; Czech; French; German; Italian; Japanese; Korean; Polish; Russian; Spanish; Turkish; Ukrainian; Vietnamese
goss_lapka_mlu_snad_zas_n_wnQL,10,"non-ASCII character(s) in English display | token(s) preserved across 3+ localized displays: Remélem, hogy, most, ideig, látjuk, kurafiakat | preserved token(s) also present in English reference","Remélem, hogy most egy ideig nem látjuk a kurafiakat.","Remélem, hogy most egy ideig nem látjuk a kurafiakat.",Remélem; hogy; most; ideig; látjuk; kurafiakat,Chineses; Chineset; Czech; French; German; Italian; Japanese; Korean; Polish; Russian; Spanish; Turkish; Ukrainian; Vietnamese
goss_lapka_mlu_stahnuls_z_AS2U,10,"non-ASCII character(s) in English display | token(s) preserved across 3+ localized displays: Akkor, húztad, róla, csizmát, amikor, vagy, csak, miután | preserved token(s) also present in English reference","Akkor húztad le róla a csizmát, amikor még élt, vagy csak miután kinyúvadt?","Akkor húztad le róla a csizmát, amikor még élt, vagy csak miután kinyúvadt?",Akkor; húztad; róla; csizmát; amikor; vagy; csak; miután; kinyúvadt,Chineses; Chineset; Czech; French; German; Italian; Japanese; Korean; Polish; Portuguese; Russian; Spanish; Turkish; Ukrainian; Vietnamese
goss_lapka_mlu_stejne_jsm_4jjN,10,"non-ASCII character(s) in English display | token(s) preserved across 3+ localized displays: Persze, azért, rávettük, hogy, szedje, össze, mindet, szépen | preserved token(s) also present in English reference","Persze azért rávettük, hogy szedje össze az mindet és szépen törölgesse le!","Persze azért rávettük, hogy szedje össze az mindet és szépen törölgesse le!",Persze; azért; rávettük; hogy; szedje; össze; mindet; szépen; törölgesse,Chineses; Chineset; Czech; French; German; Italian; Japanese; Korean; Polish; Russian; Spanish; Turkish; Ukrainian; Vietnamese
goss_lapka_mlu_stejne_to__KJaJ,10,"non-ASCII character(s) in English display | token(s) preserved across 3+ localized displays: Mondjuk, utána, elég, ragadós, volt | preserved token(s) also present in English reference",Mondjuk utána is elég ragadós volt.,Mondjuk utána is elég ragadós volt.,Mondjuk; utána; elég; ragadós; volt,Chineses; Chineset; Czech; French; German; Italian; Japanese; Korean; Polish; Russian; Spanish; Turkish; Ukrainian; Vietnamese
goss_lapka_mlu_tak_dal_do_fHoL,10,"non-ASCII character(s) in English display | token(s) preserved across 3+ localized displays: Úgyhogy, feltöltette, kolostor, pincéjét, bokáig, vízzel, levitetett, disznót | preserved token(s) also present in English reference","Úgyhogy feltöltette a kolostor pincéjét bokáig érő vízzel, és levitetett oda pár disznót.","Úgyhogy feltöltette a kolostor pincéjét bokáig érő vízzel, és levitetett oda pár disznót.",Úgyhogy; feltöltette; kolostor; pincéjét; bokáig; vízzel; levitetett; disznót,Chineses; Chineset; Czech; French; German; Italian; Japanese; Korean; Polish; Russian; Spanish; Turkish; Ukrainian; Vietnamese
goss_lapka_mlu_tak_prasat_qkpj,10,"non-ASCII character(s) in English display | token(s) preserved across 3+ localized displays: disznók, élnek, vízben, vagy | preserved token(s) also present in English reference","Hát a disznók nem élnek meg a vízben, vagy nem?","Hát a disznók nem élnek meg a vízben, vagy nem?",disznók; élnek; vízben; vagy,Chineses; Chineset; Czech; French; German; Italian; Japanese; Korean; Polish; Portuguese; Russian; Spanish; Turkish; Ukrainian; Vietnamese
goss_lapka_mlu_tak_smrdim_B5Ws,10,"non-ASCII character(s) in English display | token(s) preserved across 3+ localized displays: Akkor, nyilván, nekem, olyan, szagom, lesz, mint, döglött | preserved token(s) also present in English reference","Akkor nyilván nekem is olyan szagom lesz, mint a döglött halnak.","Akkor nyilván nekem is olyan szagom lesz, mint a döglött halnak.",Akkor; nyilván; nekem; olyan; szagom; lesz; mint; döglött; halnak,Chineses; Chineset; Czech; French; German; Italian; Japanese; Korean; Polish; Russian; Spanish; Turkish; Ukrainian; Vietnamese
goss_lapka_mlu_tak_ve_vod_DrV2,10,"non-ASCII character(s) in English display | token(s) preserved across 3+ localized displays: Bokáig, vízben, lehet, megfulladni, különben, nekünk, régen, volt | preserved token(s) also present in English reference","Bokáig érő vízben nem lehet megfulladni. Meg különben is, nekünk régen volt otthon disznónk, amikor kicsi voltam.","Bokáig érő vízben nem lehet megfulladni. Meg különben is, nekünk régen volt otthon disznónk, amikor kicsi voltam.",Bokáig; vízben; lehet; megfulladni; különben; nekünk; régen; volt; otthon; disznónk; amikor; kicsi; voltam,Chineses; Chineset; Czech; French; German; Italian; Japanese; Korean; Polish; Russian; Spanish; Turkish; Ukrainian; Vietnamese
goss_lapka_mlu_taky_nemam_VAF8,10,"non-ASCII character(s) in English display | token(s) preserved across 3+ localized displays: rühellem, elhúzódik, dolog, mindig, jelenti, hogy, szopás | preserved token(s) also present in English reference","Ja, én is rühellem, ha elhúzódik a dolog. Az mindig azt jelenti, hogy szopás van.","Ja, én is rühellem, ha elhúzódik a dolog. Az mindig azt jelenti, hogy szopás van.",rühellem; elhúzódik; dolog; mindig; jelenti; hogy; szopás,Chineses; Chineset; Czech; French; German; Italian; Japanese; Korean; Polish; Russian; Spanish; Turkish; Ukrainian; Vietnamese
goss_lapka_mlu_takze_mi_u_nuBN,10,"non-ASCII character(s) in English display | token(s) preserved across 3+ localized displays: Tegyél, nekem, szívességet, Eridj, basszál, aludd, magad, rendesen | preserved token(s) also present in English reference","Tegyél meg nekem egy szívességet! Eridj, basszál be, aludd ki magad rendesen és felejtsd el ezt a világvége marhaságot.","Tegyél meg nekem egy szívességet! Eridj, basszál be, aludd ki magad rendesen és felejtsd el ezt a világvége marhaságot.",Tegyél; nekem; szívességet; Eridj; basszál; aludd; magad; rendesen; felejtsd; világvége; marhaságot,Chineses; Chineset; Czech; French; German; Italian; Japanese; Korean; Polish; Portuguese; Russian; Spanish; Turkish; Ukrainian; Vietnamese
goss_lapka_mlu_takze_se_m_3zWl,10,"non-ASCII character(s) in English display | token(s) preserved across 3+ localized displays: Szóval, egyszer, megkérdezed, feldugom, kardom, seggedbe | preserved token(s) also present in English reference","Szóval ha még egyszer megkérdezed, feldugom a kardom a seggedbe!","Szóval ha még egyszer megkérdezed, feldugom a kardom a seggedbe!",Szóval; egyszer; megkérdezed; feldugom; kardom; seggedbe,Chineses; Chineset; Czech; French; German; Italian; Japanese; Korean; Polish; Portuguese; Russian; Spanish; Turkish; Ukrainian; Vietnamese
goss_lapka_mlu_to_mohly_b_Svcr,10,"non-ASCII character(s) in English display | token(s) preserved across 3+ localized displays: Biztos, valami, állat, volt | preserved token(s) also present in English reference",Biztos valami állat volt nem?,Biztos valami állat volt nem?,Biztos; valami; állat; volt,Chineses; Chineset; Czech; French; German; Italian; Japanese; Korean; Polish; Russian; Spanish; Turkish; Ukrainian; Vietnamese
goss_lapka_mlu_to_ses_cel_IK2E,10,"non-ASCII character(s) in English display | token(s) preserved across 3+ localized displays: bazmeg, tisztára, vagy, Ahelyett, hogy, begyűjtenéd, szajrét, csak | preserved token(s) also present in English reference","Ez bazmeg tisztára te vagy. Ahelyett, hogy begyűjtenéd a szajrét, csak állsz és faszságokon töröd a fejed.","Ez bazmeg tisztára te vagy. Ahelyett, hogy begyűjtenéd a szajrét, csak állsz és faszságokon töröd a fejed.",bazmeg; tisztára; vagy; Ahelyett; hogy; begyűjtenéd; szajrét; csak; állsz; faszságokon; töröd; fejed,Chineses; Chineset; Czech; French; German; Italian; Japanese; Korean; Polish; Portuguese; Russian; Spanish; Turkish; Ukrainian; Vietnamese
goss_lapka_mlu_toho_kneze_fCPG,10,"non-ASCII character(s) in English display | token(s) preserved across 3+ localized displays: papot, kicsináltuk, legalább, tettünk, valami | preserved token(s) also present in English reference","No hát azt a papot kicsináltuk, így legalább tettünk valami jót is.","No hát azt a papot kicsináltuk, így legalább tettünk valami jót is.",papot; kicsináltuk; legalább; tettünk; valami,Chineses; Chineset; Czech; French; German; Italian; Japanese; Korean; Polish; Russian; Spanish; Turkish; Ukrainian; Vietnamese
goss_lapka_mlu_ty_co_bys__cc37,10,"non-ASCII character(s) in English display | token(s) preserved across 3+ localized displays: Mire, mennének, veled, Hacsak, madárijesztő, kéne, nekik, veteményesbe | preserved token(s) also present in English reference",Te? Mire mennének veled ott? Hacsak nem madárijesztő kéne nekik a veteményesbe.,Te? Mire mennének veled ott? Hacsak nem madárijesztő kéne nekik a veteményesbe.,Mire; mennének; veled; Hacsak; madárijesztő; kéne; nekik; veteményesbe,Chineses; Chineset; Czech; French; German; Italian; Japanese; Korean; Polish; Portuguese; Russian; Spanish; Turkish; Ukrainian; Vietnamese
goss_lapka_mlu_ty_nam_byl_i1io,10,"non-ASCII character(s) in English display | token(s) preserved across 3+ localized displays: Jaja, ördög, vinné, ilyeneket, Manapság, cseppnyi, tisztesség, sincs | preserved token(s) also present in English reference","Jaja, az ördög vinné az ilyeneket! Manapság már egy cseppnyi tisztesség sincs az emberekben.","Jaja, az ördög vinné az ilyeneket! Manapság már egy cseppnyi tisztesség sincs az emberekben.",Jaja; ördög; vinné; ilyeneket; Manapság; cseppnyi; tisztesség; sincs; emberekben,Chineses; Chineset; French; German; Italian; Japanese; Korean; Polish; Portuguese; Russian; Spanish; Turkish; Ukrainian; Vietnamese
goss_lapka_mlu_ty_sem_tak_X8sY,9,"non-ASCII character(s) in English display | token(s) preserved across 3+ localized displays: Azokat, hallottam, Bakkecskéket | preserved token(s) also present in English reference",Azokat is hallottam. Bakkecskéket!,Azokat is hallottam. Bakkecskéket!,Azokat; hallottam; Bakkecskéket,Chineses; Chineset; Czech; French; German; Italian; Japanese; Korean; Polish; Russian; Spanish; Turkish; Ukrainian; Vietnamese
goss_lapka_mlu_ty_vole_ne_8PIn,10,"non-ASCII character(s) in English display | token(s) preserved across 3+ localized displays: faszomba, Hányszor, mondtam, hogy, baszogass, ilyen, szarságokkal | preserved token(s) also present in English reference","A faszomba! Hányszor mondtam már, hogy ne baszogass ilyen szarságokkal!","A faszomba! Hányszor mondtam már, hogy ne baszogass ilyen szarságokkal!",faszomba; Hányszor; mondtam; hogy; baszogass; ilyen; szarságokkal,Chineses; Chineset; Czech; French; German; Italian; Japanese; Korean; Polish; Portuguese; Russian; Spanish; Turkish; Ukrainian; Vietnamese
goss_lapka_mlu_uz_ji_neza_JQA8,10,"non-ASCII character(s) in English display | token(s) preserved across 3+ localized displays: felejtem, bazdmeg, most, fogd, pofád | preserved token(s) also present in English reference","Nem felejtem ott, bazdmeg, és most már fogd be a pofád!","Nem felejtem ott, bazdmeg, és most már fogd be a pofád!",felejtem; bazdmeg; most; fogd; pofád,Chineses; Chineset; Czech; French; German; Italian; Japanese; Korean; Polish; Portuguese; Russian; Spanish; Turkish; Ukrainian; Vietnamese
goss_lapka_mlu_uz_zas_dyt_B5f6,10,"non-ASCII character(s) in English display | token(s) preserved across 3+ localized displays: megint, Dejszen, egész, mostanáig, húztad, lóbőrt | preserved token(s) also present in English reference",Már megint? Dejszen egész mostanáig húztad a lóbőrt!,Már megint? Dejszen egész mostanáig húztad a lóbőrt!,megint; Dejszen; egész; mostanáig; húztad; lóbőrt,Chineses; Chineset; Czech; French; German; Italian; Japanese; Korean; Polish; Portuguese; Russian; Spanish; Turkish; Ukrainian; Vietnamese
goss_lapka_mlu_v_nejakym__eqN6,10,"non-ASCII character(s) in English display | token(s) preserved across 3+ localized displays: Valami, szász, kolostorban, volt, szerzetes, szintén, igen, zabás | preserved token(s) also present in English reference","Valami szász kolostorban volt egy szerzetes, aki szintén igen zabás volt.","Valami szász kolostorban volt egy szerzetes, aki szintén igen zabás volt.",Valami; szász; kolostorban; volt; szerzetes; szintén; igen; zabás,Chineses; Chineset; Czech; French; German; Italian; Japanese; Korean; Polish; Russian; Spanish; Turkish; Ukrainian; Vietnamese
goss_lapka_mlu_vis_treba__dV1z,9,"non-ASCII character(s) in English display | token(s) preserved across 3+ localized displays: Lehet, hogy, megátkozta | preserved token(s) also present in English reference","Lehet, hogy megátkozta.","Lehet, hogy megátkozta.",Lehet; hogy; megátkozta,Chineses; Chineset; Czech; French; German; Italian; Japanese; Korean; Polish; Russian; Spanish; Turkish; Ukrainian; Vietnamese
goss_lapka_mlu_vod_ty_dob_ZiIx,10,"non-ASCII character(s) in English display | token(s) preserved across 3+ localized displays: Akkortól, amikor, benn, voltunk, városban, vásáron | preserved token(s) also present in English reference","Akkortól, amikor benn voltunk a városban a vásáron.","Akkortól, amikor benn voltunk a városban a vásáron.",Akkortól; amikor; benn; voltunk; városban; vásáron,Chineses; Chineset; Czech; French; German; Italian; Japanese; Korean; Polish; Russian; Spanish; Turkish; Ukrainian; Vietnamese
goss_lapka_mlu_zajimavy_j_nqLA,10,"non-ASCII character(s) in English display | token(s) preserved across 3+ localized displays: Milyen, fura, nekem, nincs, ilyen, problémám | preserved token(s) also present in English reference","Milyen fura, nekem nincs ilyen problémám.","Milyen fura, nekem nincs ilyen problémám.",Milyen; fura; nekem; nincs; ilyen; problémám,Chineses; Chineset; Czech; French; German; Italian; Japanese; Korean; Polish; Portuguese; Russian; Spanish; Turkish; Ukrainian; Vietnamese
goss_lapka_mlu_zatimco_z__Swvp,10,"non-ASCII character(s) in English display | token(s) preserved across 3+ localized displays: belőled, aztán, biztos, apátot, csináltak, volna, gyönyörűség | preserved token(s) also present in English reference","De belőled aztán biztos apátot csináltak volna, te gyönyörűség.","De belőled aztán biztos apátot csináltak volna, te gyönyörűség.",belőled; aztán; biztos; apátot; csináltak; volna; gyönyörűség,Chineses; Chineset; Czech; French; German; Italian; Japanese; Korean; Polish; Portuguese; Russian; Spanish; Turkish; Ukrainian; Vietnamese
goss_situace_z_ich_wurde__3WDa,10,"non-ASCII character(s) in English display | English reference/display differ | token(s) preserved across 3+ localized displays: würde, nicht, wagen | preserved token(s) also present in English reference",Ich würde es nicht wagen!,Das würde ich nicht wagen!,würde; nicht; wagen,Chineses; Chineset; Czech; French; German; Italian; Japanese; Korean; Polish; Portuguese; Russian; Spanish; Turkish; Ukrainian; Vietnamese
goss_situace_z_ich_wurde__ArjE,9,"non-ASCII character(s) in English display | token(s) preserved across 3+ localized displays: würde, dich, heiraten | preserved token(s) also present in English reference",Ich würde dich heiraten!,Ich würde dich heiraten!,würde; dich; heiraten,Chineses; Chineset; Czech; French; German; Italian; Japanese; Korean; Polish; Portuguese; Russian; Spanish; Turkish; Ukrainian; Vietnamese
goss_situace_z_kocour_pch_rJc3,9,"non-ASCII character(s) in English display | English reference/display differ | token(s) preserved across 3+ localized displays: läufige, Wildsau | preserved token(s) also present in English reference",Goat? Pah… Läufiges Wildschwein!,Goat? Pff ... Du läufige Wildsau!,läufige; Wildsau,Chineses; Chineset; Czech; French; German; Italian; Korean; Polish; Portuguese; Russian; Spanish; Turkish; Ukrainian; Vietnamese
goss_uhersky_v__hele_tak__mZYM,9,"non-ASCII character(s) in English display | token(s) preserved across 3+ localized displays: Idesüss, megpróbálok, valamit | preserved token(s) also present in English reference","... Idesüss, megpróbálok valamit.","... Idesüss, megpróbálok valamit.",Idesüss; megpróbálok; valamit,Chineses; Chineset; Czech; French; German; Italian; Japanese; Korean; Polish; Portuguese; Russian; Spanish; Turkish; Ukrainian; Vietnamese
goss_uhersky_v__ja_chtel__JBzo,10,"non-ASCII character(s) in English display | token(s) preserved across 3+ localized displays: wanted, rich, instead, I've, diarrhoea | preserved token(s) also present in English reference",… I wanted to get rich. But instead all I've got is diarrhoea.,… I wanted to get rich. But instead all I've got is diarrhoea.,wanted; rich; instead; I've; diarrhoea,Chineses; Chineset; French; German; Italian; Japanese; Korean; Polish; Portuguese; Spanish; Turkish; Ukrainian
goss_uhersky_v__vzdyt_kvu_2rzZ,9,"non-ASCII character(s) in English display | token(s) preserved across 3+ localized displays: Emiatt, törölték, tornát | preserved token(s) also present in English reference",... Emiatt törölték a tornát is!,... Emiatt törölték a tornát is!,Emiatt; törölték; tornát,Chineses; Chineset; Czech; French; German; Italian; Japanese; Korean; Polish; Portuguese; Russian; Spanish; Turkish; Ukrainian; Vietnamese
goss_uhersky_v_ale_cherta_5OdT,10,"non-ASCII character(s) in English display | token(s) preserved across 3+ localized displays: állítólag, Chertan, összeszólalkozott, Katz, kapitánnyal | preserved token(s) also present in English reference",De állítólag Chertan összeszólalkozott Katz kapitánnyal...,De állítólag Chertan összeszólalkozott Katz kapitánnyal...,állítólag; Chertan; összeszólalkozott; Katz; kapitánnyal,Chineses; Chineset; Czech; French; German; Italian; Japanese; Korean; Polish; Portuguese; Russian; Spanish; Turkish; Ukrainian; Vietnamese
goss_uhersky_v_ale_stejne_dq1A,10,"non-ASCII character(s) in English display | token(s) preserved across 3+ localized displays: Mindegy, Grozav, Katz, úgyis, szarnak, fejére | preserved token(s) also present in English reference","Mindegy, Grozav meg Katz úgyis szarnak a fejére.","Mindegy, Grozav meg Katz úgyis szarnak a fejére.",Mindegy; Grozav; Katz; úgyis; szarnak; fejére,Chineses; Chineset; Czech; French; German; Italian; Japanese; Korean; Polish; Portuguese; Russian; Spanish; Turkish; Ukrainian; Vietnamese
goss_uhersky_v_ale_to_ner_ElPH,9,"non-ASCII character(s) in English display | token(s) preserved across 3+ localized displays: Attól, adósságod, megmarad | preserved token(s) also present in English reference",Attól még az adósságod megmarad!,Attól még az adósságod megmarad!,Attól; adósságod; megmarad,Chineses; Chineset; Czech; French; German; Italian; Japanese; Korean; Polish; Portuguese; Russian; Spanish; Turkish; Ukrainian; Vietnamese
goss_uhersky_v_armin_a_gy_XWXJ,10,"non-ASCII character(s) in English display | token(s) preserved across 3+ localized displays: Ármin, Gysel, voltak, mindent, tanúsítanak | preserved token(s) also present in English reference","Ármin meg Gysel ott voltak, ők mindent tanúsítanak...","Ármin meg Gysel ott voltak, ők mindent tanúsítanak...",Ármin; Gysel; voltak; mindent; tanúsítanak,Chineses; Chineset; Czech; French; German; Italian; Japanese; Korean; Polish; Portuguese; Russian; Spanish; Turkish; Ukrainian; Vietnamese
goss_uhersky_v_do_pici_a__tbhT,10,"non-ASCII character(s) in English display | token(s) preserved across 3+ localized displays: picsába, gondolsz, minek, koslatok, utánad | preserved token(s) also present in English reference","A picsába, hát mit gondolsz, minek koslatok utánad...","A picsába, hát mit gondolsz, minek koslatok utánad...",picsába; gondolsz; minek; koslatok; utánad,Chineses; Chineset; Czech; French; German; Italian; Japanese; Korean; Polish; Portuguese; Russian; Spanish; Turkish; Ukrainian; Vietnamese
goss_uhersky_v_hele_ja_to_3VcO,10,"non-ASCII character(s) in English display | token(s) preserved across 3+ localized displays: adok, neki, hónapot, lesz, valami, kiadós, zsákmány, akkor | preserved token(s) also present in English reference","Ez van, adok neki még egy hónapot, és ha nem lesz valami kiadós zsákmány, akkor szarok bele az egészbe.","Ez van, adok neki még egy hónapot, és ha nem lesz valami kiadós zsákmány, akkor szarok bele az egészbe.",adok; neki; hónapot; lesz; valami; kiadós; zsákmány; akkor; szarok; bele; egészbe,Chineses; Chineset; Czech; French; German; Italian; Japanese; Korean; Polish; Russian; Spanish; Turkish; Ukrainian; Vietnamese
goss_uhersky_v_hele_mam_t_TO8b,10,"non-ASCII character(s) in English display | token(s) preserved across 3+ localized displays: Figyelj, remek, ötletem, Szedj, össze, néhány, cimborát, vívjunk | preserved token(s) also present in English reference","Figyelj, van egy remek ötletem. Szedj össze néhány cimborát és vívjunk meg egy pár küzdelmet.","Figyelj, van egy remek ötletem. Szedj össze néhány cimborát és vívjunk meg egy pár küzdelmet.",Figyelj; remek; ötletem; Szedj; össze; néhány; cimborát; vívjunk; küzdelmet,Chineses; Chineset; Czech; French; German; Italian; Japanese; Korean; Polish; Portuguese; Russian; Spanish; Turkish; Ukrainian; Vietnamese
goss_uhersky_v_hele_ze_te_0am4,10,"non-ASCII character(s) in English display | token(s) preserved across 3+ localized displays: Hékás, Most, hogy, látlak, jutott, eszembe | preserved token(s) also present in English reference","Hékás! Most hogy látlak, az jutott eszembe...","Hékás! Most hogy látlak, az jutott eszembe...",Hékás; Most; hogy; látlak; jutott; eszembe,Chineses; Chineset; Czech; French; German; Italian; Japanese; Korean; Polish; Portuguese; Russian; Spanish; Turkish; Ukrainian; Vietnamese
goss_uhersky_v_jestli_mys_9pZ9,10,"non-ASCII character(s) in English display | token(s) preserved across 3+ localized displays: tornára, gondolsz, akkor, rosszul, hallottad | preserved token(s) also present in English reference","Ha a tornára gondolsz, akkor rosszul hallottad.","Ha a tornára gondolsz, akkor rosszul hallottad.",tornára; gondolsz; akkor; rosszul; hallottad,Chineses; Chineset; Czech; French; German; Italian; Japanese; Korean; Polish; Portuguese; Russian; Spanish; Turkish; Ukrainian; Vietnamese
goss_uhersky_v_jo_nevim_p_4Is6,10,"non-ASCII character(s) in English display | token(s) preserved across 3+ localized displays: tudom, hogy, miért, léptem, mint, sokan, mások | preserved token(s) also present in English reference","Hát ja, nem is tudom, hogy miért nem léptem már én is le, mint sokan mások.","Hát ja, nem is tudom, hogy miért nem léptem már én is le, mint sokan mások.",tudom; hogy; miért; léptem; mint; sokan; mások,Chineses; Chineset; Czech; French; German; Italian; Japanese; Korean; Polish; Russian; Spanish; Turkish; Ukrainian; Vietnamese
goss_uhersky_v_jo_tak_to__2QkU,10,"non-ASCII character(s) in English display | token(s) preserved across 3+ localized displays: igazad, nyakig, ülünk, szarban | preserved token(s) also present in English reference","Ja, igazad van,nyakig ülünk a szarban.","Ja, igazad van,nyakig ülünk a szarban.",igazad; nyakig; ülünk; szarban,Chineses; Chineset; Czech; French; German; Italian; Japanese; Korean; Polish; Portuguese; Russian; Spanish; Turkish; Ukrainian; Vietnamese
goss_uhersky_v_jo_to_je_v_xCq2,9,"non-ASCII character(s) in English display | token(s) preserved across 3+ localized displays: Igaz, tényleg, nagyon | preserved token(s) also present in English reference","Igaz, ez így tényleg nagyon fos...","Igaz, ez így tényleg nagyon fos...",Igaz; tényleg; nagyon,Chineses; Chineset; Czech; French; German; Italian; Japanese; Korean; Polish; Portuguese; Russian; Spanish; Turkish; Ukrainian; Vietnamese
goss_uhersky_v_leda_hovno_KjTg,10,"non-ASCII character(s) in English display | token(s) preserved across 3+ localized displays: Szarok, torna, elmaradt, fogadásunk, érvényes | preserved token(s) also present in English reference","Szarok rá. A torna elmaradt, így a fogadásunk se érvényes!","Szarok rá. A torna elmaradt, így a fogadásunk se érvényes!",Szarok; torna; elmaradt; fogadásunk; érvényes,Chineses; Chineset; Czech; French; German; Italian; Japanese; Korean; Polish; Portuguese; Russian; Spanish; Turkish; Ukrainian; Vietnamese
goss_uhersky_v_nasrat_nem_dNO8,10,"non-ASCII character(s) in English display | token(s) preserved across 3+ localized displays: Nincs, petákom, baszd, lenne, akkor, adnám, neked | preserved token(s) also present in English reference","Nincs egy petákom se, baszd meg, de ha lenne, akkor se adnám oda neked.","Nincs egy petákom se, baszd meg, de ha lenne, akkor se adnám oda neked.",Nincs; petákom; baszd; lenne; akkor; adnám; neked,Chineses; Chineset; Czech; French; German; Italian; Japanese; Korean; Polish; Portuguese; Russian; Spanish; Turkish; Ukrainian; Vietnamese
goss_uhersky_v_nebud_posr_Ixvu,10,"non-ASCII character(s) in English display | token(s) preserved across 3+ localized displays: legyél, ilyen, beszari, majd, mondjuk, hogy, csak, gyakorlunk | preserved token(s) also present in English reference","Ne legyél már ilyen beszari, majd azt mondjuk, hogy csak gyakorlunk.","Ne legyél már ilyen beszari, majd azt mondjuk, hogy csak gyakorlunk.",legyél; ilyen; beszari; majd; mondjuk; hogy; csak; gyakorlunk,Chineses; Chineset; Czech; French; German; Italian; Japanese; Korean; Polish; Portuguese; Russian; Spanish; Turkish; Ukrainian; Vietnamese
goss_uhersky_v_no_prej_du_YNSM,9,"non-ASCII character(s) in English display | token(s) preserved across 3+ localized displays: állítólag, nyomatékosan, követelte | preserved token(s) also present in English reference",Hát állítólag nyomatékosan követelte...,Hát állítólag nyomatékosan követelte...,állítólag; nyomatékosan; követelte,Chineses; Chineset; Czech; French; German; Italian; Japanese; Korean; Polish; Russian; Spanish; Turkish; Ukrainian; Vietnamese
goss_uhersky_v_no_skvele__rZAc,10,"non-ASCII character(s) in English display | token(s) preserved across 3+ localized displays: remek, akkor, majd, utána, gyere, hozzám | preserved token(s) also present in English reference","Na, remek, akkor majd utána gyere hozzám.","Na, remek, akkor majd utána gyere hozzám.",remek; akkor; majd; utána; gyere; hozzám,Chineses; Chineset; Czech; French; German; Italian; Japanese; Korean; Polish; Portuguese; Russian; Spanish; Turkish; Ukrainian; Vietnamese
goss_uhersky_v_pojd_jinak_JkuD,10,"non-ASCII character(s) in English display | token(s) preserved across 3+ localized displays: Gyerünk, vagy, összeszarjuk, magunkat, unalomtól | preserved token(s) also present in English reference","Gyerünk, vagy összeszarjuk magunkat az unalomtól.","Gyerünk, vagy összeszarjuk magunkat az unalomtól.",Gyerünk; vagy; összeszarjuk; magunkat; unalomtól,Chineses; Chineset; Czech; French; German; Italian; Japanese; Korean; Polish; Portuguese; Russian; Spanish; Turkish; Ukrainian; Vietnamese
goss_uhersky_v_prachy_chc_5j7f,9,"non-ASCII character(s) in English display | token(s) preserved across 3+ localized displays: pénz, pénzt, akarsz | preserved token(s) also present in English reference","A pénz, pénzt akarsz, mi?","A pénz, pénzt akarsz, mi?",pénz; pénzt; akarsz,Chineses; Chineset; Czech; French; German; Italian; Japanese; Korean; Polish; Portuguese; Russian; Spanish; Turkish; Ukrainian; Vietnamese
goss_uhersky_v_slysel_jse_2ybI,9,"non-ASCII character(s) in English display | English reference/display differ | token(s) preserved across 3+ localized displays: Musa, Sigismund | preserved token(s) also present in English reference","I heard that Musa, that moorish physician Sigismund sent here, is popular with the commander…","I heard that Musa, that Moorish physician Sigismund sent here, is popular with the commander…",Musa; Sigismund,Czech; French; German; Italian; Polish; Portuguese; Spanish; Turkish; Vietnamese
goss_uhersky_v_slysel_jse_JHXU,10,"non-ASCII character(s) in English display | token(s) preserved across 3+ localized displays: hallottam, hogy, megint, durva, balhé, készül | preserved token(s) also present in English reference","Azt hallottam, hogy megint durva balhé készül.","Azt hallottam, hogy megint durva balhé készül.",hallottam; hogy; megint; durva; balhé; készül,Chineses; Chineset; Czech; French; German; Italian; Japanese; Korean; Polish; Portuguese; Russian; Spanish; Turkish; Ukrainian; Vietnamese
goss_uhersky_v_tak_cherth_p2xX,11,"non-ASCII character(s) in English display | English reference/display differ | token(s) preserved across 3+ localized displays: Hogy, Chertan, vitatkozott, volna, elég, nehéz, elképzelni | preserved token(s) also present in English reference",Hogy Cherthan vitatkozott volna? Ezt elég nehéz elképzelni.,Hogy Chertan vitatkozott volna? Ezt elég nehéz elképzelni.,Hogy; Chertan; vitatkozott; volna; elég; nehéz; elképzelni,Chineses; Chineset; Czech; French; German; Italian; Japanese; Korean; Polish; Portuguese; Russian; Spanish; Turkish; Ukrainian; Vietnamese
goss_uhersky_v_to_by_slo__NgXN,9,"non-ASCII character(s) in English display | token(s) preserved across 3+ localized displays: lenne, vezér, megtiltotta | preserved token(s) also present in English reference","Az jó lenne, de a vezér megtiltotta...","Az jó lenne, de a vezér megtiltotta...",lenne; vezér; megtiltotta,Chineses; Chineset; Czech; French; German; Italian; Japanese; Korean; Polish; Portuguese; Russian; Spanish; Turkish; Ukrainian; Vietnamese
goss_uhersky_v_to_uz_mne__u3s5,10,"non-ASCII character(s) in English display | token(s) preserved across 3+ localized displays: even, don't, believe, thought, count | preserved token(s) also present in English reference",So even you don't believe me now? I thought I could count on you…,So even you don't believe me now? I thought I could count on you…,even; don't; believe; thought; count,Chineses; Chineset; French; German; Italian; Japanese; Korean; Polish; Portuguese; Russian; Spanish; Turkish; Ukrainian
goss_uhersky_v_tos_mi_por_U7Pa,9,"non-ASCII character(s) in English display | token(s) preserved across 3+ localized displays: don't, look, eyes | preserved token(s) also present in English reference",I don't look them in the eyes…,I don't look them in the eyes…,don't; look; eyes,Chineses; Chineset; French; German; Italian; Japanese; Korean; Polish; Portuguese; Spanish; Turkish; Ukrainian
goss_uhersky_v_vidim_to_s_nDhW,10,"non-ASCII character(s) in English display | token(s) preserved across 3+ localized displays: vagyok, vele, hónap, végéig, aztán, annyi | preserved token(s) also present in English reference","Én is így vagyok vele. A hónap végéig, aztán annyi.","Én is így vagyok vele. A hónap végéig, aztán annyi.",vagyok; vele; hónap; végéig; aztán; annyi,Chineses; Chineset; Czech; French; German; Italian; Japanese; Korean; Polish; Portuguese; Russian; Spanish; Turkish; Ukrainian; Vietnamese
goss_uhersky_v_zasrane_je_UyXu,10,"non-ASCII character(s) in English display | token(s) preserved across 3+ localized displays: faszomba, mondom, hogy, nincs, pénzem, Menj, Grozavhoz, vagy | preserved token(s) also present in English reference","A faszomba, hát mondom, hogy nincs pénzem. Menj el Grozavhoz vagy Chertanhoz, és vedd rá őket, hogy fizessék ki a zsoldunkat...","A faszomba, hát mondom, hogy nincs pénzem. Menj el Grozavhoz vagy Chertanhoz, és vedd rá őket, hogy fizessék ki a zsoldunkat...",faszomba; mondom; hogy; nincs; pénzem; Menj; Grozavhoz; vagy; Chertanhoz; vedd; őket; fizessék; zsoldunkat,Chineses; Chineset; Czech; French; German; Italian; Japanese; Korean; Polish; Portuguese; Russian; Spanish; Turkish; Ukrainian; Vietnamese
goss_uhersky_v_zikmund_pr_67S5,10,"non-ASCII character(s) in English display | token(s) preserved across 3+ localized displays: Zsigmond, apácákat, keféli, kolostorban, szopunk, szarban | preserved token(s) also present in English reference","Zsigmond az apácákat keféli a kolostorban, mi meg itt szopunk a szarban.","Zsigmond az apácákat keféli a kolostorban, mi meg itt szopunk a szarban.",Zsigmond; apácákat; keféli; kolostorban; szopunk; szarban,Chineses; Chineset; Czech; French; German; Italian; Japanese; Korean; Polish; Portuguese; Russian; Spanish; Turkish; Ukrainian; Vietnamese
goss_uhersky_v_zikmund_se_6VMg,10,"non-ASCII character(s) in English display | token(s) preserved across 3+ localized displays: Zsigmond, régóta, szarik, ránk | preserved token(s) also present in English reference",Zsigmond már régóta szarik ránk.,Zsigmond már régóta szarik ránk.,Zsigmond; régóta; szarik; ránk,Chineses; Chineset; Czech; French; German; Italian; Japanese; Korean; Polish; Portuguese; Russian; Spanish; Turkish; Ukrainian; Vietnamese
gree_obchodnic_ehm_bite_s_HwA8,9,"non-ASCII character(s) in English display | English reference/display differ | token(s) preserved across 3+ localized displays: bite, sheyn | preserved token(s) also present in English reference",Ehm… Bite shein?,Ehm… bite sheyn?,bite; sheyn,Chineses; Chineset; Czech; French; German; Italian; Japanese; Korean; Polish; Portuguese; Russian; Spanish; Turkish; Ukrainian; Vietnamese
gree_obchodnic_was_mochte_I2R2,10,"non-ASCII character(s) in English display | English reference/display differ | token(s) preserved across 3+ localized displays: möchtest, mein, Herr | preserved token(s) also present in English reference","Was möchten Sie, mein Herr?","Was möchtest du, mein Herr?",möchtest; mein; Herr,Chineses; Chineset; Czech; French; German; Italian; Japanese; Korean; Polish; Portuguese; Russian; Spanish; Turkish; Ukrainian; Vietnamese
gree_obchodnic_was_mochte_U4AJ,10,"non-ASCII character(s) in English display | English reference/display differ | token(s) preserved across 3+ localized displays: möchtest, mein, Freund | preserved token(s) also present in English reference","Was möchten Sie, mein Freund?","Was möchtest du, mein Freund?",möchtest; mein; Freund,Chineses; Chineset; Czech; French; German; Italian; Japanese; Korean; Polish; Portuguese; Russian; Spanish; Turkish; Ukrainian; Vietnamese
gree_obchodnic_was_willst_LhPJ,9,"non-ASCII character(s) in English display | English reference/display differ | token(s) preserved across 3+ localized displays: willst, Säufer | preserved token(s) also present in English reference","Was willst du, betrunken?!","Was willst du, du Säufer?!",willst; Säufer,Chineses; Chineset; Czech; French; German; Italian; Japanese; Korean; Polish; Portuguese; Russian; Spanish; Turkish; Ukrainian; Vietnamese
gree_obchodnic_was_wunsch_x0F1,10,"non-ASCII character(s) in English display | English reference/display differ | token(s) preserved across 3+ localized displays: wünschst, mein, Freund | preserved token(s) also present in English reference","Was wünscht du, mein Freund?","Was wünschst du, mein Freund?",wünschst; mein; Freund,Chineses; Chineset; Czech; French; German; Italian; Japanese; Korean; Polish; Portuguese; Russian; Spanish; Turkish; Ukrainian; Vietnamese
gree_obchodnik_bite_sejn_OSKI,9,"non-ASCII character(s) in English display | English reference/display differ | token(s) preserved across 3+ localized displays: Bite, sheyn | preserved token(s) also present in English reference",Bite shein…?,Bite sheyn…?,Bite; sheyn,Chineses; Chineset; Czech; French; German; Italian; Japanese; Korean; Polish; Portuguese; Russian; Spanish; Turkish; Ukrainian; Vietnamese
gree_obchodnik_bite_sejn_XL7p,9,"non-ASCII character(s) in English display | English reference/display differ | token(s) preserved across 3+ localized displays: Bite, sheyn | preserved token(s) also present in English reference",Bite shein…,Bite sheyn…,Bite; sheyn,Chineses; Chineset; Czech; French; German; Italian; Japanese; Korean; Polish; Portuguese; Russian; Spanish; Turkish; Ukrainian; Vietnamese
gree_obchodnik_kommen_vir_5oIL,9,"non-ASCII character(s) in English display | English reference/display differ | token(s) preserved across 3+ localized displays: Bite, sheyn | preserved token(s) also present in English reference",Bite shein…,Bite sheyn…,Bite; sheyn,Chineses; Chineset; Czech; French; German; Italian; Japanese; Korean; Polish; Portuguese; Russian; Spanish; Turkish; Ukrainian; Vietnamese
gree_obchodnik_was_machst_OmcS,10,"non-ASCII character(s) in English display | English reference/display differ | token(s) preserved across 3+ localized displays: machst, hier, Säufer | preserved token(s) also present in English reference","Was machst du hier, betrunken?","Was machst du hier, du Säufer?",machst; hier; Säufer,Chineses; Chineset; Czech; French; German; Italian; Japanese; Korean; Polish; Portuguese; Russian; Spanish; Turkish; Ukrainian; Vietnamese
gree_obchodnik_was_mochte_FHwN,10,"non-ASCII character(s) in English display | English reference/display differ | token(s) preserved across 3+ localized displays: möchtest, mein, Herr | preserved token(s) also present in English reference","Was möchten Sie, mein Herr?","Was möchtest du, mein Herr?",möchtest; mein; Herr,Chineses; Chineset; Czech; French; German; Italian; Japanese; Korean; Polish; Portuguese; Russian; Spanish; Turkish; Ukrainian; Vietnamese
gree_obchodnik_was_mochte_nAjn,10,"non-ASCII character(s) in English display | English reference/display differ | token(s) preserved across 3+ localized displays: möchtest, mein, Freund | preserved token(s) also present in English reference","Was möchten Sie, mein Freund?","Was möchtest du, mein Freund?",möchtest; mein; Freund,Chineses; Chineset; Czech; French; German; Italian; Japanese; Korean; Polish; Portuguese; Russian; Spanish; Turkish; Ukrainian; Vietnamese
gree_obchodnik_was_soll_i_EY5I,9,"non-ASCII character(s) in English display | English reference/display differ | token(s) preserved across 3+ localized displays: kann, Säufer, helfen","Was soll ich tun, betrunken?",Wie kann ich dir Säufer helfen?,kann; Säufer; helfen,Chineses; Chineset; Czech; French; German; Italian; Japanese; Korean; Polish; Portuguese; Russian; Spanish; Turkish; Ukrainian; Vietnamese
gree_obchodnik_was_willst_ISZl,9,"non-ASCII character(s) in English display | English reference/display differ | token(s) preserved across 3+ localized displays: willst, Säufer | preserved token(s) also present in English reference","Was willst du, betrunken?!","Was willst du, du Säufer?!",willst; Säufer,Chineses; Chineset; Czech; French; German; Italian; Japanese; Korean; Polish; Portuguese; Russian; Spanish; Turkish; Ukrainian; Vietnamese
gree_obchodnik_was_wunsch_1Vpa,10,"non-ASCII character(s) in English display | English reference/display differ | token(s) preserved across 3+ localized displays: wünschst, mein, Freund | preserved token(s) also present in English reference","Was wünscht du, mein Freund?","Was wünschst du, mein Freund?",wünschst; mein; Freund,Chineses; Chineset; Czech; French; German; Italian; Japanese; Korean; Polish; Portuguese; Russian; Spanish; Turkish; Ukrainian; Vietnamese
gree_obchodnik_was_wunsch_LXKv,10,"non-ASCII character(s) in English display | English reference/display differ | token(s) preserved across 3+ localized displays: wünschst, mein, Herr | preserved token(s) also present in English reference","Was wünscht du, mein Herr?","Was wünschst du, mein Herr?",wünschst; mein; Herr,Chineses; Chineset; Czech; French; German; Italian; Japanese; Korean; Polish; Portuguese; Russian; Spanish; Turkish; Ukrainian; Vietnamese
gree_obchodnik_was_wunsch_u3IX,9,"non-ASCII character(s) in English display | English reference/display differ | token(s) preserved across 3+ localized displays: wünschst, Heinrich | preserved token(s) also present in English reference","Was wünscht du, Heinrich?","Was wünschst du, Heinrich?",wünschst; Heinrich,Chineses; Chineset; Czech; French; German; Italian; Japanese; Korean; Polish; Portuguese; Russian; Spanish; Turkish; Ukrainian; Vietnamese
gree_pozdrav_m_aaah_laso__lX0g,9,"non-ASCII character(s) in English display | English reference/display differ | token(s) preserved across 3+ localized displays: lacho, dives | preserved token(s) also present in English reference",!T Ahh… Te del o Del lacho dives!,Ahh… Te del o Del lacho dives!,lacho; dives,Chineses; Chineset; French; German; Italian; Japanese; Korean; Polish; Portuguese; Russian; Spanish; Turkish; Ukrainian; Vietnamese
gree_pozdrav_m_ci_kaj_dza_XPzW,9,"non-ASCII character(s) in English display | token(s) preserved across 3+ localized displays: soste, džal, baro, šero",,"Pal soste džal, baro šero?",soste; džal; baro; šero,Chineses; Chineset; Czech; French; German; Italian; Japanese; Korean; Polish; Portuguese; Russian; Spanish; Turkish; Ukrainian; Vietnamese
gree_pozdrav_m_du_stinkst_gv0G,11,"non-ASCII character(s) in English display | English reference/display differ | token(s) preserved across 3+ localized displays: stinkst, ganz, schön, weißt | preserved token(s) also present in English reference","Du stinkst ziemlich, weißt du das?","Du stinkst ganz schön, weißt du das?",stinkst; ganz; schön; weißt,Chineses; Chineset; Czech; French; German; Italian; Japanese; Korean; Polish; Portuguese; Russian; Spanish; Turkish; Ukrainian; Vietnamese
gree_pozdrav_m_ein_bad_wu_wECU,11,"non-ASCII character(s) in English display | English reference/display differ | token(s) preserved across 3+ localized displays: würde, nicht, schaden, Schmutzfink | preserved token(s) also present in English reference","Ein Bad würde dir nicht schaden, Schmutzer!","Ein Bad würde dir nicht schaden, du Schmutzfink!",würde; nicht; schaden; Schmutzfink,Chineses; Chineset; Czech; French; German; Italian; Japanese; Korean; Polish; Portuguese; Russian; Spanish; Turkish; Ukrainian; Vietnamese
gree_pozdrav_m_es_ist_ein_Yymn,11,"non-ASCII character(s) in English display | English reference/display differ | token(s) preserved across 3+ localized displays: eine, Sünde, hier, nacktem, Hintern, herumzulaufen, mein, Freund | preserved token(s) also present in English reference","Es ist eine Sünde, hier mit nacktem Arsch herumzulaufen, mein Freund!","Es ist eine Sünde, hier mit nacktem Hintern herumzulaufen, mein Freund!",eine; Sünde; hier; nacktem; Hintern; herumzulaufen; mein; Freund,Chineses; Chineset; Czech; French; German; Italian; Japanese; Korean; Polish; Portuguese; Russian; Spanish; Turkish; Ukrainian; Vietnamese
gree_pozdrav_m_gru_dich_a_qepG,11,"non-ASCII character(s) in English display | English reference/display differ | token(s) preserved across 3+ localized displays: Grüß, dich, Aber, bist, voller, Blut | preserved token(s) also present in English reference",Grüß dich... aber du bist voller Blut!,Grüß dich … Aber du bist ja voller Blut!,Grüß; dich; Aber; bist; voller; Blut,Chineses; Chineset; Czech; French; German; Italian; Korean; Polish; Portuguese; Russian; Spanish; Turkish; Ukrainian; Vietnamese
gree_pozdrav_m_gru_dich_w_E1vx,10,"non-ASCII character(s) in English display | token(s) preserved across 3+ localized displays: Grüß, dich, kann, helfen, mein, Herr | preserved token(s) also present in English reference","Grüß dich! Wie kann ich dir helfen, mein Herr?","Grüß dich! Wie kann ich dir helfen, mein Herr?",Grüß; dich; kann; helfen; mein; Herr,Chineses; Chineset; Czech; French; German; Italian; Korean; Polish; Portuguese; Russian; Spanish; Turkish; Ukrainian; Vietnamese
gree_pozdrav_m_gru_dich_w_KvFt,10,"non-ASCII character(s) in English display | token(s) preserved across 3+ localized displays: Grüß, dich, kann, helfen | preserved token(s) also present in English reference",Grüß dich! Wie kann ich dir helfen?,Grüß dich! Wie kann ich dir helfen?,Grüß; dich; kann; helfen,Chineses; Chineset; Czech; French; German; Italian; Japanese; Korean; Polish; Portuguese; Russian; Spanish; Turkish; Ukrainian; Vietnamese
gree_pozdrav_m_gru_dich_w_aXJ8,11,"non-ASCII character(s) in English display | English reference/display differ | token(s) preserved across 3+ localized displays: Grüß, dich, willst, denn, nachts, noch | preserved token(s) also present in English reference",Grüß dich! Was willst du nachts so?,Grüß dich! Was willst du denn nachts noch?,Grüß; dich; willst; denn; nachts; noch,Chineses; Chineset; Czech; French; German; Italian; Korean; Polish; Portuguese; Russian; Spanish; Turkish; Ukrainian; Vietnamese
gree_pozdrav_m_gru_dich_w_jk1D,10,"non-ASCII character(s) in English display | English reference/display differ | token(s) preserved across 3+ localized displays: Grüß, dich, wünschst | preserved token(s) also present in English reference",Grüss dich! Was wünschst du?,Grüß dich! Was wünschst du?,Grüß; dich; wünschst,Chineses; Chineset; Czech; French; German; Italian; Korean; Polish; Portuguese; Russian; Spanish; Turkish; Ukrainian; Vietnamese
gree_pozdrav_m_gru_dich_w_s5Oh,10,"non-ASCII character(s) in English display | token(s) preserved across 3+ localized displays: Grüß, dich, kann, helfen, mein, Freund | preserved token(s) also present in English reference","Grüß dich! Wie kann ich dir helfen, mein Freund?","Grüß dich! Wie kann ich dir helfen, mein Freund?",Grüß; dich; kann; helfen; mein; Freund,Chineses; Chineset; Czech; French; German; Italian; Korean; Polish; Portuguese; Russian; Spanish; Turkish; Ukrainian; Vietnamese
gree_pozdrav_m_gru_du_sti_Hsml,11,"non-ASCII character(s) in English display | English reference/display differ | token(s) preserved across 3+ localized displays: Grüße, stinkst, ziemlich, weißt | preserved token(s) also present in English reference","Gruss... Du stinkst ziemlich, weißt du das?","Grüße … Du stinkst ziemlich, weißt du das?",Grüße; stinkst; ziemlich; weißt,Chineses; Chineset; Czech; French; German; Italian; Japanese; Korean; Polish; Portuguese; Russian; Spanish; Turkish; Ukrainian; Vietnamese
gree_pozdrav_m_gru_gott_w_GE69,11,"non-ASCII character(s) in English display | English reference/display differ | token(s) preserved across 3+ localized displays: Grüß, Gott, brauchst, mein, Freund | preserved token(s) also present in English reference","Grüß Gott! Was du brauchst, mein Freund?","Grüß Gott! Was brauchst du, mein Freund?",Grüß; Gott; brauchst; mein; Freund,Chineses; Chineset; Czech; French; German; Italian; Japanese; Korean; Polish; Portuguese; Russian; Spanish; Turkish; Ukrainian; Vietnamese
gree_pozdrav_m_gru_gott_w_HOdz,11,"non-ASCII character(s) in English display | English reference/display differ | token(s) preserved across 3+ localized displays: Grüß, Gott, brauchst, mein, Herr | preserved token(s) also present in English reference","Grüß Gott! Was du brauchst, mein Herr?","Grüß Gott! Was brauchst du, mein Herr?",Grüß; Gott; brauchst; mein; Herr,Chineses; Chineset; Czech; French; German; Italian; Japanese; Korean; Polish; Portuguese; Russian; Spanish; Turkish; Ukrainian; Vietnamese
gree_pozdrav_m_gru_gott_w_a2kX,11,"non-ASCII character(s) in English display | English reference/display differ | token(s) preserved across 3+ localized displays: Grüß, Gott, willst, denn, nachts, noch | preserved token(s) also present in English reference",Grüß Gott! Was willst du nachts so?,Grüß Gott! Was willst du denn nachts noch?,Grüß; Gott; willst; denn; nachts; noch,Chineses; Chineset; Czech; French; German; Italian; Japanese; Korean; Polish; Portuguese; Russian; Spanish; Turkish; Ukrainian; Vietnamese
gree_pozdrav_m_gru_gott_w_cqFd,10,"non-ASCII character(s) in English display | English reference/display differ | token(s) preserved across 3+ localized displays: Grüß, Gott, brauchst | preserved token(s) also present in English reference",Grüß Gott! Was du brauchst?,Grüß Gott! Was brauchst du?,Grüß; Gott; brauchst,Chineses; Chineset; Czech; French; German; Italian; Japanese; Korean; Polish; Portuguese; Russian; Spanish; Turkish; Ukrainian; Vietnamese
gree_pozdrav_m_gru_gott_w_imjE,11,"non-ASCII character(s) in English display | English reference/display differ | token(s) preserved across 3+ localized displays: Grüß, Gott, brauchst, Heinrich | preserved token(s) also present in English reference","Grüß Gott! Was du brauchst, Heinrich?","Grüß Gott! Was brauchst du, Heinrich?",Grüß; Gott; brauchst; Heinrich,Chineses; Chineset; Czech; French; German; Italian; Japanese; Korean; Polish; Portuguese; Russian; Spanish; Turkish; Ukrainian; Vietnamese
gree_pozdrav_m_grusse_hei_Q0J5,11,"non-ASCII character(s) in English display | English reference/display differ | token(s) preserved across 3+ localized displays: Schön, dich, sehen, Heinrich, hast, getrunken, nicht, wahr | preserved token(s) also present in English reference","Schön Heinrich, schön! Du hast getrunken, nicht wahr?","Schön, dich zu sehen, Heinrich! Du hast getrunken, nicht wahr?",Schön; dich; sehen; Heinrich; hast; getrunken; nicht; wahr,Chineses; Chineset; Czech; French; German; Italian; Japanese; Korean; Polish; Portuguese; Russian; Spanish; Turkish; Ukrainian; Vietnamese
gree_pozdrav_m_heh_warum__lGfp,11,"non-ASCII character(s) in English display | English reference/display differ | token(s) preserved across 3+ localized displays: Warum, bist, nackt, mein, Freund | preserved token(s) also present in English reference","Heh... Warum bist du nackt, mein Freund?","He … Warum bist du nackt, mein Freund?",Warum; bist; nackt; mein; Freund,Chineses; Chineset; Czech; French; German; Italian; Japanese; Korean; Polish; Portuguese; Russian; Spanish; Turkish; Ukrainian; Vietnamese
gree_pozdrav_m_mein_freun_Mx1F,10,"non-ASCII character(s) in English display | token(s) preserved across 3+ localized displays: Mein, Freund, Trunkenheit, eine, Sünde, Übertreibe, nicht | preserved token(s) also present in English reference","Mein Freund, Trunkenheit ist eine Sünde. Übertreibe es nicht!","Mein Freund, Trunkenheit ist eine Sünde. Übertreibe es nicht!",Mein; Freund; Trunkenheit; eine; Sünde; Übertreibe; nicht,Chineses; Chineset; Czech; French; German; Italian; Japanese; Korean; Polish; Portuguese; Russian; Spanish; Turkish; Ukrainian; Vietnamese
gree_pozdrav_m_mein_freun_NkqT,11,"non-ASCII character(s) in English display | English reference/display differ | token(s) preserved across 3+ localized displays: Mein, Freund, wäre, jetzt, auch, gerne, betrunken | preserved token(s) also present in English reference","Mein Freund, ich beneide dich total um deine Trunkenheit.","Mein Freund, ich wäre jetzt auch gerne betrunken.",Mein; Freund; wäre; jetzt; auch; gerne; betrunken,Chineses; Chineset; Czech; French; German; Italian; Japanese; Korean; Polish; Portuguese; Russian; Spanish; Turkish; Ukrainian; Vietnamese
gree_pozdrav_m_mein_gott__Fipv,11,"non-ASCII character(s) in English display | English reference/display differ | token(s) preserved across 3+ localized displays: Mein, Gott, Warum, läufst, hier, nacktem, Hintern, herum | preserved token(s) also present in English reference","Mein Gott! Was tust du, hier mit einem nackten Hintern herumzulaufen?!",Mein Gott! Warum läufst du hier mit nacktem Hintern herum?!,Mein; Gott; Warum; läufst; hier; nacktem; Hintern; herum,Chineses; Chineset; Czech; French; German; Italian; Japanese; Korean; Polish; Portuguese; Russian; Spanish; Turkish; Ukrainian; Vietnamese
gree_pozdrav_m_pal_soste__wVh5,9,"non-ASCII character(s) in English display | token(s) preserved across 3+ localized displays: soste, džal, baro, šero",,"Pal soste džal, baro šero?",soste; džal; baro; šero,Chineses; Chineset; Czech; French; German; Italian; Japanese; Korean; Polish; Portuguese; Russian; Spanish; Turkish; Ukrainian; Vietnamese
gree_pozdrav_m_schonen_ta_4rR6,11,"non-ASCII character(s) in English display | English reference/display differ | token(s) preserved across 3+ localized displays: Schönen, willst, mein, Herr | preserved token(s) also present in English reference","Schönen Tag, was willst du, mein Herr?","Schönen Tag! Was willst du, mein Herr?",Schönen; willst; mein; Herr,Chineses; Chineset; Czech; French; German; Italian; Japanese; Korean; Polish; Portuguese; Russian; Spanish; Turkish; Ukrainian; Vietnamese
gree_pozdrav_m_schonen_ta_jMPe,11,"non-ASCII character(s) in English display | English reference/display differ | token(s) preserved across 3+ localized displays: Schönen, willst, mein, Freund | preserved token(s) also present in English reference","Schönen Tag, was willst du, mein Freund?","Schönen Tag! Was willst du, mein Freund?",Schönen; willst; mein; Freund,Chineses; Chineset; Czech; French; German; Italian; Japanese; Korean; Polish; Portuguese; Russian; Spanish; Turkish; Ukrainian; Vietnamese
gree_pozdrav_m_servus_mei_EhCJ,11,"non-ASCII character(s) in English display | English reference/display differ | token(s) preserved across 3+ localized displays: Servus, mein, Freund, bist, betrunken, stimmt’s | preserved token(s) also present in English reference","Servus, mein Freund! Du bist betrunken, nicht wahr?","Servus, mein Freund! Du bist betrunken, stimmt’s?",Servus; mein; Freund; bist; betrunken; stimmt’s,Chineses; Chineset; Czech; French; German; Italian; Japanese; Korean; Polish; Portuguese; Russian; Spanish; Turkish; Ukrainian; Vietnamese
gree_pozdrav_m_servus_und_YMs9,10,"non-ASCII character(s) in English display | token(s) preserved across 3+ localized displays: Servus, fühle, dich, auch | preserved token(s) also present in English reference",Servus... und ich fühle dich auch!,Servus... und ich fühle dich auch!,Servus; fühle; dich; auch,Chineses; Chineset; Czech; French; German; Italian; Japanese; Korean; Polish; Portuguese; Russian; Spanish; Turkish; Ukrainian; Vietnamese
gree_pozdrav_m_servus_was_JJIJ,9,"non-ASCII character(s) in English display | English reference/display differ | token(s) preserved across 3+ localized displays: Servus, möchtest | preserved token(s) also present in English reference",Servus! Was soll es?,Servus! Was möchtest du?,Servus; möchtest,Chineses; Chineset; Czech; French; German; Italian; Japanese; Korean; Polish; Portuguese; Russian; Spanish; Turkish; Ukrainian; Vietnamese
gree_pozdrav_m_was_mochte_Nspi,10,"non-ASCII character(s) in English display | English reference/display differ | token(s) preserved across 3+ localized displays: möchtest, früh, Morgen | preserved token(s) also present in English reference",Was möchtest du morgens so?,Was möchtest du so früh am Morgen?,möchtest; früh; Morgen,Chineses; Chineset; Czech; French; German; Italian; Japanese; Korean; Polish; Portuguese; Russian; Spanish; Turkish; Ukrainian; Vietnamese
gree_pozdrav_m_was_willst_IKFw,11,"non-ASCII character(s) in English display | English reference/display differ | token(s) preserved across 3+ localized displays: darf’s, heute, Morgen, sein, Heinrich | preserved token(s) also present in English reference","Was willst du heute Morgen, Heinrich?","Was darf’s heute Morgen sein, Heinrich?",darf’s; heute; Morgen; sein; Heinrich,Chineses; Chineset; Czech; French; German; Italian; Japanese; Korean; Polish; Portuguese; Russian; Spanish; Turkish; Ukrainian; Vietnamese
gree_pozdrav_m_was_willst_QZOM,11,"non-ASCII character(s) in English display | English reference/display differ | token(s) preserved across 3+ localized displays: darf’s, heute, Morgen, sein | preserved token(s) also present in English reference",Was willst du heute Morgen?,Was darf’s heute Morgen sein?,darf’s; heute; Morgen; sein,Chineses; Chineset; Czech; French; German; Italian; Japanese; Korean; Polish; Portuguese; Russian; Spanish; Turkish; Ukrainian; Vietnamese
gree_pozdrav_m_willkommen_KJnB,10,"non-ASCII character(s) in English display | English reference/display differ | token(s) preserved across 3+ localized displays: Grüß, Gott, willst | preserved token(s) also present in English reference",Grüss Gott! Was willst du?,Grüß Gott! Was willst du?,Grüß; Gott; willst,Chineses; Chineset; Czech; French; German; Italian; Japanese; Korean; Polish; Portuguese; Russian; Spanish; Turkish; Ukrainian; Vietnamese
gree_pozdrav_n_du_hast_da_F1OR,11,"non-ASCII character(s) in English display | English reference/display differ | token(s) preserved across 3+ localized displays: hast, Kampf, gegen, Nüchternheit, wohl, gewonnen, Freund | preserved token(s) also present in English reference","!P Du hast das Match gewonnen mit Nüchternheit, mein Freund!","Du hast den Kampf gegen die Nüchternheit wohl gewonnen, Freund!",hast; Kampf; gegen; Nüchternheit; wohl; gewonnen; Freund,Chineses; Chineset; Czech; French; German; Italian; Japanese; Korean; Polish; Portuguese; Russian; Spanish; Turkish; Ukrainian; Vietnamese
gree_pozdrav_n_du_hast_da_QPDG,11,"non-ASCII character(s) in English display | English reference/display differ | token(s) preserved across 3+ localized displays: hast, deinen, Kampf, gegen, Nüchternheit, gewonnen, mein, Freund | preserved token(s) also present in English reference","!P Du hast das Match gewonnen mit Nüchternheit, mein Freund!","Du hast deinen Kampf gegen die Nüchternheit gewonnen, mein Freund!",hast; deinen; Kampf; gegen; Nüchternheit; gewonnen; mein; Freund,Chineses; Chineset; Czech; French; German; Italian; Japanese; Korean; Polish; Portuguese; Russian; Spanish; Turkish; Ukrainian; Vietnamese
gree_pozdrav_n_eh_mein_go_nBA6,9,"non-ASCII character(s) in English display | English reference/display differ | token(s) preserved across 3+ localized displays: Mein, Gott | preserved token(s) also present in English reference",!P Eh... Mein Gott?,Äh … Mein Gott?,Mein; Gott,Chineses; Chineset; Czech; French; German; Italian; Japanese; Korean; Polish; Portuguese; Russian; Spanish; Turkish; Ukrainian; Vietnamese
gree_pozdrav_n_eh_wasch_d_89RQ,11,"non-ASCII character(s) in English display | English reference/display differ | token(s) preserved across 3+ localized displays: Wasch, dich, siehst, schrecklich | preserved token(s) also present in English reference",!P Eh... Wasch dich! Du siehst schrecklich aus.,Äh … Wasch dich! Du siehst schrecklich aus.,Wasch; dich; siehst; schrecklich,Chineses; Chineset; Czech; French; German; Italian; Japanese; Korean; Polish; Portuguese; Russian; Spanish; Turkish; Ukrainian
gree_pozdrav_n_ein_bad_wu_V2Oj,9,"non-ASCII character(s) in English display | token(s) preserved across 3+ localized displays: würde, nicht, schaden | preserved token(s) also present in English reference",!P Ein Bad würde dir nicht schaden!,!P Ein Bad würde dir nicht schaden!,würde; nicht; schaden,Chineses; Chineset; Czech; French; German; Italian; Japanese; Korean; Polish; Portuguese; Russian; Spanish; Turkish; Ukrainian; Vietnamese
gree_pozdrav_n_ein_bad_wu_tbIp,9,"non-ASCII character(s) in English display | token(s) preserved across 3+ localized displays: würde, nicht, schaden | preserved token(s) also present in English reference",!P Ein Bad würde dir nicht schaden!,!P Ein Bad würde dir nicht schaden!,würde; nicht; schaden,Chineses; Chineset; Czech; French; German; Italian; Japanese; Korean; Polish; Portuguese; Russian; Spanish; Turkish; Ukrainian; Vietnamese
gree_pozdrav_n_gruss_du_s_Jdkc,10,"non-ASCII character(s) in English display | token(s) preserved across 3+ localized displays: Mein, Gott, stinkst, ziemlich, weißt | preserved token(s) also present in English reference","!P Mein Gott... Du stinkst ziemlich, weißt du das?","!P Mein Gott... Du stinkst ziemlich, weißt du das?",Mein; Gott; stinkst; ziemlich; weißt,Chineses; Chineset; Czech; French; German; Italian; Japanese; Korean; Polish; Portuguese; Russian; Spanish; Turkish; Ukrainian; Vietnamese
gree_pozdrav_n_gruss_gott_2pj0,10,"non-ASCII character(s) in English display | English reference/display differ | token(s) preserved across 3+ localized displays: Gott, Gruße, willst | preserved token(s) also present in English reference",!P Grüss Gott! Was willst du von mir?,Gott zum Gruße! Was willst du von mir?,Gott; Gruße; willst,Chineses; Chineset; Czech; French; German; Italian; Japanese; Korean; Polish; Portuguese; Russian; Spanish; Turkish; Ukrainian
gree_pozdrav_n_gruss_gott_O07K,10,"non-ASCII character(s) in English display | English reference/display differ | token(s) preserved across 3+ localized displays: Grüß, Gott, Freund | preserved token(s) also present in English reference","!P Grüss Gott, Mann!","Grüß Gott, Freund!",Grüß; Gott; Freund,Chineses; Chineset; Czech; French; German; Italian; Japanese; Korean; Polish; Portuguese; Russian; Spanish; Turkish; Ukrainian; Vietnamese
gree_pozdrav_n_gruss_gott_STTM,10,"non-ASCII character(s) in English display | English reference/display differ | token(s) preserved across 3+ localized displays: Grüß, Gott, Heinrich | preserved token(s) also present in English reference","!P Grüss Gott, Heinrich!","Grüß Gott, Heinrich!",Grüß; Gott; Heinrich,Chineses; Chineset; Czech; French; German; Italian; Japanese; Korean; Polish; Portuguese; Russian; Spanish; Turkish; Ukrainian; Vietnamese
gree_pozdrav_n_gruss_gott_elp7,9,"non-ASCII character(s) in English display | token(s) preserved across 3+ localized displays: Grüss, Gott, Mann | preserved token(s) also present in English reference","!P Grüss Gott, Mann!","!P Grüss Gott, Mann!",Grüss; Gott; Mann,Chineses; Chineset; Czech; French; German; Italian; Japanese; Korean; Polish; Portuguese; Russian; Spanish; Turkish; Ukrainian; Vietnamese
gree_pozdrav_n_gruss_gott_uNzk,10,"non-ASCII character(s) in English display | English reference/display differ | token(s) preserved across 3+ localized displays: Grüß, Gott, Heinrich | preserved token(s) also present in English reference","!P Grüss Gott, Heinrich!","Grüß Gott, Heinrich!",Grüß; Gott; Heinrich,Chineses; Chineset; Czech; French; German; Italian; Japanese; Korean; Polish; Portuguese; Russian; Spanish; Turkish; Ukrainian; Vietnamese
gree_pozdrav_n_guten_morg_6Alj,9,"non-ASCII character(s) in English display | English reference/display differ | token(s) preserved across 3+ localized displays: Guten, Morgen | preserved token(s) also present in English reference",!P Guten Morgen...,Guten Morgen …,Guten; Morgen,Chineses; Chineset; Czech; French; German; Italian; Japanese; Korean; Polish; Portuguese; Russian; Spanish; Turkish; Ukrainian; Vietnamese
gree_pozdrav_n_heh_warum__bPMW,11,"non-ASCII character(s) in English display | English reference/display differ | token(s) preserved across 3+ localized displays: Warum, bist, nackt, Mann | preserved token(s) also present in English reference","!P Heh... Warum bist du nackt, Mann?","He … Warum bist du nackt, Mann?",Warum; bist; nackt; Mann,Chineses; Chineset; Czech; French; German; Italian; Japanese; Korean; Polish; Portuguese; Russian; Spanish; Turkish; Ukrainian
gree_pozdrav_n_mein_freun_CF1i,11,"non-ASCII character(s) in English display | English reference/display differ | token(s) preserved across 3+ localized displays: Mein, Freund, Trunkenheit, eine, Sünde, Übertreibe, nicht | preserved token(s) also present in English reference","!P Mein Freund, Trunkenheit ist eine Sünde. Übertreibe es nicht!","Mein Freund, Trunkenheit ist eine Sünde. Übertreibe es nicht!",Mein; Freund; Trunkenheit; eine; Sünde; Übertreibe; nicht,Chineses; Chineset; Czech; French; German; Italian; Japanese; Korean; Polish; Portuguese; Russian; Spanish; Turkish; Ukrainian; Vietnamese
gree_pozdrav_n_mein_freun_dt9W,11,"non-ASCII character(s) in English display | English reference/display differ | token(s) preserved across 3+ localized displays: Mein, Freund, Trunkenheit, eine, Sünde, Übertreibe, nicht | preserved token(s) also present in English reference","!P Mein Freund, Trunkenheit ist eine Sünde. Übertreibe es nicht!","Mein Freund, Trunkenheit ist eine Sünde. Übertreibe es nicht!",Mein; Freund; Trunkenheit; eine; Sünde; Übertreibe; nicht,Chineses; Chineset; Czech; French; German; Italian; Japanese; Korean; Polish; Portuguese; Russian; Spanish; Turkish; Ukrainian; Vietnamese
gree_pozdrav_n_mein_gott__6zln,11,"non-ASCII character(s) in English display | English reference/display differ | token(s) preserved across 3+ localized displays: Mein, Gott, stinkst, ziemlich, weißt, Heinrich | preserved token(s) also present in English reference","!P Mein Gott... Du stinkst ziemlich, weißt du das, Heinrich?","Mein Gott ... Du stinkst ziemlich, weißt du das, Heinrich?",Mein; Gott; stinkst; ziemlich; weißt; Heinrich,Chineses; Chineset; Czech; French; German; Italian; Japanese; Korean; Polish; Portuguese; Russian; Spanish; Turkish; Ukrainian
gree_pozdrav_n_mein_gott__JSU5,10,"non-ASCII character(s) in English display | token(s) preserved across 3+ localized displays: Mein, Gott, Womit, belästigst, mich | preserved token(s) also present in English reference",!P Mein Gott! Womit belästigst du mich?,!P Mein Gott! Womit belästigst du mich?,Mein; Gott; Womit; belästigst; mich,Chineses; Chineset; Czech; French; German; Italian; Japanese; Korean; Polish; Portuguese; Russian; Spanish; Turkish; Ukrainian; Vietnamese
gree_pozdrav_n_mein_gott__ZTEc,11,"non-ASCII character(s) in English display | English reference/display differ | token(s) preserved across 3+ localized displays: Mein, Gott, stinkst, ganz, schön, Weißt, Heinrich | preserved token(s) also present in English reference","!P Mein Gott... Du stinkst ziemlich, weißt du das, Heinrich?","Mein Gott … Du stinkst ganz schön. Weißt du das, Heinrich?",Mein; Gott; stinkst; ganz; schön; Weißt; Heinrich,Chineses; Chineset; Czech; French; German; Italian; Japanese; Korean; Polish; Portuguese; Russian; Spanish; Turkish; Ukrainian; Vietnamese
gree_pozdrav_n_mein_gott__fgHV,10,"non-ASCII character(s) in English display | token(s) preserved across 3+ localized displays: Mein, Gott, stinkst, ziemlich, weißt | preserved token(s) also present in English reference","!P Mein Gott... Du stinkst ziemlich, weißt du das?","!P Mein Gott... Du stinkst ziemlich, weißt du das?",Mein; Gott; stinkst; ziemlich; weißt,Chineses; Chineset; Czech; French; German; Italian; Japanese; Korean; Polish; Portuguese; Russian; Spanish; Turkish; Ukrainian; Vietnamese
gree_pozdrav_n_mein_gott__fs7H,10,"non-ASCII character(s) in English display | token(s) preserved across 3+ localized displays: Mein, Gott, Womit, belästigst, mich | preserved token(s) also present in English reference",!P Mein Gott! Womit belästigst du mich?,!P Mein Gott! Womit belästigst du mich?,Mein; Gott; Womit; belästigst; mich,Chineses; Chineset; Czech; French; German; Italian; Japanese; Korean; Polish; Portuguese; Russian; Spanish; Turkish; Ukrainian; Vietnamese
gree_pozdrav_n_mein_gott__pqL5,11,"non-ASCII character(s) in English display | English reference/display differ | token(s) preserved across 3+ localized displays: Mein, Gott, siehst, furchtbar, Mann | preserved token(s) also present in English reference","!P Mein Gott... Du siehst furchtbar aus, Mann!","Mein Gott … Du siehst furchtbar aus, Mann!",Mein; Gott; siehst; furchtbar; Mann,Chineses; Chineset; Czech; French; German; Italian; Japanese; Korean; Polish; Portuguese; Russian; Spanish; Turkish; Ukrainian; Vietnamese
gree_pozdrav_n_oh_was_wil_jRh3,9,"non-ASCII character(s) in English display | English reference/display differ | token(s) preserved across 3+ localized displays: willst, Bettler | preserved token(s) also present in English reference","!P Oh... Was willst du von mir, du Bettler?!","Oh … Was willst du von mir, du Bettler?!",willst; Bettler,Chineses; Chineset; Czech; French; German; Italian; Japanese; Korean; Polish; Portuguese; Russian; Spanish; Turkish; Ukrainian; Vietnamese
gree_pozdrav_n_servus_mann_9uX4,9,"non-ASCII character(s) in English display | English reference/display differ | token(s) preserved across 3+ localized displays: Grüß, dich | preserved token(s) also present in English reference",!P Gruss dich!,Grüß dich!,Grüß; dich,Chineses; Chineset; Czech; French; German; Italian; Korean; Polish; Portuguese; Russian; Spanish; Turkish; Ukrainian; Vietnamese
gree_pozdrav_n_servus_und_d5dJ,11,"non-ASCII character(s) in English display | English reference/display differ | token(s) preserved across 3+ localized displays: Servus, Habe, dich, schon, Weitem, gerochen | preserved token(s) also present in English reference",!P Servus... und ich fühle dich auch!,Servus … Habe dich schon von Weitem gerochen!,Servus; Habe; dich; schon; Weitem; gerochen,Chineses; Chineset; Czech; French; German; Italian; Japanese; Korean; Polish; Portuguese; Russian; Spanish; Turkish; Ukrainian; Vietnamese
gree_pozdrav_z_aaah_laso__Kmpm,9,"non-ASCII character(s) in English display | token(s) preserved across 3+ localized displays: Áááh, Lášo, dějs, Dejl",,Áááh... Lášo dějs te del o Dejl!,Áááh; Lášo; dějs; Dejl,Chineses; Chineset; Czech; French; German; Italian; Japanese; Korean; Polish; Portuguese; Russian; Spanish; Turkish; Ukrainian; Vietnamese
gree_pozdrav_z_devla_miro_bTVW,9,"non-ASCII character(s) in English display | token(s) preserved across 3+ localized displays: Devla, miro, rodes, gadžo",,"Devla miro! So rodes, gadžo?",Devla; miro; rodes; gadžo,Chineses; Chineset; Czech; French; German; Italian; Japanese; Korean; Polish; Portuguese; Russian; Spanish; Turkish; Ukrainian; Vietnamese
gree_pozdrav_z_du_stinkst_Y90Z,9,"non-ASCII character(s) in English display | token(s) preserved across 3+ localized displays: stinkst, ziemlich, weißt | preserved token(s) also present in English reference","!P Du stinkst ziemlich, weißt du das?","!P Du stinkst ziemlich, weißt du das?",stinkst; ziemlich; weißt,Chineses; Chineset; Czech; French; German; Italian; Japanese; Korean; Polish; Portuguese; Russian; Spanish; Turkish; Ukrainian; Vietnamese
gree_pozdrav_z_eh_wasch_d_uq6G,11,"non-ASCII character(s) in English display | English reference/display differ | token(s) preserved across 3+ localized displays: Wasch, dich, siehst, schrecklich | preserved token(s) also present in English reference",!P Eh... Wasch dich! Du siehst schrecklich aus.,Äh … Wasch dich! Du siehst schrecklich aus.,Wasch; dich; siehst; schrecklich,Chineses; Chineset; Czech; French; German; Italian; Japanese; Korean; Polish; Portuguese; Russian; Spanish; Turkish; Ukrainian; Vietnamese
gree_pozdrav_z_ein_bad_wu_ruHk,11,"non-ASCII character(s) in English display | English reference/display differ | token(s) preserved across 3+ localized displays: würde, nicht, schaden, Schmutzfink | preserved token(s) also present in English reference","!P Ein Bad würde dir nicht schaden, Schmutzer!","Ein Bad würde dir nicht schaden, du Schmutzfink!",würde; nicht; schaden; Schmutzfink,Chineses; Chineset; Czech; French; German; Italian; Japanese; Korean; Polish; Portuguese; Russian; Spanish; Turkish; Ukrainian; Vietnamese
gree_pozdrav_z_es_ist_ein_mw8y,11,"non-ASCII character(s) in English display | English reference/display differ | token(s) preserved across 3+ localized displays: eine, Sünde, hier, nacktem, Hintern, herumzulaufen, mein, Freund | preserved token(s) also present in English reference","!P Es ist eine Sünde, hier mit nacktem Arsch herumzulaufen, mein Freund!","Es ist eine Sünde, hier mit nacktem Hintern herumzulaufen, mein Freund!",eine; Sünde; hier; nacktem; Hintern; herumzulaufen; mein; Freund,Chineses; Chineset; Czech; French; German; Italian; Japanese; Korean; Polish; Portuguese; Russian; Spanish; Turkish; Ukrainian; Vietnamese
gree_pozdrav_z_gru_dich_a_pT7X,11,"non-ASCII character(s) in English display | English reference/display differ | token(s) preserved across 3+ localized displays: Grüß, dich, aber, bist, voller, Blut | preserved token(s) also present in English reference",!P Grüß dich... aber du bist voller Blut!,Grüß dich … aber du bist ja voller Blut!,Grüß; dich; aber; bist; voller; Blut,Chineses; Chineset; Czech; French; German; Italian; Korean; Polish; Portuguese; Russian; Spanish; Turkish; Ukrainian; Vietnamese
gree_pozdrav_z_gru_dich_e_leqY,9,"non-ASCII character(s) in English display | English reference/display differ | token(s) preserved across 3+ localized displays: Grüß, dich | preserved token(s) also present in English reference",!P Grüss dich!,Grüß dich!,Grüß; dich,Chineses; Chineset; Czech; French; German; Italian; Korean; Polish; Portuguese; Russian; Spanish; Turkish; Ukrainian; Vietnamese
gree_pozdrav_z_gru_dich_w_Qobd,11,"non-ASCII character(s) in English display | English reference/display differ | token(s) preserved across 3+ localized displays: Grüß, dich, kann, helfen | preserved token(s) also present in English reference",!P Grüß dich! Wie kann ich dir helfen?,Grüß dich! Wie kann ich dir helfen?,Grüß; dich; kann; helfen,Chineses; Chineset; Czech; French; German; Italian; Korean; Polish; Portuguese; Russian; Spanish; Turkish; Ukrainian; Vietnamese
gree_pozdrav_z_gru_dich_w_Sxr5,11,"non-ASCII character(s) in English display | English reference/display differ | token(s) preserved across 3+ localized displays: Grüß, dich, willst, denn, nachts, noch | preserved token(s) also present in English reference",!P Grüß dich! Was willst du nachts so?,Grüß dich! Was willst du denn nachts noch?,Grüß; dich; willst; denn; nachts; noch,Chineses; Chineset; Czech; French; German; Italian; Korean; Polish; Portuguese; Russian; Spanish; Turkish; Ukrainian; Vietnamese
gree_pozdrav_z_gru_dich_w_Yzz2,9,"non-ASCII character(s) in English display | token(s) preserved across 3+ localized displays: Grüß, dich, wünschst | preserved token(s) also present in English reference",!P Grüß dich! Was wünschst du?,!P Grüß dich! Was wünschst du?,Grüß; dich; wünschst,Chineses; Chineset; Czech; French; German; Italian; Japanese; Korean; Polish; Portuguese; Russian; Spanish; Turkish; Ukrainian; Vietnamese
gree_pozdrav_z_gru_dich_w_oouZ,11,"non-ASCII character(s) in English display | English reference/display differ | token(s) preserved across 3+ localized displays: Grüß, dich, kann, helfen, mein, Freund | preserved token(s) also present in English reference","!P Grüß dich! Wie kann ich dir helfen, mein Freund?","Grüß dich! Wie kann ich dir helfen, mein Freund?",Grüß; dich; kann; helfen; mein; Freund,Chineses; Chineset; Czech; French; German; Italian; Korean; Polish; Portuguese; Russian; Spanish; Turkish; Ukrainian; Vietnamese
gree_pozdrav_z_gru_dich_w_scax,10,"non-ASCII character(s) in English display | token(s) preserved across 3+ localized displays: Grüß, dich, kann, helfen, mein, Herr | preserved token(s) also present in English reference","!P Grüß dich! Wie kann ich dir helfen, mein Herr?","!P Grüß dich! Wie kann ich dir helfen, mein Herr?",Grüß; dich; kann; helfen; mein; Herr,Chineses; Chineset; Czech; French; German; Italian; Japanese; Korean; Polish; Portuguese; Russian; Spanish; Turkish; Ukrainian; Vietnamese
gree_pozdrav_z_gru_du_sti_xSF4,11,"non-ASCII character(s) in English display | English reference/display differ | token(s) preserved across 3+ localized displays: Grüße, stinkst, ziemlich, weißt | preserved token(s) also present in English reference","!P Gruss... Du stinkst ziemlich, weißt du das?","Grüße … Du stinkst ziemlich, weißt du das?",Grüße; stinkst; ziemlich; weißt,Chineses; Chineset; Czech; French; German; Italian; Japanese; Korean; Polish; Portuguese; Russian; Spanish; Turkish; Ukrainian; Vietnamese
gree_pozdrav_z_gru_gott_w_1JKA,11,"non-ASCII character(s) in English display | English reference/display differ | token(s) preserved across 3+ localized displays: Grüß, Gott, brauchst, mein, Freund | preserved token(s) also present in English reference","!P Grüß Gott! Was du brauchst, mein Freund?","Grüß Gott! Was brauchst du, mein Freund?",Grüß; Gott; brauchst; mein; Freund,Chineses; Chineset; Czech; French; German; Italian; Japanese; Korean; Polish; Portuguese; Russian; Spanish; Turkish; Ukrainian; Vietnamese
gree_pozdrav_z_gru_gott_w_3QeF,11,"non-ASCII character(s) in English display | English reference/display differ | token(s) preserved across 3+ localized displays: Grüß, Gott, brauchst, Heinrich | preserved token(s) also present in English reference","!P Grüß Gott! Was du brauchst, Heinrich?","Grüß Gott! Was du brauchst, Heinrich?",Grüß; Gott; brauchst; Heinrich,Chineses; Chineset; Czech; French; German; Italian; Japanese; Korean; Polish; Portuguese; Russian; Spanish; Turkish; Ukrainian; Vietnamese
gree_pozdrav_z_gru_gott_w_FxYm,11,"non-ASCII character(s) in English display | English reference/display differ | token(s) preserved across 3+ localized displays: Grüß, Gott, brauchen, mein, Herr | preserved token(s) also present in English reference","!P Grüß Gott! Was du brauchst, mein Herr?","Grüß Gott! Was brauchen Sie, mein Herr?",Grüß; Gott; brauchen; mein; Herr,Chineses; Chineset; Czech; French; German; Italian; Japanese; Korean; Polish; Portuguese; Russian; Spanish; Turkish; Ukrainian; Vietnamese
gree_pozdrav_z_gru_gott_w_JdBW,9,"non-ASCII character(s) in English display | token(s) preserved across 3+ localized displays: Grüß, Gott, brauchst | preserved token(s) also present in English reference",!P Grüß Gott! Was du brauchst?,!P Grüß Gott! Was du brauchst?,Grüß; Gott; brauchst,Chineses; Chineset; Czech; French; German; Italian; Japanese; Korean; Polish; Portuguese; Russian; Spanish; Turkish; Ukrainian; Vietnamese
gree_pozdrav_z_gru_gott_w_k8Ur,11,"non-ASCII character(s) in English display | English reference/display differ | token(s) preserved across 3+ localized displays: Grüß, Gott, willst, denn, nachts, noch | preserved token(s) also present in English reference",!P Grüß Gott! Was willst du nachts so?,Grüß Gott! Was willst du denn nachts noch?,Grüß; Gott; willst; denn; nachts; noch,Chineses; Chineset; Czech; French; German; Italian; Japanese; Korean; Polish; Portuguese; Russian; Spanish; Turkish; Ukrainian; Vietnamese
gree_pozdrav_z_gut_pracht_LYzL,9,"non-ASCII character(s) in English display | token(s) preserved across 3+ localized displays: prächtig, mein, Freund | preserved token(s) also present in English reference","!P Gut, prächtig, mein Freund.","!P Gut, prächtig, mein Freund.",prächtig; mein; Freund,Chineses; Chineset; Czech; French; German; Italian; Japanese; Korean; Polish; Portuguese; Russian; Spanish; Turkish; Ukrainian; Vietnamese
gree_pozdrav_z_heh_warum__432V,11,"non-ASCII character(s) in English display | English reference/display differ | token(s) preserved across 3+ localized displays: Warum, bist, nackt, mein, Freund | preserved token(s) also present in English reference","!P Heh... Warum bist du nackt, mein Freund?","Ha … Warum bist du nackt, mein Freund?",Warum; bist; nackt; mein; Freund,Chineses; Chineset; Czech; French; German; Italian; Japanese; Korean; Polish; Portuguese; Russian; Spanish; Turkish; Ukrainian; Vietnamese
gree_pozdrav_z_kames_vare_94Zj,9,"non-ASCII character(s) in English display | token(s) preserved across 3+ localized displays: Kames, vareso, Andre, džas, dilino",,"Kames vareso? Andre bul te džas, dilino!",Kames; vareso; Andre; džas; dilino,Chineses; Chineset; Czech; French; German; Italian; Japanese; Korean; Polish; Portuguese; Russian; Spanish; Turkish; Ukrainian; Vietnamese
gree_pozdrav_z_mein_freun_XHAj,11,"non-ASCII character(s) in English display | English reference/display differ | token(s) preserved across 3+ localized displays: Mein, Freund, wäre, jetzt, auch, gerne, betrunken | preserved token(s) also present in English reference","!P Mein Freund, ich beneide dich total um deine Trunkenheit.","Mein Freund, ich wäre jetzt auch gerne betrunken.",Mein; Freund; wäre; jetzt; auch; gerne; betrunken,Chineses; Chineset; Czech; French; German; Italian; Japanese; Korean; Polish; Portuguese; Russian; Spanish; Turkish; Ukrainian; Vietnamese
gree_pozdrav_z_mein_freun_nNlA,11,"non-ASCII character(s) in English display | English reference/display differ | token(s) preserved across 3+ localized displays: Mein, Freund, Trunkenheit, eine, Sünde, Übertreibe, nicht | preserved token(s) also present in English reference","!P Mein Freund, Trunkenheit ist eine Sünde. Übertreibe es nicht!","Mein Freund, Trunkenheit ist eine Sünde. Übertreibe es nicht!",Mein; Freund; Trunkenheit; eine; Sünde; Übertreibe; nicht,Chineses; Chineset; Czech; French; German; Italian; Japanese; Korean; Polish; Portuguese; Russian; Spanish; Turkish; Ukrainian; Vietnamese
gree_pozdrav_z_schon_hein_taJT,10,"non-ASCII character(s) in English display | token(s) preserved across 3+ localized displays: Schön, Heinrich, schön, hast, getrunken, nicht, wahr | preserved token(s) also present in English reference","!P Schön Heinrich, schön! Du hast getrunken, nicht wahr?","!P Schön Heinrich, schön! Du hast getrunken, nicht wahr?",Schön; Heinrich; schön; hast; getrunken; nicht; wahr,Chineses; Chineset; Czech; French; German; Italian; Japanese; Korean; Polish; Portuguese; Russian; Spanish; Turkish; Ukrainian; Vietnamese
gree_pozdrav_z_schonen_ta_JWHT,10,"non-ASCII character(s) in English display | token(s) preserved across 3+ localized displays: Schönen, willst, mein, Herr | preserved token(s) also present in English reference","!P Schönen Tag, was willst du, mein Herr?","!P Schönen Tag, was willst du, mein Herr?",Schönen; willst; mein; Herr,Chineses; Chineset; Czech; French; German; Italian; Japanese; Korean; Polish; Portuguese; Russian; Spanish; Turkish; Ukrainian; Vietnamese
gree_pozdrav_z_schonen_ta_Kvm0,10,"non-ASCII character(s) in English display | token(s) preserved across 3+ localized displays: Schönen, willst, mein, Freund | preserved token(s) also present in English reference","!P Schönen Tag, was willst du, mein Freund?","!P Schönen Tag, was willst du, mein Freund?",Schönen; willst; mein; Freund,Chineses; Chineset; Czech; French; German; Italian; Japanese; Korean; Polish; Portuguese; Russian; Spanish; Turkish; Ukrainian; Vietnamese
gree_pozdrav_z_servus_mei_l2Vs,11,"non-ASCII character(s) in English display | English reference/display differ | token(s) preserved across 3+ localized displays: Servus, mein, Freund, bist, betrunken, stimmt’s | preserved token(s) also present in English reference","!P Servus, mein Freund! Du bist betrunken, nicht wahr?","Servus, mein Freund! Du bist betrunken, stimmt’s?",Servus; mein; Freund; bist; betrunken; stimmt’s,Chineses; Chineset; Czech; French; German; Italian; Japanese; Korean; Polish; Portuguese; Russian; Spanish; Turkish; Ukrainian; Vietnamese
gree_pozdrav_z_servus_und_guyD,10,"non-ASCII character(s) in English display | token(s) preserved across 3+ localized displays: Servus, fühle, dich, auch | preserved token(s) also present in English reference",!P Servus... und ich fühle dich auch!,!P Servus... und ich fühle dich auch!,Servus; fühle; dich; auch,Chineses; Chineset; Czech; French; German; Italian; Japanese; Korean; Polish; Portuguese; Russian; Spanish; Turkish; Ukrainian; Vietnamese
gree_pozdrav_z_was_willst_nbUG,9,"non-ASCII character(s) in English display | English reference/display differ | token(s) preserved across 3+ localized displays: willst, Säufer | preserved token(s) also present in English reference",!P Was willst du betrunken?,"Was willst du, du Säufer?",willst; Säufer,Chineses; Chineset; Czech; French; German; Italian; Japanese; Korean; Polish; Portuguese; Russian; Spanish; Turkish; Ukrainian; Vietnamese
gree_pozdrav_z_willkommen_Qq3c,10,"non-ASCII character(s) in English display | English reference/display differ | token(s) preserved across 3+ localized displays: Grüß, Gott, willst | preserved token(s) also present in English reference",!P Grüss Gott! Was willst du?,Grüß Gott! Was willst du?,Grüß; Gott; willst,Chineses; Chineset; Czech; French; German; Italian; Japanese; Korean; Polish; Portuguese; Russian; Spanish; Turkish; Ukrainian; Vietnamese
hadk_event_rva_cumim_jak__7iTJ,10,"non-ASCII character(s) in English display | token(s) preserved across 3+ localized displays: nézem, milyen, ocsmány, vagy, Ilyet, minden, ember | preserved token(s) also present in English reference","Azt nézem, milyen ocsmány vagy... Ilyet nem minden nap lát az ember!","Azt nézem, milyen ocsmány vagy... Ilyet nem minden nap lát az ember!",nézem; milyen; ocsmány; vagy; Ilyet; minden; ember,Chineses; Chineset; Czech; French; German; Italian; Polish; Portuguese; Russian; Spanish; Turkish; Ukrainian; Vietnamese
hadk_event_rva_delej_tak__unaj,9,"non-ASCII character(s) in English display | token(s) preserved across 3+ localized displays: Gyerünk, gyere, mersz | preserved token(s) also present in English reference","Gyerünk, gyere, ha mersz!","Gyerünk, gyere, ha mersz!",Gyerünk; gyere; mersz,Chineses; Chineset; Czech; French; German; Italian; Polish; Portuguese; Russian; Spanish; Turkish; Ukrainian; Vietnamese
hadk_event_rva_naposledy__r2eq,11,"non-ASCII character(s) in English display | English reference/display differ | token(s) preserved across 3+ localized displays: Utoljára, mondom, bámulj, húzz, anyádba | preserved token(s) also present in English reference","Utoljára mondom, ne bámulj, és húzz az anyádba.","Utoljára mondom, ne bámulj, és húzz az anyádba!",Utoljára; mondom; bámulj; húzz; anyádba,Chineses; Chineset; Czech; French; German; Italian; Polish; Portuguese; Russian; Spanish; Turkish; Ukrainian; Vietnamese
hadk_event_rva_nemluv_na__y2hg,10,"non-ASCII character(s) in English display | token(s) preserved across 3+ localized displays: pofázz, nekem, büdös, szád | preserved token(s) also present in English reference","Ne pofázz nekem, büdös a szád!","Ne pofázz nekem, büdös a szád!",pofázz; nekem; büdös; szád,Chineses; Chineset; Czech; French; German; Italian; Polish; Portuguese; Russian; Spanish; Turkish; Ukrainian; Vietnamese
hand_konsky_ha_jo_jo_tos__2Rcj,11,"non-ASCII character(s) in English display | English reference/display differ | token(s) preserved across 3+ localized displays: Stoia, Mondra, Micul, Sigismund | preserved token(s) also present in English reference","I am boyar Stoia of Mondra, and my brother Micul and I have been commisioned by Emperor Sigismund…","I am boyar Stoia of Mondra, and my brother Micul and I have been commissioned by King Sigismund…",Stoia; Mondra; Micul; Sigismund,French; German; Italian; Portuguese; Spanish; Turkish; Vietnamese
hanu_ptacek_a_po_ty_svatb_pvoM,9,"non-ASCII character(s) in English display | English reference/display differ | token(s) preserved across 3+ localized displays: Rattay, Pirkstein | preserved token(s) also present in English reference","And after the wedding you'll hand over everything to me? Rattay, Pirkstein…","And after the wedding you'll hand over everything to me! Rattay, Pirkstein…",Rattay; Pirkstein,French; German; Italian; Portuguese; Turkish; Vietnamese
henr_arne_nemec_so_schmah_KZ4B,9,"non-ASCII character(s) in English display | English reference/display differ | token(s) preserved across 3+ localized displays: eine, Schande | preserved token(s) also present in English reference",Die Schande davon!,Was für eine Schande!,eine; Schande,Chineses; Chineset; Czech; French; German; Italian; Korean; Polish; Portuguese; Russian; Spanish; Turkish; Ukrainian; Vietnamese
henr_hlidajici_amit_akars_BSdR,10,"non-ASCII character(s) in English display | English reference/display differ | token(s) preserved across 3+ localized displays: akarsz, Hagyj, békén | preserved token(s) also present in English reference",!P Amit akarsz? Ne fáradj.,Mit akarsz? Hagyj békén!,akarsz; Hagyj; békén,Chineses; Chineset; Czech; French; German; Italian; Korean; Polish; Portuguese; Russian; Spanish; Turkish; Ukrainian; Vietnamese
henr_hlidajici_nem_tudom__gtT2,10,"non-ASCII character(s) in English display | English reference/display differ | token(s) preserved across 3+ localized displays: tudom, Hagyj, békén | preserved token(s) also present in English reference","!P Nem tudom, hol van. Hagyjon békén.","Nem tudom, hol van. Hagyj békén!",tudom; Hagyj; békén,Chineses; Chineset; Czech; French; German; Italian; Korean; Polish; Portuguese; Russian; Spanish; Turkish; Ukrainian; Vietnamese
henr_jasak_csak_mondd_meg_wPXe,11,"non-ASCII character(s) in English display | English reference/display differ | token(s) preserved across 3+ localized displays: Csak, mondd, neki, hogy, szép, tetszik, nekem | preserved token(s) also present in English reference","!P Csak mondd meg neki, hogy csinos, és tetszem neki!","Csak mondd meg neki, hogy szép, és hogy tetszik nekem!",Csak; mondd; neki; hogy; szép; tetszik; nekem,Chineses; Chineset; Czech; French; German; Italian; Korean; Polish; Portuguese; Russian; Spanish; Turkish; Ukrainian; Vietnamese
henr_jasak_he_megmutatom_uRrg,10,"non-ASCII character(s) in English display | English reference/display differ | token(s) preserved across 3+ localized displays: Majd, megmutatom, neked | preserved token(s) also present in English reference",!P Hé! Megmutatom!,Hé! Majd én megmutatom neked!,Majd; megmutatom; neked,Chineses; Chineset; Czech; French; German; Italian; Korean; Polish; Portuguese; Russian; Spanish; Turkish; Ukrainian; Vietnamese
henr_jasak_miert_ertettem_dBQy,11,"non-ASCII character(s) in English display | English reference/display differ | token(s) preserved across 3+ localized displays: Miért, egyeztem, bele, ebbe | preserved token(s) also present in English reference",!P Miért egyeztem bele ebbe…,Miért egyeztem bele ebbe…,Miért; egyeztem; bele; ebbe,Chineses; Chineset; Czech; French; German; Italian; Korean; Polish; Portuguese; Russian; Spanish; Turkish; Ukrainian; Vietnamese
henr_jasak_nem_csinaltal__LG1l,11,"non-ASCII character(s) in English display | English reference/display differ | token(s) preserved across 3+ localized displays: Csak, mondtál, neki, valami, hülyeséget, várj, csak | preserved token(s) also present in English reference",!P Nem csináltál vele valami hülyeséget? Csak várj!,"Csak nem mondtál neki valami hülyeséget? No, várj csak!",Csak; mondtál; neki; valami; hülyeséget; várj; csak,Chineses; Chineset; Czech; French; German; Italian; Korean; Polish; Portuguese; Russian; Spanish; Turkish; Ukrainian; Vietnamese
henr_jasak_varj_hova_mesz_Rgbo,10,"non-ASCII character(s) in English display | English reference/display differ | token(s) preserved across 3+ localized displays: Várj, hova, mész | preserved token(s) also present in English reference","!P Várj, hova mész?","Várj, hova mész?",Várj; hova; mész,Chineses; Chineset; Czech; French; German; Italian; Korean; Polish; Portuguese; Russian; Spanish; Turkish; Ukrainian; Vietnamese
henr_kuman_v_t_ez_orulet__1Knu,9,"non-ASCII character(s) in English display | English reference/display differ | token(s) preserved across 3+ localized displays: őrült, fulladni | preserved token(s) also present in English reference",Ez őrület! Meg fog fulladni!,Ez egy őrült! Meg fog fulladni!,őrült; fulladni,Chineses; Chineset; Czech; French; German; Italian; Korean; Polish; Portuguese; Russian; Spanish; Turkish; Ukrainian; Vietnamese
henr_kurtizana_kaj_tuke_o_CzBV,9,"non-ASCII character(s) in English display | English reference/display differ | token(s) preserved across 3+ localized displays: tuke, kirňol | preserved token(s) also present in English reference",!T Kaj tuke o kar te kirňol!,Kaj tuke o kar te kirňol!,tuke; kirňol,Chineses; Chineset; Czech; French; German; Italian; Japanese; Korean; Polish; Portuguese; Russian; Spanish; Turkish; Ukrainian; Vietnamese
henr_menhart_z_bydlime_ve_VDEs,11,"non-ASCII character(s) in English display | English reference/display differ | token(s) preserved across 3+ localized displays: Schenke, Kaiser, Karl, Straße | preserved token(s) also present in English reference","!P We are lodging in the Kaiser Karl, not far from here on Kupecka Strasse.","We are lodging in the Schenke Kaiser Karl, not far from here on Merchants' Straße.",Schenke; Kaiser; Karl; Straße,Chineses; Chineset; Czech; French; German; Italian; Polish; Portuguese; Russian; Spanish; Turkish; Ukrainian; Vietnamese
henr_menhart_z_ja_jsem_bu_9ArC,10,"non-ASCII character(s) in English display | token(s) preserved across 3+ localized displays: Bürger, Freie, Reichstadt, Frankfurt, Meister, Schwertes | preserved token(s) also present in English reference",I am a Bürger from the Freie Reichstadt of Frankfurt! And a known Meister des Schwertes!,I am a Bürger from the Freie Reichstadt of Frankfurt! And a known Meister des Schwertes!,Bürger; Freie; Reichstadt; Frankfurt; Meister; Schwertes,Chineses; Chineset; Czech; French; German; Italian; Korean; Polish; Portuguese; Russian; Spanish; Turkish; Ukrainian; Vietnamese
henr_menhart_z_muj_herr_j_PtOo,9,"non-ASCII character(s) in English display | token(s) preserved across 3+ localized displays: Kaiser, böhmischer, bürger | preserved token(s) also present in English reference","My master is the Imperial Kaiser himself, not some böhmischer bürger!","My master is the Imperial Kaiser himself, not some böhmischer bürger!",Kaiser; böhmischer; bürger,Chineses; Chineset; Czech; French; German; Italian; Polish; Portuguese; Russian; Spanish; Turkish; Ukrainian
herm_rudokupec_komm_morge_Gt1P,10,"non-ASCII character(s) in English display | English reference/display differ | token(s) preserved across 3+ localized displays: Komm, morgen, früh | preserved token(s) also present in English reference",!P Komm morgen früh...,Komm morgen früh...,Komm; morgen; früh,Chineses; Chineset; Czech; French; German; Italian; Japanese; Korean; Polish; Portuguese; Russian; Spanish; Turkish; Ukrainian; Vietnamese
hero_taborovy__nakonec_vs_Ha1W,10,"non-ASCII character(s) in English display | English reference/display differ | token(s) preserved across 3+ localized displays: Henry, Jezhek, Holohlavy | preserved token(s) also present in English reference",…but in the end he defended his honour against Henry and Lord Jezek of Holohlav and emerged the winner.,…but in the end he defended his honour against Henry and Lord Jezhek of Holohlavy and emerged the winner.,Henry; Jezhek; Holohlavy,French; German; Italian; Portuguese; Spanish; Turkish; Vietnamese
hero_taborovy__urozeny_pa_CWTA,9,"non-ASCII character(s) in English display | token(s) preserved across 3+ localized displays: noble, Zavish, Garbow | preserved token(s) also present in English reference",The noble Lord Zavish of Garbow faltered for a moment…,The noble Lord Zavish of Garbow faltered for a moment…,noble; Zavish; Garbow,French; German; Italian; Portuguese; Spanish; Turkish; Vietnamese
hled_npc_hleda_taky_hleda_Lqrx,9,"non-ASCII character(s) in English display | English reference/display differ | token(s) preserved across 3+ localized displays: Nashti, nashlyol | preserved token(s) also present in English reference",!T Are you also looking for the shooter? Nashti nashlyol…,Are you also looking for the shooter? Nashti nashlyol…,Nashti; nashlyol,Chineset; French; German; Italian; Korean; Portuguese; Russian; Spanish; Turkish; Ukrainian; Vietnamese
hlid_hlidajici_azt_mondta_MTq2,10,"non-ASCII character(s) in English display | English reference/display differ | token(s) preserved across 3+ localized displays: mondtam, hagyj, békén | preserved token(s) also present in English reference",!P Azt mondtam hagyj békén.,Azt mondtam hagyj békén.,mondtam; hagyj; békén,Chineses; Chineset; Czech; French; German; Italian; Korean; Polish; Portuguese; Russian; Spanish; Turkish; Ukrainian; Vietnamese
horn_pozdrav_h_gluck_auf__WUjB,9,"non-ASCII character(s) in English display | English reference/display differ | token(s) preserved across 3+ localized displays: Glück, Freund | preserved token(s) also present in English reference","!P Glück auf, Mann!","Glück auf, Freund!",Glück; Freund,Chineses; Chineset; Czech; French; German; Italian; Japanese; Korean; Polish; Portuguese; Russian; Spanish; Turkish; Ukrainian; Vietnamese
horn_pozdrav_h_gluckauf_h_yu4f,9,"non-ASCII character(s) in English display | English reference/display differ | token(s) preserved across 3+ localized displays: Glück, Heinrich | preserved token(s) also present in English reference","!P Glückauf, Heinrich!","Glück auf, Heinrich!",Glück; Heinrich,Chineses; Chineset; Czech; French; German; Italian; Japanese; Korean; Polish; Portuguese; Russian; Spanish; Ukrainian; Vietnamese
horn_pozdrav_h_gruss_gott_kZMq,10,"non-ASCII character(s) in English display | English reference/display differ | token(s) preserved across 3+ localized displays: Grüß, Gott, Freund | preserved token(s) also present in English reference","!P Grüss Gott, Mann!","Grüß Gott, Freund!",Grüß; Gott; Freund,Chineses; Chineset; Czech; French; German; Italian; Japanese; Korean; Polish; Portuguese; Russian; Spanish; Turkish; Ukrainian; Vietnamese
hosp_hospodska_austrinken_Jh1h,11,"non-ASCII character(s) in English display | English reference/display differ | token(s) preserved across 3+ localized displays: Austrinken, Leute, schließe, heute | preserved token(s) also present in English reference",Austrinken Liute! Austrinken! Ich schliesse heute!,"Austrinken, Leute! Austrinken! Ich schließe für heute!",Austrinken; Leute; schließe; heute,Chineses; Chineset; Czech; French; German; Italian; Japanese; Korean; Polish; Portuguese; Russian; Spanish; Turkish; Ukrainian; Vietnamese
hosp_hospodska_bitte_schon_R0ox,9,"non-ASCII character(s) in English display | English reference/display differ | token(s) preserved across 3+ localized displays: Bitte, schön | preserved token(s) also present in English reference",!P Bitte schön.,Bitte schön.,Bitte; schön,Chineses; Chineset; Czech; French; German; Italian; Japanese; Korean; Polish; Portuguese; Russian; Spanish; Turkish; Ukrainian; Vietnamese
hosp_hospodska_das_sieht__ANUB,10,"non-ASCII character(s) in English display | English reference/display differ | token(s) preserved across 3+ localized displays: sieht, nicht, schlimm | preserved token(s) also present in English reference",!P Das sieht gar nicht so schlimm aus...,Das sieht gar nicht so schlimm aus …,sieht; nicht; schlimm,Chineses; Chineset; Czech; French; German; Italian; Japanese; Korean; Polish; Portuguese; Russian; Spanish; Turkish; Ukrainian; Vietnamese
hosp_hospodska_ejn_cvej_d_Pziy,10,"non-ASCII character(s) in English display | English reference/display differ | token(s) preserved across 3+ localized displays: Eyns, tsvey, dray | preserved token(s) also present in English reference","!P Eyns, tsvey, dray... How many were there?","Eyns, tsvey, dray… How many were there?",Eyns; tsvey; dray,Chineses; Chineset; French; German; Italian; Portuguese; Russian; Spanish; Turkish; Ukrainian; Vietnamese
hosp_hospodska_fertig_ich_CKOg,10,"non-ASCII character(s) in English display | English reference/display differ | token(s) preserved across 3+ localized displays: vorbei, schließe, heute | preserved token(s) also present in English reference",Fertig! Ich schliesse heute!,Aus und vorbei! Ich schließe für heute!,vorbei; schließe; heute,Chineses; Chineset; Czech; French; German; Italian; Japanese; Korean; Polish; Portuguese; Russian; Spanish; Turkish; Ukrainian; Vietnamese
hosp_hospodska_no_tak_ich_hvfG,9,"non-ASCII character(s) in English display | English reference/display differ | token(s) preserved across 3+ localized displays: habe, zwei, Hände","Oh, I only have two hands!","Oh, ich habe nur zwei Hände!",habe; zwei; Hände,Chineses; Chineset; Czech; French; German; Italian; Japanese; Korean; Polish; Portuguese; Russian; Spanish; Turkish; Ukrainian; Vietnamese
hosp_hospodsky_austrinken_cX0l,11,"non-ASCII character(s) in English display | English reference/display differ | token(s) preserved across 3+ localized displays: Austrinken, Leute, schließe, heute | preserved token(s) also present in English reference",Austrinken Liute! Austrinken! Ich schliesse heute!,"Austrinken, Leute! Austrinken! Ich schließe für heute!",Austrinken; Leute; schließe; heute,Chineses; Chineset; Czech; French; German; Italian; Japanese; Korean; Polish; Portuguese; Russian; Spanish; Turkish; Ukrainian; Vietnamese
hosp_hospodsky_eh_scheiss_4HCN,9,"non-ASCII character(s) in English display | English reference/display differ | token(s) preserved across 3+ localized displays: Scheiße, kalt | preserved token(s) also present in English reference","Eh, Scheisse, des ist Kalt!","Ah, Scheiße! Ist das kalt!",Scheiße; kalt,Chineses; Chineset; Czech; French; German; Italian; Japanese; Korean; Polish; Portuguese; Russian; Spanish; Turkish; Ukrainian; Vietnamese
hosp_hospodsky_eh_scheiss_i3up,9,"non-ASCII character(s) in English display | English reference/display differ | token(s) preserved across 3+ localized displays: Scheiße, kalt | preserved token(s) also present in English reference","!P Eh, Scheisse, des ist Kalt!","Scheiße, ist das kalt!",Scheiße; kalt,Chineses; Chineset; Czech; French; German; Italian; Japanese; Korean; Polish; Portuguese; Russian; Spanish; Turkish; Ukrainian; Vietnamese
hosp_hospodsky_ein_bier_n_km1k,10,"non-ASCII character(s) in English display | English reference/display differ | token(s) preserved across 3+ localized displays: Bier, nach, anderen | preserved token(s) also present in English reference",Ein Bier nach dem anderen...,Ein Bier nach dem anderen …,Bier; nach; anderen,Chineses; Chineset; Czech; French; German; Italian; Japanese; Korean; Polish; Portuguese; Russian; Spanish; Turkish; Ukrainian; Vietnamese
hosp_hospodsky_fertig_ich_yz4j,10,"non-ASCII character(s) in English display | English reference/display differ | token(s) preserved across 3+ localized displays: vorbei, schließe, heute | preserved token(s) also present in English reference",Fertig! Ich schliesse heute!,Aus und vorbei! Ich schließe für heute!,vorbei; schließe; heute,Chineses; Chineset; Czech; French; German; Italian; Japanese; Korean; Polish; Portuguese; Russian; Spanish; Turkish; Ukrainian; Vietnamese
hosp_hospodsky_hmm_wieder_2FJI,10,"non-ASCII character(s) in English display | English reference/display differ | token(s) preserved across 3+ localized displays: wird, wieder, dunkel | preserved token(s) also present in English reference",Hmm... wieder dunkel werden.,Hmm … Es wird wieder dunkel.,wird; wieder; dunkel,Chineses; Chineset; Czech; French; German; Italian; Japanese; Korean; Polish; Portuguese; Russian; Spanish; Turkish; Ukrainian; Vietnamese
hosp_hospodsky_hmm_wieder_qBqx,10,"non-ASCII character(s) in English display | English reference/display differ | token(s) preserved across 3+ localized displays: wird, wieder, dunkel | preserved token(s) also present in English reference",Hmm... wieder dunkel werden.,Hmm … Es wird wieder dunkel.,wird; wieder; dunkel,Chineses; Chineset; Czech; French; German; Italian; Japanese; Korean; Polish; Portuguese; Russian; Spanish; Turkish; Ukrainian; Vietnamese
hosp_hospodsky_mein_gott__gLQ3,10,"non-ASCII character(s) in English display | English reference/display differ | token(s) preserved across 3+ localized displays: Mein, Gott, bloß | preserved token(s) also present in English reference","Mein Gott, wo ist es?","Mein Gott, wo ist es bloß?",Mein; Gott; bloß,Chineses; Chineset; Czech; French; German; Italian; Japanese; Korean; Polish; Portuguese; Russian; Spanish; Turkish; Ukrainian; Vietnamese
hosp_hospodsky_so_wollen__rGqF,9,"non-ASCII character(s) in English display | English reference/display differ | token(s) preserved across 3+ localized displays: Darf’s, noch, sein",!P So wollen eine weitere?,Darf’s noch was sein?,Darf’s; noch; sein,Chineses; Chineset; Czech; French; German; Italian; Japanese; Korean; Polish; Portuguese; Russian; Spanish; Turkish; Ukrainian; Vietnamese
hosp_hospodsky_uh_scheiss_5bJt,10,"non-ASCII character(s) in English display | English reference/display differ | token(s) preserved across 3+ localized displays: Scheiße, regnet, wieder | preserved token(s) also present in English reference","Uh, Scheisse, es regnet wieder!","Uh, Scheiße. Es regnet wieder!",Scheiße; regnet; wieder,Chineses; Chineset; Czech; French; German; Italian; Japanese; Korean; Polish; Portuguese; Russian; Spanish; Turkish; Ukrainian; Vietnamese
hosp_hospodsky_uh_scheiss_61pV,10,"non-ASCII character(s) in English display | English reference/display differ | token(s) preserved across 3+ localized displays: Scheiße, regnet, wieder | preserved token(s) also present in English reference","!P Uh, Scheisse, es regnet wieder!","Ach, Scheiße. Es regnet wieder!",Scheiße; regnet; wieder,Chineses; Chineset; Czech; French; German; Italian; Japanese; Korean; Polish; Portuguese; Russian; Spanish; Turkish; Ukrainian; Vietnamese
hosp_hospodyne_beruhige_d_Wove,11,"non-ASCII character(s) in English display | English reference/display differ | token(s) preserved across 3+ localized displays: Ganz, ruhig, mein, Mädchen | preserved token(s) also present in English reference","!P Beruhige dich Madchen, beruhige...","Ganz ruhig, mein Mädchen …",Ganz; ruhig; mein; Mädchen,Chineses; Chineset; Czech; French; German; Italian; Japanese; Korean; Polish; Portuguese; Russian; Spanish; Turkish; Ukrainian; Vietnamese
hosp_hospodyne_bitte_scho_M8sx,11,"non-ASCII character(s) in English display | English reference/display differ | token(s) preserved across 3+ localized displays: Bitte, sehr, Hoffentlich, werden, eure, Eier, schön, groß | preserved token(s) also present in English reference","Bitte schon, bitte schon... Lassen Sie Ihre Eier schon und gelb sein!",Bitte sehr … Hoffentlich werden eure Eier schön groß und gelb!,Bitte; sehr; Hoffentlich; werden; eure; Eier; schön; groß; gelb,Chineses; Chineset; Czech; French; German; Italian; Japanese; Korean; Polish; Portuguese; Russian; Spanish; Turkish; Ukrainian; Vietnamese
hosp_hospodyne_du_bist_ne_xrQI,9,"non-ASCII character(s) in English display | English reference/display differ | token(s) preserved across 3+ localized displays: Braver, Hund, haha","!P Du bist nett... Du bist nett, ha ha.","Braver Hund … Braver Hund, haha.",Braver; Hund; haha,Chineses; Chineset; Czech; French; German; Italian; Japanese; Korean; Polish; Portuguese; Russian; Spanish; Turkish; Ukrainian; Vietnamese
hosp_hospodyne_eh_ich_neh_BfbC,10,"non-ASCII character(s) in English display | English reference/display differ | token(s) preserved across 3+ localized displays: feg’s, einfach, Ecke | preserved token(s) also present in English reference",!P Eh... Ich nehme es in der Ecke.,Hm … Ich feg’s einfach in die Ecke.,feg’s; einfach; Ecke,Chineses; Chineset; Czech; French; German; Italian; Japanese; Korean; Polish; Portuguese; Russian; Spanish; Turkish; Ukrainian; Vietnamese
hosp_hospodyne_eh_nein_no_kN1d,10,"non-ASCII character(s) in English display | English reference/display differ | token(s) preserved across 3+ localized displays: Nein, noch, vorn | preserved token(s) also present in English reference","!P Eh... Nein, nochmal.","Ähm … Nein, noch mal von vorn.",Nein; noch; vorn,Chineses; Chineset; Czech; French; German; Italian; Japanese; Korean; Polish; Portuguese; Russian; Spanish; Turkish; Ukrainian; Vietnamese
hosp_hospodyne_es_ist_nic_m50S,10,"non-ASCII character(s) in English display | English reference/display differ | token(s) preserved across 3+ localized displays: Schmeckt, nicht, Muttern | preserved token(s) also present in English reference",!P Es ist nicht wie von Mutter...,Schmeckt nicht wie bei Muttern …,Schmeckt; nicht; Muttern,Chineses; Chineset; Czech; French; German; Italian; Japanese; Korean; Polish; Portuguese; Russian; Spanish; Turkish; Ukrainian; Vietnamese
hosp_hospodyne_gefallt_es_2ReG,9,"non-ASCII character(s) in English display | English reference/display differ | token(s) preserved across 3+ localized displays: Schmeckt, Brav, brav",!P Gefallt es Ihnen? Ja? Gut... Gut.,"Schmeckt es dir? Ja? Brav, brav …",Schmeckt; Brav; brav,Chineses; Chineset; Czech; French; German; Italian; Japanese; Korean; Polish; Portuguese; Russian; Spanish; Turkish; Ukrainian; Vietnamese
hosp_hospodyne_gutes_madc_t1BR,9,"non-ASCII character(s) in English display | English reference/display differ | token(s) preserved across 3+ localized displays: Bist, braves, Mädchen","!P Gutes Madchen, gutes...",Bist ein braves Mädchen …,Bist; braves; Mädchen,Chineses; Chineset; Czech; French; German; Italian; Japanese; Korean; Polish; Portuguese; Russian; Spanish; Turkish; Ukrainian; Vietnamese
hosp_hospodyne_hey_klaffe_v9Ql,10,"non-ASCII character(s) in English display | English reference/display differ | token(s) preserved across 3+ localized displays: Kläffer, Komm, schon | preserved token(s) also present in English reference",Hey! Kläffer! Komm schon!,"He, Kläffer! Komm schon!",Kläffer; Komm; schon,Chineses; Chineset; Czech; French; German; Italian; Japanese; Korean; Polish; Portuguese; Russian; Spanish; Turkish; Ukrainian; Vietnamese
hosp_hospodyne_keine_sorg_Aftw,11,"non-ASCII character(s) in English display | English reference/display differ | token(s) preserved across 3+ localized displays: Ruhig, ganz, ruhig, alles | preserved token(s) also present in English reference","Keine Sorge, keine Sorge... beruhige dich.","Ruhig, ganz ruhig … Es ist alles gut.",Ruhig; ganz; ruhig; alles,Chineses; Chineset; Czech; French; German; Italian; Japanese; Korean; Polish; Portuguese; Russian; Spanish; Turkish; Ukrainian; Vietnamese
hosp_hospodyne_keine_sorg_pHMB,10,"non-ASCII character(s) in English display | English reference/display differ | token(s) preserved across 3+ localized displays: Keine, Sorge, Mädchen | preserved token(s) also present in English reference","!P Keine Sorge Madchen, Keine Sorge...","Keine Sorge Mädchen, Keine Sorge...",Keine; Sorge; Mädchen,Chineses; Chineset; Czech; French; German; Italian; Japanese; Korean; Polish; Portuguese; Russian; Spanish; Turkish; Ukrainian; Vietnamese
hosp_hospodyne_klaffer_ko_g5bM,9,"non-ASCII character(s) in English display | English reference/display differ | token(s) preserved across 3+ localized displays: Kläffer, Komm | preserved token(s) also present in English reference",!P Kläffer! Komm zu mir!,Kläffer! Komm zu mir!,Kläffer; Komm,Chineses; Chineset; Czech; French; German; Italian; Japanese; Korean; Polish; Portuguese; Russian; Spanish; Turkish; Ukrainian; Vietnamese
hosp_hospodyne_komm_her_g_VkbK,11,"non-ASCII character(s) in English display | English reference/display differ | token(s) preserved across 3+ localized displays: Komm, schon, Kläffer, komm | preserved token(s) also present in English reference","!P Komm schon du Kläffer, komm schon...","Komm schon, Kläffer. Na komm …",Komm; schon; Kläffer; komm,Chineses; Chineset; Czech; French; German; Italian; Japanese; Korean; Polish; Portuguese; Russian; Spanish; Turkish; Ukrainian; Vietnamese
hosp_hospodyne_komm_schon_dJkm,10,"non-ASCII character(s) in English display | English reference/display differ | token(s) preserved across 3+ localized displays: Komm, ist’s, Kläffer | preserved token(s) also present in English reference","!P Komm schon, das ist gut. Kommt, du Klaffer!","Komm her, so ist’s gut. Komm her, Kläffer!",Komm; ist’s; Kläffer,Chineses; Chineset; Czech; French; German; Italian; Japanese; Korean; Polish; Portuguese; Russian; Spanish; Turkish; Ukrainian; Vietnamese
hosp_hospodyne_komm_schon_qW1e,10,"non-ASCII character(s) in English display | English reference/display differ | token(s) preserved across 3+ localized displays: Komm, schon, Köter | preserved token(s) also present in English reference",!P Komm schon! Köter!,"Komm schon, Köter!",Komm; schon; Köter,Chineses; Chineset; Czech; French; German; Italian; Japanese; Korean; Polish; Portuguese; Russian; Spanish; Turkish; Ukrainian; Vietnamese
hosp_hospodyne_konnte_etw_w4rB,10,"non-ASCII character(s) in English display | English reference/display differ | token(s) preserved across 3+ localized displays: Könnte, paar, Gewürze, vertragen",!P Konnte etwas wurzen.,Könnte ein paar Gewürze vertragen.,Könnte; paar; Gewürze; vertragen,Chineses; Chineset; Czech; French; German; Italian; Japanese; Korean; Polish; Portuguese; Russian; Spanish; Turkish; Ukrainian; Vietnamese
hosp_hospodyne_mein_gott__5CBQ,10,"non-ASCII character(s) in English display | English reference/display differ | token(s) preserved across 3+ localized displays: mach, noch, Rücken, krumm","!P Mein Gott, Das wird mich zerstören.",Ich mach mir noch den Rücken krumm …,mach; noch; Rücken; krumm,Chineses; Chineset; Czech; French; German; Italian; Japanese; Korean; Polish; Portuguese; Russian; Spanish; Turkish; Ukrainian; Vietnamese
hosp_hospodyne_nicht_schl_MaUn,9,"non-ASCII character(s) in English display | English reference/display differ | token(s) preserved across 3+ localized displays: nicht, schlecht | preserved token(s) also present in English reference","!P Nicht schlecht, nicht schlecht...",Gar nicht mal schlecht …,nicht; schlecht,Chineses; Chineset; Czech; French; German; Italian; Japanese; Korean; Polish; Portuguese; Russian; Spanish; Turkish; Ukrainian; Vietnamese
hosp_hospodyne_schon_scho_GnmY,11,"non-ASCII character(s) in English display | English reference/display differ | token(s) preserved across 3+ localized displays: Fein, ganz, fein, Guter, Hund | preserved token(s) also present in English reference","!P Schon, schon... du Wauwau, guter...","Fein, ganz fein … Guter Hund …",Fein; ganz; fein; Guter; Hund,Chineses; Chineset; Czech; French; German; Italian; Japanese; Korean; Polish; Portuguese; Russian; Spanish; Turkish; Ukrainian; Vietnamese
hosp_hospodyne_tu_mate_za_Z8FO,11,"non-ASCII character(s) in English display | English reference/display differ | token(s) preserved across 3+ localized displays: pickt, Zeug, hält, Kommt, schon | preserved token(s) also present in English reference","Na und, nimm es, nimm es... Kommt schon!","Na los, pickt, was das Zeug hält … Kommt schon!",pickt; Zeug; hält; Kommt; schon,Chineses; Chineset; Czech; French; German; Italian; Japanese; Korean; Polish; Portuguese; Russian; Spanish; Turkish; Ukrainian; Vietnamese
hosp_hospodyne_zobejte_zo_c3vN,11,"non-ASCII character(s) in English display | English reference/display differ | token(s) preserved across 3+ localized displays: Lasst, euch, schmecken, meine, Damen, Bitte, schön | preserved token(s) also present in English reference","Picken, Madels, picken! Bitte schon...","Lasst es euch schmecken, meine Damen! Bitte schön!",Lasst; euch; schmecken; meine; Damen; Bitte; schön,Chineses; Chineset; Czech; French; German; Italian; Japanese; Korean; Polish; Portuguese; Russian; Spanish; Turkish; Ukrainian; Vietnamese
hrac_henry_ergo__bimbas___OO51,11,"non-ASCII character(s) in English display | English reference/display differ | token(s) preserved across 3+ localized displays: Ergo, bimbos, bibamus, vole, pičo | preserved token(s) also present in English reference","Ergo… bimbos! I mean, ergo bibamus… vole… pičo!",Ergo… bimbos! No! Ergo bib… bibamus… ty vole… pičo!,Ergo; bimbos; bibamus; vole; pičo,Chineses; Chineset; Czech; French; German; Italian; Japanese; Korean; Polish; Portuguese; Russian; Spanish; Turkish; Ukrainian; Vietnamese
hrac_npc_probu_uh_vos_mac_QDSp,9,"non-ASCII character(s) in English display | English reference/display differ | token(s) preserved across 3+ localized displays: Aaah, makhst | preserved token(s) also present in English reference",Aaah… vos machst du?,Aaah… vos makhst du?,Aaah; makhst,Chineses; Chineset; French; German; Italian; Japanese; Korean; Polish; Portuguese; Russian; Spanish; Turkish; Ukrainian; Vietnamese
hrac_npc_probu_uh_vos_mac_mV2L,9,"non-ASCII character(s) in English display | English reference/display differ | token(s) preserved across 3+ localized displays: Aaah, makhst | preserved token(s) also present in English reference",Aaah… vos machst du?,Aaah… vos makhst du?,Aaah; makhst,Chineses; Chineset; French; German; Italian; Japanese; Korean; Polish; Portuguese; Russian; Spanish; Turkish; Ukrainian; Vietnamese
hyne_henry_ehm_ty_jsi_pet_cFxo,9,"non-ASCII character(s) in English display | English reference/display differ | token(s) preserved across 3+ localized displays: Peter, Suchotlesky | preserved token(s) also present in English reference",Emm… Are you Peter of Suchotlesky?,Emm… Are you Sir Peter of Suchotlesky?,Peter; Suchotlesky,French; German; Italian; Portuguese; Spanish; Turkish; Vietnamese
hyne_zajaty_hy_ne_to_teda_3nZr,9,"non-ASCII character(s) in English display | English reference/display differ | token(s) preserved across 3+ localized displays: Hynek, Hobza | preserved token(s) also present in English reference","No, that's not me…. I am Hynek of Hobza.","No, I'm not… I'm Hynek of Hobza.",Hynek; Hobza,Czech; French; German; Italian; Polish; Portuguese; Spanish; Turkish; Vietnamese
idle_kuman_mlu_chcipaku_u_UdEI,9,"non-ASCII character(s) in English display | token(s) preserved across 3+ localized displays: Most, elvérzel, faszikám | preserved token(s) also present in English reference","Most elvérzel, faszikám!","Most elvérzel, faszikám!",Most; elvérzel; faszikám,Chineses; Chineset; Czech; French; German; Italian; Japanese; Korean; Polish; Portuguese; Russian; Spanish; Turkish; Ukrainian; Vietnamese
idle_kuman_mlu_dalsi_rano_WJhJ,9,"non-ASCII character(s) in English display | token(s) preserved across 3+ localized displays: következővel, pokolra, jutsz | preserved token(s) also present in English reference",A következővel a pokolra jutsz!,A következővel a pokolra jutsz!,következővel; pokolra; jutsz,Chineses; Chineset; Czech; French; German; Italian; Japanese; Korean; Polish; Portuguese; Russian; Spanish; Turkish; Ukrainian; Vietnamese
idle_kuman_mlu_dostanes_t_JjJG,9,"non-ASCII character(s) in English display | token(s) preserved across 3+ localized displays: Túrót, pofádba, rohadék | preserved token(s) also present in English reference","Túrót a pofádba, te rohadék!","Túrót a pofádba, te rohadék!",Túrót; pofádba; rohadék,Chineses; Chineset; Czech; French; German; Italian; Japanese; Korean; Polish; Portuguese; Russian; Spanish; Turkish; Ukrainian; Vietnamese
idle_kuman_mlu_dva_na_jed_NRZj,9,"non-ASCII character(s) in English display | token(s) preserved across 3+ localized displays: Kettő, ellen, kutyák | preserved token(s) also present in English reference","Kettő az egy ellen, kutyák?!","Kettő az egy ellen, kutyák?!",Kettő; ellen; kutyák,Chineses; Chineset; Czech; French; German; Italian; Japanese; Korean; Polish; Portuguese; Russian; Spanish; Turkish; Ukrainian; Vietnamese
idle_kuman_mlu_nachciju_t_Jkca,9,"non-ASCII character(s) in English display | token(s) preserved across 3+ localized displays: sírodra, fogok, hugyozni | preserved token(s) also present in English reference",A sírodra fogok hugyozni!,A sírodra fogok hugyozni!,sírodra; fogok; hugyozni,Chineses; Chineset; Czech; French; German; Italian; Japanese; Korean; Polish; Portuguese; Russian; Spanish; Turkish; Ukrainian; Vietnamese
idle_kuman_mlu_nemas_sanc_ufeC,9,"non-ASCII character(s) in English display | token(s) preserved across 3+ localized displays: Nincs, esélyed, seggfej | preserved token(s) also present in English reference","Nincs esélyed, seggfej!","Nincs esélyed, seggfej!",Nincs; esélyed; seggfej,Chineses; Chineset; Czech; French; German; Italian; Japanese; Korean; Polish; Portuguese; Russian; Spanish; Turkish; Ukrainian; Vietnamese
idle_kuman_mlu_nemel_ses__hnwc,10,"non-ASCII character(s) in English display | token(s) preserved across 3+ localized displays: kellett, volna, beleütnöd, orrodat | preserved token(s) also present in English reference",Nem kellett volna beleütnöd az orrodat.,Nem kellett volna beleütnöd az orrodat.,kellett; volna; beleütnöd; orrodat,Chineses; Chineset; Czech; French; German; Italian; Japanese; Korean; Polish; Portuguese; Russian; Spanish; Turkish; Ukrainian; Vietnamese
idle_kuman_mlu_nemels_nas_ohYE,10,"non-ASCII character(s) in English display | token(s) preserved across 3+ localized displays: kellett, volna, felbasznod, minket, pöcs | preserved token(s) also present in English reference","Nem kellett volna felbasznod minket, te pöcs!","Nem kellett volna felbasznod minket, te pöcs!",kellett; volna; felbasznod; minket; pöcs,Chineses; Chineset; Czech; French; German; Italian; Japanese; Korean; Polish; Portuguese; Russian; Spanish; Turkish; Ukrainian; Vietnamese
idle_kuman_mlu_porad_krva_LO40,9,"non-ASCII character(s) in English display | token(s) preserved across 3+ localized displays: Csak, vérzel, faszfej | preserved token(s) also present in English reference","Csak nem vérzel, faszfej?","Csak nem vérzel, faszfej?",Csak; vérzel; faszfej,Chineses; Chineset; Czech; French; German; Italian; Japanese; Korean; Polish; Portuguese; Russian; Spanish; Turkish; Ukrainian; Vietnamese
idle_kuman_mlu_pozor_ueXp,9,"non-ASCII character(s) in English display | token(s) preserved across 3+ localized displays: Ketten, vagyunk, kicsináljuk | preserved token(s) also present in English reference","Ketten vagyunk, kicsináljuk!","Ketten vagyunk, kicsináljuk!",Ketten; vagyunk; kicsináljuk,Chineses; Chineset; Czech; French; German; Italian; Japanese; Korean; Polish; Portuguese; Russian; Spanish; Turkish; Ukrainian; Vietnamese
idle_kuman_mlu_rvacka_ber_9OTT,9,"non-ASCII character(s) in English display | token(s) preserved across 3+ localized displays: Harc, fejükre, menjetek | preserved token(s) also present in English reference",Harc!!! A fejükre menjetek!!!,Harc!!! A fejükre menjetek!!!,Harc; fejükre; menjetek,Chineses; Chineset; Czech; French; German; Italian; Japanese; Korean; Polish; Portuguese; Russian; Spanish; Turkish; Ukrainian; Vietnamese
idle_kuman_mlu_s_tebou_bu_GJer,10,"non-ASCII character(s) in English display | token(s) preserved across 3+ localized displays: Veled, szempillantás, alatt, kész, leszek | preserved token(s) also present in English reference",Veled egy szempillantás alatt kész leszek.,Veled egy szempillantás alatt kész leszek.,Veled; szempillantás; alatt; kész; leszek,Chineses; Chineset; Czech; French; German; Italian; Japanese; Korean; Polish; Portuguese; Russian; Spanish; Turkish; Ukrainian; Vietnamese
idle_kuman_mlu_sakra_nema_C8Vq,9,"non-ASCII character(s) in English display | token(s) preserved across 3+ localized displays: fenébe, érek, egész | preserved token(s) also present in English reference","A fenébe, nem érek rá egész nap!","A fenébe, nem érek rá egész nap!",fenébe; érek; egész,Chineses; Chineset; Czech; French; German; Italian; Japanese; Korean; Polish; Portuguese; Russian; Spanish; Turkish; Ukrainian; Vietnamese
idle_kuman_mlu_sotva_stoj_RMPD,10,"non-ASCII character(s) in English display | token(s) preserved across 3+ localized displays: Alig, állsz, lábadon, szaros | preserved token(s) also present in English reference","Alig állsz a lábadon, te szaros!","Alig állsz a lábadon, te szaros!",Alig; állsz; lábadon; szaros,Chineses; Chineset; Czech; French; German; Italian; Japanese; Korean; Polish; Portuguese; Russian; Spanish; Turkish; Ukrainian; Vietnamese
idle_kuman_mlu_tahni_do_p_To3M,9,"non-ASCII character(s) in English display | token(s) preserved across 3+ localized displays: Húzz, pokolba, fasz | preserved token(s) also present in English reference","Húzz a pokolba, te fasz!","Húzz a pokolba, te fasz!",Húzz; pokolba; fasz,Chineses; Chineset; Czech; French; German; Italian; Japanese; Korean; Polish; Portuguese; Russian; Spanish; Turkish; Ukrainian; Vietnamese
idle_kuman_mlu_toho_budes_3lmz,9,"non-ASCII character(s) in English display | token(s) preserved across 3+ localized displays: Nincs, esélyed, nyomorult | preserved token(s) also present in English reference","Nincs esélyed, te nyomorult!","Nincs esélyed, te nyomorult!",Nincs; esélyed; nyomorult,Chineses; Chineset; Czech; French; German; Italian; Japanese; Korean; Polish; Portuguese; Russian; Spanish; Turkish; Ukrainian; Vietnamese
idle_soldier_m_eine_hand__bFL1,10,"non-ASCII character(s) in English display | English reference/display differ | token(s) preserved across 3+ localized displays: gehören, immer, zwei, dazu",!P Eine Hand klatscht nicht...,Es gehören immer zwei dazu ...,gehören; immer; zwei; dazu,Chineses; Chineset; Czech; French; German; Italian; Japanese; Korean; Polish; Portuguese; Russian; Spanish; Turkish; Ukrainian; Vietnamese
idle_soldier_m_ich_werde__uxg5,10,"non-ASCII character(s) in English display | English reference/display differ | token(s) preserved across 3+ localized displays: werde, dich, zerstückeln | preserved token(s) also present in English reference",!P Ich werde dich zerstückeln!,Ich werde dich zerstückeln!,werde; dich; zerstückeln,Chineses; Chineset; Czech; French; German; Italian; Japanese; Korean; Polish; Portuguese; Russian; Spanish; Turkish; Ukrainian; Vietnamese
idle_soldier_m_komm_wir_g_vXt3,10,"non-ASCII character(s) in English display | English reference/display differ | token(s) preserved across 3+ localized displays: Komm, schießen, dich | preserved token(s) also present in English reference","!P Komm, wir geben dir einen Schuss.","Komm, wir schießen dich ab.",Komm; schießen; dich,Chineses; Chineset; Czech; French; German; Italian; Japanese; Korean; Polish; Portuguese; Russian; Spanish; Turkish; Ukrainian; Vietnamese
idle_soldier_m_los_gehts__dPSj,11,"non-ASCII character(s) in English display | English reference/display differ | token(s) preserved across 3+ localized displays: geht’s, kriegst, Ärger, Arschloch | preserved token(s) also present in English reference","!P Los geht's! Du kriegst es, du Schlampe.","Los geht’s! Du kriegst Ärger, Arschloch.",geht’s; kriegst; Ärger; Arschloch,Chineses; Chineset; Czech; French; German; Italian; Japanese; Korean; Polish; Portuguese; Russian; Spanish; Turkish; Ukrainian; Vietnamese
idle_soldier_m_sag_hallo__vwpI,10,"non-ASCII character(s) in English display | English reference/display differ | token(s) preserved across 3+ localized displays: Viel, Spaß, Hölle | preserved token(s) also present in English reference",!P Sag hallo zur Hölle...,Viel Spaß in der Hölle ...,Viel; Spaß; Hölle,Chineses; Chineset; Czech; French; German; Italian; Japanese; Korean; Polish; Portuguese; Russian; Spanish; Turkish; Ukrainian; Vietnamese
incl_cechmistr_povi_mi_un_eYfK,10,"non-ASCII character(s) in English display | English reference/display differ | token(s) preserved across 3+ localized displays: mein, Anhänger, Farbe | preserved token(s) also present in English reference","!P Tell me, adept - what is the Farbe of an echt heated workpiece?","Tell me, mein Anhänger - what is the Farbe of an korrekt heated workpiece?",mein; Anhänger; Farbe,Chineses; Chineset; Czech; French; German; Italian; Polish; Portuguese; Russian; Spanish; Turkish; Ukrainian; Vietnamese
incl_hanka_svatave_s_miku_Ml7Y,11,"non-ASCII character(s) in English display | English reference/display differ | token(s) preserved across 3+ localized displays: Svatava, Mikush, Kuttenberg, Peter | preserved token(s) also present in English reference","Svatava and Mikush got married all the way in Kuttenberg, at the Church of St. Peter and Pavel! But did they invite my parents…?","Svatava and Mikush got married off in Kuttenberg, at the Church of St. Peter and Pavel! But did they invite my parents…?",Svatava; Mikush; Kuttenberg; Peter,French; German; Italian; Portuguese; Spanish; Turkish; Vietnamese
incl_henry_nakrmil_jsem_d_OxDn,10,"non-ASCII character(s) in English display | English reference/display differ | token(s) preserved across 3+ localized displays: Hast, Würste, verschenkt | preserved token(s) also present in English reference",Hast du die Würstchen verschenkt? Did you hand out the sausages?,Hast du die Würste verschenkt? Did you hand out the sausages?,Hast; Würste; verschenkt,Chineses; Chineset; Czech; French; German; Italian; Korean; Polish; Portuguese; Russian; Spanish; Turkish; Ukrainian; Vietnamese
incl_rychtar_p_halts_maul_ZHWB,11,"non-ASCII character(s) in English display | English reference/display differ | token(s) preserved across 3+ localized displays: Halt’s, Maul, kleiner, Bastard | preserved token(s) also present in English reference",Halts Maul du kleiner Bastard!,"Halt’s Maul, du kleiner Bastard!",Halt’s; Maul; kleiner; Bastard,Chineses; Chineset; Czech; French; German; Italian; Korean; Polish; Portuguese; Russian; Spanish; Turkish; Ukrainian; Vietnamese
inga_bohuta_pl_requiem_ae_LMEC,11,"non-ASCII character(s) in English display | English reference/display differ | token(s) preserved across 3+ localized displays: Requiem, æternam, dona, Domine, perpetua, luceat | preserved token(s) also present in English reference","!P Requiem æternam dona eis, Domine, et lux perpetua luceat eis.","Requiem æternam dona eis, Domine, et lux perpetua luceat eis.",Requiem; æternam; dona; Domine; perpetua; luceat,Chineses; Chineset; Czech; French; German; Italian; Japanese; Korean; Polish; Portuguese; Russian; Spanish; Turkish; Ukrainian; Vietnamese
inga_cumil_v_d_to_jo_vend_K4vI,10,"non-ASCII character(s) in English display | token(s) preserved across 3+ localized displays: Yesterday, Venda, said, cooked, something, really, nice | preserved token(s) also present in English reference","Aye… Yesterday, Venda said he had cooked up something really nice.","Aye… Yesterday, Venda said he had cooked up something really nice.",Yesterday; Venda; said; cooked; something; really; nice,Chineses; Chineset; Czech; French; German; Italian; Japanese; Korean; Polish; Portuguese; Russian; Spanish; Turkish; Ukrainian; Vietnamese
jan__henry_uz_je_to_pry_p_z50Q,9,"non-ASCII character(s) in English display | English reference/display differ | token(s) preserved across 3+ localized displays: László, Farkas | preserved token(s) also present in English reference",They say it happened a few days ago. László Farkas wanted to keep it secret to get money from you.,It seems it happened a few days ago. László Farkas wanted to keep it secret to get coin from you.,László; Farkas,Czech; French; German; Italian; Polish; Portuguese; Spanish; Turkish; Vietnamese
jan__jan_ze_su_jmenuje_se_1KOi,10,"non-ASCII character(s) in English display | English reference/display differ | token(s) preserved across 3+ localized displays: baron, László, Farkas | preserved token(s) also present in English reference","A Hungarian baron. His name is Laszlo Farkas, but I know hardly anything about him, so you're going to have to ask about him in the camp.","A Hungarian baron. His name is László Farkas, but I know hardly anything about him, so you're going to have to ask about him in the camp.",baron; László; Farkas,Czech; French; German; Italian; Polish; Portuguese; Spanish; Turkish; Vietnamese
jan__jan_ze_su_padl_do_za_7Bwn,9,"non-ASCII character(s) in English display | English reference/display differ | token(s) preserved across 3+ localized displays: László, Farkas | preserved token(s) also present in English reference",He's fallen into the clutches of a Hungarian baron. Laszlo Farkas is his name.,He's fallen into the clutches of a Hungarian baron. László Farkas is his name.,László; Farkas,Czech; French; German; Italian; Polish; Portuguese; Spanish; Turkish; Vietnamese
jan__jan_ze_su_rytir_petr_eFFC,9,"non-ASCII character(s) in English display | English reference/display differ | token(s) preserved across 3+ localized displays: Peter, Suchotlesky | preserved token(s) also present in English reference",Peter of Suchotlesky… My only brother… What should I tell my family?,Peter of Suchotlesky… My only brother… What am I to tell my family?,Peter; Suchotlesky,French; German; Italian; Portuguese; Spanish; Turkish; Vietnamese
jan__jan_ze_su_uz_jen_pos_4ney,10,"non-ASCII character(s) in English display | English reference/display differ | token(s) preserved across 3+ localized displays: Suchotlesky, László, Farkas | preserved token(s) also present in English reference",Here is a letter bearing the seal of the Lords of Suchotlesky. Present it to László Farkas as proof that I have sent you.,Here's a letter with the seal of the Lords of Suchotlesky. Present it to László Farkas as proof that I sent you.,Suchotlesky; László; Farkas,French; German; Italian; Portuguese; Spanish; Turkish; Vietnamese
jan__laszlo_fa_rad_te_poz_utjK,10,"non-ASCII character(s) in English display | English reference/display differ | token(s) preserved across 3+ localized displays: Suchotlesky, László, Farkas | preserved token(s) also present in English reference","Pleases to make your acquaintance, Lord Suchotlesky. Please allow me to introduce my self. I am László Farkas.","Pleased to make your acquaintance, Lord Suchotlesky. Please allow me to introduce myself. I am László Farkas.",Suchotlesky; László; Farkas,Czech; French; German; Italian; Polish; Portuguese; Spanish; Turkish; Vietnamese
jasa_jasak_azt_mondja_men_dYEI,11,"non-ASCII character(s) in English display | English reference/display differ | token(s) preserved across 3+ localized displays: mondja, gyere, Henry, majd, segít | preserved token(s) also present in English reference","!P Azt mondja, menj, Henry majd segít…","Azt mondja, gyere, Henry majd segít…",mondja; gyere; Henry; majd; segít,Chineses; Chineset; Czech; French; German; Italian; Korean; Polish; Portuguese; Russian; Spanish; Turkish; Ukrainian; Vietnamese
jasa_jasak_ez_tulajdonkep_64l8,10,"non-ASCII character(s) in English display | English reference/display differ | token(s) preserved across 3+ localized displays: tulajdonképpen, elég, ment | preserved token(s) also present in English reference",!P Ez tulajdonképpen… elég jól ment…,Ez tulajdonképpen… elég jól ment…,tulajdonképpen; elég; ment,Chineses; Chineset; Czech; French; German; Italian; Korean; Polish; Portuguese; Russian; Spanish; Turkish; Ukrainian; Vietnamese
jasa_jasak_holnap_ujra_ta_iPge,11,"non-ASCII character(s) in English display | English reference/display differ | token(s) preserved across 3+ localized displays: Holnap, újra, találkozom, vele | preserved token(s) also present in English reference",!P Holnap újra találkozom vele.,Holnap újra találkozom vele.,Holnap; újra; találkozom; vele,Chineses; Chineset; Czech; French; German; Italian; Korean; Polish; Portuguese; Russian; Spanish; Turkish; Ukrainian; Vietnamese
jasa_jasak_mi_volt_ez_az__W84o,10,"non-ASCII character(s) in English display | English reference/display differ | token(s) preserved across 3+ localized displays: Miféle, ötlet, volt | preserved token(s) also present in English reference",!P Mi volt ez az ötlet is?,Miféle ötlet volt ez?,Miféle; ötlet; volt,Chineses; Chineset; Czech; French; German; Italian; Korean; Polish; Portuguese; Russian; Spanish; Turkish; Ukrainian; Vietnamese
jasa_jasak_nem_ertesz_eng_tY0u,10,"non-ASCII character(s) in English display | English reference/display differ | token(s) preserved across 3+ localized displays: értesz, engem, ugye | preserved token(s) also present in English reference","!P nem értesz engem, ugye?","Nem értesz engem, ugye?",értesz; engem; ugye,Chineses; Chineset; Czech; French; German; Italian; Korean; Polish; Portuguese; Russian; Spanish; Turkish; Ukrainian; Vietnamese
jasa_jasak_talan_egy_nap__CdAj,11,"non-ASCII character(s) in English display | English reference/display differ | token(s) preserved across 3+ localized displays: Talán, Jasaknak, lesz, felesége | preserved token(s) also present in English reference",!P Talán egy nap… Jasaknak is lesz felesége!,Talán egy nap… Jasaknak is lesz felesége!,Talán; Jasaknak; lesz; felesége,Chineses; Chineset; Czech; French; German; Italian; Korean; Polish; Portuguese; Russian; Spanish; Turkish; Ukrainian; Vietnamese
jasa_kumani_na_placeholde_5iBe,10,"non-ASCII character(s) in English display | English reference/display differ | token(s) preserved across 3+ localized displays: Hova, mész, haver | preserved token(s) also present in English reference",!P Hova mész haver?,Hova mész haver?,Hova; mész; haver,Chineses; Chineset; Czech; French; German; Italian; Korean; Polish; Portuguese; Russian; Spanish; Turkish; Ukrainian; Vietnamese
jasa_opily_kum_inkabb_hag_XDmA,9,"non-ASCII character(s) in English display | English reference/display differ | token(s) preserved across 3+ localized displays: Inkább, megyek | preserved token(s) also present in English reference",Inkább hagyj el.,Inkább megyek.,Inkább; megyek,Chineses; Chineset; Czech; French; German; Italian; Korean; Polish; Portuguese; Russian; Spanish; Turkish; Ukrainian; Vietnamese
jese_opily_kum_borzasztoa_Ecf9,11,"non-ASCII character(s) in English display | English reference/display differ | token(s) preserved across 3+ localized displays: Borzasztóan, nevetségesen, hangzik, beszédetek, Inkább, fogd, szád | preserved token(s) also present in English reference",Borzasztóan nevetségesen hangzik a beszéded. Inkább néma.,Borzasztóan nevetségesen hangzik a beszédetek. Inkább fogd be a szád!,Borzasztóan; nevetségesen; hangzik; beszédetek; Inkább; fogd; szád,Chineses; Chineset; Czech; French; German; Italian; Korean; Polish; Portuguese; Russian; Spanish; Turkish; Ukrainian; Vietnamese
jese_opily_kum_ha_zavarba_MPim,11,"non-ASCII character(s) in English display | English reference/display differ | token(s) preserved across 3+ localized displays: zavarba, hozol, előtte, megkeserülöd | preserved token(s) also present in English reference","Ha zavarba hozol előtte, ne kívánd!","Ha zavarba hozol előtte, megkeserülöd!",zavarba; hozol; előtte; megkeserülöd,Chineses; Chineset; Czech; French; German; Italian; Korean; Polish; Portuguese; Russian; Spanish; Turkish; Ukrainian; Vietnamese
jind_basan_ale_proc_mi_to_QL88,9,"non-ASCII character(s) in English display | token(s) preserved across 3+ localized displays: Káposztalé, agyad, helyén | preserved token(s) also present in English reference",And why you say me? Want money for no steal? Káposztalé van az agyad helyén?,And why you say me? Want money for no steal? Káposztalé van az agyad helyén?,Káposztalé; agyad; helyén,Chineses; Chineset; Czech; French; German; Italian; Korean; Polish; Portuguese; Russian; Spanish; Turkish; Ukrainian
jind_henry_pan_benes_a_tr_5Klx,11,"non-ASCII character(s) in English display | English reference/display differ | token(s) preserved across 3+ localized displays: Benesh, Frentslin, Klik, Joachim, Pieschel, Mesoles | preserved token(s) also present in English reference","Lord Benesh and his three companions Frentslin Klik, Joachim and Pieschel hereby agree to protect the inhabitants and property of Mesoles…","Sir Benesh and his three companions Frentslin Klik, Joachim and Pieschel hereby agree to protect the inhabitants and property of Mesoles…",Benesh; Frentslin; Klik; Joachim; Pieschel; Mesoles,Czech; French; German; Italian; Polish; Portuguese; Spanish; Turkish; Vietnamese
jind_henry_za_tohle_me_ta_Sznf,9,"non-ASCII character(s) in English display | English reference/display differ | token(s) preserved across 3+ localized displays: Tachov, Prochek | preserved token(s) also present in English reference",From now on the entire pasture belongs to Tachov. Prochek could put a discount on the beer in celebration…,"From now on, the entire pasture belongs to Tachov. Prochek could discount the ale in celebration…",Tachov; Prochek,French; German; Italian; Portuguese; Spanish; Turkish; Vietnamese
jind_menhart_z_no_vazne_t_2qAJ,9,"non-ASCII character(s) in English display | token(s) preserved across 3+ localized displays: Meine, Güte, Heinrich | preserved token(s) also present in English reference","Meine Güte! Oh Heinrich, you are master! I would never know it was once in two pieces.","Meine Güte! Oh Heinrich, you are master! I would never know it was once in two pieces.",Meine; Güte; Heinrich,Chineses; Chineset; Czech; French; German; Italian; Korean; Polish; Portuguese; Russian; Spanish; Turkish; Ukrainian; Vietnamese
jind_menhart_z_to_udelal__QdsJ,10,"non-ASCII character(s) in English display | token(s) preserved across 3+ localized displays: Emmeram, Sohn, einer, Hündin | preserved token(s) also present in English reference",Emmeram did this? Sohn einer Hündin!,Emmeram did this? Sohn einer Hündin!,Emmeram; Sohn; einer; Hündin,Chineses; Chineset; Czech; French; German; Italian; Korean; Polish; Portuguese; Russian; Spanish; Turkish; Ukrainian; Vietnamese
joha_dlc3_karl_dalsim_tvy_RvR0,10,"non-ASCII character(s) in English display | English reference/display differ | token(s) preserved across 3+ localized displays: John, Rathaus, Jilemnitz | preserved token(s) also present in English reference",Your next opponent will be John. He used to serve as a guard at the Rathaus for bailiff in Jilemnitz. He’s known as a relentless fencer. So be cautious.,Your next opponent will be John. He used to serve as a guard at the Rathaus for the bailiff in Jilemnitz. He’s known to be a relentless swordsman. So be cautious.,John; Rathaus; Jilemnitz,French; German; Italian; Portuguese; Spanish; Turkish; Vietnamese
joha_hudebnik__kutna_hora_bhEl,11,"non-ASCII character(s) in English display | English reference/display differ | token(s) preserved across 3+ localized displays: Kuttenberg, Prag, Wien, Fuhrmänner | preserved token(s) also present in English reference","!P Kuttenberg, Prag, Wien... Wherever my feet will take me, or a willing Fuhrmann will carry me.","Kuttenberg, Prag, Wien... Wherever my feet will take me, or a willing Fuhrmänner will carry me.",Kuttenberg; Prag; Wien; Fuhrmänner,Chineses; Chineset; Czech; French; German; Italian; Polish; Portuguese; Russian; Spanish; Turkish; Ukrainian; Vietnamese
joha_hudebnik__sofort_no__TpIa,10,"non-ASCII character(s) in English display | English reference/display differ | token(s) preserved across 3+ localized displays: Jetzt, sofort, Schulter | preserved token(s) also present in English reference","!P Sofort? Well, alright then. I just have to put... this... lotion on my Schulter.","Jetzt sofort? Well, alright then. I just have to rub some… ointment on my Schulter.",Jetzt; sofort; Schulter,Chineses; Chineset; Czech; French; German; Italian; Korean; Polish; Portuguese; Russian; Spanish; Turkish; Ukrainian
joha_hudebnik__to_je_mozn_CNUp,10,"non-ASCII character(s) in English display | English reference/display differ | token(s) preserved across 3+ localized displays: Kneipen, Schenken, Schläge | preserved token(s) also present in English reference","!P When you spend as much time as I do in Kneipen and Chenken and catch so many Schlagen, you learn to return them.","When you spend as much time as I do in Kneipen and Schenken and catch so many Schläge, you learn to return them.",Kneipen; Schenken; Schläge,Chineses; Czech; French; German; Italian; Polish; Portuguese; Russian; Spanish; Turkish; Ukrainian; Vietnamese
joha_hudebnik__wunderbar__AOzg,10,"non-ASCII character(s) in English display | English reference/display differ | token(s) preserved across 3+ localized displays: Ausgezeichnet, Möchtest, wetten | preserved token(s) also present in English reference",!P Wunderbar! Sie wollen wetten? It's more fun when you have something to lose or win.,Ausgezeichnet! Möchtest du wetten? It's more fun when you have something to lose or win.,Ausgezeichnet; Möchtest; wetten,Chineses; Chineset; Czech; French; German; Italian; Korean; Polish; Portuguese; Russian; Spanish; Turkish; Vietnamese
jola_jolanda_muj_ubohej_s_2SpS,10,"non-ASCII character(s) in English display | English reference/display differ | token(s) preserved across 3+ localized displays: Gejza, Moordarde, Tibor | preserved token(s) also present in English reference","My poor boy Gejza… They beat him to death! Tibor, he would have talked his way out of it. But Gejza, he was so hot-blooded, he'd always lose his temper.","My poor boy Gejza… Moordarde les! Tibor, he would talk his way out of it. But Gejza, he so hot-blooded, he always lose his temper.",Gejza; Moordarde; Tibor,Czech; French; German; Italian; Polish; Portuguese; Russian; Spanish; Turkish; Ukrainian; Vietnamese
jorg_jorg_prank_bei_dir_p_fVid,10,"non-ASCII character(s) in English display | English reference/display differ | token(s) preserved across 3+ localized displays: Hast, Matsch, Schädel | preserved token(s) also present in English reference","!P Bist du 'n bisschen weich im Schädel? What are you on about, you madman?!","Hast du Matsch im Schädel? What are you on about, you madman?!",Hast; Matsch; Schädel,Chineses; Chineset; Czech; French; German; Italian; Korean; Polish; Portuguese; Russian; Spanish; Turkish; Ukrainian
jost_henry_eh__prave_to_o_Dt0p,9,"non-ASCII character(s) in English display | English reference/display differ | token(s) preserved across 3+ localized displays: Liechtenstein, Kuttenberg | preserved token(s) also present in English reference",Ech… About Lichtenstein… that he's in Kuttenberg… and what he's doing there.,About Liechtenstein… that he's in Kuttenberg… and what he's doing there.,Liechtenstein; Kuttenberg,French; German; Italian; Portuguese; Spanish; Turkish; Vietnamese
jp___ptacek_ze_az_mu_zakl_p4Ts,9,"non-ASCII character(s) in English display | English reference/display differ | token(s) preserved across 3+ localized displays: Capon, Pirkstein | preserved token(s) also present in English reference","… that when he sees Lord Capon of Pirkstein, who was attacked and robbed on his land, he should shower him with shit and hang him?","… that when he sees Lord Capon of Pirkstein, who was attacked and robbed on his estate, he should shower him with shit and hang him?",Capon; Pirkstein,French; German; Italian; Portuguese; Spanish; Turkish; Vietnamese
jp_c_brabant_no_dobra_poc_j0L4,10,"non-ASCII character(s) in English display | English reference/display differ | token(s) preserved across 3+ localized displays: Très, bien, Quoi, qu'il, soit","Fine, I shall wait until you will be in a better mood. Anyhow, do not hang your head, things will be looking up!","Très bien, I shall wait until your humour has improved… Quoi qu'il en soit, do not hang your head. Things shall be looking up!",Très; bien; Quoi; qu'il; soit,Chineses; Chineset; Czech; French; German; Italian; Korean; Polish; Portuguese; Russian; Spanish; Turkish; Ukrainian
jp_c_henry_co_bys_udelal__WdhE,9,"non-ASCII character(s) in English display | English reference/display differ | token(s) preserved across 3+ localized displays: plan, Baron | preserved token(s) also present in English reference","What's your plan, Sir Brabant?","What's your plan, Sir Br… eh, Baron?",plan; Baron,French; German; Portuguese; Spanish; Turkish; Vietnamese
kapi_kapitan_v_takze_ten__hbru,9,"non-ASCII character(s) in English display | English reference/display differ | token(s) preserved across 3+ localized displays: Capon, Pirkstein | preserved token(s) also present in English reference","So your master, Capon of Pirkstein, is somehow… significant?","So your master, Lord Capon of Pirkstein, is somehow… significant?",Capon; Pirkstein,French; German; Italian; Portuguese; Spanish; Turkish; Vietnamese
kapl_henry_hledam_barona__CkYB,9,"non-ASCII character(s) in English display | English reference/display differ | token(s) preserved across 3+ localized displays: László, Farkas | preserved token(s) also present in English reference",I'm looking for Baron Laszlo Farkas. Could you help me?,I'm looking for Baron László Farkas. Could you help me?,László; Farkas,French; German; Italian; Portuguese; Spanish; Turkish; Vietnamese
kapl_knez_bohu_sigillum_c_ZLqX,9,"non-ASCII character(s) in English display | English reference/display differ | token(s) preserved across 3+ localized displays: Sigillum, confessionis | preserved token(s) also present in English reference","!P Sigillum confessionis applies to all! Even prisoners. And it was curiosity that killed the cat, so…","Sigillum confessionis applies to all! Even prisoners. And curiosity killed the cat, so…",Sigillum; confessionis,Chineses; Chineset; Czech; French; German; Italian; Korean; Polish; Portuguese; Russian; Spanish; Turkish; Ukrainian; Vietnamese
kasp_kaspar_ru_slecne_adl_dsmC,9,"non-ASCII character(s) in English display | English reference/display differ | token(s) preserved across 3+ localized displays: Adleta, Mannlicher | preserved token(s) also present in English reference",Miss Adleta Mannlicher should have it. I lent it to her during our…let's call it our friendship...,"Miss Adleta Mannlicher should have it. I lent it to her during our…let's call it our ""friendship""…",Adleta; Mannlicher,French; German; Italian; Polish; Portuguese; Spanish; Turkish; Vietnamese
kate_hans_uher_zlodejska__R6Q3,9,"non-ASCII character(s) in English display | English reference/display differ | token(s) preserved across 3+ localized displays: goulash, picora | preserved token(s) also present in English reference","Robber's roast, poacher's secret, neighbour's goulash… And specially, rapico!","Robber's roast, poacher's secret, neighbour's goulash… And specially, picora!",goulash; picora,French; Italian; Portuguese; Spanish; Vietnamese
kate_henry_ha_tue_stelle__pnEB,9,"non-ASCII character(s) in English display | English reference/display differ | token(s) preserved across 3+ localized displays: bellezia, abaghlia | preserved token(s) also present in English reference",!P La tua belleza me… Mi abaghlia!,La tua bellezia me… mi abaghlia!,bellezia; abaghlia,Chineses; Chineset; Czech; French; German; Italian; Korean; Polish; Portuguese; Russian; Spanish; Turkish; Ukrainian; Vietnamese
klau_cechmistr_tvoje_meto_j1UY,9,"non-ASCII character(s) in English display | token(s) preserved across 3+ localized displays: mein, Bruder, Henry | preserved token(s) also present in English reference","I don’t like your methods, mein Bruder. Henry said you got rid of those scoundrels you’d hired before?","I don’t like your methods, mein Bruder. Henry said you got rid of those scoundrels you’d hired before?",mein; Bruder; Henry,Chineses; Chineset; Czech; French; Italian; Korean; Polish; Portuguese; Russian; Spanish; Turkish; Ukrainian; Vietnamese
klau_poslednib_ja_ti_to_r_bDnn,10,"non-ASCII character(s) in English display | token(s) preserved across 3+ localized displays: würde, mich, freuen, wenn, etwas, Wein, trinken, würdest | preserved token(s) also present in English reference","Ich würde mich freuen, wenn du etwas Wein trinken würdest...","Ich würde mich freuen, wenn du etwas Wein trinken würdest...",würde; mich; freuen; wenn; etwas; Wein; trinken; würdest,Chineses; Chineset; Czech; French; German; Italian; Korean; Polish; Portuguese; Russian; Spanish; Turkish; Ukrainian
koma_komar_lean_zisci_nam_2sGA,9,"non-ASCII character(s) in English display | English reference/display differ | token(s) preserved across 3+ localized displays: Kyrie, eleison | preserved token(s) also present in English reference","!P Ziści nam, spuści nam, Kyrie elejson…","To have mercy upon us and hand it over to us, Kyrie eleison…",Kyrie; eleison,Chineset; Czech; French; German; Italian; Korean; Polish; Portuguese; Russian; Spanish; Ukrainian; Vietnamese
komo_komori_tr_secteno_po_Yk7c,11,"non-ASCII character(s) in English display | English reference/display differ | token(s) preserved across 3+ localized displays: Trosky, Otto, Bergow, Bilin | preserved token(s) also present in English reference","The Trosky castle held by Lord Otto von Bergow of Bilin, the Chamberlain of the Kingdom of Bohemia…","Trosky Castle, held by Sir Otto von Bergow, Lord of Bilin, Royal Chamberlain of the Kingdom of Bohemia…",Trosky; Otto; Bergow; Bilin,Czech; French; German; Italian; Portuguese; Spanish; Vietnamese
kore_korenar_b_je_hezky_z_PjM1,10,"non-ASCII character(s) in English display | English reference/display differ | token(s) preserved across 3+ localized displays: Troskowitz, Tachov, Mladyeov | preserved token(s) also present in English reference","Aye, but it was me who was run out of Troskowicz! And then from Tachov, Mladeyov and Ouyezd... xxx","Aye, but I'm the one that got run out of Troskowitz! Then from Tachov, Mladyeov, and Aujezd too…",Troskowitz; Tachov; Mladyeov,French; German; Italian; Portuguese; Spanish; Turkish; Vietnamese
kost_kibic_mil_schonheit__Uj6j,10,"non-ASCII character(s) in English display | English reference/display differ | token(s) preserved across 3+ localized displays: Alles, läuft, nach, Plan",Schonheit wechselt mit pracht! Good game!,Alles läuft nach Plan! Good game!,Alles; läuft; nach; Plan,Chineses; Chineset; Czech; French; German; Italian; Korean; Polish; Portuguese; Russian; Spanish; Turkish; Ukrainian; Vietnamese
kost_kibic_neu_das_gefall_w8JD,9,"non-ASCII character(s) in English display | English reference/display differ | token(s) preserved across 3+ localized displays: gefällt, nicht | preserved token(s) also present in English reference",Das gefallt mir nicht.,Das gefällt mir nicht.,gefällt; nicht,Chineses; Chineset; Czech; French; German; Italian; Japanese; Korean; Polish; Portuguese; Russian; Spanish; Turkish; Ukrainian; Vietnamese
kost_kostky_he_das_nenne__P9e5,10,"non-ASCII character(s) in English display | English reference/display differ | token(s) preserved across 3+ localized displays: Schlecht, dich, mich, mein, Freund",Das nenne ich Pech!,"Schlecht für dich, gut für mich, mein Freund.",Schlecht; dich; mich; mein; Freund,Chineses; Chineset; Czech; French; German; Italian; Japanese; Korean; Polish; Portuguese; Russian; Spanish; Turkish; Ukrainian; Vietnamese
kost_kostky_he_dein_pech__HF0q,11,"non-ASCII character(s) in English display | English reference/display differ | token(s) preserved across 3+ localized displays: Schlecht, dich, mich, mein, Freund | preserved token(s) also present in English reference","Dein Pech, mein Glück, mein Freund.","Schlecht für dich, gut für mich, mein Freund.",Schlecht; dich; mich; mein; Freund,Chineses; Chineset; Czech; French; German; Italian; Japanese; Korean; Polish; Portuguese; Russian; Spanish; Turkish; Ukrainian; Vietnamese
kost_kostky_pa_mein_gott_y4Ci,9,"non-ASCII character(s) in English display | English reference/display differ | token(s) preserved across 3+ localized displays: Mein, Gott | preserved token(s) also present in English reference",Mein Gott...,Mein Gott…,Mein; Gott,Chineses; Chineset; Czech; French; German; Italian; Japanese; Korean; Polish; Portuguese; Russian; Spanish; Turkish; Ukrainian; Vietnamese
kost_kostky_pr_das_ist_ni_1mdO,10,"non-ASCII character(s) in English display | English reference/display differ | token(s) preserved across 3+ localized displays: nicht, möglich, einfach | preserved token(s) also present in English reference",Das ist nicht möglich! Das ist einfach nicht möglich...,Das ist nicht möglich! Das ist einfach nicht möglich ...,nicht; möglich; einfach,Chineses; Chineset; Czech; French; German; Italian; Japanese; Korean; Polish; Portuguese; Russian; Spanish; Turkish; Ukrainian; Vietnamese
kost_kostky_pr_scheiss_dr_2SVx,11,"non-ASCII character(s) in English display | English reference/display differ | token(s) preserved across 3+ localized displays: Scheiß, drauf, Verdammtes, Pech | preserved token(s) also present in English reference",Scheiss drauf! Verdammtes Pech.,Scheiß drauf!! Verdammtes Pech.,Scheiß; drauf; Verdammtes; Pech,Chineses; Czech; French; German; Italian; Korean; Polish; Portuguese; Russian; Spanish; Turkish; Ukrainian; Vietnamese
kost_kostky_st_heute_werd_nMrI,11,"non-ASCII character(s) in English display | English reference/display differ | token(s) preserved across 3+ localized displays: Heute, werde, Glück, haben | preserved token(s) also present in English reference",Heute werde ich Glück haben...,Heute werde ich Glück haben ...,Heute; werde; Glück; haben,Chineses; Chineset; Czech; French; German; Italian; Japanese; Korean; Polish; Portuguese; Russian; Spanish; Turkish; Ukrainian; Vietnamese
kost_kostky_st_ich_hoffe__FuD3,9,"non-ASCII character(s) in English display | token(s) preserved across 3+ localized displays: hoffe, Glück, steht | preserved token(s) also present in English reference","Ich hoffe, das Glück steht mir bei.","Ich hoffe, das Glück steht mir bei.",hoffe; Glück; steht,Chineses; Chineset; Czech; French; German; Italian; Japanese; Korean; Polish; Portuguese; Russian; Spanish; Turkish; Ukrainian; Vietnamese
kost_kostky_st_mal_sehen__QfCy,10,"non-ASCII character(s) in English display | token(s) preserved across 3+ localized displays: sehen, heute, Abend, Glück | preserved token(s) also present in English reference","Mal sehen, wer heute Abend Glück hat.","Mal sehen, wer heute Abend Glück hat.",sehen; heute; Abend; Glück,Chineses; Chineset; Czech; French; German; Italian; Japanese; Korean; Polish; Portuguese; Russian; Spanish; Turkish; Ukrainian; Vietnamese
kost_kostky_st_moge_der_b_9Kwr,10,"non-ASCII character(s) in English display | token(s) preserved across 3+ localized displays: Möge, beste, Mann, gewinnen | preserved token(s) also present in English reference",Möge der beste Mann gewinnen.,Möge der beste Mann gewinnen.,Möge; beste; Mann; gewinnen,Chineses; Chineset; Czech; French; German; Italian; Japanese; Korean; Polish; Portuguese; Russian; Spanish; Turkish; Ukrainian; Vietnamese
kost_kostky_vy_grosse_ich_ymBR,11,"non-ASCII character(s) in English display | English reference/display differ | token(s) preserved across 3+ localized displays: Wahnsinn, habe, einfach, Glück | preserved token(s) also present in English reference",Grosse! Ich habe einfach Glück.,Wahnsinn! Ich habe einfach Glück.,Wahnsinn; habe; einfach; Glück,Chineses; Chineset; Czech; French; German; Italian; Japanese; Korean; Polish; Portuguese; Russian; Spanish; Turkish; Ukrainian; Vietnamese
kova_kovar_sam_wo_habe_bl_9rgL,10,"non-ASCII character(s) in English display | English reference/display differ | token(s) preserved across 3+ localized displays: diese, blöde, Zange | preserved token(s) also present in English reference",!P Wo habe... Blöde Zange?,Wo ist diese blöde Zange?,diese; blöde; Zange,Chineses; Chineset; Czech; French; German; Italian; Japanese; Korean; Polish; Portuguese; Russian; Spanish; Turkish; Ukrainian; Vietnamese
krej_henry_takze_kdyz_pre_ocdS,9,"non-ASCII character(s) in English display | English reference/display differ | token(s) preserved across 3+ localized displays: Zhelejov, groschen | preserved token(s) also present in English reference","And if I beat your farmhands, couldn't you send me to Zheleyov? I could also use those groschen…","And if I beat your hands, would you send me to Zhelejov? I could also use those groschen…",Zhelejov; groschen,French; German; Italian; Portuguese; Spanish; Turkish; Vietnamese
kube_brabant_a_nakonec_i__lsMi,9,"non-ASCII character(s) in English display | English reference/display differ | token(s) preserved across 3+ localized displays: Kuttenberg, réputation | preserved token(s) also present in English reference",!P And even Kuttenberg! And I would restore my réputation!,And even Kuttenberg! And I would restore my réputation!,Kuttenberg; réputation,Czech; French; German; Italian; Polish; Portuguese; Russian; Spanish; Turkish; Vietnamese
kube_brabant_takovej_sunt_RdnK,9,"non-ASCII character(s) in English display | English reference/display differ | token(s) preserved across 3+ localized displays: pièce, pacotille | preserved token(s) also present in English reference",!P The cannon! That pièce de pacotille could not handle one burst!,The cannon! That pièce de pacotille could not handle one burst!,pièce; pacotille,Chineses; Chineset; Czech; French; German; Italian; Korean; Portuguese; Russian; Spanish; Turkish; Ukrainian
kube_kubenka_z_dohrals_du_PBxV,9,"non-ASCII character(s) in English display | English reference/display differ | token(s) preserved across 3+ localized displays: Haha, Scheißkerl | preserved token(s) also present in English reference","Haha, du Schurke! Game over!","Haha, du Scheißkerl! The fun is over!",Haha; Scheißkerl,Chineses; Chineset; Czech; French; German; Italian; Korean; Polish; Portuguese; Russian; Spanish; Turkish; Ukrainian; Vietnamese
kuch_kuchar_ko_es_ist_nic_wIjY,10,"non-ASCII character(s) in English display | English reference/display differ | token(s) preserved across 3+ localized displays: Schmeckt, nicht, Mutter | preserved token(s) also present in English reference",!P Es ist nicht wie von Mutter...,Schmeckt nicht wie bei Mutter …,Schmeckt; nicht; Mutter,Chineses; Chineset; Czech; French; German; Italian; Japanese; Korean; Polish; Portuguese; Russian; Spanish; Turkish; Ukrainian
kuch_kuchar_ko_konnte_etw_cmOG,10,"non-ASCII character(s) in English display | English reference/display differ | token(s) preserved across 3+ localized displays: Könnte, paar, Gewürze, vertragen",!P Konnte etwas wurzen.,Könnte ein paar Gewürze vertragen.,Könnte; paar; Gewürze; vertragen,Chineses; Chineset; Czech; French; German; Italian; Japanese; Korean; Polish; Portuguese; Russian; Spanish; Turkish; Ukrainian
kuch_kuchar_ko_nicht_schl_I6WR,9,"non-ASCII character(s) in English display | English reference/display differ | token(s) preserved across 3+ localized displays: nicht, schlecht | preserved token(s) also present in English reference","!P Nicht schlecht, nicht schlecht...",Gar nicht mal schlecht …,nicht; schlecht,Chineses; Chineset; Czech; French; German; Italian; Japanese; Korean; Polish; Portuguese; Russian; Spanish; Turkish; Ukrainian
kuch_kucharka__spis_neco__m3Ea,9,"non-ASCII character(s) in English display | English reference/display differ | token(s) preserved across 3+ localized displays: groschen, Libak | preserved token(s) also present in English reference","So many groschen… I promise I'll split it with Lord Libak when I see him, And I'll explain everything.","So many groschen… I promise I'll split it with Lord Libak when I see him, and I'll explain everything.",groschen; Libak,French; German; Italian; Portuguese; Spanish; Turkish; Vietnamese
kuma_basan_com_ne_akard_h_WXRT,10,"non-ASCII character(s) in English display | token(s) preserved across 3+ localized displays: akard, hogy, mérges, legyek | preserved token(s) also present in English reference","Ne akard, hogy mérges legyek!","Ne akard, hogy mérges legyek!",akard; hogy; mérges; legyek,Chineses; Chineset; Czech; French; German; Italian; Japanese; Korean; Polish; Portuguese; Russian; Spanish; Turkish; Ukrainian; Vietnamese
kuma_farkasova_baro_laszl_ZssE,10,"non-ASCII character(s) in English display | English reference/display differ | token(s) preserved across 3+ localized displays: Farkas, László, Báró | preserved token(s) also present in English reference",!P Báró László Farkas!,Farkas László Báró!,Farkas; László; Báró,Chineses; Chineset; Czech; French; German; Italian; Japanese; Korean; Polish; Portuguese; Russian; Spanish; Turkish; Ukrainian; Vietnamese
kuma_farkasova_igen_igen__9mza,11,"non-ASCII character(s) in English display | English reference/display differ | token(s) preserved across 3+ localized displays: Igen, igen, Benn, Báró | preserved token(s) also present in English reference",!P Igen igen. Báró itt van.,Igen igen. Benn van a Báró,Igen; igen; Benn; Báró,Chineses; Chineset; Czech; French; German; Italian; Japanese; Korean; Polish; Portuguese; Russian; Spanish; Turkish; Ukrainian; Vietnamese
kuma_farkasova_nem_nincs__QPY9,9,"non-ASCII character(s) in English display | English reference/display differ | token(s) preserved across 3+ localized displays: Nincs, sátorban | preserved token(s) also present in English reference",!P Nem. Nincs a sátorban.,Nem. Nincs a sátorban.,Nincs; sátorban,Chineses; Chineset; Czech; French; German; Italian; Japanese; Korean; Polish; Portuguese; Russian; Spanish; Turkish; Ukrainian; Vietnamese
kuma_henry_hledam_zemana__AMwT,9,"non-ASCII character(s) in English display | English reference/display differ | token(s) preserved across 3+ localized displays: László, Farkas | preserved token(s) also present in English reference",I'm looking for Baron Laszlo Farkas.,I'm looking for Baron László Farkas.,László; Farkas,French; German; Italian; Portuguese; Spanish; Turkish; Vietnamese
kuma_jasak_es_miert_pont__c5Nz,11,"non-ASCII character(s) in English display | English reference/display differ | token(s) preserved across 3+ localized displays: miért, pont, lennénk, azok | preserved token(s) also present in English reference",!P És miért pont mi lennénk azok?,És miért pont mi lennénk azok?,miért; pont; lennénk; azok,Chineses; Chineset; Czech; French; German; Italian; Korean; Polish; Portuguese; Russian; Spanish; Turkish; Ukrainian; Vietnamese
kuma_jasak_ezt_nevezed_te_9MxJ,11,"non-ASCII character(s) in English display | English reference/display differ | token(s) preserved across 3+ localized displays: nevezed, szabadságnak, enni, mehetünk | preserved token(s) also present in English reference",!P Ezt nevezed te szabadságnak? Még enni sem mehetünk el!,Ezt nevezed te szabadságnak? Még enni sem mehetünk el!,nevezed; szabadságnak; enni; mehetünk,Chineses; Chineset; Czech; French; German; Italian; Korean; Polish; Portuguese; Russian; Spanish; Turkish; Ukrainian; Vietnamese
kuma_jasak_letepem_a_fene_T50y,11,"non-ASCII character(s) in English display | English reference/display differ | token(s) preserved across 3+ localized displays: Rúgjuk, szét, seggét, Henry | preserved token(s) also present in English reference","Letépem a fenekét, Henry!","Rúgjuk szét a seggét, Henry!",Rúgjuk; szét; seggét; Henry,Chineses; Chineset; Czech; French; German; Italian; Korean; Polish; Portuguese; Russian; Spanish; Turkish; Ukrainian; Vietnamese
kuma_jasak_mi_a_fasz_volt_DZvx,11,"non-ASCII character(s) in English display | English reference/display differ | token(s) preserved across 3+ localized displays: fasz, volt, Mondtam, hogy, hülye, ötlet | preserved token(s) also present in English reference","!P Mi a fasz volt ez? Mondtam, hogy hülye ötlet volt.","Mi a fasz volt ez? Mondtam, hogy hülye ötlet volt.",fasz; volt; Mondtam; hogy; hülye; ötlet,Chineses; Chineset; Czech; French; German; Italian; Korean; Polish; Portuguese; Russian; Spanish; Turkish; Ukrainian; Vietnamese
kuma_jasak_nem_tudom_honn_WaCs,11,"non-ASCII character(s) in English display | English reference/display differ | token(s) preserved across 3+ localized displays: tudom, honnan, szeded, bízalmat, ezeknek, csak, söpredék, vagyunk | preserved token(s) also present in English reference","!P Nem tudom, honnan van ennyi önbizalmad. Mi vagyunk a ribancok ezeknek az embereknek.","Nem tudom, honnan szeded ezt a sok bízalmat. Mi ezeknek csak söpredék vagyunk.",tudom; honnan; szeded; bízalmat; ezeknek; csak; söpredék; vagyunk,Chineses; Chineset; Czech; French; German; Italian; Korean; Polish; Portuguese; Russian; Spanish; Turkish; Ukrainian; Vietnamese
kuma_jasak_vasko_nem_is_t_SpjN,11,"non-ASCII character(s) in English display | English reference/display differ | token(s) preserved across 3+ localized displays: Vasko, tudom, Talán, vissza, kéne, mennünk | preserved token(s) also present in English reference",Vasko… !P Nem is tudom. Talán vissza kéne mennünk.,Vasko… Nem is tudom. Talán vissza kéne mennünk.,Vasko; tudom; Talán; vissza; kéne; mennünk,Chineses; Chineset; Czech; French; German; Italian; Korean; Polish; Portuguese; Russian; Spanish; Turkish; Ukrainian; Vietnamese
kuma_jasak_voros_haju_roka_wCFK,9,"non-ASCII character(s) in English display | token(s) preserved across 3+ localized displays: Vörös, hajú, róka | preserved token(s) also present in English reference",Vörös hajú róka.,Vörös hajú róka.,Vörös; hajú; róka,Chineses; Chineset; Czech; French; German; Italian; Japanese; Korean; Polish; Portuguese; Russian; Spanish; Turkish; Ukrainian; Vietnamese
kuma_kuman_u_s_csak_egy_p_nh5H,10,"non-ASCII character(s) in English display | English reference/display differ | token(s) preserved across 3+ localized displays: pillanat, állok, magamért | preserved token(s) also present in English reference","!P Csak egy pillanat, és nem fogom tudni visszatartani.","Még egy pillanat, és nem állok jót magamért!",pillanat; állok; magamért,Chineses; Chineset; Czech; French; German; Italian; Korean; Polish; Portuguese; Russian; Spanish; Turkish; Ukrainian; Vietnamese
kuma_kuman_u_s_ezt_majd_m_WIol,11,"non-ASCII character(s) in English display | English reference/display differ | token(s) preserved across 3+ localized displays: Könnyű, mondani, köpés, bírom, tovább | preserved token(s) also present in English reference","Ezt majd megmondják neked. Még egy köpés, és nem bírom.","Könnyű ezt mondani. Még egy köpés, és nem bírom tovább.",Könnyű; mondani; köpés; bírom; tovább,Chineses; Chineset; Czech; French; German; Italian; Korean; Polish; Portuguese; Russian; Spanish; Turkish; Ukrainian; Vietnamese
kuma_kuman_u_s_placeholde_8kLJ,11,"non-ASCII character(s) in English display | English reference/display differ | token(s) preserved across 3+ localized displays: tetszik, ahogy, néznek, minket | preserved token(s) also present in English reference","Nem tetszik, ahogy ránk nézel.","Nem tetszik, ahogy néznek minket.",tetszik; ahogy; néznek; minket,Chineses; Chineset; Czech; French; German; Italian; Korean; Polish; Portuguese; Russian; Spanish; Turkish; Ukrainian; Vietnamese
kuma_kuman_u_s_placeholde_z5AN,9,"non-ASCII character(s) in English display | token(s) preserved across 3+ localized displays: Hiba, volt, idejönni | preserved token(s) also present in English reference",Hiba volt idejönni.,Hiba volt idejönni.,Hiba; volt; idejönni,Chineses; Chineset; Czech; French; German; Italian; Korean; Polish; Portuguese; Russian; Spanish; Turkish; Ukrainian; Vietnamese
kuma_kuman_u_s_tekintsen__orcv,11,"non-ASCII character(s) in English display | English reference/display differ | token(s) preserved across 3+ localized displays: néznek, ránk, mint, gyilkosokra | preserved token(s) also present in English reference","Tekintsen ránk, mint gyilkosokra.","Úgy néznek ránk, mint a gyilkosokra.",néznek; ránk; mint; gyilkosokra,Chineses; Chineset; Czech; French; German; Italian; Korean; Polish; Portuguese; Russian; Spanish; Turkish; Ukrainian; Vietnamese
kuma_kuman_uto_nemel_jsi__abjW,9,"non-ASCII character(s) in English display | token(s) preserved across 3+ localized displays: kellett, volna, idejönnöd | preserved token(s) also present in English reference",Nem kellett volna idejönnöd!,Nem kellett volna idejönnöd!,kellett; volna; idejönnöd,Chineses; Chineset; Czech; French; German; Italian; Japanese; Korean; Polish; Portuguese; Russian; Spanish; Turkish; Ukrainian; Vietnamese
kuma_kuman_uto_placeholde_rd2p,10,"non-ASCII character(s) in English display | token(s) preserved across 3+ localized displays: Majd, móresre, tanítalak, rohadék | preserved token(s) also present in English reference","Majd én móresre tanítalak, te rohadék!","Majd én móresre tanítalak, te rohadék!",Majd; móresre; tanítalak; rohadék,Chineses; Chineset; Czech; French; German; Italian; Japanese; Korean; Polish; Portuguese; Russian; Spanish; Turkish; Ukrainian; Vietnamese
kuma_kuman_v_t__popis_las_m0UV,9,"non-ASCII character(s) in English display | English reference/display differ | token(s) preserved across 3+ localized displays: Vörös, fekete | preserved token(s) also present in English reference",Piros és fekete.,Vörös és fekete.,Vörös; fekete,Chineses; Chineset; Czech; French; German; Italian; Japanese; Korean; Polish; Portuguese; Russian; Spanish; Turkish; Ukrainian; Vietnamese
kuma_kuman_v_t_piros_jako_uy13,9,"non-ASCII character(s) in English display | English reference/display differ | token(s) preserved across 3+ localized displays: Vörös, fekete | preserved token(s) also present in English reference",Piros like… blood. És fekete… like night.,Vörös like… blood. És fekete… like night.,Vörös; fekete,Chineses; Chineset; Czech; French; German; Italian; Polish; Portuguese; Russian; Spanish; Turkish; Ukrainian; Vietnamese
kuma_kuman_vol_vsichni_ke_KuZf,9,"non-ASCII character(s) in English display | token(s) preserved across 3+ localized displays: Mindenki, hozzám, Támadó | preserved token(s) also present in English reference",Mindenki hozzám! Támadó!,Mindenki hozzám! Támadó!,Mindenki; hozzám; Támadó,Chineses; Chineset; Czech; French; German; Italian; Japanese; Korean; Polish; Portuguese; Russian; Spanish; Turkish; Ukrainian; Vietnamese
kuma_npc_bezi__delejte_ku_HCI0,9,"non-ASCII character(s) in English display | English reference/display differ | token(s) preserved across 3+ localized displays: Gyerünk, baszd, Tessék","Kurva, come on! Here!","Gyerünk, baszd meg! Tessék!",Gyerünk; baszd; Tessék,Chineses; Chineset; Czech; French; German; Italian; Japanese; Korean; Polish; Portuguese; Russian; Spanish; Turkish; Ukrainian; Vietnamese
kuma_npc_bezi__do_prdele__nyKT,9,"non-ASCII character(s) in English display | English reference/display differ | token(s) preserved across 3+ localized displays: Bazmeg, cimborák, vagytok","Doprdele, fellahs! Where are you?!","Bazmeg, cimborák! Hol vagytok?",Bazmeg; cimborák; vagytok,Chineses; Czech; French; German; Italian; Japanese; Korean; Polish; Portuguese; Russian; Spanish; Turkish; Ukrainian; Vietnamese
kuma_npc_bezi__sam_ho_nez_8AUL,9,"non-ASCII character(s) in English display | English reference/display differ | token(s) preserved across 3+ localized displays: bírom, egyedül, segítsetek",I can't handle this on my own! Hurry up!,"Nem bírom egyedül, segítsetek!",bírom; egyedül; segítsetek,Chineses; Czech; French; German; Italian; Japanese; Korean; Polish; Portuguese; Russian; Spanish; Turkish; Ukrainian; Vietnamese
kuma_npc_hlasi_delej_ty_h_hk4G,10,"non-ASCII character(s) in English display | English reference/display differ | token(s) preserved across 3+ localized displays: Gyerünk, idióta, Gyere, velem","Come on, you idiot! With me!","Gyerünk, te idióta! Gyere velem!",Gyerünk; idióta; Gyere; velem,Chineses; Chineset; Czech; French; German; Italian; Japanese; Korean; Polish; Portuguese; Russian; Spanish; Turkish; Ukrainian; Vietnamese
kuma_opily_kum_a_nevem_je_OXlx,10,"non-ASCII character(s) in English display | English reference/display differ | token(s) preserved across 3+ localized displays: Engem, Jasaknak, hívnak, téged",A nevem Jasak. És te?,Engem Jasaknak hívnak. És téged?,Engem; Jasaknak; hívnak; téged,Chineses; Chineset; Czech; French; German; Italian; Korean; Polish; Portuguese; Russian; Spanish; Turkish; Ukrainian; Vietnamese
kuma_opily_kum_azok_a_kut_V30f,9,"non-ASCII character(s) in English display | token(s) preserved across 3+ localized displays: Azok, kutyák, rossz | preserved token(s) also present in English reference",Azok a kutyák... ez rossz jel!,Azok a kutyák... ez rossz jel!,Azok; kutyák; rossz,Chineses; Chineset; Czech; French; German; Italian; Korean; Polish; Portuguese; Russian; Spanish; Turkish; Ukrainian; Vietnamese
kuma_opily_kum_gyerunk_na_f0H5,9,"non-ASCII character(s) in English display | English reference/display differ | token(s) preserved across 3+ localized displays: Vigyázz, magadra, napsugaram","Gyerünk, napom.","Vigyázz magadra, napsugaram.",Vigyázz; magadra; napsugaram,Chineses; Chineset; Czech; French; German; Italian; Korean; Polish; Portuguese; Russian; Spanish; Turkish; Ukrainian; Vietnamese
kuma_opily_kum_nos_tonezn_XgZt,11,"non-ASCII character(s) in English display | English reference/display differ | token(s) preserved across 3+ localized displays: Nevererd, Gyönyörű, Olyan, szép, mint | preserved token(s) also present in English reference","Nos, Neverheard, gyönyörű név. Olyan szép, mint te.","Nos, Nevererd? Gyönyörű név. Olyan szép, mint te.",Nevererd; Gyönyörű; Olyan; szép; mint,Chineses; Chineset; Czech; French; German; Italian; Korean; Polish; Portuguese; Russian; Spanish; Turkish; Ukrainian; Vietnamese
kuma_opily_kum_ooo_nem_va_sRpa,11,"non-ASCII character(s) in English display | English reference/display differ | token(s) preserved across 3+ localized displays: Éhes, vagy, Ennél, valamit, szádba | preserved token(s) also present in English reference",Éhes vagy? Valamit enni? A szájban – így!,Éhes vagy? Ennél valamit? A szádba – így ni!,Éhes; vagy; Ennél; valamit; szádba,Chineses; Chineset; Czech; French; German; Italian; Korean; Polish; Portuguese; Russian; Spanish; Turkish; Ukrainian; Vietnamese
kuma_opily_kum_se_mnou_ne_Rsoz,9,"non-ASCII character(s) in English display | English reference/display differ | token(s) preserved across 3+ localized displays: bámulj, fordíts | preserved token(s) also present in English reference","Ne hallgass rám, fordíts ide!","Ne bámulj rám, fordíts!",bámulj; fordíts,Chineses; Chineset; Czech; French; German; Italian; Korean; Polish; Portuguese; Russian; Spanish; Turkish; Ukrainian; Vietnamese
kuma_opily_kum_valoszinul_eRUF,11,"non-ASCII character(s) in English display | English reference/display differ | token(s) preserved across 3+ localized displays: Jobb, lenne, visszamennék, táborba, holnap | preserved token(s) also present in English reference","Valószínűleg vissza kellene mennem a táborba, de holnap? Itt?","Jobb lenne, ha visszamennék a táborba, de holnap? Itt?",Jobb; lenne; visszamennék; táborba; holnap,Chineses; Chineset; Czech; French; German; Italian; Korean; Polish; Portuguese; Russian; Spanish; Turkish; Ukrainian; Vietnamese
kuma_spizovaci_ale_prosim_d9hW,11,"non-ASCII character(s) in English display | English reference/display differ | token(s) preserved across 3+ localized displays: Menj, Azok, hegyen-völgyön, járnak | preserved token(s) also present in English reference",Menj már!. Azok már rég hegyen-völgyön túl járnak.,Menj már! Azok már rég hegyen-völgyön túl járnak.,Menj; Azok; hegyen-völgyön; járnak,Chineses; Chineset; Czech; French; German; Italian; Korean; Polish; Portuguese; Russian; Spanish; Turkish; Ukrainian; Vietnamese
kuma_spizovaci_dobre_jim__KwG0,10,"non-ASCII character(s) in English display | token(s) preserved across 3+ localized displays: kell, nekik, Amúgy, áruló, csőcselék | preserved token(s) also present in English reference",Úgy kell nekik. Amúgy is egy áruló csőcselék ez.,Úgy kell nekik. Amúgy is egy áruló csőcselék ez.,kell; nekik; Amúgy; áruló; csőcselék,Chineses; Chineset; Czech; French; German; Italian; Korean; Polish; Portuguese; Russian; Spanish; Turkish; Ukrainian; Vietnamese
kuma_spizovaci_myslis_ze__gAG7,10,"non-ASCII character(s) in English display | token(s) preserved across 3+ localized displays: Gondolod, hogy, fogja, gyújtani, helyet | preserved token(s) also present in English reference","Gondolod, hogy fel fogja gyújtani ezt a helyet?","Gondolod, hogy fel fogja gyújtani ezt a helyet?",Gondolod; hogy; fogja; gyújtani; helyet,Chineses; Chineset; Czech; French; German; Italian; Korean; Polish; Portuguese; Russian; Spanish; Turkish; Ukrainian; Vietnamese
kuma_spizovaci_nech_me_be_nID5,10,"non-ASCII character(s) in English display | token(s) preserved across 3+ localized displays: hagynál, békiben, Úgysem, tehetnek, semmit | preserved token(s) also present in English reference",Nem hagynál békiben? Úgysem tehetnek semmit.,Nem hagynál békiben? Úgysem tehetnek semmit.,hagynál; békiben; Úgysem; tehetnek; semmit,Chineses; Chineset; Czech; French; German; Italian; Korean; Polish; Portuguese; Russian; Spanish; Turkish; Ukrainian; Vietnamese
kuma_spizovaci_smrdi_to_t_pQRA,10,"non-ASCII character(s) in English display | token(s) preserved across 3+ localized displays: Szarszag, Mindenhol, büdös, trágyaszag, Trágyaország | preserved token(s) also present in English reference",Szarszag van. Mindenhol ez a büdös trágyaszag. Trágyaország.,Szarszag van. Mindenhol ez a büdös trágyaszag. Trágyaország.,Szarszag; Mindenhol; büdös; trágyaszag; Trágyaország,Chineses; Chineset; Czech; French; German; Italian; Japanese; Korean; Polish; Portuguese; Russian; Spanish; Turkish; Ukrainian; Vietnamese
kuma_spizovaci_snad_najdo_OcFQ,10,"non-ASCII character(s) in English display | token(s) preserved across 3+ localized displays: Remélem, találnak, friss, húst, Többet, falat, kutyát, vagyok | preserved token(s) also present in English reference","Remélem, találnak friss húst. Többet egy falat kutyát se vagyok hajlandó lenyelni.","Remélem, találnak friss húst. Többet egy falat kutyát se vagyok hajlandó lenyelni.",Remélem; találnak; friss; húst; Többet; falat; kutyát; vagyok; hajlandó; lenyelni,Chineses; Chineset; Czech; French; German; Italian; Japanese; Korean; Polish; Portuguese; Russian; Spanish; Turkish; Ukrainian; Vietnamese
kuma_spizovaci_svrbi_me_z_skbx,10,"non-ASCII character(s) in English display | token(s) preserved across 3+ localized displays: Viszket, seggem, Sehol, senki, megvakargatná | preserved token(s) also present in English reference","Viszket a seggem. Sehol senki, aki megvakargatná.","Viszket a seggem. Sehol senki, aki megvakargatná.",Viszket; seggem; Sehol; senki; megvakargatná,Chineses; Chineset; Czech; French; German; Italian; Japanese; Korean; Polish; Portuguese; Russian; Spanish; Turkish; Ukrainian; Vietnamese
kuma_spizovaci_tech_co_se_Blgu,10,"non-ASCII character(s) in English display | token(s) preserved across 3+ localized displays: Azokat, akiket, először, küldtek | preserved token(s) also present in English reference","Azokat, akiket először küldtek ide.","Azokat, akiket először küldtek ide.",Azokat; akiket; először; küldtek,Chineses; Chineset; Czech; French; German; Italian; Korean; Polish; Portuguese; Russian; Spanish; Turkish; Ukrainian; Vietnamese
kuma_spizovaci_tolik_povy_XlpJ,10,"non-ASCII character(s) in English display | token(s) preserved across 3+ localized displays: Ennyi, hűhó, semmiért, Mintha, nyúznánk, őket | preserved token(s) also present in English reference",Ennyi hűhó a semmiért. Mintha nyúznánk őket.,Ennyi hűhó a semmiért. Mintha nyúznánk őket.,Ennyi; hűhó; semmiért; Mintha; nyúznánk; őket,Chineses; Chineset; Czech; French; German; Italian; Japanese; Korean; Polish; Portuguese; Russian; Spanish; Turkish; Ukrainian; Vietnamese
kuma_spizovaci_uz_bychom__0vQZ,10,"non-ASCII character(s) in English display | token(s) preserved across 3+ localized displays: Most, ideje, lenne, elindulni | preserved token(s) also present in English reference",Most már ideje lenne elindulni.,Most már ideje lenne elindulni.,Most; ideje; lenne; elindulni,Chineses; Chineset; Czech; French; German; Italian; Japanese; Korean; Polish; Portuguese; Russian; Spanish; Turkish; Ukrainian; Vietnamese
kuma_spizovaci_zmlknete_n_nWO1,10,"non-ASCII character(s) in English display | token(s) preserved across 3+ localized displays: Fogjátok, vagy, eltöröm, lábatok | preserved token(s) also present in English reference","Fogjátok be, vagy eltöröm a lábatok.","Fogjátok be, vagy eltöröm a lábatok.",Fogjátok; vagy; eltöröm; lábatok,Chineses; Chineset; Czech; French; German; Italian; Japanese; Korean; Polish; Portuguese; Russian; Spanish; Turkish; Ukrainian; Vietnamese
kuma_vasko_a_hadseregbe_s_qOfV,11,"non-ASCII character(s) in English display | English reference/display differ | token(s) preserved across 3+ localized displays: hadseregbe, Soha, szereted, szabadságot | preserved token(s) also present in English reference",!P A hadseregbe? Soha. Nem szereted a szabadságot?,A hadseregbe? Soha. Nem szereted a szabadságot?,hadseregbe; Soha; szereted; szabadságot,Chineses; Chineset; Czech; French; German; Italian; Korean; Polish; Portuguese; Russian; Spanish; Turkish; Ukrainian; Vietnamese
kuma_vasko_egyunk_es_menj_a1oH,10,"non-ASCII character(s) in English display | English reference/display differ | token(s) preserved across 3+ localized displays: Együnk, tűnjünk, innen | preserved token(s) also present in English reference",Együnk és menjünk ki,"Együnk, és tűnjünk innen!",Együnk; tűnjünk; innen,Chineses; Chineset; Czech; French; German; Italian; Korean; Polish; Portuguese; Russian; Spanish; Turkish; Ukrainian; Vietnamese
kuma_vasko_ezt_megertem_d_y4ku,11,"non-ASCII character(s) in English display | English reference/display differ | token(s) preserved across 3+ localized displays: megértem, valakinek, kell, kezdenie, meggyőzni, őket, hogy, mindenki | preserved token(s) also present in English reference","!P Ezt megértem. De valakinek el kell kezdenie meggyőzni őket, hogy nem mindenki egyforma.","Ezt megértem. De valakinek el kell kezdenie meggyőzni őket, hogy nem mindenki egyforma.",megértem; valakinek; kell; kezdenie; meggyőzni; őket; hogy; mindenki; egyforma,Chineses; Chineset; Czech; French; German; Italian; Korean; Polish; Portuguese; Russian; Spanish; Turkish; Ukrainian; Vietnamese
kuma_vasko_nem_azt_mondom_V85R,10,"non-ASCII character(s) in English display | English reference/display differ | token(s) preserved across 3+ localized displays: mondom, hogy, ideális | preserved token(s) also present in English reference","!P Nem azt mondom, hogy ez ideális…","Nem azt mondom, hogy ez ideális…",mondom; hogy; ideális,Chineses; Chineset; Czech; French; German; Italian; Korean; Polish; Portuguese; Russian; Spanish; Turkish; Ukrainian; Vietnamese
kuma_vasko_nem_volt_rossz_jYhQ,11,"non-ASCII character(s) in English display | English reference/display differ | token(s) preserved across 3+ localized displays: volt, rossz, ötlet, hittem, másképp, alakul, Tényleg | preserved token(s) also present in English reference","!P Nem volt rossz ötlet… De azt hittem, hogy másképp alakul. Így is lett.","Nem volt rossz ötlet… De azt hittem, másképp alakul. Tényleg azt hittem.",volt; rossz; ötlet; hittem; másképp; alakul; Tényleg,Chineses; Chineset; Czech; French; German; Italian; Korean; Polish; Portuguese; Russian; Spanish; Turkish; Ukrainian; Vietnamese
kuma_vasko_placeholder_3_pVtI,10,"non-ASCII character(s) in English display | English reference/display differ | token(s) preserved across 3+ localized displays: nyugodtak, leszünk, akkor | preserved token(s) also present in English reference","Amikor mi nyugodtak vagyunk, ők is.","Ha mi nyugodtak leszünk, akkor ők is.",nyugodtak; leszünk; akkor,Chineses; Chineset; Czech; French; German; Italian; Korean; Polish; Portuguese; Russian; Spanish; Turkish; Ukrainian; Vietnamese
kupec_cechmistr_eh_copak__Tw48,9,"non-ASCII character(s) in English display | English reference/display differ | token(s) preserved across 3+ localized displays: verstehst, nicht | preserved token(s) also present in English reference","Oh, Verstehst du das nicht? It was King Wenceslas who made him his official. It’s to him he owes everything!","Oh, verstehst du das nicht? It was King Wenceslas who made him his official. It’s to him he owes everything!",verstehst; nicht,Chineses; Chineset; Czech; French; German; Italian; Korean; Polish; Portuguese; Russian; Spanish; Turkish; Ukrainian; Vietnamese
kupec_cechmistr_ich_hoffe_8gBA,10,"non-ASCII character(s) in English display | English reference/display differ | token(s) preserved across 3+ localized displays: hoffe, weißt, tust | preserved token(s) also present in English reference","Ich hoffe Sie wissen, was Sie tun.","Ich hoffe, du weißt, was du tust.",hoffe; weißt; tust,Chineses; Chineset; Czech; French; German; Italian; Korean; Polish; Portuguese; Russian; Spanish; Turkish; Ukrainian; Vietnamese
kupec_cechmistr_jindrichu_spHU,9,"non-ASCII character(s) in English display | token(s) preserved across 3+ localized displays: Henry, bitte, Olbert | preserved token(s) also present in English reference","Henry, bitte, that really is not necessary. Olbert is offering us a deal, let’s think it over calmly.","Henry, bitte, that really is not necessary. Olbert is offering us a deal, let’s think it over calmly.",Henry; bitte; Olbert,Chineses; Chineset; Czech; French; German; Italian; Korean; Polish; Portuguese; Russian; Spanish; Turkish; Ukrainian; Vietnamese
kupec_cechmistr_milerad_s_Q3Go,9,"non-ASCII character(s) in English display | token(s) preserved across 3+ localized displays: Herzlich, gern, Olbert | preserved token(s) also present in English reference","Herzlich gern, Olbert. Hopefully it won’t be too bitter or needlessly sweet, just... a good vintage.","Herzlich gern, Olbert. Hopefully it won’t be too bitter or needlessly sweet, just... a good vintage.",Herzlich; gern; Olbert,Chineses; Chineset; Czech; French; German; Italian; Korean; Polish; Portuguese; Russian; Spanish; Turkish; Ukrainian; Vietnamese
kupec_cechmistr_vzdycky_m_aXfU,9,"non-ASCII character(s) in English display | English reference/display differ | token(s) preserved across 3+ localized displays: nichts, anderes | preserved token(s) also present in English reference","It’s always only been about the good of the guild and its members, um nichts anderes!",It’s always only been about the good of the guild and its members – nichts anderes!,nichts; anderes,Chineses; Chineset; Czech; French; German; Italian; Korean; Polish; Portuguese; Russian; Spanish; Turkish; Ukrainian; Vietnamese
kupec_poslednib_nein_to_j_pmPn,10,"non-ASCII character(s) in English display | token(s) preserved across 3+ localized displays: Nein, mein, Bruder, chance | preserved token(s) also present in English reference","Nein, this is war, mein Bruder! And I’m giving you the chance to make amends and stay loyal to your king.","Nein, this is war, mein Bruder! And I’m giving you the chance to make amends and stay loyal to your king.",Nein; mein; Bruder; chance,Chineses; Chineset; Czech; French; German; Italian; Korean; Polish; Portuguese; Russian; Spanish; Turkish; Ukrainian; Vietnamese
lapk_lapka_v_r_radsi_se_h_8sLo,9,"non-ASCII character(s) in English display | token(s) preserved across 3+ localized displays: Radši, hned, votoč, táhni, vodkud, přišel, dědku",,"Radši se hned votoč a táhni vodkud si přišel, dědku!",Radši; hned; votoč; táhni; vodkud; přišel; dědku,Chineses; Chineset; Czech; French; German; Italian; Japanese; Korean; Polish; Portuguese; Russian; Spanish; Turkish; Ukrainian; Vietnamese
laze_lazebnice_ahm_es_war_WdvU,9,"non-ASCII character(s) in English display | English reference/display differ | token(s) preserved across 3+ localized displays: nicht, schlecht | preserved token(s) also present in English reference","Ähm, es war nicht schlecht...","Ähm, es war nicht schlecht …",nicht; schlecht,Chineses; Chineset; Czech; French; German; Italian; Japanese; Korean; Polish; Portuguese; Russian; Spanish; Turkish; Ukrainian; Vietnamese
laze_lazebnice_entschuldi_1zgF,10,"non-ASCII character(s) in English display | English reference/display differ | token(s) preserved across 3+ localized displays: Entschuldige, mein, Freund | preserved token(s) also present in English reference","Entschuldigung, mein Freund...","Entschuldige, mein Freund …",Entschuldige; mein; Freund,Chineses; Chineset; Czech; French; German; Italian; Japanese; Korean; Polish; Portuguese; Russian; Spanish; Turkish; Ukrainian; Vietnamese
laze_lazebnice_entschuldi_idyy,10,"non-ASCII character(s) in English display | English reference/display differ | token(s) preserved across 3+ localized displays: Entschuldige, mein, Freund | preserved token(s) also present in English reference","Entschuldigung, mein Freund...","Entschuldige, mein Freund …",Entschuldige; mein; Freund,Chineses; Chineset; Czech; French; German; Italian; Japanese; Korean; Polish; Portuguese; Russian; Spanish; Turkish; Ukrainian; Vietnamese
lece_henry_no_stravuj_se__K99z,9,"non-ASCII character(s) in English display | English reference/display differ | token(s) preserved across 3+ localized displays: Hildegard, Bingen | preserved token(s) also present in English reference","Well, just eat right, as Hildegard of Bingen would have wanted.","Well… just eat right, as Hildegard of Bingen would have wanted.",Hildegard; Bingen,French; German; Italian; Polish; Portuguese; Spanish; Turkish; Vietnamese
lega_ptacek_tvoje_pero_je_EZCK,9,"non-ASCII character(s) in English display | English reference/display differ | token(s) preserved across 3+ localized displays: proprio, baccalá | preserved token(s) also present in English reference",!P Sei un proprio baccalá!,Sei un proprio baccalá!,proprio; baccalá,Chineses; Chineset; Czech; French; German; Italian; Korean; Polish; Portuguese; Russian; Spanish; Turkish; Ukrainian; Vietnamese
leop_leopold_k_nekdy_mu_t_RKTT,9,"non-ASCII character(s) in English display | English reference/display differ | token(s) preserved across 3+ localized displays: Stanya, Zdena | preserved token(s) also present in English reference","Sometimes it takes him months, sometimes weeks… But I'm including the girls who are missing, Sharka and Zdena.","Sometimes it takes him months, sometimes weeks… But I'm including missing girls, Stanya and Zdena.",Stanya; Zdena,French; German; Italian; Portuguese; Spanish; Turkish; Vietnamese
lich_henry_bergovovi_takz_PS2Y,10,"non-ASCII character(s) in English display | English reference/display differ | token(s) preserved across 3+ localized displays: Bergow, Capon, Maleshov | preserved token(s) also present in English reference",To von Bergow…! So you think Capon is at Maleshov?,Von Bergow…! So you think Capon is at Maleshov?,Bergow; Capon; Maleshov,French; German; Italian; Portuguese; Spanish; Turkish; Vietnamese
lich_henry_muceni_vymluva_tmNO,9,"non-ASCII character(s) in English display | English reference/display differ | token(s) preserved across 3+ localized displays: Zizka, Godwin | preserved token(s) also present in English reference","You know… they tortured us. Žižka, Godwin and me… They asked about Jobst's plans and about you…","You know… they tortured us. Zizka, Godwin and me… They asked about Jobst's plans and about you…",Zizka; Godwin,French; German; Italian; Portuguese; Spanish; Turkish; Vietnamese
lich_henry_zizku_taky_jos_9m8v,9,"non-ASCII character(s) in English display | English reference/display differ | token(s) preserved across 3+ localized displays: Zizka, Jobst | preserved token(s) also present in English reference",Žižka's fucked off with Jobst as well…,Zizka sees Jobst as a pain in the arse too…,Zizka; Jobst,French; German; Italian; Portuguese; Spanish; Turkish; Vietnamese
lich_henry_zvlastni_bylo__BKKe,9,"non-ASCII character(s) in English display | English reference/display differ | token(s) preserved across 3+ localized displays: Istvan, Toth | preserved token(s) also present in English reference","What was strange was that his band was joined by Istvan Toth, if you remember…","What was strange was that his band was infiltrated by Istvan Toth, if you remember…",Istvan; Toth,French; German; Italian; Polish; Portuguese; Spanish; Turkish; Vietnamese
lipo_zachrana__driv_nebo__lxxw,9,"non-ASCII character(s) in English display | English reference/display differ | token(s) preserved across 3+ localized displays: Jihlava, Rakousitz | preserved token(s) also present in English reference","Sooner or later he’ll get yoked up to something else, I’m certain of that. Whether it’s here, in Jihlava or in Rakousitz, who knows. xxx","Sooner or later he’ll get mixed up in something else, I’m sure of that. Whether it’s here, in Jihlava or in Rakousitz, who knows.",Jihlava; Rakousitz,French; Italian; Portuguese; Spanish; Turkish; Vietnamese
lore_brabant_ahh_le_diabl_bYkk,9,"non-ASCII character(s) in English display | English reference/display differ | token(s) preserved across 3+ localized displays: Diable, chevaliér | preserved token(s) also present in English reference","Ahh… Le diable sec. A capable chevalier, but I don't trust him! There is treachery in his eyes!","Ahh… Le Diable Sec. A capable chevaliér, but I do not trust him! There is treachery in his eyes!",Diable; chevaliér,Chineses; Chineset; Czech; French; German; Italian; Korean; Polish; Portuguese; Russian; Spanish; Turkish; Ukrainian
lore_brabant_ale_samozrej_Yq3p,9,"non-ASCII character(s) in English display | English reference/display differ | token(s) preserved across 3+ localized displays: marquis, pénis | preserved token(s) also present in English reference","I did, of course! But I lost it because the marquis listened to his penis and not his head!","I did, of course! But I lost it because the marquis listened to his pénis and not his head!",marquis; pénis,French; German; Italian; Polish; Spanish; Ukrainian
lore_brabant_dobra_tedy_j_qHhY,10,"non-ASCII character(s) in English display | English reference/display differ | token(s) preserved across 3+ localized displays: Bien, Carrouges, Gris | preserved token(s) also present in English reference","Bien… As I said, de Carrouges killed Le Gris with a dagger. And I found that dagger in the mud after their duel.","Bien… As I say, de Carrouges killed Le Gris with a dagger. And I found that dagger in the mud after their duel.",Bien; Carrouges; Gris,Chineses; Chineset; Czech; French; German; Italian; Korean; Polish; Portuguese; Russian; Spanish; Turkish; Ukrainian; Vietnamese
lore_brabant_kdyz_jsem_se_k2Bk,10,"non-ASCII character(s) in English display | English reference/display differ | token(s) preserved across 3+ localized displays: L'Empereur, Charles, Bohême | preserved token(s) also present in English reference","When I learnt that the Emperor Charles, that great friend of France, had built the magnificent city of Prague in Bohemia, I had to see it.","When I learnt that L'Empereur Charles, that great friend of France, had built the magnificent city of Prague in Bohême, I had to see it.",L'Empereur; Charles; Bohême,Czech; French; German; Polish; Portuguese; Russian; Spanish; Turkish; Ukrainian; Vietnamese
lore_brabant_le_chevalier_2iyi,9,"non-ASCII character(s) in English display | English reference/display differ | token(s) preserved across 3+ localized displays: chevalier, français | preserved token(s) also present in English reference",Le chevalier français isn't afraid of anything!,Un chevalier français fears nothing!,chevalier; français,Chineses; Chineset; Czech; French; German; Italian; Polish; Portuguese; Russian; Spanish; Turkish; Ukrainian
lore_brabant_no_kde_tady__RtOZ,10,"non-ASCII character(s) in English display | English reference/display differ | token(s) preserved across 3+ localized displays: n'était, même, difficile | preserved token(s) also present in English reference","Where do you think? Here, of course! Et ce n'était même pas difficile!","Where do you think? Here, of course! Et ce n'était même pas difficile !",n'était; même; difficile,Chineses; Chineset; Czech; French; German; Italian; Korean; Polish; Portuguese; Russian; Spanish; Turkish; Ukrainian
lore_brabant_no_to_ti_moz_YrkN,9,"non-ASCII character(s) in English display | English reference/display differ | token(s) preserved across 3+ localized displays: Gris, Carrouges | preserved token(s) also present in English reference",Well… Perhaps I shall tell you some other time. Wouldn't you rather hear about the famous duel between Le Gris and Carrouges?,Well… Perhaps I shall tell you some other time. Would you not rather hear about the glorious duel between Le Gris and Carrouges?,Gris; Carrouges,French; German; Italian; Polish; Portuguese; Spanish; Turkish; Vietnamese
lore_brabant_telle_est_la_11qE,9,"non-ASCII character(s) in English display | English reference/display differ | token(s) preserved across 3+ localized displays: question, terrible | preserved token(s) also present in English reference",Telle est la question! I have the feeling quelque chose terrible happened to her!,Là est la question ! I have the feeling something terrible happened to her in the past!,question; terrible,Chineses; Chineset; Czech; French; German; Italian; Korean; Polish; Portuguese; Russian; Spanish; Turkish; Ukrainian
lore_event_tab_bene_ambul_6gRd,10,"non-ASCII character(s) in English display | token(s) preserved across 3+ localized displays: Bene, ambula, nomine, patris | preserved token(s) also present in English reference",Bene ambula – in nomine patris!,Bene ambula – in nomine patris!,Bene; ambula; nomine; patris,Chineses; Chineset; Czech; French; German; Italian; Korean; Polish; Portuguese; Russian; Spanish; Turkish; Ukrainian; Vietnamese
lore_event_tab_dyt_zme_ha_Kewr,10,"non-ASCII character(s) in English display | English reference/display differ | token(s) preserved across 3+ localized displays: Három, nappal, ezelőtt | preserved token(s) also present in English reference",My brothers and I nearly died at the border. When was it? Három nappal vissza!,My brothers and I nearly died at the border. When was it? Három nappal ezelőtt!,Három; nappal; ezelőtt,Chineses; Chineset; Czech; French; German; Italian; Korean; Polish; Portuguese; Russian; Spanish; Turkish; Ukrainian; Vietnamese
lore_event_tab_ech_mozel__R5gc,10,"non-ASCII character(s) in English display | English reference/display differ | token(s) preserved across 3+ localized displays: Hirschberg, teuer, Geschäft | preserved token(s) also present in English reference","Oh, I had to, it's a way from Hirschberg to Prague and it may cost viel groschen, but I'm not going to imperil this vital Geschäft.","Oh, I had to, it is a long way from Hirschberg to Prague. Es war teuer, but I was not going to imperil the Geschäft of a lifetime!",Hirschberg; teuer; Geschäft,Chineses; Chineset; Czech; French; German; Italian; Korean; Polish; Portuguese; Russian; Spanish; Turkish; Ukrainian
lore_event_tab_gott_zum_g_KQoG,9,"non-ASCII character(s) in English display | token(s) preserved across 3+ localized displays: Gott, Gruße, Pilger | preserved token(s) also present in English reference","Gott zum Gruße, Pilger!","Gott zum Gruße, Pilger!",Gott; Gruße; Pilger,Chineses; Chineset; Czech; French; German; Italian; Japanese; Korean; Polish; Portuguese; Russian; Spanish; Turkish; Ukrainian; Vietnamese
lore_event_tab_gru_gott_p_5X44,9,"non-ASCII character(s) in English display | token(s) preserved across 3+ localized displays: Grüß, Gott, Pilger | preserved token(s) also present in English reference","Grüß Gott, Pilger.","Grüß Gott, Pilger.",Grüß; Gott; Pilger,Chineses; Chineset; Czech; French; German; Italian; Japanese; Korean; Polish; Portuguese; Russian; Spanish; Turkish; Ukrainian; Vietnamese
lore_event_tab_guten_tag__K7RU,10,"non-ASCII character(s) in English display | token(s) preserved across 3+ localized displays: Guten, Tuchhändler, Elbel, Spangus | preserved token(s) also present in English reference",Guten Tag! Tuchhändler Elbel Spangus at your service.,Guten Tag! Tuchhändler Elbel Spangus at your service.,Guten; Tuchhändler; Elbel; Spangus,Chineses; Chineset; Czech; French; German; Italian; Korean; Polish; Portuguese; Russian; Spanish; Turkish; Ukrainian; Vietnamese
lore_event_tab_hergot_to__yC0I,10,"non-ASCII character(s) in English display | English reference/display differ | token(s) preserved across 3+ localized displays: Herrgot, heiße, Henslin | preserved token(s) also present in English reference","You're telling me! Hergot, life's been hard on me. Ich heiße Henslin. I'm an innkeeper, but my inn's been razed to the ground.","You are telling me! Herrgot, life has been hard. Ich heiße Henslin. I am an innkeeper, but my inn has been razed to the ground.",Herrgot; heiße; Henslin,Chineses; Chineset; Czech; French; German; Italian; Korean; Polish; Portuguese; Russian; Spanish; Turkish; Ukrainian; Vietnamese
lore_event_tab_hey_junge__Gq66,10,"non-ASCII character(s) in English display | English reference/display differ | token(s) preserved across 3+ localized displays: Also, Hirschberg, Silesia | preserved token(s) also present in English reference","Hey Junge, where on earth are you from that you don't know our Hirschberg? That town of great wealth and fame in Silesia.","Also hör mal, where are you from that you do not know our Hirschberg? That town of great wealth and fame in Silesia.",Also; Hirschberg; Silesia,Chineset; French; German; Italian; Polish; Portuguese; Russian; Spanish; Turkish; Ukrainian; Vietnamese
lore_event_tab_ich_heie_a_btWu,11,"non-ASCII character(s) in English display | English reference/display differ | token(s) preserved across 3+ localized displays: Anton, Stork, Geschäftsmann, zalt, Zalt, alum, Verstehst, mich | preserved token(s) also present in English reference","Ich heiße Anton Stork, Alaun und Salzgeschäftsman. I trade in zalt. Zalt und alum. Verstehst du mich?","Ich bin Anton Stork, Geschäftsmann. I trade in zalt. Zalt und alum. Verstehst du mich?",Anton; Stork; Geschäftsmann; zalt; Zalt; alum; Verstehst; mich,Chineses; Chineset; Czech; French; German; Italian; Korean; Polish; Portuguese; Russian; Spanish; Turkish; Ukrainian; Vietnamese
lore_event_tab_igen_igen__uqPK,10,"non-ASCII character(s) in English display | token(s) preserved across 3+ localized displays: Igen, igen, natürlich, kérem | preserved token(s) also present in English reference","Igen, igen, natürlich kérem, come take a look.","Igen, igen, natürlich kérem, come take a look.",Igen; igen; natürlich; kérem,Chineses; Chineset; Czech; French; German; Italian; Korean; Polish; Portuguese; Russian; Spanish; Turkish; Ukrainian; Vietnamese
lore_event_tab_ja_ja_das__EplN,11,"non-ASCII character(s) in English display | English reference/display differ | token(s) preserved across 3+ localized displays: eine, schwere, Zeit, Zoll, Gebühren, Schmiergelder, dieses, Land | preserved token(s) also present in English reference","Ja, ja, das ist eine schwere Zeit. Pflichten, Gebühren, Schmiergelder, dieses Land ist beschissen, aber das kann man nicht verstehen.","Ja, ja, das ist eine schwere Zeit. Zoll, Gebühren, Schmiergelder, dieses Land ist beschissen, aber das kann man nicht verstehen.",eine; schwere; Zeit; Zoll; Gebühren; Schmiergelder; dieses; Land; beschissen; aber; kann; nicht; verstehen,Chineses; Chineset; Czech; French; German; Italian; Japanese; Korean; Polish; Portuguese; Russian; Spanish; Turkish; Ukrainian; Vietnamese
lore_event_tab_ja_ja_ich__aUMt,10,"non-ASCII character(s) in English display | English reference/display differ | token(s) preserved across 3+ localized displays: Tuchhändler, kann, endlich | preserved token(s) also present in English reference","Ja, ja. Ich bin Tuchhändler, errm, a cloth merchant. But all my father left me was debt. Now I've got eine gute Chance to fix that for good.","Ja. Ich bin Tuchhändler, ehh, a cloth merchant. But all my father left me was debt. Now kann ich sie endlich fix that for good.",Tuchhändler; kann; endlich,Chineses; Chineset; Czech; French; German; Italian; Korean; Polish; Portuguese; Russian; Spanish; Turkish; Ukrainian; Vietnamese
lore_event_tab_kerlek_bar_2PdV,10,"non-ASCII character(s) in English display | token(s) preserved across 3+ localized displays: Kérlek, barátom, Andreas, Kampa | preserved token(s) also present in English reference","Kérlek barátom, Andreas Kampa, fustian merchant, at your service!","Kérlek barátom, Andreas Kampa, fustian merchant, at your service!",Kérlek; barátom; Andreas; Kampa,Chineses; Chineset; Czech; French; German; Italian; Korean; Polish; Portuguese; Russian; Spanish; Turkish; Ukrainian; Vietnamese
lore_event_tab_lehle_toz__jiwE,9,"non-ASCII character(s) in English display | English reference/display differ | token(s) preserved across 3+ localized displays: Bartholomew, Olmütz | preserved token(s) also present in English reference","Oh, wey aye, glad t'hear it, charva, come sit o'er here. I'm Bartholomew from Olmütz way.","Ach, aye. Glad t'hear it, lad. Come sit yerself doon. I'm Bartholomew fae Olmütz way.",Bartholomew; Olmütz,French; German; Italian; Portuguese; Spanish; Turkish; Vietnamese
lore_event_tab_moglich_na_suw8,10,"non-ASCII character(s) in English display | token(s) preserved across 3+ localized displays: weiß, nicht, möglich, Schweine | preserved token(s) also present in English reference","Ich weiß nicht, möglich. We were lucky to flee before those Cuman Schweine got there!","Ich weiß nicht, möglich. We were lucky to flee before those Cuman Schweine got there!",weiß; nicht; möglich; Schweine,Chineses; Chineset; Czech; French; German; Italian; Korean; Polish; Portuguese; Russian; Spanish; Turkish; Ukrainian; Vietnamese
lore_event_tab_obchoduju__hOiz,10,"non-ASCII character(s) in English display | English reference/display differ | token(s) preserved across 3+ localized displays: Nincs, hozzá, fogható | preserved token(s) also present in English reference",I'm in the fabric trade and our fustian is the very finest cotton cloth! Nincs hozzá fogható.,I am in the fabric trade and our fustian is the very finest cotton cloth! Nincs hozzá fogható.,Nincs; hozzá; fogható,Chineses; Chineset; Czech; French; German; Italian; Korean; Polish; Portuguese; Russian; Spanish; Turkish; Ukrainian; Vietnamese
lore_event_tab_szia_taky__l1rg,9,"non-ASCII character(s) in English display | token(s) preserved across 3+ localized displays: Szia, Igen, hónap | preserved token(s) also present in English reference","Szia! Igen, that is true. We are in this godforsaken country for egy hónap now. A month! And not out of fucking choice.","Szia! Igen, that is true. We are in this godforsaken country for egy hónap now. A month! And not out of fucking choice.",Szia; Igen; hónap,Chineses; Chineset; Czech; French; German; Italian; Korean; Polish; Portuguese; Russian; Spanish; Turkish; Ukrainian; Vietnamese
lore_event_tab_uff_also_g_btQ1,11,"non-ASCII character(s) in English display | English reference/display differ | token(s) preserved across 3+ localized displays: verkaufen, natürlich, bitte, schön | preserved token(s) also present in English reference","Zu kaufen? Oh, ja, natürlich, bitte schön!","Zu verkaufen? Oh, ja, natürlich, bitte schön!",verkaufen; natürlich; bitte; schön,Chineses; Chineset; Czech; French; German; Italian; Japanese; Korean; Polish; Portuguese; Russian; Spanish; Turkish; Ukrainian; Vietnamese
lore_event_tab_was_ich_ve_zdSu,10,"non-ASCII character(s) in English display | token(s) preserved across 3+ localized displays: verstehe, dich, überhaupt, nicht | preserved token(s) also present in English reference",Was? Ich verstehe dich überhaupt nicht. I not understand.,Was? Ich verstehe dich überhaupt nicht. I not understand.,verstehe; dich; überhaupt; nicht,Chineses; Chineset; Czech; French; German; Italian; Korean; Polish; Portuguese; Russian; Spanish; Turkish; Ukrainian; Vietnamese
lore_henry__no_jasne_in_n_2Yul,9,"non-ASCII character(s) in English display | token(s) preserved across 3+ localized displays: nomine, Iesu, Christi | preserved token(s) also present in English reference","... Oh, yeah, that's it – in nomine Iesu Christi!","... Oh, yeah, that's it – in nomine Iesu Christi!",nomine; Iesu; Christi,Chineses; Chineset; Czech; French; German; Italian; Japanese; Korean; Polish; Portuguese; Russian; Spanish; Turkish; Ukrainian; Vietnamese
lore_standa_mo_ne_byl_jse_7Hsy,9,"non-ASCII character(s) in English display | English reference/display differ | token(s) preserved across 3+ localized displays: Horschan, Tschaslau | preserved token(s) also present in English reference","No… I was with this one girl who worked in Horschan for seven years. A fine woman she was, from over Tschaslau way.","No… I was with this one girl who worked in Horschan for seven years. A fine woman she was, from out Tschaslau way.",Horschan; Tschaslau,French; German; Italian; Portuguese; Turkish; Vietnamese
lovc_lovcova_z_a_jindro_n_OYrV,9,"non-ASCII character(s) in English display | English reference/display differ | token(s) preserved across 3+ localized displays: Henry, Vostatek | preserved token(s) also present in English reference",And Henry… come see Vostatek some time.,And Henry… come and see Vostatek some time.,Henry; Vostatek,French; German; Italian; Portuguese; Spanish; Turkish; Vietnamese
mali_malir_a_jeden_se_tyk_o8ZR,9,"non-ASCII character(s) in English display | English reference/display differ | token(s) preserved across 3+ localized displays: Slavek, Semine | preserved token(s) also present in English reference","They say a rather unusual black cockerel is running around the yard of some Slávek in Semine, if you catch my drift… I’d start by asking him.",They say a rather unusual black cockerel runs around the yard of some Slavek in Semine. I’d start by asking him.,Slavek; Semine,French; Italian; Portuguese; Spanish; Turkish; Vietnamese
mari_henry_ty_to_ty_to_vl_99MJ,9,"non-ASCII character(s) in English display | English reference/display differ | token(s) preserved across 3+ localized displays: Gejza, Semine | preserved token(s) also present in English reference",Oh… You didn't know. Gejza got into a fight with some woodcutters at Semine and it ended in a bad way…,Oh… You didn't know. Gejza got into a fight with some woodcutters at Semine and it ended badly.,Gejza; Semine,Czech; French; German; Italian; Polish; Portuguese; Spanish; Turkish; Vietnamese
mari_marika_a_tibor_wo7v,9,"non-ASCII character(s) in English display | English reference/display differ | token(s) preserved across 3+ localized displays: Devla, Tibor | preserved token(s) also present in English reference",Oh my God! And… what about Tibor?,"Oy, Devla! And… what about Tibor?",Devla; Tibor,Chineset; Czech; French; German; Italian; Portuguese; Russian; Spanish; Turkish; Ukrainian; Vietnamese
mari_marika_jemu_nic_akor_tjsx,10,"non-ASCII character(s) in English display | English reference/display differ | token(s) preserved across 3+ localized displays: Bohush, amalos, Semine | preserved token(s) also present in English reference",!P Bohush nothing. But his amalos in village… Dad find out we are together and want Bohush to marry me. He send messenger to Semine about it.,Bohush nothing. But his amalos in village… Dad find out we are together and want Bohush to marry me. He send messenger to Semine about it.,Bohush; amalos; Semine,Czech; French; German; Italian; Polish; Portuguese; Russian; Spanish; Turkish; Ukrainian; Vietnamese
mari_marika_lidi_ze_semin_FSnW,9,"non-ASCII character(s) in English display | English reference/display differ | token(s) preserved across 3+ localized displays: Semine, chay | preserved token(s) also present in English reference","!P The people from Semine want rid of the camp, the Voivode would like to punish all those he thinks have disgraced his chey…","The people from Semine want rid of the camp, the Voivode would like to punish all those he thinks have disgraced his chay…",Semine; chay,French; Italian; Portuguese; Russian; Turkish; Ukrainian; Vietnamese
mari_marika_muj_tata_se_c_ccWq,9,"non-ASCII character(s) in English display | English reference/display differ | token(s) preserved across 3+ localized displays: p-hrala, Bohush | preserved token(s) also present in English reference","My father wanted revenge for the insult to his honour, so my brothers went after poor Bohush…","My father wanted revenge for the insult to his honour, so my p-hrala went after poor Bohush…",p-hrala; Bohush,German; Italian; Portuguese; Russian; Spanish; Turkish; Ukrainian; Vietnamese
menh_arne_nemec_aber_naro_L9Cx,10,"non-ASCII character(s) in English display | token(s) preserved across 3+ localized displays: Charta, König, Wenzel, spricht, klar | preserved token(s) also present in English reference",But our right remains! The Charta from König Wenzel spricht klar!,But our right remains! The Charta from König Wenzel spricht klar!,Charta; König; Wenzel; spricht; klar,Chineses; Chineset; Czech; French; German; Polish; Portuguese; Russian; Spanish; Turkish; Ukrainian; Vietnamese
menh_arne_nemec_genau_hei_t3qo,11,"non-ASCII character(s) in English display | English reference/display differ | token(s) preserved across 3+ localized displays: Genau, Heinrich, gerettet, Ärsche | preserved token(s) also present in English reference",!P Genau Heinrich! Glory to you! You have our Arschen retten!,"Genau, Heinrich! Glory to you! You have gerettet our Ärsche!",Genau; Heinrich; gerettet; Ärsche,Chineses; Chineset; Czech; French; German; Italian; Korean; Polish; Portuguese; Russian; Spanish; Turkish; Ukrainian; Vietnamese
menh_arne_nemec_ja_heinri_LV2F,10,"non-ASCII character(s) in English display | English reference/display differ | token(s) preserved across 3+ localized displays: Heinrich, Danke, alles | preserved token(s) also present in English reference","!P Ja, Heinrich, you good swordsman. Danke für alles…","Ja, Heinrich, you good swordsman. Danke für alles …",Heinrich; Danke; alles,Chineses; Chineset; Czech; French; German; Italian; Korean; Polish; Portuguese; Russian; Spanish; Turkish; Ukrainian; Vietnamese
menh_menhart_z_a_do_toho__Sc4J,10,"non-ASCII character(s) in English display | token(s) preserved across 3+ localized displays: zwei, Päpste, Avignon, Frankreich, Imperium | preserved token(s) also present in English reference","And what is more, there are zwei Päpste, one in Rome and one in Avignon in Frankreich. There is confusion in the Imperium now.","And what is more, there are zwei Päpste, one in Rome and one in Avignon in Frankreich. There is confusion in the Imperium now.",zwei; Päpste; Avignon; Frankreich; Imperium,Chineses; Chineset; Czech; French; German; Italian; Polish; Portuguese; Russian; Spanish; Turkish; Ukrainian; Vietnamese
menh_menhart_z_aber_snazi_M9Ax,9,"non-ASCII character(s) in English display | token(s) preserved across 3+ localized displays: Heinrich, Danke, dafür | preserved token(s) also present in English reference","But you tried, Heinrich. You fought well and helped us much. Danke dafür.","But you tried, Heinrich. You fought well and helped us much. Danke dafür.",Heinrich; Danke; dafür,Chineses; Chineset; Czech; French; German; Italian; Korean; Polish; Portuguese; Russian; Spanish; Turkish; Ukrainian; Vietnamese
menh_menhart_z_ale_ve_fra_mTw1,10,"non-ASCII character(s) in English display | English reference/display differ | token(s) preserved across 3+ localized displays: Frankfurt, König, Römer | preserved token(s) also present in English reference",But in Frankfurt the der König der Römer is usually elected.,But in Frankfurt der König der Römer is usually elected.,Frankfurt; König; Römer,Chineses; Czech; French; German; Italian; Korean; Polish; Portuguese; Russian; Spanish; Turkish; Ukrainian; Vietnamese
menh_menhart_z_arne_iED9,9,"non-ASCII character(s) in English display | token(s) preserved across 3+ localized displays: Arne, Lass, hören | preserved token(s) also present in English reference",Arne? Lass es uns hören!,Arne? Lass es uns hören!,Arne; Lass; hören,Chineses; Czech; French; German; Italian; Korean; Polish; Portuguese; Russian; Spanish; Turkish; Vietnamese
menh_menhart_z_bud_ty_naj_wHWu,10,"non-ASCII character(s) in English display | English reference/display differ | token(s) preserved across 3+ localized displays: groschen, kämpfen, Kampf | preserved token(s) also present in English reference","!P Either you find your groschen and then we will bet. Or we can Gefecht without betting, just for the joy of a good Kampf.","Either you find your groschen and then we will bet. Or we can kämpfen without betting, just for the joy of a good Kampf.",groschen; kämpfen; Kampf,Chineset; Czech; French; German; Italian; Polish; Portuguese; Russian; Spanish; Turkish; Ukrainian; Vietnamese
menh_menhart_z_co_vic_tu__D2Xr,11,"non-ASCII character(s) in English display | English reference/display differ | token(s) preserved across 3+ localized displays: Bruderschaft, Fechter, Meister, Nikolaus, Prague, Metzger, Emmeram, Bürger | preserved token(s) also present in English reference","What is more, there was here already a Bruderschaft der Fechter. And Meister Nikolaus aus Prague came at the invitation of the Metzger Emiran and other Bürger.","What is more, there was here already a Bruderschaft der Fechter. And Meister Nikolaus aus Prague came at the invitation of the Metzger Emmeram and other Bürger.",Bruderschaft; Fechter; Meister; Nikolaus; Prague; Metzger; Emmeram; Bürger,Chineses; Chineset; Czech; French; German; Italian; Korean; Polish; Portuguese; Russian; Spanish; Turkish; Ukrainian; Vietnamese
menh_menhart_z_fick_dass__G1kB,11,"non-ASCII character(s) in English display | English reference/display differ | token(s) preserved across 3+ localized displays: Scheiß, drauf, Nikolas, Fridusch | preserved token(s) also present in English reference","!P Fick dass. I will fight Nikolaus, you better get out of my way, Fridusch.","Scheiß drauf! I will fight Nikolas, and you better get out of my way, Fridusch.",Scheiß; drauf; Nikolas; Fridusch,Chineses; Chineset; Czech; French; German; Italian; Korean; Polish; Portuguese; Russian; Spanish; Turkish; Ukrainian; Vietnamese
menh_menhart_z_freie_reic_AblL,11,"non-ASCII character(s) in English display | English reference/display differ | token(s) preserved across 3+ localized displays: Freie, Reichsstadt, Kaiser, Bürger, Reich | preserved token(s) also present in English reference","Freie Reichsstädt, it means we are directly subject to the Kaiser, more rights for uns Bürger, better status in the Reich.","Freie Reichsstadt, it means we are directly subject to the Kaiser, more rights for uns Bürger, better status in the Reich.",Freie; Reichsstadt; Kaiser; Bürger; Reich,Chineses; Chineset; Czech; French; German; Italian; Korean; Polish; Portuguese; Russian; Spanish; Turkish; Ukrainian; Vietnamese
menh_menhart_z_heinrich_g_QJTv,11,"non-ASCII character(s) in English display | English reference/display differ | token(s) preserved across 3+ localized displays: Heinrich, sehr, schön, König | preserved token(s) also present in English reference",!P Heinrich… gut! !P A Famous German König once also bore that name.,Heinrich… sehr schön! A famous German König once also bore that name.,Heinrich; sehr; schön; König,Chineses; Chineset; Czech; French; German; Italian; Korean; Polish; Portuguese; Russian; Spanish; Turkish; Ukrainian; Vietnamese
menh_menhart_z_ja_gutes_s_a2uP,10,"non-ASCII character(s) in English display | token(s) preserved across 3+ localized displays: gutes, Schwerdt, frei, liebe, dich, herzinnig, wärst, getraut | preserved token(s) also present in English reference","Ja gutes Schwerdt frei bin ich, und liebe dich herzinnig, als wärst du mir getraut, als eine liebe Braut.","Ja gutes Schwerdt frei bin ich, und liebe dich herzinnig, als wärst du mir getraut, als eine liebe Braut.",gutes; Schwerdt; frei; liebe; dich; herzinnig; wärst; getraut; eine; Braut,Chineses; Chineset; Czech; French; German; Italian; Korean; Polish; Portuguese; Russian; Spanish; Turkish; Ukrainian; Vietnamese
menh_menhart_z_ja_v_nurnb_u6Hq,9,"non-ASCII character(s) in English display | token(s) preserved across 3+ localized displays: Nürnberg, Gefecht, Wenzel | preserved token(s) also present in English reference",I was in Nürnberg and I won one Gefecht there. King Wenzel was there at that moment and then he invited me to his table.,I was in Nürnberg and I won one Gefecht there. King Wenzel was there at that moment and then he invited me to his table.,Nürnberg; Gefecht; Wenzel,Chineset; Czech; French; German; Polish; Portuguese; Russian; Spanish; Turkish; Ukrainian; Vietnamese
menh_menhart_z_jenze_nez__Z5dU,10,"non-ASCII character(s) in English display | token(s) preserved across 3+ localized displays: alles, anders, Neuer, Stadtrat, Wenzel, König, Sigismund, Armee | preserved token(s) also present in English reference","But before we got here, alles war anders! Ein Neuer Stadtrat! Wenzel held captive and König Sigismund here with a big Armee!","But before we got here, alles war anders! Ein Neuer Stadtrat! Wenzel held captive and König Sigismund here with a big Armee!",alles; anders; Neuer; Stadtrat; Wenzel; König; Sigismund; Armee,Chineses; Chineset; Czech; French; German; Italian; Korean; Polish; Portuguese; Russian; Spanish; Turkish; Ukrainian; Vietnamese
menh_menhart_z_kazdy_v_re_fhKU,11,"non-ASCII character(s) in English display | English reference/display differ | token(s) preserved across 3+ localized displays: Reich, Kurfürsten, Kaiser, Ordnung | preserved token(s) also present in English reference","Everyone in the Reich watches only his own interest, die Kurfürsten most of all. And a Kaiser who would bring Ordnung, there is none now.","Everyone in the Reich watches only their own interest, die Kurfürsten most of all. And a Kaiser who would bring Ordnung, there is none now.",Reich; Kurfürsten; Kaiser; Ordnung,Chineset; Czech; French; German; Italian; Polish; Portuguese; Russian; Spanish; Turkish; Ukrainian; Vietnamese
menh_menhart_z_leider_pra_9It6,10,"non-ASCII character(s) in English display | token(s) preserved across 3+ localized displays: Stimmt, Ordnung, König, Wenzel | preserved token(s) also present in English reference",Stimmt. You Czechs must bring Ordnung to this land and get König Wenzel back on the throne.,Stimmt. You Czechs must bring Ordnung to this land and get König Wenzel back on the throne.,Stimmt; Ordnung; König; Wenzel,Chineses; Chineset; Czech; French; German; Italian; Korean; Polish; Portuguese; Russian; Spanish; Turkish; Ukrainian; Vietnamese
menh_menhart_z_mec_pak_po_3MVh,9,"non-ASCII character(s) in English display | token(s) preserved across 3+ localized displays: Rathaus, alle, Bürger | preserved token(s) also present in English reference",Then you must hang it on the Rathaus for alle Bürger to see.,Then you must hang it on the Rathaus for alle Bürger to see.,Rathaus; alle; Bürger,Chineses; Chineset; Czech; German; Polish; Portuguese; Russian; Spanish; Turkish; Ukrainian
menh_menhart_z_mnoha_wein_ZDXa,10,"non-ASCII character(s) in English display | English reference/display differ | token(s) preserved across 3+ localized displays: Böhmen, Kuttenberg, Kunst | preserved token(s) also present in English reference","We drank much wine together and then he invited me to das Böhmen, here to Kuttenberg, to teach my Kunst to the Bürgern.","We drank much wine together and then he invited me to Böhmen, here to Kuttenberg, to teach my Kunst to the Bürger.",Böhmen; Kuttenberg; Kunst,Chineset; Czech; French; German; Italian; Polish; Portuguese; Russian; Spanish; Turkish; Ukrainian; Vietnamese
menh_menhart_z_na_ja_to_j_DOay,10,"non-ASCII character(s) in English display | token(s) preserved across 3+ localized displays: Herr, Gott, sehr, Glücklich | preserved token(s) also present in English reference","Na ja! You are right. Herr Gott, you must have been sehr Glücklich!","Na ja! You are right. Herr Gott, you must have been sehr Glücklich!",Herr; Gott; sehr; Glücklich,Chineses; Chineset; Czech; French; Italian; Korean; Polish; Portuguese; Russian; Spanish; Turkish; Ukrainian; Vietnamese
menh_menhart_z_naturlich__O2jh,9,"non-ASCII character(s) in English display | English reference/display differ | token(s) preserved across 3+ localized displays: Natürlich, heheh | preserved token(s) also present in English reference","!P Natürlich. Just do not forget to pretend you are surprised, he he.","Natürlich. Just do not forget to pretend you are surprised, heheh!",Natürlich; heheh,Chineses; Chineset; Czech; French; German; Italian; Korean; Polish; Portuguese; Russian; Spanish; Turkish; Ukrainian; Vietnamese
menh_menhart_z_nebude_to__yRCj,9,"non-ASCII character(s) in English display | English reference/display differ | token(s) preserved across 3+ localized displays: Kuttenberger, Fechter | preserved token(s) also present in English reference",!P It is not exactly stealing… just will just borrow something from the Kuttenberger Fechter. We will return everything as we should after it is done.,It is not exactly stealing… we'll just borrow something from the Kuttenberger Fechter. We will return everything as we should after it is done.,Kuttenberger; Fechter,Czech; French; German; Italian; Polish; Portuguese; Russian; Spanish; Turkish; Ukrainian; Vietnamese
menh_menhart_z_nekdo_sice_x9wd,11,"non-ASCII character(s) in English display | English reference/display differ | token(s) preserved across 3+ localized displays: Augsburg, Nürnberg, bessere, Meister, aber, Bruderschaft, Besten | preserved token(s) also present in English reference","Some say that in Augsburg or Nürnberg there are bessere Meister, aber... they cannot match our Bruderschaft. They are good, but we are die Besten!","Some say that in Augsburg or Nürnberg there are bessere Meister, aber … they cannot match our Bruderschaft. They are good, but we are die Besten!",Augsburg; Nürnberg; bessere; Meister; aber; Bruderschaft; Besten,Chineses; Chineset; Czech; French; German; Italian; Polish; Portuguese; Russian; Spanish; Turkish; Ukrainian; Vietnamese
menh_menhart_z_on_prispel_IpZH,11,"non-ASCII character(s) in English display | English reference/display differ | token(s) preserved across 3+ localized displays: Heiliges, Römisches, Reich, diplomat | preserved token(s) also present in English reference",!P He contributed to the founding of Heiliges Römisches Reich. A wise diplomat and brave warrior.,He contributed to the founding of the Heiliges Römisches Reich. A wise diplomat and brave warrior.,Heiliges; Römisches; Reich; diplomat,Chineses; Chineset; Czech; French; German; Italian; Korean; Polish; Portuguese; Russian; Spanish; Turkish; Ukrainian
menh_menhart_z_sam_kaiser_CxQx,10,"non-ASCII character(s) in English display | English reference/display differ | token(s) preserved across 3+ localized displays: Karl, Große, Stadt | preserved token(s) also present in English reference",The Emperor Karl der Grosse himself founded it. There is no more lovely Stadt under the sun.,The Emperor Karl der Große himself founded it. There is no more lovely Stadt under the sun.,Karl; Große; Stadt,Chineses; Chineset; Czech; French; German; Polish; Portuguese; Russian; Spanish; Turkish; Ukrainian; Vietnamese
menh_menhart_z_sotva_se_n_bDG1,9,"non-ASCII character(s) in English display | English reference/display differ | token(s) preserved across 3+ localized displays: Erst, kämpfen | preserved token(s) also present in English reference","!P You can barely stand on your feet. Erste patch yourself up, then we can Gefecht.","You can barely stand on your feet. Erst patch yourself up, then we can kämpfen.",Erst; kämpfen,Chineset; French; German; Italian; Korean; Polish; Portuguese; Russian; Spanish; Turkish; Ukrainian; Vietnamese
menh_menhart_z_sss_toY9,9,"non-ASCII character(s) in English display | English reference/display differ | token(s) preserved across 3+ localized displays: Scheiße, Heinrich | preserved token(s) also present in English reference","Scheisse! We need you, Heinrich! We have no one else to ask.","Scheiße! We need you, Heinrich! We have no one else to ask.",Scheiße; Heinrich,Chineset; Czech; French; German; Italian; Korean; Polish; Portuguese; Russian; Spanish; Turkish; Ukrainian; Vietnamese
menh_menhart_z_tak_se_dej_PUVF,9,"non-ASCII character(s) in English display | English reference/display differ | token(s) preserved across 3+ localized displays: kämpfen, Arsch | preserved token(s) also present in English reference",!P Patch yourself up and come back. We will Gefecht and I will teach you how not to get your Arsch kicked in a duel.,Patch yourself up and come back. We will kämpfen and I will teach you how not to get your Arsch kicked in a duel.,kämpfen; Arsch,Czech; French; German; Italian; Polish; Portuguese; Russian; Spanish; Turkish; Ukrainian; Vietnamese
menh_menhart_z_tak_tys_mi_k1P8,10,"non-ASCII character(s) in English display | English reference/display differ | token(s) preserved across 3+ localized displays: schmutzigen, Hände, Ulrika | preserved token(s) also present in English reference",You would put your schmutzigen Hände on my little Ulrike!,You would put your schmutzigen Hände on my little Ulrika!,schmutzigen; Hände; Ulrika,Chineses; Chineset; French; German; Italian; Korean; Polish; Portuguese; Russian; Spanish; Turkish; Vietnamese
menh_menhart_z_tu_v_kutte_25F9,9,"non-ASCII character(s) in English display | English reference/display differ | token(s) preserved across 3+ localized displays: Natürlich, Kuttenberg | preserved token(s) also present in English reference","!P Here in Kuttenberg offensichtlich, near the New Gate.","Natürlich here in Kuttenberg, near the New Gate.",Natürlich; Kuttenberg,Chineses; Chineset; Czech; French; German; Italian; Korean; Polish; Portuguese; Russian; Spanish; Turkish; Ukrainian; Vietnamese
menh_menhart_z_uzasna_fec_JB6m,9,"non-ASCII character(s) in English display | English reference/display differ | token(s) preserved across 3+ localized displays: Heinrich, König | preserved token(s) also present in English reference",!P Heinrich fought for us and Fortune stood by him today. Der König himself would be proud of him!,Heinrich fought for us and Fortune stood by him today. Der König himself would be proud of him!,Heinrich; König,Chineses; Chineset; Czech; French; German; Italian; Polish; Portuguese; Russian; Spanish; Turkish; Vietnamese
menh_menhart_z_ve_frankfu_wV8B,11,"non-ASCII character(s) in English display | English reference/display differ | token(s) preserved across 3+ localized displays: Frankfurt, Meister, Jeder, weiß | preserved token(s) also present in English reference",Na ja! In Frankfurt are the greatest Meisters of all martial arts. Jeder weiss das!,Na ja! In Frankfurt are the greatest Meister of all martial arts. Jeder weiß das!,Frankfurt; Meister; Jeder; weiß,Chineses; Chineset; Czech; French; German; Italian; Korean; Polish; Portuguese; Russian; Spanish; Turkish; Vietnamese
menh_menhart_z_vsechno_dl_LtiE,10,"non-ASCII character(s) in English display | token(s) preserved across 3+ localized displays: Alles, Langschwert, Meisterschläge, willst | preserved token(s) also present in English reference","Alles! Langschwert and other weapons, Meisterschläge and technique, or just practicing combat. Wie du willst.","Alles! Langschwert and other weapons, Meisterschläge and technique, or just practicing combat. Wie du willst.",Alles; Langschwert; Meisterschläge; willst,Chineses; French; German; Italian; Korean; Polish; Portuguese; Russian; Spanish; Turkish; Ukrainian; Vietnamese
menh_menhart_z_vynikajici_INTz,11,"non-ASCII character(s) in English display | English reference/display differ | token(s) preserved across 3+ localized displays: Gefecht, Heinrich, Einfach, großartig | preserved token(s) also present in English reference","An excellent Gefecht, Heinrich! Bloss herrvorragend!","An excellent Gefecht, Heinrich! Einfach großartig!",Gefecht; Heinrich; Einfach; großartig,Chineses; Chineset; Czech; French; German; Italian; Polish; Portuguese; Russian; Spanish; Turkish; Ukrainian; Vietnamese
menh_menhart_z_vysoka_vez_qIEM,10,"non-ASCII character(s) in English display | English reference/display differ | token(s) preserved across 3+ localized displays: Kirchen, große, Messen | preserved token(s) also present in English reference","!P Tall steeples, rich houses, strong walls, beautiful Kirchen and grosse Messen!","Tall steeples, rich houses, strong walls, beautiful Kirchen and große Messen!",Kirchen; große; Messen,Chineses; Chineset; Czech; French; German; Italian; Korean; Polish; Portuguese; Russian; Spanish; Turkish; Ukrainian; Vietnamese
menh_menhart_z_z_frankfur_YXf0,11,"non-ASCII character(s) in English display | English reference/display differ | token(s) preserved across 3+ localized displays: Frankfurt, Langschwert, anderen, Ländern | preserved token(s) also present in English reference",The Frankfurt Meisters of Langschwert travel thus and start swordfighting schools in towns of Deutschland und anderen Ländern.,The Frankfurt Meisters of Langschwert travel thus and start swordfighting schools in towns of Deutsch land und anderen Ländern.,Frankfurt; Langschwert; anderen; Ländern,Chineses; Czech; French; Italian; Korean; Polish; Portuguese; Russian; Spanish; Turkish; Ukrainian; Vietnamese
meni_menim_si__jsou_blizk_g998,10,"non-ASCII character(s) in English display | token(s) preserved across 3+ localized displays: Közel, vannak, Üssétek, őket | preserved token(s) also present in English reference",Közel vannak! Üssétek őket!,Közel vannak! Üssétek őket!,Közel; vannak; Üssétek; őket,Chineses; Chineset; Czech; French; German; Italian; Japanese; Korean; Polish; Portuguese; Russian; Spanish; Turkish; Ukrainian; Vietnamese
meni_menim_si__nenechte_j_5VHC,10,"non-ASCII character(s) in English display | token(s) preserved across 3+ localized displays: hagyjátok, hogy, meglógjanak, Lőjetek | preserved token(s) also present in English reference","Ne hagyjátok, hogy meglógjanak! Lőjetek!","Ne hagyjátok, hogy meglógjanak! Lőjetek!",hagyjátok; hogy; meglógjanak; Lőjetek,Chineses; Chineset; Czech; French; German; Italian; Japanese; Korean; Polish; Portuguese; Russian; Spanish; Turkish; Ukrainian; Vietnamese
mila_majitelka_myslis_las_WHeh,9,"non-ASCII character(s) in English display | English reference/display differ | token(s) preserved across 3+ localized displays: László, Farkas | preserved token(s) also present in English reference",Do you mean Laszlo Farkas?,Do you mean László Farkas?,László; Farkas,French; German; Italian; Portuguese; Spanish; Turkish; Vietnamese
mini_cherthan_koszonom_is_ESXJ,9,"non-ASCII character(s) in English display | English reference/display differ | token(s) preserved across 3+ localized displays: Köszönöm, Istenem | preserved token(s) also present in English reference","Köszönöm, Istenem! I commander of soldiers and I hear only complain and more complain. Always!","Köszönöm, Istenem! I chief of soldiers and I hear only complain and more complain. Always!",Köszönöm; Istenem,Chineses; Chineset; Czech; French; German; Italian; Korean; Polish; Portuguese; Russian; Spanish; Turkish; Ukrainian; Vietnamese
mist_cechmistr_ich_mochte_m3oy,9,"non-ASCII character(s) in English display | English reference/display differ | token(s) preserved across 3+ localized displays: möchte, trauen | preserved token(s) also present in English reference","!P Ich möchte Ihnen vertrauen, but I have a good memory for faces, and to tell you the truth… You do not resemble your father much!","Ich möchte dir trauen, but I have a good memory for faces, and to tell you the truth… You do not resemble your father much!",möchte; trauen,Chineses; Chineset; Czech; French; German; Italian; Korean; Polish; Portuguese; Russian; Spanish; Turkish; Ukrainian
mist_cechmistr_ja_es_ist__sxCD,9,"non-ASCII character(s) in English display | English reference/display differ | token(s) preserved across 3+ localized displays: nicht, schön | preserved token(s) also present in English reference","!P Ja, es ist nicht schön, but there is no talking to people like that. At least you did not take any risk.","Ja, es ist nicht schön, but there is no talking to people like that. At least you did not take any risk.",nicht; schön,Chineses; Chineset; Czech; French; German; Italian; Korean; Polish; Portuguese; Russian; Spanish; Turkish; Ukrainian; Vietnamese
mist_cechmistr_ja_ja_gut__GFOc,9,"non-ASCII character(s) in English display | English reference/display differ | token(s) preserved across 3+ localized displays: Bushek, Boris | preserved token(s) also present in English reference","Ja, ja… gut, that is enough for me. Busek trusts you, Boris trusts you, why would I not trust you?","Ja, ja… gut, that is enough for me. Bushek trusts you, Boris trusts you, why would I not trust you?",Bushek; Boris,French; German; Italian; Portuguese; Spanish; Turkish; Vietnamese
mist_cechmistr_mein_gott__uIot,9,"non-ASCII character(s) in English display | English reference/display differ | token(s) preserved across 3+ localized displays: Mein, Gott | preserved token(s) also present in English reference","Ech… Mein Gott, is this really all the documents?","Oh… Mein Gott, is this really all the documents?",Mein; Gott,Chineses; Chineset; Czech; French; German; Italian; Korean; Polish; Portuguese; Russian; Spanish; Turkish; Ukrainian; Vietnamese
mist_cechmistr_schwer_zu__3Ks2,9,"non-ASCII character(s) in English display | English reference/display differ | token(s) preserved across 3+ localized displays: Schwer, sagen | preserved token(s) also present in English reference","!P Schwer zu sagen, but I think something else is behind this…","Schwer zu sagen, but I think something else is behind this…",Schwer; sagen,Chineses; Chineset; Czech; French; German; Italian; Korean; Polish; Portuguese; Russian; Spanish; Turkish; Ukrainian; Vietnamese
mlyn_mlynar_kr_kyesera_no_mofc,9,"non-ASCII character(s) in English display | English reference/display differ | token(s) preserved across 3+ localized displays: Kyeser, Thomas | preserved token(s) also present in English reference","Kyeser? Fancy that… Next time I'll play it safe and stick to the classic, like Aquinas.","Kyeser? Fancy that… Next time I'll play it safe and stick to the classics, like Thomas Aquinas.",Kyeser; Thomas,French; German; Italian; Portuguese; Spanish; Turkish; Vietnamese
mlyn_mlynar_kr_nejakej_ce_9R6x,9,"non-ASCII character(s) in English display | English reference/display differ | token(s) preserved across 3+ localized displays: Bertold, Foyer | preserved token(s) also present in English reference","Some fellow called Black Bertold. And that he even started writing a book called ""Foyr… wer…""","Some fellah called Black Bertold. And that he even started writing a book called ""Foyer… wer…""",Bertold; Foyer,Chineses; Czech; French; Italian; Polish; Portuguese; Spanish; Turkish; Vietnamese
mlyn_mlynar_kr_omylem_jsm_LsGa,9,"non-ASCII character(s) in English display | English reference/display differ | token(s) preserved across 3+ localized displays: Bonnie, Zinek | preserved token(s) also present in English reference",I wouldn't continue my experiments on my own. But Bonnie and Zinek have done a few little jobs for me…,I couldn't continue my experiments on my own. But Bonnie and Zinek did a few little jobs for me…,Bonnie; Zinek,French; Italian; Polish; Portuguese; Spanish; Turkish; Vietnamese
mlyn_mlynar_kr_siru_od_he_MYSm,9,"non-ASCII character(s) in English display | English reference/display differ | token(s) preserved across 3+ localized displays: Hermes, Trismegistos | preserved token(s) also present in English reference",Hm… charcoal… sulphur from Hermes Trismegistos… saltpetre from the corpse pit…,Hm… charcoal… sulphur from Hermes Trismegistos… saltpetre from the carcass pit…,Hermes; Trismegistos,German; Portuguese; Spanish; Turkish; Vietnamese
mlyn_mlynar_kr_studoval_j_PNRj,9,"non-ASCII character(s) in English display | token(s) preserved across 3+ localized displays: Bonaventura, Dietrich, Freiberg | preserved token(s) also present in English reference",I studied the writings of Bonaventura and Dietrich von Freiberg. But it was never in my interest to put their theories into practice…,I studied the writings of Bonaventura and Dietrich von Freiberg. But it was never in my interest to put their theories into practice…,Bonaventura; Dietrich; Freiberg,French; German; Italian; Portuguese; Spanish; Turkish; Vietnamese
mlyn_zink_ostatne_to_lejs_NnRc,11,"non-ASCII character(s) in English display | English reference/display differ | token(s) preserved across 3+ localized displays: Hermes, Tristi, Trismesti, Tris-meg, Kuttenberg | preserved token(s) also present in English reference","By the way, the document from that... Hermes Trismegistos was our shopping list and material price list from Kuttenberg!","By the way, the manuscript from that Hermes Tristi… Trismesti... Tris-meg-is-tos was our shopping list and price list for material from Kuttenberg!",Hermes; Tristi; Trismesti; Tris-meg; Kuttenberg,Czech; French; German; Italian; Polish; Portuguese; Spanish; Turkish; Vietnamese
musa_henry_jdu_za_laszlem_vuqO,9,"non-ASCII character(s) in English display | English reference/display differ | token(s) preserved across 3+ localized displays: László, Farkas | preserved token(s) also present in English reference",I'm going to see Laszlo Farkas. Do you know where I might find him?,I'm going to see László Farkas. Do you know where I might find him?,László; Farkas,French; German; Italian; Portuguese; Spanish; Turkish; Vietnamese
muz__hospodsky_ja_naturli_tXxh,10,"non-ASCII character(s) in English display | English reference/display differ | token(s) preserved across 3+ localized displays: natürlich, mein, Herr | preserved token(s) also present in English reference","!P Ja, natürlich mein Herr.","Ja, natürlich mein Herr.",natürlich; mein; Herr,Chineses; Chineset; Czech; French; German; Italian; Japanese; Korean; Polish; Portuguese; Russian; Spanish; Turkish; Ukrainian; Vietnamese
muz__muz_prona_rad_sem_ti_e2J3,11,"non-ASCII character(s) in English display | English reference/display differ | token(s) preserved across 3+ localized displays: Dankeschön, gute, Nacht, mein, Herr | preserved token(s) also present in English reference","!P Danke schön und gute Nacht, mein Herr.","Dankeschön und gute Nacht, mein Herr.",Dankeschön; gute; Nacht; mein; Herr,Chineses; Chineset; Czech; French; German; Italian; Japanese; Korean; Polish; Portuguese; Russian; Spanish; Turkish; Ukrainian; Vietnamese
muz__muz_prona_rad_ti_pom_kpYe,9,"non-ASCII character(s) in English display | English reference/display differ | token(s) preserved across 3+ localized displays: Vielleicht, könnten | preserved token(s) also present in English reference",!P Vielleicht könnten wir das...,Vielleicht könnten wir das …,Vielleicht; könnten,Chineses; Chineset; Czech; French; German; Italian; Japanese; Korean; Polish; Portuguese; Russian; Spanish; Turkish; Ukrainian; Vietnamese
muz__muz_prona_wie_ich_be_hmsG,10,"non-ASCII character(s) in English display | English reference/display differ | token(s) preserved across 3+ localized displays: Danke, bereits, sagte | preserved token(s) also present in English reference",!P Danke. Wie ich bereits sagte...,Danke. Wie ich bereits sagte …,Danke; bereits; sagte,Chineses; Chineset; Czech; French; German; Italian; Japanese; Korean; Polish; Portuguese; Russian; Spanish; Turkish; Ukrainian; Vietnamese
muz__muz_prona_wir_sind_b_PugD,9,"non-ASCII character(s) in English display | English reference/display differ | token(s) preserved across 3+ localized displays: sind, bereit | preserved token(s) also present in English reference",!P Gut. Wir sind bereit...,Gut. Wir sind bereit …,sind; bereit,Chineses; Chineset; Czech; French; German; Italian; Japanese; Korean; Polish; Portuguese; Russian; Spanish; Turkish; Ukrainian; Vietnamese
muz__muz_prona_wir_sind_b_sneT,10,"non-ASCII character(s) in English display | English reference/display differ | token(s) preserved across 3+ localized displays: sind, bereit, Heinrich | preserved token(s) also present in English reference",!P Gut. Wir sind bereit Heinrich...,"Gut. Wir sind bereit, Heinrich …",sind; bereit; Heinrich,Chineses; Chineset; Czech; French; German; Italian; Japanese; Korean; Polish; Portuguese; Russian; Spanish; Turkish; Ukrainian; Vietnamese
nast_nastvane__koukej_zmi_QaEF,9,"non-ASCII character(s) in English display | English reference/display differ | token(s) preserved across 3+ localized displays: Tűnj, sóhajomból, Azonnal",Get out of my sight! Right now!,Tűnj el a sóhajomból! Azonnal!,Tűnj; sóhajomból; Azonnal,Chineses; Chineset; Czech; French; German; Italian; Japanese; Korean; Polish; Portuguese; Russian; Spanish; Turkish; Ukrainian; Vietnamese
nast_nastvane__okamzite_v_xDtS,10,"non-ASCII character(s) in English display | English reference/display differ | token(s) preserved across 3+ localized displays: Takarodj, vagy, szétrúgom, segged","Get out of here right now, or I'll kick your arse!",Takarodj vagy szétrúgom a segged!,Takarodj; vagy; szétrúgom; segged,Chineses; Chineset; Czech; French; German; Italian; Japanese; Korean; Polish; Portuguese; Russian; Spanish; Turkish; Vietnamese
nast_nastvane__vypadni_ne_uq3N,9,"non-ASCII character(s) in English display | English reference/display differ | token(s) preserved across 3+ localized displays: Tűnnyél, vagy, megöllek","Piss off, or I'll end you!","Tűnnyél el, vagy megöllek!",Tűnnyél; vagy; megöllek,Chineses; Chineset; Czech; French; German; Italian; Japanese; Korean; Polish; Portuguese; Russian; Spanish; Turkish; Vietnamese
navr_vypadnik__vodu_potre_Stdf,9,"non-ASCII character(s) in English display | token(s) preserved across 3+ localized displays: Vodu, potřebuju, vodu, Nebo, radši, pivo",,"Vodu, potřebuju vodu. Nebo radši pivo.",Vodu; potřebuju; vodu; Nebo; radši; pivo,Chineses; Chineset; Czech; French; German; Italian; Japanese; Korean; Polish; Portuguese; Russian; Spanish; Turkish; Ukrainian; Vietnamese
naz__jeronym_n_hlida_tady_pvBU,9,"non-ASCII character(s) in English display | English reference/display differ | token(s) preserved across 3+ localized displays: Csaba, Molnár | preserved token(s) also present in English reference",This is Csaba Molnar. He is said to be the strongest man in Hungary!,This is Csaba Molnár. He's said to be the strongest man in Hungary!,Csaba; Molnár,Czech; French; German; Italian; Polish; Portuguese; Spanish; Turkish; Vietnamese
nech_npc_odmit_hmmrf_v_ko_siiw,9,"non-ASCII character(s) in English display | English reference/display differ | token(s) preserved across 3+ localized displays: Hrrrrmmmmmph, Hrrmph | preserved token(s) also present in English reference",Hrrrrmmmmmph… You won't freeze inside the chimney… Hrrmph,Hrrrrmmmmmph… You won't freeze inside the chimney… Hrrmph.,Hrrrrmmmmmph; Hrrmph,French; German; Portuguese; Turkish
neco_soldier_n_achtung_ic_vU03,11,"non-ASCII character(s) in English display | English reference/display differ | token(s) preserved across 3+ localized displays: Achtung, kann, nicht, schießen | preserved token(s) also present in English reference",!P Achtung! Ich kann nicht schießen!,Achtung! Ich kann nicht schießen!,Achtung; kann; nicht; schießen,Chineses; Chineset; Czech; French; German; Italian; Japanese; Korean; Polish; Portuguese; Russian; Spanish; Turkish; Ukrainian; Vietnamese
nekd_nekdo_si__jen_pod_brzt,9,"non-ASCII character(s) in English display | token(s) preserved across 3+ localized displays: Szard, össze, magad | preserved token(s) also present in English reference",Szard össze magad!,Szard össze magad!,Szard; össze; magad,Chineses; Chineset; Czech; French; German; Italian; Japanese; Korean; Polish; Portuguese; Russian; Spanish; Turkish; Ukrainian; Vietnamese
nekd_nekdo_si__prasiva_sv_du6d,10,"non-ASCII character(s) in English display | token(s) preserved across 3+ localized displays: Mocskos, disznó, Csak, gyertek | preserved token(s) also present in English reference",Mocskos disznó! Csak gyertek!,Mocskos disznó! Csak gyertek!,Mocskos; disznó; Csak; gyertek,Chineses; Chineset; Czech; French; German; Italian; Japanese; Korean; Polish; Portuguese; Russian; Spanish; Turkish; Ukrainian; Vietnamese
nekd_soldier_b_verdammte__uPR1,9,"non-ASCII character(s) in English display | English reference/display differ | token(s) preserved across 3+ localized displays: Verdammte, Scheißkerle | preserved token(s) also present in English reference",!P Verdammte Scheißkerle!,Verdammte Scheißkerle!,Verdammte; Scheißkerle,Chineses; Chineset; Czech; French; German; Italian; Japanese; Korean; Polish; Portuguese; Russian; Spanish; Turkish; Ukrainian; Vietnamese
neko_nekoho_ta_sam_si_net_6CT8,10,"non-ASCII character(s) in English display | token(s) preserved across 3+ localized displays: Egyedül, lennél, ilyen, bátor, szaros | preserved token(s) also present in English reference","Egyedül nem lennél ilyen bátor, te szaros!","Egyedül nem lennél ilyen bátor, te szaros!",Egyedül; lennél; ilyen; bátor; szaros,Chineses; Chineset; Czech; French; German; Italian; Japanese; Korean; Polish; Portuguese; Russian; Spanish; Turkish; Ukrainian; Vietnamese
neko_soldier_z_scheiss_dr_WGok,9,"non-ASCII character(s) in English display | English reference/display differ | token(s) preserved across 3+ localized displays: Scheiß, drauf | preserved token(s) also present in English reference",!P Scheiss drauf!,Scheiß drauf!,Scheiß; drauf,Chineses; Chineset; Czech; French; German; Italian; Japanese; Korean; Polish; Portuguese; Russian; Spanish; Turkish; Ukrainian; Vietnamese
neko_soldier_z_wir_werden_yMWn,10,"non-ASCII character(s) in English display | English reference/display differ | token(s) preserved across 3+ localized displays: werden, dich, töten | preserved token(s) also present in English reference",!P Wir werden dich töten!,Wir werden dich töten!,werden; dich; töten,Chineses; Chineset; Czech; French; German; Italian; Japanese; Korean; Polish; Portuguese; Russian; Spanish; Turkish; Ukrainian; Vietnamese
neme_udo_aus_t_aber__herr_EcqX,11,"non-ASCII character(s) in English display | English reference/display differ | token(s) preserved across 3+ localized displays: Aber, Herr, Gott, Geld | preserved token(s) also present in English reference",Aber… Herr Gott! I have no geld. How much have I drunk?,Aber… Herr Gott! I have no Geld. How much did I drink?,Aber; Herr; Gott; Geld,Chineses; Chineset; Czech; French; German; Italian; Korean; Polish; Portuguese; Russian; Spanish; Turkish; Ukrainian
neme_udo_aus_t_aha__ale_m_bzaK,11,"non-ASCII character(s) in English display | English reference/display differ | token(s) preserved across 3+ localized displays: Scheisse, meine, Frau, Warte, Tauber, Tabr-heim, Tau-se, Gott | preserved token(s) also present in English reference",Aha… wait… mein frau… mein frau is all the way in Tauber… bis… Tabr-heim… Tau-se… SCHEISSE! TAUBERBISCHOFSHEIM!,"Scheisse, meine Frau…! Warte ab! My wife is far away in Tauber… bis… Tabr-heim… Tau-se… Gott verdammt! TAUBERBISCHOFSHEIM!",Scheisse; meine; Frau; Warte; Tauber; Tabr-heim; Tau-se; Gott; verdammt; TAUBERBISCHOFSHEIM,Chineses; Chineset; Czech; French; German; Italian; Korean; Polish; Portuguese; Russian; Spanish; Turkish; Ukrainian; Vietnamese
neme_udo_aus_t_ale_houby__Lul6,10,"non-ASCII character(s) in English display | English reference/display differ | token(s) preserved across 3+ localized displays: Tauber, Taube, Tauberbisho | preserved token(s) also present in English reference",Nonsense! No money nicht spielen dice with Udo von Tauber… Taube… Tauberbisho…,"Nonsense! If you have no coin, do not play dice mit Udo von Tauber… Taube… Tauberbisho… Ah, whatever…",Tauber; Taube; Tauberbisho,Chineses; Czech; French; German; Italian; Polish; Portuguese; Spanish; Turkish; Ukrainian; Vietnamese
neme_udo_aus_t_ale_ja_nem_Etme,9,"non-ASCII character(s) in English display | English reference/display differ | token(s) preserved across 3+ localized displays: Aber, habe, nichts",But I have nothing! I lost at Wurfel.,Aber… ich habe nichts! I lost all at dice!,Aber; habe; nichts,Chineses; Chineset; Czech; French; German; Italian; Korean; Polish; Portuguese; Russian; Spanish; Turkish; Ukrainian
neme_udo_aus_t_ale_ne_tad_HGrK,10,"non-ASCII character(s) in English display | English reference/display differ | token(s) preserved across 3+ localized displays: Schließen, Nein, nein | preserved token(s) also present in English reference","Geschlossen? Nein, mein freund, not closing. Do you want to play dice? Wurfel?","Schließen? Nein, nein! No closing! Do you not want to play dice?",Schließen; Nein; nein,Chineses; Chineset; Czech; French; German; Italian; Korean; Polish; Portuguese; Russian; Spanish; Turkish; Ukrainian
neme_udo_aus_t_ale_nejsi__4HMH,11,"non-ASCII character(s) in English display | English reference/display differ | token(s) preserved across 3+ localized displays: Nein, einem, Partner, siehe, partner | preserved token(s) also present in English reference","You're not! Unless maybe you are. But I'm not… going anywhere. Nein! Absolutely not. I'm waiting here for a partner, see… a dice partner. How about it?","You are not! Unless maybe you are. But I am not… going anywhere. Nein! I am waiting here auf einem Partner, siehe… a dice partner. What do you say?",Nein; einem; Partner; siehe; partner,Chineses; Chineset; Czech; French; German; Italian; Korean; Polish; Portuguese; Russian; Spanish; Turkish; Ukrainian
neme_udo_aus_t_ale_to_je__sz1C,9,"non-ASCII character(s) in English display | English reference/display differ | token(s) preserved across 3+ localized displays: Schade, Geld | preserved token(s) also present in English reference","Ah, what a schade… Can't play without geld!","Ah, Schade…! You cannot play without Geld!",Schade; Geld,Chineses; Chineset; Czech; French; German; Italian; Korean; Polish; Portuguese; Russian; Spanish; Turkish; Ukrainian; Vietnamese
neme_udo_aus_t_du__poc_se_5fcn,10,"non-ASCII character(s) in English display | English reference/display differ | token(s) preserved across 3+ localized displays: willst, etwas, trinken | preserved token(s) also present in English reference",Du… come here… hast du trinken?,Du… come here… willst du etwas trinken?,willst; etwas; trinken,Chineses; Chineset; Czech; French; German; Korean; Polish; Portuguese; Russian; Spanish; Turkish; Ukrainian; Vietnamese
neme_udo_aus_t_hergot_hex_ego3,9,"non-ASCII character(s) in English display | English reference/display differ | token(s) preserved across 3+ localized displays: Hergot, Hexe | preserved token(s) also present in English reference","Hergot, hexe… the old witch! I should go weg… But which way!","Hergot, die Hexe… the old witch! I should go… But which way?",Hergot; Hexe,Chineses; Chineset; Czech; French; German; Italian; Korean; Polish; Portuguese; Russian; Spanish; Turkish; Ukrainian
neme_udo_aus_t_hergot_mil_W9cG,10,"non-ASCII character(s) in English display | English reference/display differ | token(s) preserved across 3+ localized displays: Herr, Gott, Kuttenberg | preserved token(s) also present in English reference",Hergot! I love… Kuttenberg!,Herr Gott! I love… Kuttenberg!,Herr; Gott; Kuttenberg,Chineses; Chineset; Czech; French; German; Italian; Korean; Polish; Portuguese; Russian; Spanish; Turkish; Ukrainian; Vietnamese
neme_udo_aus_t_himmel_sem_678G,11,"non-ASCII character(s) in English display | English reference/display differ | token(s) preserved across 3+ localized displays: Gott, Himmel, Tuber, nein, Taube, Tauber, Hofissam | preserved token(s) also present in English reference","Himmel, I told you already… Aus Tuber, ah nein, Taube… Tauber… Bis… Hofissam.","Gott im Himmel! I have already told you… Aus Tuber, ah nein, Taube… Tauber… Bis… Hofissam.",Gott; Himmel; Tuber; nein; Taube; Tauber; Hofissam,Chineses; Chineset; Czech; French; German; Italian; Korean; Polish; Portuguese; Russian; Spanish; Turkish; Ukrainian; Vietnamese
neme_udo_aus_t_ja_sem__ud_b1PU,11,"non-ASCII character(s) in English display | English reference/display differ | token(s) preserved across 3+ localized displays: Taubisch, nein, Tauberhofs, heim, Scheisse, TAUBER, BISCHOFS, HEIM | preserved token(s) also present in English reference",I'm… Udo… from Tabehoeim… no. Taube… heim… no… Taubshohim… fuck… TAUBERBISCHOFSHEIM!,"I am Udo… from Taubisch… nein, Tauberhofs… heim… Scheisse! Aus TAUBER… BISCHOFS… HEIM!",Taubisch; nein; Tauberhofs; heim; Scheisse; TAUBER; BISCHOFS; HEIM,Chineses; Chineset; Czech; French; German; Italian; Polish; Portuguese; Russian; Spanish; Turkish; Ukrainian; Vietnamese
neme_udo_aus_t_nechces_si_Xaqo,9,"non-ASCII character(s) in English display | English reference/display differ | token(s) preserved across 3+ localized displays: Ebenfalls, Spielst, Würfel",Ja? Me too! My name is Wurfel. Dice… would you like to play?,Ebenfalls! Spielst du Würfel? Dice… you want play?,Ebenfalls; Spielst; Würfel,Chineses; Chineset; Czech; French; Italian; Korean; Polish; Portuguese; Russian; Spanish; Turkish; Ukrainian; Vietnamese
neme_udo_aus_t_no_jo_ale__NCcE,9,"non-ASCII character(s) in English display | English reference/display differ | token(s) preserved across 3+ localized displays: exotisch, Dekoration | preserved token(s) also present in English reference","Ja, ja! But not just any holz. Rare, exotisch! For dekorazion… decoration.","Ja, ja! But not just any wood. Rare, exotisch! For Dekoration… decoration.",exotisch; Dekoration,Chineses; Czech; French; German; Italian; Korean; Polish; Portuguese; Russian; Spanish; Turkish; Ukrainian; Vietnamese
neme_udo_aus_t_no_nic_bud_dYTU,9,"non-ASCII character(s) in English display | English reference/display differ | token(s) preserved across 3+ localized displays: nach, Hause | preserved token(s) also present in English reference","Oh well, I'll be going nach hause…","Oh well, I will have to go nach Hause…",nach; Hause,Chineset; Czech; French; German; Italian; Korean; Polish; Portuguese; Russian; Spanish; Turkish; Ukrainian
neme_udo_aus_t_no_prave_i_lB5y,11,"non-ASCII character(s) in English display | English reference/display differ | token(s) preserved across 3+ localized displays: Exakt, auch, nicht, also, lange | preserved token(s) also present in English reference","Exactly! Ich auch nicht, darum long…","Exakt! Ich auch nicht, also lange… Very long…",Exakt; auch; nicht; also; lange,Chineses; Chineset; Czech; French; German; Italian; Korean; Polish; Portuguese; Russian; Spanish; Turkish; Ukrainian; Vietnamese
neme_udo_aus_t_to_ja_asi__HPkc,10,"non-ASCII character(s) in English display | English reference/display differ | token(s) preserved across 3+ localized displays: nach, Hause, Tauber | preserved token(s) also present in English reference",I must go nach hause… to Tauber… Bis… home!,I must go nach Hause… to Tauber… Bis… aah... home!,nach; Hause; Tauber,Chineses; Chineset; Czech; French; German; Italian; Korean; Polish; Portuguese; Russian; Spanish; Turkish; Ukrainian; Vietnamese
neme_udo_aus_t_vis_co_se__jf8P,10,"non-ASCII character(s) in English display | English reference/display differ | token(s) preserved across 3+ localized displays: Kein, Geld, haben | preserved token(s) also present in English reference","You know what they say, ja? No geld… money… (XXX)",You know what they say? Kein Geld haben…,Kein; Geld; haben,Chineses; Chineset; Czech; French; German; Italian; Korean; Portuguese; Russian; Spanish; Turkish; Ukrainian; Vietnamese
neme_udo_aus_t_vydelavam__9W2K,9,"non-ASCII character(s) in English display | English reference/display differ | token(s) preserved across 3+ localized displays: Geld, holz | preserved token(s) also present in English reference",Making geld! Everyvan vant my holz here…,Earning Geld! Everyone here wants my holz…,Geld; holz,Czech; French; Italian; Polish; Portuguese; Russian; Spanish; Turkish; Ukrainian; Vietnamese
neme_udo_aus_t_wirklich_t_uygg,10,"non-ASCII character(s) in English display | English reference/display differ | token(s) preserved across 3+ localized displays: Wirklich, Würfeln, trinken | preserved token(s) also present in English reference","Wirklich! You know… Wurfel, trinken…","Wirklich! Würfeln, trinken… you know.",Wirklich; Würfeln; trinken,Chineses; Chineset; Czech; French; German; Japanese; Korean; Polish; Portuguese; Russian; Spanish; Turkish; Ukrainian; Vietnamese
nepr_kuman_kom_kam_si_mys_jQOK,10,"non-ASCII character(s) in English display | token(s) preserved across 3+ localized displays: Mégis, hová, mész, Kinyírlak | preserved token(s) also present in English reference","Mégis, hová mész? Kinyírlak!","Mégis, hová mész? Kinyírlak!",Mégis; hová; mész; Kinyírlak,Chineses; Chineset; Czech; French; German; Italian; Japanese; Korean; Polish; Portuguese; Russian; Spanish; Turkish; Ukrainian; Vietnamese
nepr_kuman_nep_do_prdele__z8ER,9,"non-ASCII character(s) in English display | token(s) preserved across 3+ localized displays: Shit, dog's, biting | preserved token(s) also present in English reference",Shit… the dog's biting me.,Shit… the dog's biting me.,Shit; dog's; biting,Chineses; Chineset; French; German; Italian; Japanese; Korean; Polish; Portuguese; Spanish; Turkish; Ukrainian; Vietnamese
nepr_kuman_nep_tahni_pse__HaaJ,10,"non-ASCII character(s) in English display | token(s) preserved across 3+ localized displays: Húzz, innen, kibaszott, kutya | preserved token(s) also present in English reference","Húzz innen, te kibaszott kutya!","Húzz innen, te kibaszott kutya!",Húzz; innen; kibaszott; kutya,Chineses; Chineset; Czech; French; German; Italian; Japanese; Korean; Polish; Portuguese; Russian; Spanish; Turkish; Ukrainian; Vietnamese
nepr_kuman_nep_za_to_ti_t_vbiq,9,"non-ASCII character(s) in English display | token(s) preserved across 3+ localized displays: Ezért, szétverem, pofádat | preserved token(s) also present in English reference",Ezért szétverem a pofádat!,Ezért szétverem a pofádat!,Ezért; szétverem; pofádat,Chineses; Chineset; Czech; French; German; Italian; Japanese; Korean; Polish; Portuguese; Russian; Spanish; Turkish; Ukrainian; Vietnamese
nepr_kuman_pes_dej_pozor__3Eaj,9,"non-ASCII character(s) in English display | token(s) preserved across 3+ localized displays: Vigyázz, azzal, döggel | preserved token(s) also present in English reference",Vigyázz azzal a döggel!,Vigyázz azzal a döggel!,Vigyázz; azzal; döggel,Chineses; Chineset; Czech; French; German; Italian; Japanese; Korean; Polish; Portuguese; Russian; Spanish; Turkish; Ukrainian; Vietnamese
nepr_nepritel__bastard_br_1Ctg,10,"non-ASCII character(s) in English display | token(s) preserved across 3+ localized displays: Schweinehund, Bastard, Brate, Hölle, böser, Mensch | preserved token(s) also present in English reference","!P Schweinehund! Bastard! Brate in der Hölle, du böser Mensch!","!P Schweinehund! Bastard! Brate in der Hölle, du böser Mensch!",Schweinehund; Bastard; Brate; Hölle; böser; Mensch,Chineses; Chineset; Czech; French; German; Italian; Japanese; Korean; Polish; Portuguese; Russian; Spanish; Turkish; Ukrainian; Vietnamese
nepr_soldier_b_tote_die_b_Wi7Z,9,"non-ASCII character(s) in English display | English reference/display differ | token(s) preserved across 3+ localized displays: Töte, Bestie | preserved token(s) also present in English reference",!P Töte die Bestie!,Töte die Bestie!,Töte; Bestie,Chineses; Chineset; Czech; French; German; Italian; Japanese; Korean; Polish; Portuguese; Russian; Spanish; Turkish; Ukrainian; Vietnamese
nepr_soldier_k_das_ist_nu_x06m,9,"non-ASCII character(s) in English display | English reference/display differ | token(s) preserved across 3+ localized displays: nutzlos, Scheißer | preserved token(s) also present in English reference","!P Das ist nutzlos, Scheisser...","Das ist nutzlos, Scheißer …",nutzlos; Scheißer,Chineses; Chineset; Czech; French; German; Italian; Japanese; Korean; Polish; Portuguese; Russian; Spanish; Turkish; Ukrainian; Vietnamese
nepr_soldier_n_scheisse_d_KaAf,11,"non-ASCII character(s) in English display | English reference/display differ | token(s) preserved across 3+ localized displays: Scheiße, Biest, mich, gebissen | preserved token(s) also present in English reference",!P Scheisse! Die Bestie hat mich gebissen!,Scheiße! Das Biest hat mich gebissen!,Scheiße; Biest; mich; gebissen,Chineses; Chineset; Czech; French; German; Italian; Japanese; Korean; Polish; Portuguese; Russian; Spanish; Turkish; Ukrainian; Vietnamese
nepr_soldier_p_achtung_be_FdT4,10,"non-ASCII character(s) in English display | English reference/display differ | token(s) preserved across 3+ localized displays: Achtung, Beißendes, Biest | preserved token(s) also present in English reference",!P Achtung! Beissendes Biest!,Achtung! Beißendes Biest!,Achtung; Beißendes; Biest,Chineses; Chineset; Czech; French; German; Italian; Japanese; Korean; Polish; Portuguese; Russian; Spanish; Turkish; Ukrainian; Vietnamese
npc__kuman_cri_na_co_ten__DewT,9,"non-ASCII character(s) in English display | English reference/display differ | token(s) preserved across 3+ localized displays: Miért, ugatsz, kutya",Why's that dog barking?,Miért ugatsz kutya?,Miért; ugatsz; kutya,Chineses; Chineset; Czech; French; German; Italian; Japanese; Korean; Polish; Portuguese; Russian; Spanish; Turkish; Ukrainian; Vietnamese
npc__kuman_cri_naseru_ti__8noQ,9,"non-ASCII character(s) in English display | English reference/display differ | token(s) preserved across 3+ localized displays: Szarni, fogok, sírodra",I'll shit on your grave!,Szarni fogok a sírodra!,Szarni; fogok; sírodra,Chineses; Chineset; Czech; French; German; Italian; Japanese; Korean; Polish; Portuguese; Russian; Spanish; Turkish; Ukrainian; Vietnamese
npc__kuman_cri_no_to_si_d_Fmpt,9,"non-ASCII character(s) in English display | English reference/display differ | token(s) preserved across 3+ localized displays: Most, szórakozol, velem",You're having a laugh!,Most szórakozol velem?!,Most; szórakozol; velem,Chineses; Chineset; Czech; French; German; Italian; Japanese; Korean; Polish; Portuguese; Russian; Spanish; Turkish; Ukrainian; Vietnamese
npc__kuman_cri_okamzite_s_YYOd,9,"non-ASCII character(s) in English display | English reference/display differ | token(s) preserved across 3+ localized displays: Tünés, Most, azonnal",Fuck off right now!,Tünés. Most azonnal!,Tünés; Most; azonnal,Chineses; Chineset; Czech; French; German; Italian; Japanese; Korean; Polish; Portuguese; Russian; Spanish; Turkish; Ukrainian; Vietnamese
npc__kuman_cri_rozparu_ti_jPAj,9,"non-ASCII character(s) in English display | English reference/display differ | token(s) preserved across 3+ localized displays: Kibelezlek, mint, disznót",I'll fillet you like a fish!,Kibelezlek mint egy disznót!,Kibelezlek; mint; disznót,Chineses; Chineset; Czech; French; German; Italian; Japanese; Korean; Polish; Portuguese; Russian; Spanish; Turkish; Ukrainian; Vietnamese
npc__kuman_cri_sakra_jake_MeVt,9,"non-ASCII character(s) in English display | English reference/display differ | token(s) preserved across 3+ localized displays: Bazmeg, volt, szemét","Shit, what bastard...?!","Bazmeg, ki volt az a szemét...?!",Bazmeg; volt; szemét,Chineses; Chineset; Czech; French; German; Italian; Japanese; Korean; Polish; Portuguese; Russian; Spanish; Turkish; Ukrainian; Vietnamese
npc__kuman_cri_ted_se_zes_Mw3W,10,"non-ASCII character(s) in English display | English reference/display differ | token(s) preserved across 3+ localized displays: Készülj, hogy, összeszarod, magad",Get ready to shit yourself!,"Készülj fel, hogy összeszarod magad!",Készülj; hogy; összeszarod; magad,Chineses; Chineset; Czech; French; German; Italian; Japanese; Korean; Polish; Portuguese; Russian; Spanish; Turkish; Ukrainian; Vietnamese
npc__kuman_se__boze_stuj__Ujkh,9,"non-ASCII character(s) in English display | token(s) preserved across 3+ localized displays: Isten, legyen, velünk | preserved token(s) also present in English reference",Isten legyen velünk!,Isten legyen velünk!,Isten; legyen; velünk,Chineses; Chineset; Czech; French; German; Italian; Japanese; Korean; Polish; Portuguese; Russian; Spanish; Turkish; Ukrainian; Vietnamese
npc__kuman_se__je_nas_vic_9x9I,10,"non-ASCII character(s) in English display | token(s) preserved across 3+ localized displays: Többen, vagyunk, esélye, sincs | preserved token(s) also present in English reference","Többen vagyunk, esélye sincs!","Többen vagyunk, esélye sincs!",Többen; vagyunk; esélye; sincs,Chineses; Chineset; Czech; French; German; Italian; Japanese; Korean; Polish; Portuguese; Russian; Spanish; Turkish; Ukrainian; Vietnamese
npc__kuman_se__ted_je_roz_6JIo,9,"non-ASCII character(s) in English display | token(s) preserved across 3+ localized displays: Most, szétcincáljuk, őket | preserved token(s) also present in English reference",Most szétcincáljuk őket!,Most szétcincáljuk őket!,Most; szétcincáljuk; őket,Chineses; Chineset; Czech; French; German; Italian; Japanese; Korean; Polish; Portuguese; Russian; Spanish; Turkish; Ukrainian; Vietnamese
npc__muz_samom_eh_scheiss_og2G,9,"non-ASCII character(s) in English display | English reference/display differ | token(s) preserved across 3+ localized displays: Scheiße, kalt | preserved token(s) also present in English reference","!P Eh, Scheisse. Des ist Kalt!","Ah, Scheiße! Es ist kalt!",Scheiße; kalt,Chineses; Chineset; Czech; French; German; Italian; Japanese; Korean; Polish; Portuguese; Russian; Spanish; Turkish; Ukrainian; Vietnamese
npc__muz_samom_es_ist_die_IINc,9,"non-ASCII character(s) in English display | English reference/display differ | token(s) preserved across 3+ localized displays: eine, Nacht | preserved token(s) also present in English reference","!P Eh, Es ist die Nacht...",Was für eine Nacht ...,eine; Nacht,Chineses; Chineset; Czech; French; German; Italian; Japanese; Korean; Polish; Portuguese; Russian; Spanish; Turkish; Ukrainian; Vietnamese
npc__nalezeny__mi_prislo__Hi8a,10,"non-ASCII character(s) in English display | English reference/display differ | token(s) preserved across 3+ localized displays: hittem, volt, arra, valami, talátam, semmit","I had the feeling there was something suspicious over here, but I didn't find anything.",Azt hittem volt arra valami. De nem talátam semmit.,hittem; volt; arra; valami; talátam; semmit,Chineses; Chineset; Czech; French; German; Italian; Japanese; Korean; Polish; Portuguese; Russian; Spanish; Turkish; Ukrainian; Vietnamese
npc__nalezeny__zdalo_se_m_os4U,10,"non-ASCII character(s) in English display | English reference/display differ | token(s) preserved across 3+ localized displays: hittem, valami, láttam, semmit, kell, dupláznunt, őrséget","I thought there was something strange going on, but I didn't find anything. We should double the guard anyway.",Azt hittem van ott valami. De nem láttam semmit. Meg kell dupláznunt az őrséget.,hittem; valami; láttam; semmit; kell; dupláznunt; őrséget,Chineses; Chineset; Czech; French; German; Italian; Japanese; Korean; Polish; Portuguese; Russian; Spanish; Turkish; Ukrainian; Vietnamese
npc__npc_bezi__oy_sum_dovr_nhQI,9,"non-ASCII character(s) in English display | English reference/display differ | token(s) preserved across 3+ localized displays: shum, dovr | preserved token(s) also present in English reference","Oi, shum dovver…","Oy, shum dovr…",shum; dovr,Chineses; Chineset; Czech; French; German; Italian; Japanese; Korean; Portuguese; Russian; Spanish; Turkish; Ukrainian; Vietnamese
npc__npc_bezi__wachen_del_REu7,9,"non-ASCII character(s) in English display | English reference/display differ | token(s) preserved across 3+ localized displays: nein, Hilfe | preserved token(s) also present in English reference",Ach nein… Hilfe! Hilfe!,Ah nein … Hilfe! Hilfe!,nein; Hilfe,Chineses; Chineset; Czech; French; German; Italian; Japanese; Korean; Polish; Portuguese; Russian; Spanish; Turkish; Ukrainian; Vietnamese
npc__npc_cilen_co_sem_kom_0XJq,9,"non-ASCII character(s) in English display | English reference/display differ | token(s) preserved across 3+ localized displays: Mein, Gott | preserved token(s) also present in English reference",!P What did I do to anyone?! Mein Gott…,What did I do to anyone?! Mein Gott…,Mein; Gott,Chineset; Czech; French; German; Italian; Korean; Polish; Portuguese; Russian; Spanish; Turkish; Ukrainian; Vietnamese
npc__npc_cilen_scheisse_k_yD7D,9,"non-ASCII character(s) in English display | English reference/display differ | token(s) preserved across 3+ localized displays: Scheiße, Kurva | preserved token(s) also present in English reference",!P Scheisse! Kurva!,Scheiße! Kurva!,Scheiße; Kurva,Chineses; Chineset; Czech; French; German; Italian; Korean; Polish; Portuguese; Russian; Spanish; Turkish; Vietnamese
npc__npc_komen_haha_tahle_CdJc,9,"non-ASCII character(s) in English display | English reference/display differ | token(s) preserved across 3+ localized displays: Haha, groschen | preserved token(s) also present in English reference",Haha! That mare must've cost ten groschen and a stale loaf of bread!,Haha… A nag like this couldn't have cost more than ten groschen and a stale loaf of bread!,Haha; groschen,Czech; French; German; Italian; Portuguese; Spanish; Turkish; Vietnamese
npc__npc_kontr_sakra_snad_v6PB,10,"non-ASCII character(s) in English display | English reference/display differ | token(s) preserved across 3+ localized displays: Kutassatok, mindent, Tudni, akarom, hogy, semmi, hiányzik",Search the place! Make sure he didn't steal anything!,Kutassatok át mindent. Tudni akarom hogy semmi sem hiányzik.,Kutassatok; mindent; Tudni; akarom; hogy; semmi; hiányzik,Chineses; Chineset; Czech; French; German; Italian; Japanese; Korean; Polish; Portuguese; Russian; Spanish; Turkish; Ukrainian; Vietnamese
npc__npc_kontr_zkontroluj_GNi7,10,"non-ASCII character(s) in English display | English reference/display differ | token(s) preserved across 3+ localized displays: Nézzél, körül, Nézd, hogy, egyedül, volt-e",Take a look around! See if he was alone!,"Nézzél körül! Nézd meg, hogy egyedül volt-e!",Nézzél; körül; Nézd; hogy; egyedül; volt-e,Chineses; Chineset; Czech; French; German; Italian; Japanese; Korean; Polish; Portuguese; Russian; Spanish; Turkish; Ukrainian; Vietnamese
npc__npc_ma_do_a_dost_kur_LxTv,9,"non-ASCII character(s) in English display | English reference/display differ | token(s) preserved across 3+ localized displays: Bassza, elég, volt","Kurva, that's enough!","Bassza meg, elég volt!",Bassza; elég; volt,Chineses; Chineset; Czech; French; German; Italian; Japanese; Korean; Polish; Portuguese; Russian; Turkish; Ukrainian; Vietnamese
npc__npc_ma_do_tak_a_uz_m_nGI7,9,"non-ASCII character(s) in English display | English reference/display differ | token(s) preserved across 3+ localized displays: elegem, ebből, lármából","Alright, I've had enough of that racket!","Jól van, elegem van ebből a lármából!",elegem; ebből; lármából,Chineses; Chineset; Czech; French; German; Italian; Japanese; Korean; Polish; Portuguese; Russian; Spanish; Turkish; Ukrainian; Vietnamese
npc__npc_naslo_hilfe_schn_yksK,9,"non-ASCII character(s) in English display | English reference/display differ | token(s) preserved across 3+ localized displays: Hilfe, schnell | preserved token(s) also present in English reference","!P Hilfe, schnell... Hilfe...","Hilfe, schnell... Hilfe…",Hilfe; schnell,Chineses; Chineset; Czech; French; German; Italian; Japanese; Korean; Polish; Portuguese; Russian; Spanish; Turkish; Ukrainian; Vietnamese
npc__npc_naslo_hmm_no_dob_dhae,10,"non-ASCII character(s) in English display | English reference/display differ | token(s) preserved across 3+ localized displays: Rendben, most, gyere, vissza","Hmm, all right, then. But come back now.",Rendben. De most már gyere vissza.,Rendben; most; gyere; vissza,Chineses; Chineset; Czech; French; German; Italian; Japanese; Korean; Polish; Portuguese; Russian; Spanish; Turkish; Ukrainian; Vietnamese
npc__npc_naslo_hodnej_pej_xvjH,9,"non-ASCII character(s) in English display | English reference/display differ | token(s) preserved across 3+ localized displays: Örizz, csak, bennünnket",Good boy! Keep guarding us!,Örizz csak bennünnket,Örizz; csak; bennünnket,Chineses; Chineset; Czech; French; German; Italian; Japanese; Korean; Polish; Portuguese; Russian; Spanish; Turkish; Ukrainian; Vietnamese
npc__npc_naslo_kasli_na_t_mohK,9,"non-ASCII character(s) in English display | English reference/display differ | token(s) preserved across 3+ localized displays: Hagyd, gyere, vissza",Forget about it and come back.,Hagyd és gyere vissza.,Hagyd; gyere; vissza,Chineses; Chineset; Czech; French; German; Italian; Japanese; Korean; Polish; Portuguese; Russian; Spanish; Turkish; Ukrainian; Vietnamese
npc__npc_naslo_pannenko_n_0how,9,"non-ASCII character(s) in English display | English reference/display differ | token(s) preserved across 3+ localized displays: Devla, miro | preserved token(s) also present in English reference","!T Ay, Devla miro… na, na tu!","Ay, Devla miro… na, na tu!",Devla; miro,Chineses; Chineset; Czech; French; German; Italian; Japanese; Korean; Polish; Portuguese; Russian; Spanish; Turkish; Ukrainian; Vietnamese
npc__npc_naslo_pannenkoma_40mk,9,"non-ASCII character(s) in English display | English reference/display differ | token(s) preserved across 3+ localized displays: Devloro, mangav | preserved token(s) also present in English reference",!T Devloro… oda na… mangav tut…,Devloro… oda na… mangav tut…,Devloro; mangav,Chineses; Chineset; Czech; French; German; Italian; Japanese; Korean; Portuguese; Russian; Spanish; Turkish; Ukrainian; Vietnamese
npc__npc_naslo_tady_jses__YiIV,9,"non-ASCII character(s) in English display | English reference/display differ | token(s) preserved across 3+ localized displays: Szóval, vagy, történt",Here you are. What happened?,Szóval itt vagy. Mi történt?,Szóval; vagy; történt,Chineses; Chineset; Czech; French; German; Italian; Japanese; Korean; Polish; Portuguese; Russian; Spanish; Turkish; Ukrainian; Vietnamese
npc__npc_oznac_hm_by_me_z_R1N6,10,"non-ASCII character(s) in English display | English reference/display differ | token(s) preserved across 3+ localized displays: romlott, tűnik, kell, öntenünk","Hmm... I wonder how the wine could have gone bad so fast. Well, looks like it's got to be chucked.",Ez a bor romlott. Úgy tűnik ki kell öntenünk.,romlott; tűnik; kell; öntenünk,Chineses; Chineset; Czech; French; German; Italian; Japanese; Korean; Polish; Portuguese; Russian; Spanish; Turkish; Ukrainian; Vietnamese
npc__npc_oznac_kurva_jak__9K9Z,10,"non-ASCII character(s) in English display | English reference/display differ | token(s) preserved across 3+ localized displays: fasz, Valami, gond, ezzel, zabával",Kurva! How could this happen? This food smells really weird.,Mi a fasz? Valami gond van ezzel a zabával.,fasz; Valami; gond; ezzel; zabával,Chineses; Chineset; Czech; French; German; Italian; Japanese; Korean; Polish; Portuguese; Russian; Spanish; Turkish; Ukrainian; Vietnamese
npc__npc_oznac_tak_snad_t_jQrM,10,"non-ASCII character(s) in English display | English reference/display differ | token(s) preserved across 3+ localized displays: Remélem, senki, ivott, abból, rohadt, borból, most, borra","I just hope no one else drank the spoilt wine... Well, we're going to need some new wine.","Remélem, senki más nem ivott abból a rohadt borból... Na most, új borra lesz szükségünk.",Remélem; senki; ivott; abból; rohadt; borból; most; borra; lesz; szükségünk,Chineses; Chineset; Czech; French; German; Italian; Japanese; Korean; Polish; Portuguese; Spanish; Turkish; Ukrainian; Vietnamese
npc__npc_oznac_to_je_potr_ebmb,10,"non-ASCII character(s) in English display | English reference/display differ | token(s) preserved across 3+ localized displays: Újra, kell, főzni, egészet",We'll have to cook it all over again.,Újra kell főzni az egészet.,Újra; kell; főzni; egészet,Chineses; Chineset; Czech; French; German; Italian; Japanese; Korean; Polish; Portuguese; Russian; Spanish; Turkish; Ukrainian; Vietnamese
npc__npc_oznac_to_teda_ni_rHwL,10,"non-ASCII character(s) in English display | English reference/display differ | token(s) preserved across 3+ localized displays: Senki, egyen, ebből, kajából, amíg, teljesen, főztük",No one's going to eat that gruel until we boil it good.,"Senki se egyen ebből a kajából, amíg teljesen meg nem főztük.",Senki; egyen; ebből; kajából; amíg; teljesen; főztük,Chineses; Chineset; Czech; French; German; Italian; Japanese; Korean; Polish; Portuguese; Russian; Spanish; Turkish; Ukrainian; Vietnamese
npc__npc_pobiz_na_gyere_g_goV8,9,"non-ASCII character(s) in English display | English reference/display differ | token(s) preserved across 3+ localized displays: gyere, Gyerünk | preserved token(s) also present in English reference",Na gyere! Gyerünk!,!P Na gyere! Gyerünk!,gyere; Gyerünk,Chineses; Chineset; Czech; French; Italian; Japanese; Korean; Polish; Portuguese; Russian; Spanish; Turkish; Ukrainian; Vietnamese
npc__npc_pobiz_ugyan_mar__w3kL,9,"non-ASCII character(s) in English display | English reference/display differ | token(s) preserved across 3+ localized displays: Ugyan, gyere | preserved token(s) also present in English reference",Ugyan már! Na gyere!,!P Ugyan már! Na gyere!,Ugyan; gyere,Chineses; Chineset; Czech; French; Italian; Japanese; Korean; Polish; Portuguese; Russian; Spanish; Turkish; Ukrainian; Vietnamese
npc__npc_prezi_do_prdele__cyOp,10,"non-ASCII character(s) in English display | English reference/display differ | token(s) preserved across 3+ localized displays: kurva, életbe, soha, voltam, ennyire, szarul",Shit... I haven't been this sick in a long while.,A kurva életbe. Még soha nem voltam ennyire szarul.,kurva; életbe; soha; voltam; ennyire; szarul,Chineses; Chineset; Czech; French; German; Italian; Japanese; Korean; Polish; Portuguese; Russian; Spanish; Turkish; Ukrainian; Vietnamese
npc__npc_prezi_jediny_co__VW8K,10,"non-ASCII character(s) in English display | English reference/display differ | token(s) preserved across 3+ localized displays: Csak, fazékból, ettem, kell, néznem, hogy, romlott",The only thing I ate was food from the pot. I should go and see if it's spoilt.,Csak a fazékból ettem. Meg kell néznem hogy nem romlott e meg.,Csak; fazékból; ettem; kell; néznem; hogy; romlott,Chineses; Chineset; Czech; French; German; Italian; Japanese; Korean; Polish; Portuguese; Russian; Spanish; Turkish; Ukrainian; Vietnamese
npc__npc_prezi_musel_jsem_Nhya,10,"non-ASCII character(s) in English display | English reference/display differ | token(s) preserved across 3+ localized displays: Biztos, valami, rosszat, ettem, Talán, kaja, Megyek, megnézem",I must have eaten something bad... Maybe the gruel? I should go and check...,Biztos valami rosszat ettem... Talán az új kaja? Megyek és megnézem...,Biztos; valami; rosszat; ettem; Talán; kaja; Megyek; megnézem,Chineses; Chineset; Czech; French; German; Italian; Japanese; Korean; Polish; Portuguese; Spanish; Turkish; Ukrainian; Vietnamese
npc__npc_prezi_naposled_j_Nqad,10,"non-ASCII character(s) in English display | English reference/display differ | token(s) preserved across 3+ localized displays: Csak, borból, ittam, lehetett",The last thing I drank was wine... Could that be it?,Csak a borból ittam. Az lehetett?,Csak; borból; ittam; lehetett,Chineses; Chineset; Czech; French; German; Italian; Japanese; Korean; Polish; Portuguese; Russian; Spanish; Turkish; Ukrainian; Vietnamese
npc__npc_prezi_ufff_snad__1J8u,10,"non-ASCII character(s) in English display | English reference/display differ | token(s) preserved across 3+ localized displays: Talán, most, kibaszott, fájdalom, elmúlik",Ugh... I think the damn pain might be letting up...,Ugh…Talán most már a kibaszott fájdalom elmúlik…,Talán; most; kibaszott; fájdalom; elmúlik,Chineses; Chineset; Czech; French; German; Italian; Japanese; Korean; Polish; Portuguese; Russian; Spanish; Turkish; Ukrainian; Vietnamese
npc__npc_prezi_ufff_tak_s_zSUT,10,"non-ASCII character(s) in English display | English reference/display differ | token(s) preserved across 3+ localized displays: Olyan, érzés, mintha, kibaszott, gyomorgörcsök, sokkal, gyengébbek",Ugh... Looks like... Those bloody gut cramps are finally dying down.,"Ugh... Olyan érzés, mintha... A kibaszott gyomorgörcsök már sokkal gyengébbek.",Olyan; érzés; mintha; kibaszott; gyomorgörcsök; sokkal; gyengébbek,Chineses; Chineset; Czech; French; German; Italian; Japanese; Korean; Polish; Portuguese; Russian; Spanish; Turkish; Ukrainian; Vietnamese
npc__npc_prezi_ufff_vypad_Bl9v,10,"non-ASCII character(s) in English display | English reference/display differ | token(s) preserved across 3+ localized displays: Aaah, Végre, múlik, rohadt, fájdalom",Oof... Feels like my fucking pain is finally easing up...,Aaah... Végre múlik ez a rohadt fájdalom.,Aaah; Végre; múlik; rohadt; fájdalom,Chineses; Chineset; Czech; French; German; Italian; Japanese; Korean; Polish; Portuguese; Russian; Spanish; Turkish; Ukrainian; Vietnamese
npc__npc_propu_laches_pal_HCTY,9,"non-ASCII character(s) in English display | token(s) preserved across 3+ localized displays: Laches, Palikerav, gadjo | preserved token(s) also present in English reference","Laches… Palikerav, gadjo!","Laches… Palikerav, gadjo!",Laches; Palikerav; gadjo,Chineses; Chineset; French; German; Italian; Japanese; Korean; Polish; Portuguese; Russian; Spanish; Turkish; Ukrainian; Vietnamese
npc__npc_reagu_jdu_se_rad_pyYp,10,"non-ASCII character(s) in English display | English reference/display differ | token(s) preserved across 3+ localized displays: Jobb, lesz, megyek, megnézem",I'd better go and look.,Jobb lesz ha megyek és megnézem.,Jobb; lesz; megyek; megnézem,Chineses; Chineset; Czech; French; German; Italian; Japanese; Korean; Polish; Portuguese; Russian; Spanish; Turkish; Ukrainian; Vietnamese
npc__npc_reagu_priste_si__AI7H,10,"non-ASCII character(s) in English display | English reference/display differ | token(s) preserved across 3+ localized displays: Legközeleb, pörköltet, főzök, belőled",Next time I'll roast you!,Legközeleb pörköltet főzök belőled.,Legközeleb; pörköltet; főzök; belőled,Czech; French; German; Italian; Japanese; Korean; Polish; Portuguese; Russian; Spanish; Turkish; Ukrainian; Vietnamese
npc__npc_rozpo_zkousis_mo_xPUY,9,"non-ASCII character(s) in English display | English reference/display differ | token(s) preserved across 3+ localized displays: Lass, Scheiß | preserved token(s) also present in English reference",You're testing my patience! Scheiß nicht!,You're testing my patience! Lass den Scheiß!,Lass; Scheiß,Chineset; Czech; French; German; Italian; Korean; Polish; Portuguese; Russian; Spanish; Turkish; Ukrainian; Vietnamese
npc__npc_se_vz_ich_ergebe_aNth,9,"non-ASCII character(s) in English display | English reference/display differ | token(s) preserved across 3+ localized displays: ergebe, mich | preserved token(s) also present in English reference",!P Ich ergebe mich! Ich ergebe...,Ich ergebe mich! Ich ergebe …,ergebe; mich,Chineses; Chineset; Czech; French; German; Italian; Japanese; Korean; Polish; Portuguese; Russian; Spanish; Turkish; Ukrainian; Vietnamese
npc__npc_si_st_bricho_me__EDPd,10,"non-ASCII character(s) in English display | English reference/display differ | token(s) preserved across 3+ localized displays: gyomrom, mintha, sündisznót, ettem, volna",My belly feels like I ate a hedgehog.,"Úgy fáj a gyomrom, mintha egy sündisznót ettem volna.",gyomrom; mintha; sündisznót; ettem; volna,Chineses; Chineset; Czech; French; German; Italian; Japanese; Korean; Polish; Portuguese; Russian; Spanish; Turkish; Ukrainian; Vietnamese
npc__npc_si_st_musel_jsem_yWJ3,9,"non-ASCII character(s) in English display | English reference/display differ | token(s) preserved across 3+ localized displays: Valami, rosszat, zabáltam",I must have eaten something bad.,Valami rosszat zabáltam.,Valami; rosszat; zabáltam,Chineses; Chineset; Czech; French; German; Italian; Japanese; Korean; Polish; Portuguese; Russian; Spanish; Turkish; Ukrainian; Vietnamese
npc__npc_si_vs_no_jasne_t_oM08,9,"non-ASCII character(s) in English display | English reference/display differ | token(s) preserved across 3+ localized displays: Egyértelmű, Valaki, ellopta","It's clear as day, someone must've stolen it!",Egyértelmű. Valaki ellopta.,Egyértelmű; Valaki; ellopta,Chineses; Czech; French; German; Italian; Japanese; Korean; Polish; Portuguese; Russian; Spanish; Turkish; Ukrainian; Vietnamese
npc__npc_si_vs_pockat_tad_RWgN,10,"non-ASCII character(s) in English display | English reference/display differ | token(s) preserved across 3+ localized displays: Várjunk, csak, Valami, hiányzik",Wait… something's missing here!,Várjunk csak. Valami hiányzik!,Várjunk; csak; Valami; hiányzik,Chineses; Czech; French; German; Italian; Japanese; Korean; Polish; Portuguese; Russian; Spanish; Turkish; Ukrainian; Vietnamese
npc__npc_si_za_verdammtes_PeNn,9,"non-ASCII character(s) in English display | English reference/display differ | token(s) preserved across 3+ localized displays: Verdammte, Blutung | preserved token(s) also present in English reference",!P Verdammtes Blut...,Verdammte Blutung …,Verdammte; Blutung,Chineses; Chineset; Czech; French; German; Italian; Japanese; Korean; Polish; Portuguese; Russian; Spanish; Turkish; Ukrainian; Vietnamese
npc__npc_si_za_verdammtes_RDZu,9,"non-ASCII character(s) in English display | English reference/display differ | token(s) preserved across 3+ localized displays: Verdammte, Blutung | preserved token(s) also present in English reference",!P Verdammtes Blut...,Verdammte Blutung …,Verdammte; Blutung,Chineses; Chineset; Czech; French; German; Italian; Japanese; Korean; Polish; Portuguese; Russian; Spanish; Turkish; Ukrainian; Vietnamese
npc__npc_utika_nein_schei_XEwm,10,"non-ASCII character(s) in English display | English reference/display differ | token(s) preserved across 3+ localized displays: Nein, scheiß, drauf | preserved token(s) also present in English reference","!P Nein, Scheiss drauf.","Nein, scheiß drauf.",Nein; scheiß; drauf,Chineses; Chineset; Czech; French; German; Italian; Japanese; Korean; Polish; Portuguese; Russian; Spanish; Turkish; Ukrainian; Vietnamese
npc__npc_vidi__co_s_tim_g_JSMW,9,"non-ASCII character(s) in English display | English reference/display differ | token(s) preserved across 3+ localized displays: csinálsz, azzal, tetemmel",What are you doing with that corpse?!,Mit csinálsz azzal a tetemmel??!,csinálsz; azzal; tetemmel,Chineses; Chineset; Czech; French; German; Italian; Japanese; Korean; Polish; Portuguese; Russian; Spanish; Turkish; Ukrainian; Vietnamese
npc__npc_vidi__co_to_mrtv_y7yl,9,"non-ASCII character(s) in English display | English reference/display differ | token(s) preserved across 3+ localized displays: mulo, manush | preserved token(s) also present in English reference",!T So oda…? O mulo manush!,So oda…? O mulo manush!,mulo; manush,Chineses; Chineset; Czech; French; German; Italian; Japanese; Korean; Polish; Portuguese; Russian; Spanish; Turkish; Ukrainian; Vietnamese
npc__npc_vidi__fuj_to_je__4po1,10,"non-ASCII character(s) in English display | English reference/display differ | token(s) preserved across 3+ localized displays: rohatt, büdös, Szabaduj, tőle, gyorsan",Fuj. That stinks to high heaven… Throw that arsehole into a ditch somewhere!,Fúj de rohatt büdös. Szabaduj meg tőle gyorsan!,rohatt; büdös; Szabaduj; tőle; gyorsan,Chineses; Chineset; Czech; French; German; Italian; Japanese; Korean; Polish; Portuguese; Russian; Spanish; Turkish; Ukrainian; Vietnamese
npc__npc_vidi__ich_reiss__JfyH,9,"non-ASCII character(s) in English display | English reference/display differ | token(s) preserved across 3+ localized displays: reiß, deinen, Arsch",!P Ich reiss dir das Gesicht ab!,Ich reiß dir deinen Arsch auf!,reiß; deinen; Arsch,Chineses; Chineset; Czech; French; German; Italian; Japanese; Korean; Polish; Portuguese; Russian; Spanish; Turkish; Ukrainian; Vietnamese
npc__npc_vidi__proc_je_od_KJxo,9,"non-ASCII character(s) in English display | English reference/display differ | token(s) preserved across 3+ localized displays: Mein, Gott | preserved token(s) also present in English reference",!P Why's this unlocked! Mein Gott…,Why's this unlocked! Mein Gott…,Mein; Gott,Chineset; Czech; French; Italian; Korean; Polish; Portuguese; Russian; Spanish; Ukrainian
npc__npc_vidi__scheisse_j_cwCz,10,"non-ASCII character(s) in English display | English reference/display differ | token(s) preserved across 3+ localized displays: Scheiße, Jetzt, reicht | preserved token(s) also present in English reference",!P Scheisse! Jetzt reicht es...,Scheiße! Jetzt reicht es ...,Scheiße; Jetzt; reicht,Chineses; Chineset; Czech; French; German; Italian; Japanese; Korean; Polish; Portuguese; Russian; Spanish; Turkish; Ukrainian; Vietnamese
npc__npc_vrati_tak_bez_pa_R2Pf,10,"non-ASCII character(s) in English display | English reference/display differ | token(s) preserved across 3+ localized displays: Menj, csak, majd, később, megetetlek","So, go on. Then I'll get you fed.","Menj csak, majd később megetetlek.",Menj; csak; majd; később; megetetlek,Chineses; Chineset; Czech; French; German; Italian; Japanese; Korean; Polish; Portuguese; Russian; Spanish; Turkish; Ukrainian; Vietnamese
npc__npc_vzdav_at_si_ho_h_qyxX,11,"non-ASCII character(s) in English display | English reference/display differ | token(s) preserved across 3+ localized displays: benga, shay, roden, djav | preserved token(s) also present in English reference",!T O benga shay les roden… me djav…,O benga shay les roden… me djav…,benga; shay; roden; djav,Chineses; Chineset; Czech; French; German; Italian; Japanese; Korean; Polish; Portuguese; Russian; Spanish; Turkish; Ukrainian; Vietnamese
npc__npc_vzdav_mam_lepsi__GvJ0,10,"non-ASCII character(s) in English display | English reference/display differ | token(s) preserved across 3+ localized displays: Aver, butyi, kerel | preserved token(s) also present in English reference",!T Aver butyi hin man te kerel…,Aver butyi hin man te kerel…,Aver; butyi; kerel,Chineses; Chineset; Czech; French; German; Italian; Japanese; Korean; Polish; Portuguese; Russian; Spanish; Turkish; Ukrainian; Vietnamese
npc__npc_vzdav_schei_drau_jGtM,9,"non-ASCII character(s) in English display | English reference/display differ | token(s) preserved across 3+ localized displays: Scheiß, drauf | preserved token(s) also present in English reference",Scheiß drauf. That's enough…,Scheiß drauf. That's enough of that…,Scheiß; drauf,Chineset; Czech; French; German; Italian; Korean; Polish; Portuguese; Russian; Spanish; Turkish; Ukrainian; Vietnamese
npc__zena_samo_ah_scheiss_qgiN,9,"non-ASCII character(s) in English display | English reference/display differ | token(s) preserved across 3+ localized displays: Scheiße, kalt | preserved token(s) also present in English reference","!P Ah, Scheisse. Es ist Kalt!","Ah, Scheiße! Es ist kalt!",Scheiße; kalt,Chineses; Chineset; Czech; French; German; Italian; Japanese; Korean; Polish; Portuguese; Russian; Spanish; Turkish; Ukrainian; Vietnamese
npc__zena_samo_es_ist_die_BGLx,9,"non-ASCII character(s) in English display | English reference/display differ | token(s) preserved across 3+ localized displays: eine, Nacht | preserved token(s) also present in English reference",!P Es ist die Nacht...,Was für eine Nacht ...,eine; Nacht,Chineses; Chineset; Czech; French; German; Italian; Japanese; Korean; Polish; Portuguese; Russian; Spanish; Turkish; Ukrainian; Vietnamese
o_mu_musa_z_ma_hodne_mans_YvHv,9,"non-ASCII character(s) in English display | English reference/display differ | token(s) preserved across 3+ localized displays: Mansa, Maghan | preserved token(s) also present in English reference",A lot. Mansa Maghan… was my cousin…,A lot. Mansa Maghan was… my cousin.,Mansa; Maghan,Czech; French; German; Italian; Polish; Portuguese; Spanish; Turkish; Vietnamese
o_mu_musa_z_ma_mansu_magh_1y4Z,11,"non-ASCII character(s) in English display | English reference/display differ | token(s) preserved across 3+ localized displays: Mali, Mansa, Maghan, Sandiki | preserved token(s) also present in English reference","The king of Mali, Mansa Maghan, was killed by his Sandiki. In your language that is… counsellor?","The king of Mali, Mansa Maghan, was killed by his Sandiki. In your language that is… advisor?",Mali; Mansa; Maghan; Sandiki,Czech; French; German; Italian; Polish; Portuguese; Spanish; Turkish; Ukrainian; Vietnamese
o_tu_kutnohors_jmenoval_s_1E4l,9,"non-ASCII character(s) in English display | English reference/display differ | token(s) preserved across 3+ localized displays: Zdenyek, Zbyshek | preserved token(s) also present in English reference","His name was… Damn, what was his name? Zdenyek? Zbyshek? Something starting with a Z.","His name is… bloody hell, what was it? Zdenyek? Zbyshek? Something starting with a Z.",Zdenyek; Zbyshek,French; Italian; Portuguese; Spanish; Turkish; Vietnamese
o_zi_berta_fur_gutes_geld_89Yu,11,"non-ASCII character(s) in English display | English reference/display differ | token(s) preserved across 3+ localized displays: Fürs, Geld, oder, Freude | preserved token(s) also present in English reference",!P Fur gutes Geld oder aus gutem Grund.,Fürs Geld oder für die Freude,Fürs; Geld; oder; Freude,Chineses; Chineset; Czech; French; German; Italian; Korean; Polish; Portuguese; Russian; Spanish; Turkish; Ukrainian; Vietnamese
o_zi_berta_fur_gutes_geld_aU0Q,11,"non-ASCII character(s) in English display | English reference/display differ | token(s) preserved across 3+ localized displays: Fürs, Geld, oder, Freude | preserved token(s) also present in English reference",!P Fur gutes Geld oder aus gutem Grund: for good money or for a good reason.,Fürs Geld oder für die Freude: for money or for joy.,Fürs; Geld; oder; Freude,Chineses; Chineset; Czech; French; German; Italian; Korean; Polish; Portuguese; Russian; Spanish; Turkish; Ukrainian; Vietnamese
o_zi_hagen_tro_fur_gutes__3Sfa,11,"non-ASCII character(s) in English display | English reference/display differ | token(s) preserved across 3+ localized displays: Fürs, Geld, oder, Freude | preserved token(s) also present in English reference",!P Fur gutes Geld oder aus gutem Grund.,Fürs Geld oder für die Freude.,Fürs; Geld; oder; Freude,Chineses; Chineset; Czech; French; German; Italian; Korean; Polish; Portuguese; Russian; Spanish; Turkish; Ukrainian; Vietnamese
o_zi_hagen_tro_ganz_wie_s_mT26,9,"non-ASCII character(s) in English display | English reference/display differ | token(s) preserved across 3+ localized displays: Ganz, willst | preserved token(s) also present in English reference",!P Ganz wie Sie wollen...,"Ganz, wie du willst …",Ganz; willst,Chineses; Chineset; Czech; French; German; Italian; Korean; Polish; Portuguese; Russian; Spanish; Turkish; Ukrainian; Vietnamese
o_zi_hagen_tro_ja_ich_wei_P346,11,"non-ASCII character(s) in English display | English reference/display differ | token(s) preserved across 3+ localized displays: weiß, bist, Brabant, Urso | preserved token(s) also present in English reference","!P Ja, ich weiss, wer Sie sind... Brabant spoke to my lord, Sir Urso about you.","Ja, ich weiß, wer du bist... Brabant spoke to my lord, Sir Urso about you.",weiß; bist; Brabant; Urso,Chineses; Chineset; Czech; French; German; Italian; Korean; Polish; Portuguese; Russian; Spanish; Turkish; Ukrainian; Vietnamese
o_zi_hans_plum_das_stimmt_holv,9,"non-ASCII character(s) in English display | English reference/display differ | token(s) preserved across 3+ localized displays: würde, reichen | preserved token(s) also present in English reference","!P Ja das wurde reichen, but the Monastery Gate is the seat of the command of the city guard.","Ja, das würde reichen, but the monastery gate is the seat of the command of the city guard.",würde; reichen,Chineses; Chineset; Czech; French; German; Italian; Korean; Polish; Portuguese; Russian; Spanish; Turkish; Ukrainian; Vietnamese
o_zi_hejtman_f_gut_dann_f_hIco,10,"non-ASCII character(s) in English display | English reference/display differ | token(s) preserved across 3+ localized displays: Schön, dann, frag | preserved token(s) also present in English reference","!P Gut, dann fragen Sie.","Schön, dann frag nur.",Schön; dann; frag,Chineses; Chineset; Czech; French; German; Italian; Korean; Polish; Portuguese; Russian; Spanish; Turkish; Ukrainian; Vietnamese
o_zi_hejtman_f_jednoduche_HP9P,9,"non-ASCII character(s) in English display | English reference/display differ | token(s) preserved across 3+ localized displays: Dann, pass, Lösegeld","!P Kinderleicht! As soon as the soldiers began looting the villages around the city, the local nobility quickly decided it's better to pay them Losegeld.","Dann pass mal auf! As soon as the soldiers began looting the villages around the city, the local nobility quickly decided it's better to pay them Lösegeld.",Dann; pass; Lösegeld,Chineses; Chineset; Czech; French; German; Italian; Korean; Polish; Portuguese; Russian; Spanish; Turkish; Ukrainian; Vietnamese
o_zi_hejtman_f_jo_presne__cnth,9,"non-ASCII character(s) in English display | English reference/display differ | token(s) preserved across 3+ localized displays: trifft, Nagel, Kopf","!P Ja, genau das ist es...",Das trifft den Nagel auf den Kopf …,trifft; Nagel; Kopf,Chineses; Chineset; Czech; French; German; Italian; Korean; Polish; Portuguese; Russian; Spanish; Turkish; Ukrainian; Vietnamese
o_zi_hejtman_f_mein_herr__wucU,11,"non-ASCII character(s) in English display | English reference/display differ | token(s) preserved across 3+ localized displays: Mein, Herr, Peter, Lösegeld | preserved token(s) also present in English reference","!P Mein Herr Peter, however, had to pay him a fat Losegeld to leave us in peace.","Mein Herr Peter, however, had to pay him a fat Lösegeld to leave us in peace.",Mein; Herr; Peter; Lösegeld,Chineses; Chineset; Czech; French; German; Italian; Korean; Polish; Portuguese; Russian; Spanish; Turkish; Ukrainian; Vietnamese
o_zi_hejtman_f_tak_hlavne_DUIc,11,"non-ASCII character(s) in English display | English reference/display differ | token(s) preserved across 3+ localized displays: Diese, dreckigen, Hurensöhne, Kuttenberg | preserved token(s) also present in English reference","!P They are. Diese dreckigen Hurensohne are angry, you see! They thought they would rake in the silver from the Kuttenberg mines.","They are. Diese dreckigen Hurensöhne are angry, you see! They thought they would rake in the silver from the Kuttenberg mines.",Diese; dreckigen; Hurensöhne; Kuttenberg,Chineses; Chineset; Czech; French; German; Italian; Korean; Polish; Portuguese; Russian; Spanish; Turkish; Ukrainian; Vietnamese
o_zi_henry_co_znamena_to__tRo9,9,"non-ASCII character(s) in English display | English reference/display differ | token(s) preserved across 3+ localized displays: Fürs, Geld | preserved token(s) also present in English reference",!P What does that mean: Fur gutes Geld and so on and so forth?,What does that mean: Fürs Geld and so on and so forth?,Fürs; Geld,Chineses; Chineset; Czech; French; German; Italian; Korean; Polish; Portuguese; Russian; Spanish; Turkish; Ukrainian; Vietnamese
o_zi_kocovnik__co_by_rom__WM7O,10,"non-ASCII character(s) in English display | English reference/display differ | token(s) preserved across 3+ localized displays: romeha, gadjo, gadjeha | preserved token(s) also present in English reference","!T What… Rom romeha, gadjo gadjeha.","How…? Rom romeha, gadjo gadjeha.",romeha; gadjo; gadjeha,Chineses; Chineset; Czech; French; German; Italian; Japanese; Korean; Polish; Portuguese; Russian; Spanish; Turkish; Ukrainian; Vietnamese
o_zi_kocovnik__jak_by_mel_wnzr,11,"non-ASCII character(s) in English display | English reference/display differ | token(s) preserved across 3+ localized displays: k-ham, labarel, prekal, sakoneste | preserved token(s) also present in English reference",!T As it should… O k-ham sitinel prekal sakoneste.,As it should…O k-ham labarel prekal sakoneste.,k-ham; labarel; prekal; sakoneste,Chineses; Chineset; Czech; French; German; Italian; Korean; Polish; Portuguese; Russian; Spanish; Turkish; Ukrainian; Vietnamese
o_zi_kocovnik__no_jo_ale__J7cT,10,"non-ASCII character(s) in English display | English reference/display differ | token(s) preserved across 3+ localized displays: Bokhaľi, ričňi, khelel | preserved token(s) also present in English reference","Right. But if you don't have anything, you don't pay anything, and they won't find out. Bokhaľi ričňi na khelel.","Right. But if you do not have anything, you do not pay anything, and nobody will be any the wiser. Bokhaľi ričňi na khelel.",Bokhaľi; ričňi; khelel,Chineses; Chineset; Czech; French; German; Italian; Korean; Polish; Portuguese; Russian; Spanish; Turkish; Ukrainian; Vietnamese
o_zi_kupec_tro_aber_das_i_jhYY,10,"non-ASCII character(s) in English display | English reference/display differ | token(s) preserved across 3+ localized displays: Aber, deine, Sache | preserved token(s) also present in English reference","!P Aber das ist Ihre Sache… that is your business, lad.","Aber das ist deine Sache… that is your business, lad.",Aber; deine; Sache,Chineses; Chineset; Czech; French; German; Italian; Korean; Polish; Portuguese; Russian; Spanish; Turkish; Ukrainian; Vietnamese
o_zi_kupec_tro_eh_jenze_v_p7M1,11,"non-ASCII character(s) in English display | English reference/display differ | token(s) preserved across 3+ localized displays: Herr, Otto, Ulrich, lassen | preserved token(s) also present in English reference","!P Eh, but Herr Otto spends more time in Prague than here, and Chamberlain Ulrich… Das ist unnötig.","Eh, but Herr Otto spends more time in Prague than here, and Chamberlain Ulrich… Ach, lassen wir das.",Herr; Otto; Ulrich; lassen,Chineses; Chineset; Czech; French; German; Italian; Korean; Polish; Portuguese; Spanish; Turkish; Ukrainian; Vietnamese
o_zi_kupec_tro_hm_das_kom_zfUE,9,"non-ASCII character(s) in English display | English reference/display differ | token(s) preserved across 3+ localized displays: kommt, darauf | preserved token(s) also present in English reference","!P Hm, Das kommt darauf an… It takes all day on foot.","Hm, Das kommt darauf an… It takes all day on foot.",kommt; darauf,Chineses; Chineset; Czech; French; German; Italian; Korean; Polish; Portuguese; Russian; Spanish; Turkish; Ukrainian; Vietnamese
o_zi_kupec_tro_ja_das_ist_DjPk,11,"non-ASCII character(s) in English display | English reference/display differ | token(s) preserved across 3+ localized displays: kann, wohl, sagen, Herr, Bergow | preserved token(s) also present in English reference","!P Ja, das ist ein schwieriger Fall. Herr von Bergow should finally do something about it…","Ja, das kann man wohl sagen. Herr von Bergow should do something about it at last…",kann; wohl; sagen; Herr; Bergow,Chineses; Chineset; Czech; French; German; Italian; Korean; Polish; Portuguese; Russian; Spanish; Turkish; Ukrainian; Vietnamese
o_zi_kupec_tro_o_nich_neb_bpnn,9,"non-ASCII character(s) in English display | English reference/display differ | token(s) preserved across 3+ localized displays: gleichen, Scheißkerle | preserved token(s) also present in English reference","!P About those specific ones, or about others? There all just gleichen Scheißkerle!","About those ones in paritcular, or about others? They are all just gleichen Scheißkerle!",gleichen; Scheißkerle,Chineses; Chineset; Czech; French; German; Italian; Korean; Polish; Portuguese; Russian; Spanish; Turkish; Ukrainian; Vietnamese
o_zi_kupec_tro_pokud_ti_j_ehHt,11,"non-ASCII character(s) in English display | English reference/display differ | token(s) preserved across 3+ localized displays: Rettung, deiner, Seele, junger, Mann, Aujezd, Sankt, Katharinen | preserved token(s) also present in English reference","If you want… die Rettung der Seele, junger Mann, you will have go to travel throught the forest to Aujezd or to Sankt Katharinen.","If you want… die Rettung deiner Seele, junger Mann, you have to go throught the forest to Aujezd or to Sankt Katharinen.",Rettung; deiner; Seele; junger; Mann; Aujezd; Sankt; Katharinen,Chineses; Chineset; Czech; French; German; Italian; Korean; Polish; Portuguese; Russian; Spanish; Turkish; Ukrainian; Vietnamese
o_zi_kupec_tro_zum_gluck__vIiW,11,"non-ASCII character(s) in English display | English reference/display differ | token(s) preserved across 3+ localized displays: Glück, nicht, junger, Mann, Trosky | preserved token(s) also present in English reference","!P Zum Glück nicht, junger Mann. I am the only merchant here below Trosky.","Zum Glück nicht, junger Mann. I am the only merchant here around Trosky.",Glück; nicht; junger; Mann; Trosky,Chineses; Chineset; Czech; French; German; Italian; Korean; Polish; Portuguese; Russian; Spanish; Turkish; Ukrainian; Vietnamese
o_zi_mistr_fab_klenba_se__eIv3,11,"non-ASCII character(s) in English display | English reference/display differ | token(s) preserved across 3+ localized displays: Gewölbe, zwanzig, Klafter, geschätzten, Kuttenberger, Bergmänner | preserved token(s) also present in English reference",!P Die Gewolbe ee... The vault will rise zwanzig Klafter above the heads of the faithful pilgrims und geschatzten kuttenberg Bergleute.,"Das Gewölbe, äh... The vault will rise zwanzig Klafter above the heads of the faithful pilgrims und der geschätzten Kuttenberger Bergmänner.",Gewölbe; zwanzig; Klafter; geschätzten; Kuttenberger; Bergmänner,Chineses; Chineset; Czech; French; German; Italian; Korean; Polish; Portuguese; Russian; Spanish; Turkish; Ukrainian; Vietnamese
o_zi_mistr_fab_nun_sonst__0syU,11,"non-ASCII character(s) in English display | English reference/display differ | token(s) preserved across 3+ localized displays: sonst, wäre, nicht, hier | preserved token(s) also present in English reference","!P Nun, sonst ware ich nicht hier. What would you like?","Nun, sonst wäre ich ja nicht hier. What would you like?",sonst; wäre; nicht; hier,Chineses; Chineset; Czech; French; German; Italian; Korean; Polish; Portuguese; Russian; Spanish; Turkish; Ukrainian; Vietnamese
o_zi_mistr_fab_soll_ich_g_9U9C,11,"non-ASCII character(s) in English display | English reference/display differ | token(s) preserved across 3+ localized displays: Soll, mich, darüber, freuen | preserved token(s) also present in English reference",!P Soll ich glucklich sein?,Soll ich mich darüber freuen?,Soll; mich; darüber; freuen,Chineses; Chineset; Czech; French; German; Italian; Korean; Polish; Portuguese; Russian; Spanish; Turkish; Ukrainian; Vietnamese
o_zi_mistr_fab_takovej_kr_XxSH,10,"non-ASCII character(s) in English display | English reference/display differ | token(s) preserved across 3+ localized displays: gesamten, tschechischen, Königreich | preserved token(s) also present in English reference","!P Such a beautiful church, no other can compare to it Im gesamten tschechischen Konigreich!","Such a beautiful church, no other could compare to it, im gesamten tschechischen Königreich!",gesamten; tschechischen; Königreich,Chineses; Chineset; Czech; French; German; Italian; Korean; Polish; Portuguese; Russian; Spanish; Turkish; Ukrainian; Vietnamese
o_zi_otte_koch_sem_hrubos_PRM7,9,"non-ASCII character(s) in English display | English reference/display differ | token(s) preserved across 3+ localized displays: Großskal, Bergow | preserved token(s) also present in English reference",I'm a prefect from Hruba Skala in the service of Lord von Bergow.,I am the custodian of the Großskal in the service of Lord von Bergow.,Großskal; Bergow,Chineses; German; Italian; Polish; Portuguese; Russian; Spanish; Turkish; Ukrainian; Vietnamese
o_zi_pisar_tyc_dole_na_ch_1YAe,9,"non-ASCII character(s) in English display | English reference/display differ | token(s) preserved across 3+ localized displays: dreckigen, Werkstätten, Hoprink","!P Die dreckige Werkstatten are mainly below on Chmelny: all smithies, foundries and above them a lot of smoke.","Die dreckigen Werkstätten are mainly below on Hoprink: all smithies, foundries and above them a lot of smoke.",dreckigen; Werkstätten; Hoprink,Chineses; Chineset; Czech; French; German; Italian; Polish; Portuguese; Russian; Spanish; Turkish; Ukrainian; Vietnamese
o_zi_pisar_tyc_gleich_neb_IoiN,11,"non-ASCII character(s) in English display | English reference/display differ | token(s) preserved across 3+ localized displays: Gleich, daneben, alten, Minenschächte | preserved token(s) also present in English reference","!P Gleich neben there are die alten Schachte... The mining shafts, though entering them is forbidden.","Gleich daneben there are die alten Minenschächte... The mining shafts, though entering them is forbidden.",Gleich; daneben; alten; Minenschächte,Chineses; Chineset; Czech; French; German; Italian; Korean; Polish; Portuguese; Russian; Spanish; Turkish; Ukrainian; Vietnamese
o_zi_rychtar_h_a_ne_propa_iO3x,9,"non-ASCII character(s) in English display | English reference/display differ | token(s) preserved across 3+ localized displays: würde, nicht | preserved token(s) also present in English reference",Und nicht lose his head like a common thief.,Er würde nicht be hanged like a common thief.,würde; nicht,Chineses; Chineset; Czech; French; German; Italian; Korean; Polish; Portuguese; Russian; Spanish; Turkish; Ukrainian; Vietnamese
o_zi_rychtar_h_ich_hatte__ssRr,10,"non-ASCII character(s) in English display | English reference/display differ | token(s) preserved across 3+ localized displays: hatte, bereits, Vergnügen | preserved token(s) also present in English reference",!P Ich hatte bereits das Vergnügen.,Ich hatte bereits das Vergnügen mit ihm.,hatte; bereits; Vergnügen,Chineses; Chineset; Czech; French; German; Italian; Korean; Polish; Portuguese; Russian; Spanish; Turkish; Ukrainian; Vietnamese
o_zi_urso_von__italie_je__PsJr,10,"non-ASCII character(s) in English display | English reference/display differ | token(s) preserved across 3+ localized displays: Italien, großartiges, Land | preserved token(s) also present in English reference",!P Italien ist ein Grossarticles Land! I think we shall head south again in the autumn.,Italien ist ein großartiges Land! I think we shall head south again in the autumn.,Italien; großartiges; Land,Chineses; Chineset; Czech; French; German; Italian; Korean; Polish; Portuguese; Russian; Spanish; Turkish; Ukrainian; Vietnamese
o_zi_urso_von__krome_lidi_YPXd,10,"non-ASCII character(s) in English display | English reference/display differ | token(s) preserved across 3+ localized displays: Außer, Leuten, Soldaten | preserved token(s) also present in English reference","!P Ausser den Menschen here in the camp, I also have der Soldaten nearby and if need be they will go with us.","Außer den Leuten here in the camp, I also have Soldaten nearby and if need be they will go with us.",Außer; Leuten; Soldaten,Chineses; Chineset; Czech; French; German; Italian; Korean; Polish; Portuguese; Russian; Spanish; Turkish; Ukrainian; Vietnamese
o_zi_urso_von__moje_kumpa_1PtK,11,"non-ASCII character(s) in English display | English reference/display differ | token(s) preserved across 3+ localized displays: Meine, Truppe, nicht, groß | preserved token(s) also present in English reference","!P Meine Gesellschaft ist nicht groß, but for your purposes I think it will suffice.","Meine Truppe ist nicht groß, but for your purposes I think it will suffice.",Meine; Truppe; nicht; groß,Chineses; Chineset; Czech; French; German; Italian; Korean; Polish; Portuguese; Russian; Spanish; Turkish; Ukrainian; Vietnamese
o_zi_urso_von__tady_v_tab_a7Ay,11,"non-ASCII character(s) in English display | English reference/display differ | token(s) preserved across 3+ localized displays: armiger, Hagen, Trott, Alles, gute, unerschütterliche, Jungs | preserved token(s) also present in English reference","!P Here in the camp I have my armiger Hagen Trott, two free archers and a combat hostler. Alles gute und scharfe Jungs.","Here in the camp I have my armiger Hagen Trott, two free archers and a combat hostler. Alles gute und unerschütterliche Jungs.",armiger; Hagen; Trott; Alles; gute; unerschütterliche; Jungs,Chineses; Chineset; Czech; French; German; Italian; Korean; Polish; Portuguese; Russian; Spanish; Turkish; Ukrainian; Vietnamese
o_zi_urso_von__tvuj_zajem_ooZV,11,"non-ASCII character(s) in English display | English reference/display differ | token(s) preserved across 3+ localized displays: freue, mich, über, dein, Interesse | preserved token(s) also present in English reference","!P Ich freue mich, dass Sie interessiert sind, but I don't know if it makes any sense?","Ich freue mich über dein Interesse, but I don't know if it makes any sense?",freue; mich; über; dein; Interesse,Chineses; Chineset; Czech; French; German; Italian; Korean; Polish; Portuguese; Russian; Spanish; Turkish; Ukrainian; Vietnamese
o_zi_urso_von__zadny_stur_eDKZ,10,"non-ASCII character(s) in English display | English reference/display differ | token(s) preserved across 3+ localized displays: Kein, Stürmen, Mauern | preserved token(s) also present in English reference","!P Kein Sturmen der Mauern and no sieges, just a quick clean job for my men.","Kein Stürmen der Mauern and no sieges, just a quick clean job for my men.",Kein; Stürmen; Mauern,Chineses; Chineset; Czech; French; German; Italian; Korean; Polish; Portuguese; Russian; Spanish; Turkish; Ukrainian; Vietnamese
o_zi_zidovsky__borech_has_wb1Z,9,"non-ASCII character(s) in English display | English reference/display differ | token(s) preserved across 3+ localized displays: Borekh, ha-shem | preserved token(s) also present in English reference","!P Borekh ha-shem! I cannot complain, or rather, I should not…","Borekh ha-shem! I can't complain, or rather I shouldn't…",Borekh; ha-shem,Chineses; Chineset; French; German; Italian; Korean; Portuguese; Russian; Spanish; Turkish; Ukrainian; Vietnamese
obec_tibor_no_a_bracha_ge_wrZt,10,"non-ASCII character(s) in English display | English reference/display differ | token(s) preserved across 3+ localized displays: Gejza, Marika, Chororo | preserved token(s) also present in English reference","An Gejza, my brother… he was the opposite of Marika. A hothead who would take everything seriously and pull a dagger on anyone who so much as poked fun at him. Poor boy.","And Gejza, my brother… he was the opposite of Marika. A hothead who would take everything seriously and pull a dagger on anyone who poked fun at him. Chororo.",Gejza; Marika; Chororo,Chineses; Chineset; Czech; French; German; Italian; Korean; Polish; Portuguese; Russian; Spanish; Turkish; Ukrainian; Vietnamese
odev_cechmistr_es_ist_nic_df7k,10,"non-ASCII character(s) in English display | English reference/display differ | token(s) preserved across 3+ localized displays: Mein, Gott, nicht | preserved token(s) also present in English reference","Mein Gott, es ist nicht gut… And do you have any other lead?","Mein Gott, das ist nicht gut… And do you have any other lead?",Mein; Gott; nicht,Chineses; Chineset; Czech; French; German; Italian; Korean; Polish; Portuguese; Russian; Spanish; Turkish; Ukrainian
odev_cechmistr_ja_s_olber_Vq4H,9,"non-ASCII character(s) in English display | token(s) preserved across 3+ localized displays: Schwer, sagen, Olbert | preserved token(s) also present in English reference","Schwer zu sagen. We may’ve made a deal with Olbert, but many of the raids weren’t just his doing...","Schwer zu sagen. We may’ve made a deal with Olbert, but many of the raids weren’t just his doing...",Schwer; sagen; Olbert,Chineses; Chineset; Czech; French; German; Italian; Korean; Polish; Portuguese; Russian; Spanish; Turkish; Ukrainian; Vietnamese
odev_cechmistr_jo_to_je_p_32Ye,9,"non-ASCII character(s) in English display | token(s) preserved across 3+ localized displays: richtig, Verdammte, Scheiße | preserved token(s) also present in English reference","Ja, das ist richtig, but he’s still my brother. Verdammte Scheiße!","Ja, das ist richtig, but he’s still my brother. Verdammte Scheiße!",richtig; Verdammte; Scheiße,Chineses; Chineset; Czech; French; German; Italian; Korean; Polish; Portuguese; Russian; Spanish; Turkish; Ukrainian
odev_cechmistr_myslis_ze__qhdu,10,"non-ASCII character(s) in English display | token(s) preserved across 3+ localized displays: Ergibt, einen, Sinn, dich | preserved token(s) also present in English reference","Do you think if I were behind it, I’d send you to uncover everything? Ergibt das einen Sinn für dich?","Do you think if I were behind it, I’d send you to uncover everything? Ergibt das einen Sinn für dich?",Ergibt; einen; Sinn; dich,Chineses; Chineset; Czech; French; German; Italian; Korean; Polish; Portuguese; Russian; Spanish; Turkish; Ukrainian
odev_cechmistr_pokud_u_to_PNmM,9,"non-ASCII character(s) in English display | token(s) preserved across 3+ localized displays: Danke, aber, nein | preserved token(s) also present in English reference","Danke, aber nein, first I need to think it all over. I’ll let you know when I figure something out.","Danke, aber nein, first I need to think it all over. I’ll let you know when I figure something out.",Danke; aber; nein,Chineses; Chineset; Czech; French; German; Italian; Korean; Polish; Portuguese; Russian; Spanish; Turkish; Ukrainian
odev_cechmistr_was_es_ist_LblO,9,"non-ASCII character(s) in English display | English reference/display differ | token(s) preserved across 3+ localized displays: soll, wohl, Witz","Was... Was? Es ist nicht wie... Wait, you’re not joking?","Was... Was? Das soll wohl ein Witz... Wait, you’re not joking?",soll; wohl; Witz,Chineses; Chineset; French; Italian; Korean; Polish; Portuguese; Russian; Spanish; Turkish; Ukrainian
odev_cechmistr_was_wurde__eZsq,9,"non-ASCII character(s) in English display | English reference/display differ | token(s) preserved across 3+ localized displays: würde, Olbert | preserved token(s) also present in English reference","Was würde? We’ve made a deal with Olbert, but many of those raids weren’t his doing.","Was würde? We made a deal with Olbert, but many of those raids were not his doing.",würde; Olbert,Chineses; Chineset; Czech; French; German; Italian; Korean; Polish; Portuguese; Russian; Spanish; Turkish; Ukrainian; Vietnamese
odev_henry_zminil_tebe_a__yort,9,"non-ASCII character(s) in English display | token(s) preserved across 3+ localized displays: Libor, Burkhard, Voyta | preserved token(s) also present in English reference","He mentioned you, someone called Libor and Burkhard. He said… Burkhard killed you. That Voyta is dead.","He mentioned you, someone called Libor and Burkhard. He said… Burkhard killed you. That Voyta is dead.",Libor; Burkhard; Voyta,Czech; French; German; Italian; Portuguese; Spanish; Turkish; Vietnamese
odev_hospodsky_naturlich__dlyJ,9,"non-ASCII character(s) in English display | English reference/display differ | token(s) preserved across 3+ localized displays: Natürlich, groschen | preserved token(s) also present in English reference","Natürlich! As I promised, groschen for the writ...","Natürlich! As I promised, groschen for the safe conduct.",Natürlich; groschen,Chineses; Chineset; Czech; French; German; Italian; Korean; Polish; Portuguese; Russian; Spanish; Turkish; Ukrainian
odev_malir_burkhard_kolem_0bhb,10,"non-ASCII character(s) in English display | English reference/display differ | token(s) preserved across 3+ localized displays: Trosky, Burkhard, Voyta | preserved token(s) also present in English reference","Well… just like in the Trosky regioin, Burkhard gathered a band of lads around him. And Voyta was one of them.","Well… just like in the Trosky region, Burkhard gathered a band of lads around him. And Voyta was one of them.",Trosky; Burkhard; Voyta,Czech; French; German; Italian; Portuguese; Spanish; Turkish; Vietnamese
odev_malir_spis_bych_rekl_lwiX,10,"non-ASCII character(s) in English display | token(s) preserved across 3+ localized displays: Kuttenberg, Adela, Agnes, Daniela | preserved token(s) also present in English reference","I’d say it’s more like the cats here have me; they’ve been living in the loft since long before I got here. But I've got three of my own at home in Kuttenberg - Adela, Agnes and Daniela.","I’d say it’s more like the cats here have me; they’ve been living in the loft since long before I got here. But I've got three of my own at home in Kuttenberg - Adela, Agnes and Daniela.",Kuttenberg; Adela; Agnes; Daniela,Czech; French; German; Italian; Portuguese; Spanish; Turkish; Vietnamese
odev_svatava_pockame_na_m_iBOF,9,"non-ASCII character(s) in English display | English reference/display differ | token(s) preserved across 3+ localized displays: Mikush, Kolin | preserved token(s) also present in English reference","But what can you do? I'll wait for Mikush, and then we'll go together to my kin in Kolin.","Anyway… I'll wait for Mikush, then we'll go and see our relatives in Kolin.",Mikush; Kolin,French; German; Italian; Portuguese; Spanish; Turkish; Vietnamese
odha_dlc3_zach_ja_ale_cet_FKN3,9,"non-ASCII character(s) in English display | English reference/display differ | token(s) preserved across 3+ localized displays: Buda, Sedletz | preserved token(s) also present in English reference","As it happens, I was in Buda reading Bavor’s travelogue, and I knew his grave was somewhere here in Sedletz.","As it happens, I was in Buda reading Bavor’s travel records, and I knew his grave was somewhere here in Sedletz.",Buda; Sedletz,French; German; Italian; Portuguese; Spanish; Turkish; Vietnamese
odha_dlc3_zach_to_teda_va_F9ql,9,"non-ASCII character(s) in English display | token(s) preserved across 3+ localized displays: Boleslav, Bavor, Blatna | preserved token(s) also present in English reference",No...? I’m talking about the relic of Sir Boleslav Bavor of Blatna.,No...? I’m talking about the relic of Sir Boleslav Bavor of Blatna.,Boleslav; Bavor; Blatna,French; German; Italian; Portuguese; Spanish; Turkish; Vietnamese
odmi_npc_neakc_tak_mi_pom_MwTu,10,"non-ASCII character(s) in English display | token(s) preserved across 3+ localized displays: Segíts, nekem, akkor, akár, élheted | preserved token(s) also present in English reference","Segíts nekem, és akkor akár túl is élheted!","Segíts nekem, és akkor akár túl is élheted!",Segíts; nekem; akkor; akár; élheted,Chineses; Chineset; Czech; French; German; Italian; Japanese; Korean; Polish; Portuguese; Russian; Spanish; Turkish; Ukrainian; Vietnamese
ohle_henry_posmrtna_ztuhl_1pih,9,"non-ASCII character(s) in English display | English reference/display differ | token(s) preserved across 3+ localized displays: Rigor, mortis | preserved token(s) also present in English reference",Rigor mortis is wearing off. Can’t have been dead more than a few hours.,Rigor mortis is wearing off. He can’t have been dead more than a few hours.,Rigor; mortis,Italian; Polish; Portuguese; Spanish
olbr_henry_v_noci_kdyz_se_neLr,9,"non-ASCII character(s) in English display | English reference/display differ | token(s) preserved across 3+ localized displays: Tachov, Troskowitz | preserved token(s) also present in English reference",I was sitting in Tachov… I mean… Troskowitz tavern the night it happened.,I was sitting in the Tachov… I mean… Troskowitz tavern the night it happened.,Tachov; Troskowitz,French; German; Italian; Portuguese; Spanish; Turkish; Vietnamese
olbr_knez_niko_bis_pueri__jigi,9,"non-ASCII character(s) in English display | English reference/display differ | token(s) preserved across 3+ localized displays: pueri, senes | preserved token(s) also present in English reference",!P Bis pueri senes…,Bis pueri senes…,pueri; senes,Chineses; Chineset; Czech; French; German; Italian; Korean; Polish; Portuguese; Russian; Spanish; Turkish; Ukrainian; Vietnamese
opil_kuman_si__anyaik_sir_QkCO,9,"non-ASCII character(s) in English display | token(s) preserved across 3+ localized displays: Anyáik, sírba, borulnak | preserved token(s) also present in English reference",Anyáik sírba borulnak...,Anyáik sírba borulnak...,Anyáik; sírba; borulnak,Chineses; Chineset; Czech; French; German; Italian; Korean; Polish; Portuguese; Russian; Spanish; Turkish; Ukrainian; Vietnamese
opil_kuman_si__gyermekein_AO4n,9,"non-ASCII character(s) in English display | token(s) preserved across 3+ localized displays: Gyermekeink, sírnak, rínak | preserved token(s) also present in English reference","Gyermekeink sírnak, rínak...","Gyermekeink sírnak, rínak...",Gyermekeink; sírnak; rínak,Chineses; Chineset; Czech; French; German; Italian; Korean; Polish; Portuguese; Russian; Spanish; Turkish; Ukrainian; Vietnamese
opil_kuman_si__melyen_hiv_Gudc,10,"non-ASCII character(s) in English display | English reference/display differ | token(s) preserved across 3+ localized displays: Mélyen, hívő, emberek | preserved token(s) also present in English reference",Mélyen hívo emberek...,Mélyen hívő emberek...,Mélyen; hívő; emberek,Chineses; Chineset; Czech; French; German; Italian; Korean; Polish; Portuguese; Russian; Spanish; Turkish; Ukrainian; Vietnamese
opil_opily_kum_a_kenyer_i_Aqhv,9,"non-ASCII character(s) in English display | English reference/display differ | token(s) preserved across 3+ localized displays: kenyér, illata | preserved token(s) also present in English reference",!P A kenyér illata után…,A kenyér illata…,kenyér; illata,Chineses; Chineset; Czech; French; German; Italian; Korean; Polish; Portuguese; Russian; Spanish; Turkish; Ukrainian; Vietnamese
opil_opily_kum_ahoj_hB8Z,10,"non-ASCII character(s) in English display | token(s) preserved across 3+ localized displays: csináljunk, mehetünk, vissza, abba, fogadóba | preserved token(s) also present in English reference",Mit csináljunk? Nem mehetünk vissza abba a fogadóba.,Mit csináljunk? Nem mehetünk vissza abba a fogadóba.,csináljunk; mehetünk; vissza; abba; fogadóba,Chineses; Chineset; Czech; French; German; Italian; Korean; Polish; Portuguese; Russian; Spanish; Turkish; Ukrainian; Vietnamese
opil_opily_kum_az_a_teny__DRJ4,10,"non-ASCII character(s) in English display | token(s) preserved across 3+ localized displays: tény, hogy, mindenki, utál, minket | preserved token(s) also present in English reference","Az a tény, hogy itt mindenki utál minket...","Az a tény, hogy itt mindenki utál minket...",tény; hogy; mindenki; utál; minket,Chineses; Chineset; Czech; French; German; Italian; Korean; Polish; Portuguese; Russian; Spanish; Turkish; Ukrainian; Vietnamese
opil_opily_kum_bar_a_cseh_Y3De,9,"non-ASCII character(s) in English display | English reference/display differ | token(s) preserved across 3+ localized displays: csehek, megvetendőek | preserved token(s) also present in English reference",!P Bár a cseheket nem szabad kidobni.,Bár a csehek sem megvetendőek.,csehek; megvetendőek,Chineses; Chineset; Czech; French; German; Italian; Korean; Polish; Portuguese; Russian; Spanish; Turkish; Ukrainian; Vietnamese
opil_opily_kum_basszus_ne_3Uuc,10,"non-ASCII character(s) in English display | English reference/display differ | token(s) preserved across 3+ localized displays: Basszus, anyám, hiányzik | preserved token(s) also present in English reference","!P Basszus, nekem is hiányzik anyám.","Basszus, még az anyám is hiányzik!",Basszus; anyám; hiányzik,Chineses; Chineset; Czech; French; German; Italian; Korean; Polish; Portuguese; Russian; Spanish; Turkish; Ukrainian; Vietnamese
opil_opily_kum_cus_YWCU,11,"non-ASCII character(s) in English display | English reference/display differ | token(s) preserved across 3+ localized displays: étel, úgyis, szar, volt | preserved token(s) also present in English reference",Az étel amúgy is szívás volt.,Az étel úgyis szar volt.,étel; úgyis; szar; volt,Chineses; Chineset; Czech; French; German; Italian; Korean; Polish; Portuguese; Russian; Spanish; Turkish; Ukrainian; Vietnamese
opil_opily_kum_felulrol_k_MoV7,11,"non-ASCII character(s) in English display | English reference/display differ | token(s) preserved across 3+ localized displays: Fentről, kellett, volna, hívnod, hogy, segítsen | preserved token(s) also present in English reference","Felülről kellett volna hívnod egy nőt, ő segíthetett volna.","Fentről kellett volna hívnod egy nőt, hogy segítsen.",Fentről; kellett; volna; hívnod; hogy; segítsen,Chineses; Chineset; Czech; French; German; Italian; Korean; Polish; Portuguese; Russian; Spanish; Turkish; Ukrainian; Vietnamese
opil_opily_kum_hianyzik_a_4oP0,9,"non-ASCII character(s) in English display | English reference/display differ | token(s) preserved across 3+ localized displays: Hiányzik, otthonom | preserved token(s) also present in English reference",!P Hiányzik az otthonom…,Hiányzik az otthonom…,Hiányzik; otthonom,Chineses; Chineset; Czech; French; German; Italian; Korean; Polish; Portuguese; Russian; Spanish; Turkish; Ukrainian; Vietnamese
opil_opily_kum_hobluj_6Pbo,11,"non-ASCII character(s) in English display | English reference/display differ | token(s) preserved across 3+ localized displays: beszélj, állandóan, ételről, most, iszunk | preserved token(s) also present in English reference","Ne beszélj állandóan az ételről, most iszik.","Ne beszélj állandóan az ételről, most iszunk.",beszélj; állandóan; ételről; most; iszunk,Chineses; Chineset; Czech; French; German; Italian; Korean; Polish; Portuguese; Russian; Spanish; Turkish; Ukrainian; Vietnamese
opil_opily_kum_mert_a_kum_538P,11,"non-ASCII character(s) in English display | English reference/display differ | token(s) preserved across 3+ localized displays: Mert, biztosan, mindegyik, kíváncsi, hányásra | preserved token(s) also present in English reference",Mert a Kuman vakukra mindenki kíváncsi!,Mert biztosan mindegyik kíváncsi a kun hányásra!,Mert; biztosan; mindegyik; kíváncsi; hányásra,Chineses; Chineset; Czech; French; German; Italian; Korean; Polish; Portuguese; Russian; Spanish; Turkish; Ukrainian; Vietnamese
opil_opily_kum_nazdar_HOj1,10,"non-ASCII character(s) in English display | English reference/display differ | token(s) preserved across 3+ localized displays: Folyton, horgászni, akarsz | preserved token(s) also present in English reference",Még mindig szeretnél horgászni?,Folyton horgászni akarsz?,Folyton; horgászni; akarsz,Chineses; Chineset; Czech; French; German; Italian; Korean; Polish; Portuguese; Russian; Spanish; Turkish; Ukrainian; Vietnamese
opil_opily_kum_nem_hibazt_2xJd,10,"non-ASCII character(s) in English display | English reference/display differ | token(s) preserved across 3+ localized displays: tehetek, róla, olyan, hirtelen, jött","Nem hibáztathatom, nekem nem sikerült!","Nem tehetek róla, olyan hirtelen jött!",tehetek; róla; olyan; hirtelen; jött,Chineses; Chineset; Czech; French; German; Italian; Korean; Polish; Portuguese; Russian; Spanish; Turkish; Ukrainian; Vietnamese
opil_opily_kum_nem_mintha_dQrB,11,"non-ASCII character(s) in English display | English reference/display differ | token(s) preserved across 3+ localized displays: Nehogy, megint, belehányj, ágyamba | preserved token(s) also present in English reference",Nem mintha megint az én ágyamban fekszel le!,Nehogy megint belehányj az ágyamba!,Nehogy; megint; belehányj; ágyamba,Chineses; Chineset; Czech; French; German; Italian; Korean; Polish; Portuguese; Russian; Spanish; Turkish; Ukrainian; Vietnamese
opil_opily_kum_pojd_si_po_v3c6,9,"non-ASCII character(s) in English display | token(s) preserved across 3+ localized displays: Szóval, megint, iszunk | preserved token(s) also present in English reference",Szóval ma megint iszunk?,Szóval ma megint iszunk?,Szóval; megint; iszunk,Chineses; Chineset; Czech; French; German; Italian; Korean; Polish; Portuguese; Russian; Spanish; Turkish; Ukrainian; Vietnamese
opil_opily_kum_regota_tak_f39t,10,"non-ASCII character(s) in English display | English reference/display differ | token(s) preserved across 3+ localized displays: Moshattam, órákig, tóban | preserved token(s) also present in English reference",Régóta takarítottam a tóban.,Moshattam órákig a tóban.,Moshattam; órákig; tóban,Chineses; Chineset; Czech; French; German; Italian; Korean; Polish; Portuguese; Russian; Spanish; Turkish; Ukrainian; Vietnamese
opil_opily_kum_tak_dobre_jBmx,11,"non-ASCII character(s) in English display | English reference/display differ | token(s) preserved across 3+ localized displays: Ilyen, tempóval, nemsokára, lesz | preserved token(s) also present in English reference",Ebben a tempóban egy ideig nem lesz semmink.,Ilyen tempóval nemsokára már nem lesz mit.,Ilyen; tempóval; nemsokára; lesz,Chineses; Chineset; Czech; French; German; Italian; Korean; Polish; Portuguese; Russian; Spanish; Turkish; Ukrainian; Vietnamese
opil_opily_kum_taky_by_me_Nl4s,9,"non-ASCII character(s) in English display | English reference/display differ | token(s) preserved across 3+ localized displays: érezzük, magunkat | preserved token(s) also present in English reference",Nem érezzük jól magunkat itt?,Nem érezzük itt jól magunkat?,érezzük; magunkat,Chineses; Chineset; Czech; French; German; Italian; Korean; Polish; Portuguese; Russian; Spanish; Turkish; Ukrainian; Vietnamese
opil_vasko_eleg_volt_ebbo_C1QC,10,"non-ASCII character(s) in English display | token(s) preserved across 3+ localized displays: Elég, volt, ebből, beszédből, Inkább, igyál | preserved token(s) also present in English reference",Elég volt ebből a beszédből. Inkább igyál.,Elég volt ebből a beszédből. Inkább igyál.,Elég; volt; ebből; beszédből; Inkább; igyál,Chineses; Chineset; Czech; French; German; Italian; Korean; Polish; Portuguese; Russian; Spanish; Turkish; Ukrainian; Vietnamese
opon_kuman_kom_hja_pozdra_jSra,10,"non-ASCII character(s) in English display | token(s) preserved across 3+ localized displays: Hahá, üdvözletem, alvilági, démonoknak | preserved token(s) also present in English reference","Hahá, add át üdvözletem az alvilági démonoknak!","Hahá, add át üdvözletem az alvilági démonoknak!",Hahá; üdvözletem; alvilági; démonoknak,Chineses; Chineset; Czech; French; German; Italian; Japanese; Korean; Polish; Portuguese; Russian; Spanish; Turkish; Ukrainian; Vietnamese
opon_kuman_kom_kdo_dalsi__qQKU,9,"non-ASCII character(s) in English display | token(s) preserved across 3+ localized displays: akar, sírra, pisálni | preserved token(s) also present in English reference",Ki akar még sírra pisálni?,Ki akar még sírra pisálni?,akar; sírra; pisálni,Chineses; Chineset; Czech; French; German; Italian; Japanese; Korean; Polish; Portuguese; Russian; Spanish; Turkish; Ukrainian; Vietnamese
opon_kuman_kom_kurva_chce_KB71,10,"non-ASCII character(s) in English display | token(s) preserved across 3+ localized displays: akarod, szopni, Erlik, farkát | preserved token(s) also present in English reference",Te is le akarod szopni Erlik farkát!,Te is le akarod szopni Erlik farkát!,akarod; szopni; Erlik; farkát,Chineses; Chineset; Czech; French; German; Italian; Japanese; Korean; Polish; Portuguese; Russian; Spanish; Turkish; Ukrainian; Vietnamese
opon_kuman_kom_kurva_nene_kOXt,9,"non-ASCII character(s) in English display | token(s) preserved across 3+ localized displays: hagyjátok, hogy, meglépjen | preserved token(s) also present in English reference","Ne hagyjátok, hogy meglépjen!","Ne hagyjátok, hogy meglépjen!",hagyjátok; hogy; meglépjen,Chineses; Chineset; Czech; French; German; Italian; Japanese; Korean; Polish; Portuguese; Russian; Spanish; Turkish; Ukrainian; Vietnamese
opon_kuman_kom_prospi_se__SnZf,9,"non-ASCII character(s) in English display | token(s) preserved across 3+ localized displays: Eridj, aludni, rohadék | preserved token(s) also present in English reference","Eridj aludni, te rohadék!","Eridj aludni, te rohadék!",Eridj; aludni; rohadék,Chineses; Chineset; Czech; French; German; Italian; Japanese; Korean; Polish; Portuguese; Russian; Spanish; Turkish; Ukrainian; Vietnamese
opon_kuman_kom_tak_to_bys_95V2,9,"non-ASCII character(s) in English display | token(s) preserved across 3+ localized displays: akkor, ennyi, volna | preserved token(s) also present in English reference",Hát akkor ennyi volna.,Hát akkor ennyi volna.,akkor; ennyi; volna,Chineses; Chineset; Czech; French; German; Italian; Japanese; Korean; Polish; Portuguese; Russian; Spanish; Turkish; Ukrainian; Vietnamese
opon_kuman_kom_u_erlikovy_QWOs,10,"non-ASCII character(s) in English display | token(s) preserved across 3+ localized displays: Erlik, seggére, lenyomok, egyet | preserved token(s) also present in English reference","Erlik seggére, lenyomok még egyet!","Erlik seggére, lenyomok még egyet!",Erlik; seggére; lenyomok; egyet,Chineses; Chineset; Czech; French; German; Italian; Japanese; Korean; Polish; Portuguese; Russian; Spanish; Turkish; Ukrainian; Vietnamese
opon_oponent_p_ddd_ohEZ,11,"non-ASCII character(s) in English display | English reference/display differ | token(s) preserved across 3+ localized displays: aber, mach, keinen, Ärger | preserved token(s) also present in English reference","!P Gut, aber keinen Scheiss, Mann!","Gut, aber mach keinen Ärger!",aber; mach; keinen; Ärger,Chineses; Chineset; Czech; French; German; Italian; Japanese; Korean; Polish; Portuguese; Russian; Spanish; Turkish; Ukrainian; Vietnamese
opon_oponent_p_mistes_gad_2Q6h,10,"non-ASCII character(s) in English display | English reference/display differ | token(s) preserved across 3+ localized displays: Mishtes, gadjo, mishtes | preserved token(s) also present in English reference","!T Mishtes, gadjo, mishtes…","Mishtes, gadjo, mishtes…",Mishtes; gadjo; mishtes,Chineses; Chineset; French; German; Italian; Japanese; Korean; Portuguese; Russian; Spanish; Turkish; Ukrainian; Vietnamese
opon_oponent_s_achtung_er_Jmhg,9,"non-ASCII character(s) in English display | English reference/display differ | token(s) preserved across 3+ localized displays: Achtung, schießt | preserved token(s) also present in English reference",!P Achtung! Er schiesst!,Achtung! Er schießt!,Achtung; schießt,Chineses; Chineset; Czech; French; German; Italian; Japanese; Korean; Polish; Portuguese; Russian; Spanish; Turkish; Ukrainian; Vietnamese
opon_oponent_s_scheiss_dr_zVQt,9,"non-ASCII character(s) in English display | English reference/display differ | token(s) preserved across 3+ localized displays: Scheiß, drauf | preserved token(s) also present in English reference",!P Scheiss drauf!,Scheiß drauf!,Scheiß; drauf,Chineses; Chineset; Czech; French; German; Italian; Japanese; Korean; Polish; Portuguese; Russian; Spanish; Turkish; Ukrainian; Vietnamese
opon_oponentov_ted_ses_mr_gazQ,9,"non-ASCII character(s) in English display | token(s) preserved across 3+ localized displays: Most, halott, vagy | preserved token(s) also present in English reference",Most már halott vagy!,Most már halott vagy!,Most; halott; vagy,Chineses; Chineset; Czech; French; German; Italian; Japanese; Korean; Polish; Portuguese; Russian; Spanish; Turkish; Ukrainian; Vietnamese
opon_soldier_k_fertig_du__VgJI,9,"non-ASCII character(s) in English display | English reference/display differ | token(s) preserved across 3+ localized displays: war’s, Bastard | preserved token(s) also present in English reference","!P Fertig, du Bastard!","Das war’s, du Bastard!",war’s; Bastard,Chineses; Chineset; Czech; French; German; Italian; Japanese; Korean; Polish; Portuguese; Russian; Spanish; Turkish; Ukrainian; Vietnamese
opon_soldier_k_fertig_wer_OkRK,9,"non-ASCII character(s) in English display | English reference/display differ | token(s) preserved across 3+ localized displays: Fertig, Nächste | preserved token(s) also present in English reference",!P Fertig! Wer ist der Nächste?!,Fertig! Wer ist der Nächste?!,Fertig; Nächste,Chineses; Chineset; Czech; French; German; Italian; Japanese; Korean; Polish; Portuguese; Russian; Spanish; Turkish; Ukrainian; Vietnamese
opon_soldier_k_ha_ha_fahr_xDss,9,"non-ASCII character(s) in English display | English reference/display differ | token(s) preserved across 3+ localized displays: fahr, Hölle | preserved token(s) also present in English reference","!P Ha ha, Fahr zur Hölle!","Ha ha, fahr zur Hölle!",fahr; Hölle,Chineses; Chineset; Czech; French; German; Italian; Japanese; Korean; Polish; Portuguese; Russian; Spanish; Turkish; Ukrainian; Vietnamese
opon_soldier_k_noch_ein_s_EMkU,9,"non-ASCII character(s) in English display | English reference/display differ | token(s) preserved across 3+ localized displays: Noch, Scheißkerl | preserved token(s) also present in English reference",!P Noch ein Scheisskerl?,Noch ein Scheißkerl?,Noch; Scheißkerl,Chineses; Chineset; Czech; French; German; Italian; Japanese; Korean; Polish; Portuguese; Russian; Spanish; Turkish; Ukrainian; Vietnamese
opon_soldier_k_oh_komm_sc_OWQZ,10,"non-ASCII character(s) in English display | English reference/display differ | token(s) preserved across 3+ localized displays: Sehr, Komm, schon | preserved token(s) also present in English reference",!P Sehr gut. Komm schon...,Sehr gut. Komm schon …,Sehr; Komm; schon,Chineses; Chineset; Czech; French; German; Italian; Japanese; Korean; Polish; Portuguese; Russian; Spanish; Turkish; Ukrainian; Vietnamese
opon_soldier_k_wir_beende_iTLW,9,"non-ASCII character(s) in English display | English reference/display differ | token(s) preserved across 3+ localized displays: beenden, jetzt | preserved token(s) also present in English reference",!P Wir beenden das jetzt...,Wir beenden das jetzt …,beenden; jetzt,Chineses; Chineset; Czech; French; German; Italian; Japanese; Korean; Polish; Portuguese; Russian; Spanish; Turkish; Ukrainian; Vietnamese
opon_soldier_o_was_solls__3Zbs,10,"non-ASCII character(s) in English display | English reference/display differ | token(s) preserved across 3+ localized displays: soll, werden, Scheißkerl | preserved token(s) also present in English reference","!P Was soll's, Scheisskerl?","Was soll das werden, Scheißkerl?",soll; werden; Scheißkerl,Chineses; Chineset; Czech; French; German; Italian; Japanese; Korean; Polish; Portuguese; Russian; Spanish; Turkish; Ukrainian; Vietnamese
opon_soldier_v_scheisse_d_bLaC,11,"non-ASCII character(s) in English display | English reference/display differ | token(s) preserved across 3+ localized displays: Scheiße, Dafür, werde, dich, umbringen | preserved token(s) also present in English reference",!P Scheisse! Dafür werde ich dich umbringen!,Scheiße! Dafür werde ich dich umbringen!,Scheiße; Dafür; werde; dich; umbringen,Chineses; Chineset; Czech; French; German; Italian; Japanese; Korean; Polish; Portuguese; Russian; Spanish; Turkish; Ukrainian; Vietnamese
opti_henry_rika_si_kafka__jtqF,9,"non-ASCII character(s) in English display | English reference/display differ | token(s) preserved across 3+ localized displays: Brada, Barbara | preserved token(s) also present in English reference",He’s the younger brother of the executed Brada. Calls himself Kafka. He’s got a small shooting range in the Barbor Quarry.,He’s the younger brother of that executed Brada. Calls himself Raven. He’s got a small shooting range in the Barbara Quarry.,Brada; Barbara,French; German; Italian; Portuguese; Spanish; Turkish; Vietnamese
opti_hospodsky_du_armes_s_pL6o,11,"non-ASCII character(s) in English display | English reference/display differ | token(s) preserved across 3+ localized displays: armes, Schwein, hast, doch, Klatsche | preserved token(s) also present in English reference","Du armes Schwein, du hast doch eine Mattscheibe! Get out, lout!","Du armes Schwein hast doch ’ne Klatsche! Get out, lout!",armes; Schwein; hast; doch; Klatsche,Chineses; Chineset; Czech; German; Italian; Korean; Polish; Portuguese; Russian; Spanish; Turkish; Ukrainian; Vietnamese
opti_hospodsky_naturlich__9pPp,11,"non-ASCII character(s) in English display | English reference/display differ | token(s) preserved across 3+ localized displays: Natürlich, warum, auch, nicht | preserved token(s) also present in English reference","Natürlich und warum nicht? Nobody's a saint, right?","Natürlich, warum auch nicht? Nobody's a saint, right?",Natürlich; warum; auch; nicht,Chineses; Chineset; Czech; French; German; Italian; Korean; Polish; Portuguese; Russian; Spanish; Turkish; Ukrainian; Vietnamese
pach_pacholek__hele_ted_k_KSQz,9,"non-ASCII character(s) in English display | English reference/display differ | token(s) preserved across 3+ localized displays: Kreyzl, Zhelejov | preserved token(s) also present in English reference",And go see Kreyzl. He could send you to Zheleyov instead of me…,And go and see Kreyzl. He could send you to Zhelejov instead of me…,Kreyzl; Zhelejov,French; German; Italian; Portuguese; Spanish; Turkish; Vietnamese
pass_event_rva_seid_still_sjUJ,9,"non-ASCII character(s) in English display | token(s) preserved across 3+ localized displays: Seid, still, Dummköpfe | preserved token(s) also present in English reference","Seid still, ihr Dummköpfe!","Seid still, ihr Dummköpfe!",Seid; still; Dummköpfe,Chineses; Chineset; Czech; French; German; Italian; Japanese; Korean; Polish; Portuguese; Russian; Spanish; Turkish; Ukrainian; Vietnamese
pavl_henry_zdalo_se_mi_o__OmY4,9,"non-ASCII character(s) in English display | English reference/display differ | token(s) preserved across 3+ localized displays: Istvan, Toth | preserved token(s) also present in English reference","I dreamt of Istvan Toth… a villainous, murderous snake who stole my sword, my last memento of my father.","I dreamt of Istvan Toth… a villainous, murderous whoreson who stole my sword, the last memento I had of my father.",Istvan; Toth,French; German; Italian; Polish; Portuguese; Spanish; Turkish; Vietnamese
pb_s_brabant_dobra_hlidam_qFwr,10,"non-ASCII character(s) in English display | English reference/display differ | token(s) preserved across 3+ localized displays: bien, Monsieur, Chapon | preserved token(s) also present in English reference","!P Eh bien…! I will watch the stairs, if Mousieur le Chapon so insists!","Eh bien… I will watch the stairs, if Monsieur le Chapon so insists!",bien; Monsieur; Chapon,Chineses; Chineset; Czech; French; German; Italian; Korean; Polish; Portuguese; Russian; Spanish; Turkish; Ukrainian
pes__npc_reagu_oh_du_raub_XAFz,9,"non-ASCII character(s) in English display | English reference/display differ | token(s) preserved across 3+ localized displays: Räuber, Raus | preserved token(s) also present in English reference","Oh, du Räuber! Geh raus!","Oh, du Räuber! Raus mit dir!",Räuber; Raus,Chineses; Chineset; Czech; French; German; Italian; Japanese; Korean; Polish; Portuguese; Russian; Spanish; Turkish; Ukrainian; Vietnamese
pes__npc_reagu_oh_du_raub_vilK,9,"non-ASCII character(s) in English display | English reference/display differ | token(s) preserved across 3+ localized displays: Räuber, Raus | preserved token(s) also present in English reference","Oh, du Räuber! Geh raus!","Oh, du Räuber! Raus mit dir!",Räuber; Raus,Chineses; Chineset; Czech; French; German; Italian; Japanese; Korean; Polish; Portuguese; Russian; Spanish; Turkish; Ukrainian; Vietnamese
ph_j_brabant_dlouha_uplne_H76O,9,"non-ASCII character(s) in English display | English reference/display differ | token(s) preserved across 3+ localized displays: proprio, baccalá | preserved token(s) also present in English reference",!P Sei proprio un baccalá!,Sei proprio un baccalá!,proprio; baccalá,Chineses; Chineset; Czech; French; German; Italian; Japanese; Korean; Polish; Portuguese; Russian; Spanish; Turkish; Ukrainian; Vietnamese
ph_j_hans_uher_sei_un_pro_GAnB,9,"non-ASCII character(s) in English display | English reference/display differ | token(s) preserved across 3+ localized displays: proprio, baccalá | preserved token(s) also present in English reference",!P Sei proprio un baccalá!,Sei proprio un baccalá!,proprio; baccalá,Chineses; Chineset; Czech; French; German; Italian; Korean; Polish; Portuguese; Russian; Spanish; Turkish; Ukrainian; Vietnamese
ph_j_henry_molto_grazio_iMIg,9,"non-ASCII character(s) in English display | English reference/display differ | token(s) preserved across 3+ localized displays: Molto, grazio | preserved token(s) also present in English reference",!P Molto grazio…?,Molto grazio…?,Molto; grazio,Chineses; Chineset; Czech; French; German; Italian; Korean; Polish; Portuguese; Russian; Spanish; Turkish; Ukrainian; Vietnamese
ph_j_henry_spatna_odpoved_FD29,11,"non-ASCII character(s) in English display | English reference/display differ | token(s) preserved across 3+ localized displays: mangio, ministra, salto, della, finistra | preserved token(s) also present in English reference",!P O mangio la ministra o salto della finistra…?,O mangio la ministra o salto della finistra…?,mangio; ministra; salto; della; finistra,Chineses; Chineset; Czech; German; Italian; Korean; Polish; Portuguese; Russian; Spanish; Turkish; Ukrainian; Vietnamese
ph_j_henry_spravna_odpoved_61pk,9,"non-ASCII character(s) in English display | English reference/display differ | token(s) preserved across 3+ localized displays: proprio, baccalá | preserved token(s) also present in English reference",!P Sei proprio un baccalá?,Sei proprio un baccalá?,proprio; baccalá,Chineses; Chineset; Czech; French; German; Italian; Korean; Polish; Portuguese; Russian; Spanish; Turkish; Ukrainian; Vietnamese
ph_j_henry_spravna_odpoved_hPmS,11,"non-ASCII character(s) in English display | English reference/display differ | token(s) preserved across 3+ localized displays: mangi, minestra, salti, dalla, finestra | preserved token(s) also present in English reference",!P O mangi la minestra o salti dalla finestra…?,O mangi la minestra o salti dalla finestra…?,mangi; minestra; salti; dalla; finestra,Chineses; Chineset; Czech; French; German; Italian; Korean; Polish; Portuguese; Russian; Spanish; Turkish; Ukrainian; Vietnamese
ph_o_ota_z_ber_a_cim_dele_VD4h,10,"non-ASCII character(s) in English display | English reference/display differ | token(s) preserved across 3+ localized displays: Zizka, Hynek, Kunstadt | preserved token(s) also present in English reference","The longer you are under the influence of Jan Zizka and Hynek of Kunstadt, the more likely you will be seen as a murderer…","The longer you are under the influence of Jan Zizka and Hynek of Kunstadt, the more you will be seen as a murderer…",Zizka; Hynek; Kunstadt,French; German; Italian; Portuguese; Spanish; Turkish; Vietnamese
ph_p_henry_to_ne_ale_nech_TiJ1,10,"non-ASCII character(s) in English display | English reference/display differ | token(s) preserved across 3+ localized displays: Rosa, Katherine, Brabant | preserved token(s) also present in English reference","No, but I don't want to leave Rosa and Katherine alone… With Brabant.","No, but I don't want to leave Rosa and Katherine alone… with Brabant.",Rosa; Katherine; Brabant,French; German; Italian; Portuguese; Spanish; Turkish; Vietnamese
pisa_pisar_tro_dlouze_byc_Q2Mo,9,"non-ASCII character(s) in English display | English reference/display differ | token(s) preserved across 3+ localized displays: Hildegard, Bingen | preserved token(s) also present in English reference","We could long discuss the value of a peasant from Tachov… and say, a treatise on physicks from Hildegard of Bingen","We could have a long discussion comparing the value of a Tachovite peasant's life with… say, a treatise on physicks by Hildegard von Bingen.",Hildegard; Bingen,Czech; French; German; Italian; Polish; Portuguese; Spanish; Turkish; Vietnamese
pist_henry_az_s_tebou_sko_L9Fy,10,"non-ASCII character(s) in English display | token(s) preserved across 3+ localized displays: Markvart, Aulitz, Otto, Bergow | preserved token(s) also present in English reference","You're just the first name in a long list: Markvart von Aulitz, Otto von Bergow…","You're just the first name in a long list: Markvart von Aulitz, Otto von Bergow…",Markvart; Aulitz; Otto; Bergow,Czech; French; German; Italian; Polish; Portuguese; Spanish; Turkish; Vietnamese
plac_opily_kum_placeholde_glpw,10,"non-ASCII character(s) in English display | English reference/display differ | token(s) preserved across 3+ localized displays: hozzám, kutya, beszéltük | preserved token(s) also present in English reference","Ne nyúlj hozzám, te kutya! Ebben nem értünk egyet!","Ne érj hozzám, te kutya! Nem ezt beszéltük meg!",hozzám; kutya; beszéltük,Chineses; Chineset; Czech; French; German; Italian; Korean; Polish; Portuguese; Russian; Spanish; Turkish; Ukrainian; Vietnamese
plan_brabant_a_no_konecne_roKV,9,"non-ASCII character(s) in English display | English reference/display differ | token(s) preserved across 3+ localized displays: vous, êtes | preserved token(s) also present in English reference","!P Ah, vous êtes là!","Ah, vous êtes là!",vous; êtes,Chineses; Chineset; Czech; French; German; Italian; Korean; Polish; Portuguese; Russian; Spanish; Turkish; Ukrainian; Vietnamese
plan_brabant_burgundsky_v_8mhV,10,"non-ASCII character(s) in English display | token(s) preserved across 3+ localized displays: Bourgogne, bête, lourde, Champmol | preserved token(s) also present in English reference",The Duc de Bourgogne once showed off such a bête lourde in Champmol. And I was there.,The Duc de Bourgogne once showed off such a bête lourde in Champmol. And I was there.,Bourgogne; bête; lourde; Champmol,Chineses; Chineset; Czech; French; German; Italian; Polish; Portuguese; Russian; Spanish; Turkish; Ukrainian; Vietnamese
po_v_henry_tady_mistr_vol_0ADZ,9,"non-ASCII character(s) in English display | English reference/display differ | token(s) preserved across 3+ localized displays: Volf, Fabrizio | preserved token(s) also present in English reference",Master Wolf here’s done drinking and he’ll do everything Master Fabrizio asks of him. Got it?,Master Volf here’s done drinking and he’ll do everything Master Fabrizio asks of him. Got it?,Volf; Fabrizio,Czech; French; German; Italian; Polish; Portuguese; Spanish; Turkish; Vietnamese
pobi_henry_ale_na_tom_por_52gP,10,"non-ASCII character(s) in English display | token(s) preserved across 3+ localized displays: Margrave, Jobst, Radzig, Kobyla | preserved token(s) also present in English reference","This could be to your benefit! I know lots of important people! Margrave Jobst, the king's servant Sir Radzig Kobyla…","This could be to your benefit! I know lots of important people! Margrave Jobst, the king's servant Sir Radzig Kobyla…",Margrave; Jobst; Radzig; Kobyla,Czech; French; German; Italian; Portuguese; Spanish; Turkish; Vietnamese
pobi_majitel_s_kde_by_tak_eYOi,9,"non-ASCII character(s) in English display | English reference/display differ | token(s) preserved across 3+ localized displays: Taugenichts, Blödsinn | preserved token(s) also present in English reference",!P A Taugenichts like you knowing powerful men? Blödsinn!,A Taugenichts like you knowing powerful men? Blödsinn!,Taugenichts; Blödsinn,Chineses; Chineset; Czech; French; German; Italian; Korean; Polish; Portuguese; Russian; Spanish; Turkish; Ukrainian; Vietnamese
poce_event_poc_gott_sei_s_RHqm,10,"non-ASCII character(s) in English display | token(s) preserved across 3+ localized displays: Gott, seiner, Seele, gnädig | preserved token(s) also present in English reference",Gott sei seiner Seele gnädig.,Gott sei seiner Seele gnädig.,Gott; seiner; Seele; gnädig,Chineses; Chineset; Czech; French; German; Italian; Japanese; Korean; Polish; Portuguese; Russian; Spanish; Turkish; Ukrainian
poce_event_poc_ja_naturli_vqui,10,"non-ASCII character(s) in English display | English reference/display differ | token(s) preserved across 3+ localized displays: natürlich, verdammte, Nebakov | preserved token(s) also present in English reference","Ja natürlich, and that verdammte debacle at Nebakow is keeping me busy sorting out what the poor wretches who perished there have left their families.","Ja natürlich, and that verdammte tragedy at Nebakov has me busy dealing with the inheritance left by the poor souls who fell there.",natürlich; verdammte; Nebakov,Chineses; Chineset; Czech; French; German; Italian; Korean; Polish; Portuguese; Russian; Spanish; Turkish; Ukrainian; Vietnamese
poce_event_poc_so_sind_wi_M9gM,10,"non-ASCII character(s) in English display | English reference/display differ | token(s) preserved across 3+ localized displays: Mögen, sich, unsere, Wege, hiermit, trennen",So sind wir zusammen gelandet.,Mögen sich unsere Wege hiermit trennen.,Mögen; sich; unsere; Wege; hiermit; trennen,Chineses; Chineset; Czech; French; German; Italian; Japanese; Korean; Polish; Portuguese; Russian; Spanish; Turkish; Ukrainian
poda_kuman_kom_a_brneni_t_WiCY,9,"non-ASCII character(s) in English display | token(s) preserved across 3+ localized displays: Rajtad, semmi, segít | preserved token(s) also present in English reference",Rajtad már semmi sem segít!,Rajtad már semmi sem segít!,Rajtad; semmi; segít,Chineses; Chineset; Czech; French; German; Italian; Japanese; Korean; Polish; Portuguese; Russian; Spanish; Turkish; Ukrainian; Vietnamese
poda_kuman_kom_ocel_te_ne_aPy2,9,"non-ASCII character(s) in English display | token(s) preserved across 3+ localized displays: páncél, ment, rohadék | preserved token(s) also present in English reference","A páncél nem ment meg, te rohadék!","A páncél nem ment meg, te rohadék!",páncél; ment; rohadék,Chineses; Chineset; Czech; French; German; Italian; Japanese; Korean; Polish; Portuguese; Russian; Spanish; Turkish; Ukrainian; Vietnamese
poda_soldier_z_scheiss_au_BRBK,10,"non-ASCII character(s) in English display | English reference/display differ | token(s) preserved across 3+ localized displays: Scheiß, dein, Auge | preserved token(s) also present in English reference",!P Scheiss auf dein Auge!,Scheiß auf dein Auge!,Scheiß; dein; Auge,Chineses; Chineset; Czech; French; German; Italian; Japanese; Korean; Polish; Portuguese; Russian; Spanish; Turkish; Ukrainian; Vietnamese
podk_henry_verim_ze_se_o__vsIT,9,"non-ASCII character(s) in English display | English reference/display differ | token(s) preserved across 3+ localized displays: Pisek, Kuttenberg | preserved token(s) also present in English reference","I don't see why I should pay Pisek prices when we're in Kuttenberg, right?",I don't see why I should pay Pisek prices when we're in Kuttenberg…,Pisek; Kuttenberg,French; German; Italian; Portuguese; Turkish; Vietnamese
podk_magdalena_diky_az_bu_Uk1E,10,"non-ASCII character(s) in English display | English reference/display differ | token(s) preserved across 3+ localized displays: freut, mich, hören | preserved token(s) also present in English reference","!P Das freut mich zu hören! If satisfied, I pay you good!","Das freut mich zu hören! If satisfied, I pay you good!",freut; mich; hören,Chineses; Chineset; Czech; French; German; Italian; Korean; Polish; Portuguese; Russian; Spanish; Turkish; Ukrainian; Vietnamese
podk_magdalena_jo_jo_zast_GrTF,10,"non-ASCII character(s) in English display | English reference/display differ | token(s) preserved across 3+ localized displays: benötige, neues, Schwert | preserved token(s) also present in English reference",!P Ich benötige ein neues Schwert.,Ich benötige ein neues Schwert.,benötige; neues; Schwert,Chineses; Chineset; Czech; French; German; Italian; Japanese; Korean; Polish; Portuguese; Russian; Spanish; Turkish; Ukrainian; Vietnamese
podk_podkoni_k_vedle_napo_uZUX,9,"non-ASCII character(s) in English display | token(s) preserved across 3+ localized displays: Napoli, Furioso, Dahoman | preserved token(s) also present in English reference","I heard that besides Napoli, he had a Furioso, Dahoman and God knows what else…","I heard that besides Napoli, he had a Furioso, Dahoman and God knows what else…",Napoli; Furioso; Dahoman,French; German; Italian; Portuguese; Spanish; Turkish; Vietnamese
pohr_aranka_na_zurnav_ame_HMHP,11,"non-ASCII character(s) in English display | English reference/display differ | token(s) preserved across 3+ localized displays: ľidja, amen, andro, bini | preserved token(s) also present in English reference","!P Na zurnav amen, numa skipisar amen katar o hitro.","U ma ľidja amen andro bini,",ľidja; amen; andro; bini,Chineses; Chineset; Czech; French; German; Italian; Korean; Polish; Portuguese; Russian; Spanish; Turkish; Ukrainian; Vietnamese
poly_brabant_sono_un_buon_cvVV,11,"non-ASCII character(s) in English display | English reference/display differ | token(s) preserved across 3+ localized displays: Sono, buongustaio, donne, sono, bellissime, vino, delizioso | preserved token(s) also present in English reference","!P Sono un buongustaio, le donne qui sono bellissime e il vino è delizioso!","Sono un buongustaio, le donne qui sono bellissime e il vino è delizioso!",Sono; buongustaio; donne; sono; bellissime; vino; delizioso,Chineses; Chineset; Czech; French; German; Italian; Korean; Polish; Portuguese; Russian; Spanish; Turkish; Ukrainian; Vietnamese
poly_henry_jde_o_tohle_a__6ySi,9,"non-ASCII character(s) in English display | token(s) preserved across 3+ localized displays: Henry, Pisek, Sedletz | preserved token(s) also present in English reference","My name’s Henry, and Lord Pisek says I should escort you to the monastery in Sedletz.","My name’s Henry, and Lord Pisek says I should escort you to the monastery in Sedletz.",Henry; Pisek; Sedletz,French; German; Italian; Polish; Portuguese; Spanish; Turkish; Vietnamese
poly_henry_vyznamenal_se__rQ0a,9,"non-ASCII character(s) in English display | English reference/display differ | token(s) preserved across 3+ localized displays: Pribyslavitz, Talmberg | preserved token(s) also present in English reference","He fought with valour during the conquest of Pribyslavitz and the siege of Talmberg, and I think he would be more useful…","He fought with valour during the conquest of Pribyslavitz and the siege of Talmberg, and I think he'd be more useful…",Pribyslavitz; Talmberg,French; German; Italian; Portuguese; Turkish; Vietnamese
poly_komar_jasny_kurwa_sjFf,9,"non-ASCII character(s) in English display | English reference/display differ | token(s) preserved across 3+ localized displays: Jasný, kurwa | preserved token(s) also present in English reference","!P Jasný, kurwa!","Jasný, kurwa!",Jasný; kurwa,Chineses; Chineset; Czech; French; German; Italian; Japanese; Korean; Polish; Portuguese; Russian; Spanish; Turkish; Vietnamese
poly_kuman_u_s_jobb_ha_me_9zrH,11,"non-ASCII character(s) in English display | English reference/display differ | token(s) preserved across 3+ localized displays: Jobb, megyünk, vagy, megütöm | preserved token(s) also present in English reference","!P Jobb, ha megyünk, vagy megütöm.","Jobb, ha megyünk, vagy megütöm.",Jobb; megyünk; vagy; megütöm,Chineses; Chineset; Czech; French; German; Italian; Korean; Polish; Portuguese; Russian; Spanish; Turkish; Ukrainian; Vietnamese
poly_kuman_u_s_mit_akarsz_TJBw,9,"non-ASCII character(s) in English display | English reference/display differ | token(s) preserved across 3+ localized displays: akarsz, disznó | preserved token(s) also present in English reference",!P Mit akarsz te disznó?,Mit akarsz te disznó?,akarsz; disznó,Chineses; Chineset; Czech; French; German; Italian; Korean; Polish; Portuguese; Russian; Spanish; Turkish; Ukrainian; Vietnamese
poly_kuman_u_s_talan_nem__q2Cy,9,"non-ASCII character(s) in English display | English reference/display differ | token(s) preserved across 3+ localized displays: Remélem, mérgezte | preserved token(s) also present in English reference",Talán nem ő mérgezte meg.,"Remélem, nem mérgezte meg.",Remélem; mérgezte,Chineses; Chineset; Czech; French; German; Italian; Korean; Polish; Portuguese; Russian; Spanish; Turkish; Ukrainian; Vietnamese
poly_malir_burkhard_byl_z_bdXG,9,"non-ASCII character(s) in English display | English reference/display differ | token(s) preserved across 3+ localized displays: Burkhard, Bellissimo | preserved token(s) also present in English reference",Burkhard was a criminal. Bellissimo is just a fool…,Burkhard was a viper. Bellissimo is just a worm…,Burkhard; Bellissimo,Czech; French; German; Italian; Polish; Portuguese; Spanish; Turkish; Vietnamese
poly_petr_z_pi_o_to_neslo_F6rA,10,"non-ASCII character(s) in English display | English reference/display differ | token(s) preserved across 3+ localized displays: Margrave, Jobst, Hynek | preserved token(s) also present in English reference","That's not what worries me. It's more about Margrave Jobst. When he met Hynek, he was somewhat… disturbed.","I had no issue with him. It's more about Margrave Jobst. When he met Hynek, he was somewhat… disturbed.",Margrave; Jobst; Hynek,French; German; Italian; Portuguese; Spanish; Turkish; Vietnamese
poly_vasko_elobb_tudj_azt_Rw9f,10,"non-ASCII character(s) in English display | token(s) preserved across 3+ localized displays: Előbb, tudj, aztán, ítélj | preserved token(s) also present in English reference","Előbb tudj, aztán ítélj.","Előbb tudj, aztán ítélj.",Előbb; tudj; aztán; ítélj,Chineses; Chineset; Czech; French; German; Italian; Korean; Polish; Portuguese; Russian; Spanish; Turkish; Ukrainian; Vietnamese
poly_vasko_jo_izt_kivan_n_wEye,10,"non-ASCII character(s) in English display | English reference/display differ | token(s) preserved across 3+ localized displays: évágyot, kívánot, nekünk | preserved token(s) also present in English reference",Jó ízt kíván nekünk.,Jó évágyot kívánot nekünk.,évágyot; kívánot; nekünk,Chineses; Chineset; Czech; French; German; Italian; Korean; Polish; Portuguese; Russian; Spanish; Turkish; Ukrainian; Vietnamese
poly_volf_hosi_ja_jedu_do_zgFf,11,"non-ASCII character(s) in English display | English reference/display differ | token(s) preserved across 3+ localized displays: piče, Kurvá, pičé, normal, kurvá | preserved token(s) also present in English reference","I’m getting the fuck outta here, lads! Fuck this! This ain’t normal, for fuck’s sake…","Fellahs, I'm out of here, do piče! Kurvá! Do pičé! This ain't normal, kurvá…",piče; Kurvá; pičé; normal; kurvá,Chineses; Chineset; Czech; French; German; Italian; Korean; Portuguese; Russian; Spanish; Turkish
poly_volf_jezismarja_do_p_MYkc,10,"non-ASCII character(s) in English display | English reference/display differ | token(s) preserved across 3+ localized displays: Ježišmarja, piče, Kurva, Bože, piča, zkurvená","Jesus Christ, for fuck’s sake! Bloody heeell! God damn, fucking cursed piece of shite!","Ježišmarja, do piče! Kurva! Bože, piča, zkurvená, shitty thing, do piče!",Ježišmarja; piče; Kurva; Bože; piča; zkurvená,Chineses; Chineset; Czech; French; German; Italian; Korean; Portuguese; Russian; Spanish; Turkish
poly_volf_jezismarja_vole_x5AY,9,"non-ASCII character(s) in English display | English reference/display differ | token(s) preserved across 3+ localized displays: Ježišmarja, vole, pičo","Jesus Christ, mate, this is nerve-racking, bloody hell.","Ježišmarja, vole! This is nerve-wracking, ty pičo.",Ježišmarja; vole; pičo,Chineses; Chineset; Czech; French; German; Italian; Korean; Portuguese; Russian; Spanish; Turkish
poly_volf_krista_maria_vo_aaOc,9,"non-ASCII character(s) in English display | English reference/display differ | token(s) preserved across 3+ localized displays: Kristamária, vole, piče","Christ almighty, I’m done with this fucking shit. I’m done, I won’t do this anymore, I’m not doing it!","Kristamária vole, fuck this, do piče, I’m done with this shit. I’m done, I won’t do this anymore, I’m not doing it!",Kristamária; vole; piče,Chineses; Chineset; Czech; French; German; Italian; Korean; Portuguese; Russian; Spanish; Turkish
popo_vozka_voz_huah_los_k_DMfz,9,"non-ASCII character(s) in English display | English reference/display differ | token(s) preserved across 3+ localized displays: Komm, schon | preserved token(s) also present in English reference","!P Huäh, los! Komm!","Hüa, los! Komm schon!",Komm; schon,Chineses; Chineset; Czech; French; German; Italian; Japanese; Korean; Polish; Portuguese; Russian; Spanish; Turkish; Ukrainian; Vietnamese
popr_henry_jindrich_ze_sk_2hWi,11,"non-ASCII character(s) in English display | English reference/display differ | token(s) preserved across 3+ localized displays: Henry, Skalitz, Peter, Pisek, Albich | preserved token(s) also present in English reference","Henry of Skalitz. By order of Peter of Pisek, I’m here to protect Master Albich.","Henry of Skalitz. By order of Sir Peter of Pisek, I’m here to protect Master Albich.",Henry; Skalitz; Peter; Pisek; Albich,French; German; Italian; Portuguese; Spanish; Turkish; Vietnamese
popr_henry_jindrich_ze_sk_Yt4L,11,"non-ASCII character(s) in English display | English reference/display differ | token(s) preserved across 3+ localized displays: Henry, Skalitz, Peter, Pisek | preserved token(s) also present in English reference","Henry of Skalitz. I’m here on the order of Master Peter of Pisek, serving as Albich’s aide.","Henry of Skalitz. I’m here at the command of Sir Peter of Pisek, serving as Albich’s aide.",Henry; Skalitz; Peter; Pisek,French; German; Italian; Portuguese; Spanish; Turkish; Vietnamese
posl_event_hla_ah_ja_das__Lemo,11,"non-ASCII character(s) in English display | English reference/display differ | token(s) preserved across 3+ localized displays: genau, stört, mich, auch | preserved token(s) also present in English reference","!P Äh, ja, das ist es, was mich stört.","Ja, genau das stört mich auch!",genau; stört; mich; auch,Chineses; Chineset; Czech; French; German; Italian; Japanese; Korean; Polish; Portuguese; Russian; Spanish; Turkish; Ukrainian; Vietnamese
posl_event_hla_das_ist_bl_grGR,10,"non-ASCII character(s) in English display | English reference/display differ | token(s) preserved across 3+ localized displays: Blödsinn, alles, Unsinn | preserved token(s) also present in English reference",!P Das ist Blödsinn! Es ist alles Unsinn!,Das ist Blödsinn! Das ist alles Unsinn!,Blödsinn; alles; Unsinn,Chineses; Chineset; Czech; French; German; Italian; Japanese; Korean; Polish; Portuguese; Russian; Spanish; Turkish; Ukrainian; Vietnamese
posl_event_hla_das_ist_bl_wsA2,10,"non-ASCII character(s) in English display | English reference/display differ | token(s) preserved across 3+ localized displays: Blödsinn, alles, Unsinn | preserved token(s) also present in English reference",!P Das ist Blödsinn! Es ist alles Unsinn!,Das ist Blödsinn! Das ist alles Unsinn!,Blödsinn; alles; Unsinn,Chineses; Chineset; Czech; French; German; Italian; Japanese; Korean; Polish; Portuguese; Russian; Spanish; Turkish; Ukrainian; Vietnamese
posl_event_hla_das_ist_do_74tJ,9,"non-ASCII character(s) in English display | English reference/display differ | token(s) preserved across 3+ localized displays: doch, Blödsinn | preserved token(s) also present in English reference",!P Das ist doch Blödsinn...,Das ist doch Blödsinn ...,doch; Blödsinn,Chineses; Chineset; Czech; French; German; Italian; Japanese; Korean; Polish; Portuguese; Russian; Spanish; Turkish; Ukrainian; Vietnamese
posl_event_hla_ja_das_ist_XL3j,11,"non-ASCII character(s) in English display | English reference/display differ | token(s) preserved across 3+ localized displays: richtig, Jeder, sollte, hören | preserved token(s) also present in English reference","!P Ja, das ist richtig! Lass es einfach jeden hören!","Ja, das ist richtig! Jeder sollte das hören!",richtig; Jeder; sollte; hören,Chineses; Chineset; Czech; French; German; Italian; Japanese; Korean; Polish; Portuguese; Russian; Spanish; Turkish; Ukrainian; Vietnamese
posl_event_hla_reden_sie__H6UI,10,"non-ASCII character(s) in English display | English reference/display differ | token(s) preserved across 3+ localized displays: Erzähl, doch, woanders | preserved token(s) also present in English reference",!P Reden Sie darüber woanders!,Erzähl das doch woanders!,Erzähl; doch; woanders,Chineses; Chineset; Czech; French; German; Italian; Japanese; Korean; Polish; Portuguese; Russian; Spanish; Turkish; Ukrainian; Vietnamese
posl_event_hla_reden_sie__LCGY,10,"non-ASCII character(s) in English display | English reference/display differ | token(s) preserved across 3+ localized displays: Erzähl, doch, woanders | preserved token(s) also present in English reference",!P Reden Sie darüber woanders!,Erzähl das doch woanders!,Erzähl; doch; woanders,Chineses; Chineset; Czech; French; German; Italian; Japanese; Korean; Polish; Portuguese; Russian; Spanish; Turkish; Ukrainian; Vietnamese
posl_henry_oltar_bude_YFn4,9,"non-ASCII character(s) in English display | English reference/display differ | token(s) preserved across 3+ localized displays: altar, Planck | preserved token(s) also present in English reference",I’ve brought you the final statuette for the altar - Mary. Has Splinter delivered the rest to you already?,I’ve brought you the final statuette for the altar - the Virgin Mary. Has Planck delivered the rest to you already?,altar; Planck,French; German; Portuguese; Spanish; Turkish; Vietnamese
post_brabant_adaptable_ja_Ifx7,9,"non-ASCII character(s) in English display | English reference/display differ | token(s) preserved across 3+ localized displays: faut, savoir, s'adapter",Adaptables XXX… How you do you say it… Adaptable!,What's the word… Il faut savoir s'adapter !,faut; savoir; s'adapter,Chineses; Chineset; Czech; French; German; Italian; Korean; Polish; Portuguese; Russian; Spanish; Turkish; Ukrainian
post_brabant_au_revoir_FYgL,9,"non-ASCII character(s) in English display | English reference/display differ | token(s) preserved across 3+ localized displays: revoir, Merci | preserved token(s) also present in English reference",!P Au revoir. Merci...,Au revoir. Merci…,revoir; Merci,Chineses; Chineset; Czech; French; German; Italian; Korean; Polish; Portuguese; Russian; Spanish; Turkish; Ukrainian; Vietnamese
post_brabant_dohodnuto_no_mR4t,9,"non-ASCII character(s) in English display | English reference/display differ | token(s) preserved across 3+ localized displays: Marché, conclu | preserved token(s) also present in English reference",!P Deal! Nous avons un marché!,Deal! Marché conclu !,Marché; conclu,Chineses; Chineset; Czech; French; German; Italian; Korean; Polish; Portuguese; Russian; Spanish; Turkish; Ukrainian; Vietnamese
post_brabant_hromadu_stri_mdjm,10,"non-ASCII character(s) in English display | English reference/display differ | token(s) preserved across 3+ localized displays: Vous, êtes, sérieux | preserved token(s) also present in English reference",!P Vous êtes sérieux?,Vous êtes sérieux ?,Vous; êtes; sérieux,Chineses; Chineset; Czech; French; German; Italian; Korean; Polish; Portuguese; Russian; Spanish; Turkish; Ukrainian; Vietnamese
post_brabant_rano_spolu_v_BXg0,11,"non-ASCII character(s) in English display | English reference/display differ | token(s) preserved across 3+ localized displays: Doux, Jésus, Vous, voyez, bien | preserved token(s) also present in English reference",!P Jésus-Christ ! Vous le voyez bien!,Doux Jésus ! Vous voyez bien !,Doux; Jésus; Vous; voyez; bien,Chineses; Chineset; Czech; French; German; Italian; Korean; Polish; Portuguese; Russian; Spanish; Turkish; Ukrainian; Vietnamese
post_leopold_k_tadeas_bud_cSuV,9,"non-ASCII character(s) in English display | English reference/display differ | token(s) preserved across 3+ localized displays: Thaddeus, Mandelina | preserved token(s) also present in English reference","Thadeus will hang, not doubt about that. And Mandelina… right now she's locked up, we'll see what happens to her.","Thaddeus will hang, not doubt about that. And Mandelina… right now she's locked up, we'll see what happens to her.",Thaddeus; Mandelina,Czech; French; German; Italian; Polish; Portuguese; Spanish; Turkish; Vietnamese
pozd_npc_zdrav_gru_dich_fILg,9,"non-ASCII character(s) in English display | English reference/display differ | token(s) preserved across 3+ localized displays: Grüß, dich | preserved token(s) also present in English reference",Grüß Dich!,Grüß dich!,Grüß; dich,Chineses; Chineset; Czech; French; German; Italian; Korean; Polish; Portuguese; Russian; Spanish; Turkish; Ukrainian; Vietnamese
pozd_npc_zdrav_heute_ist__MB17,9,"non-ASCII character(s) in English display | English reference/display differ | token(s) preserved across 3+ localized displays: Heute, wunderschöner | preserved token(s) also present in English reference",Heute ist es wunderschön!,Heute ist ein wunderschöner Tag!,Heute; wunderschöner,Chineses; Chineset; Czech; French; German; Italian; Japanese; Korean; Polish; Portuguese; Russian; Spanish; Turkish; Ukrainian; Vietnamese
pozd_pozdrav_j_meine_klei_m8TS,10,"non-ASCII character(s) in English display | English reference/display differ | token(s) preserved across 3+ localized displays: Besuche, mich, später | preserved token(s) also present in English reference",!P Besuche mich später.,Besuche mich später.,Besuche; mich; später,Chineses; Chineset; Czech; French; German; Italian; Japanese; Korean; Polish; Portuguese; Russian; Spanish; Turkish; Ukrainian; Vietnamese
pozd_pozdrav_n_besuche_mi_v8V2,10,"non-ASCII character(s) in English display | English reference/display differ | token(s) preserved across 3+ localized displays: Besuche, mich, später | preserved token(s) also present in English reference",!P Besuche mich später.,Besuche mich später.,Besuche; mich; später,Chineses; Chineset; Czech; French; German; Italian; Japanese; Korean; Polish; Portuguese; Russian; Spanish; Turkish; Ukrainian; Vietnamese
pozd_pozdrav_n_gru_gott_1O1D,9,"non-ASCII character(s) in English display | English reference/display differ | token(s) preserved across 3+ localized displays: Grüß, Gott | preserved token(s) also present in English reference",Gruss Gott!,Grüß Gott!,Grüß; Gott,Chineses; Chineset; Czech; French; German; Italian; Japanese; Korean; Polish; Portuguese; Russian; Spanish; Turkish; Ukrainian; Vietnamese
pozd_pozdrav_n_gru_gott_XopW,9,"non-ASCII character(s) in English display | English reference/display differ | token(s) preserved across 3+ localized displays: Grüß, Gott | preserved token(s) also present in English reference",Grüss Gott!,Grüß Gott!,Grüß; Gott,Chineses; Chineset; Czech; French; German; Italian; Japanese; Korean; Polish; Portuguese; Russian; Spanish; Turkish; Ukrainian; Vietnamese
pozd_pozdrav_n_gru_gott_lMSS,9,"non-ASCII character(s) in English display | English reference/display differ | token(s) preserved across 3+ localized displays: Grüß, Gott | preserved token(s) also present in English reference",!P Gruss Gott!,Grüß Gott!,Grüß; Gott,Chineses; Chineset; Czech; French; German; Italian; Japanese; Korean; Polish; Portuguese; Russian; Spanish; Turkish; Ukrainian; Vietnamese
pozd_pozdrav_n_gru_gott_m_9RUG,11,"non-ASCII character(s) in English display | English reference/display differ | token(s) preserved across 3+ localized displays: Grüß, Gott, meine, Damen | preserved token(s) also present in English reference","!P Grüss Gott, meine Damen!","Grüß Gott, meine Damen!",Grüß; Gott; meine; Damen,Chineses; Chineset; Czech; French; German; Italian; Japanese; Korean; Polish; Portuguese; Russian; Spanish; Turkish; Ukrainian; Vietnamese
pozd_pozdrav_n_gru_gott_pS0P,9,"non-ASCII character(s) in English display | English reference/display differ | token(s) preserved across 3+ localized displays: Grüß, Gott | preserved token(s) also present in English reference",!P Gruss Gott!,Grüß Gott!,Grüß; Gott,Chineses; Chineset; Czech; French; German; Italian; Japanese; Korean; Polish; Portuguese; Russian; Spanish; Turkish; Ukrainian; Vietnamese
pozd_pozdrav_n_guten_tag_eHbA,10,"non-ASCII character(s) in English display | English reference/display differ | token(s) preserved across 3+ localized displays: Schön, dich, sehen | preserved token(s) also present in English reference",Schön dich zu sehen.,"Schön, dich zu sehen.",Schön; dich; sehen,Chineses; Chineset; Czech; French; German; Italian; Japanese; Korean; Polish; Portuguese; Russian; Spanish; Turkish; Ukrainian; Vietnamese
pozd_pozdrav_n_schon_dich_51zb,10,"non-ASCII character(s) in English display | token(s) preserved across 3+ localized displays: Schön, dich, sehen, mein, Freund | preserved token(s) also present in English reference","Schön dich zu sehen, mein Freund!","Schön dich zu sehen, mein Freund!",Schön; dich; sehen; mein; Freund,Chineses; Chineset; Czech; French; German; Italian; Japanese; Korean; Polish; Portuguese; Russian; Spanish; Turkish; Ukrainian; Vietnamese
pozd_pozdrav_n_schon_dich_hWyv,11,"non-ASCII character(s) in English display | English reference/display differ | token(s) preserved across 3+ localized displays: Schön, dich, sehen, meine, Dame | preserved token(s) also present in English reference","!P Schon dich zu sehen, meine Damen!","Schön dich zu sehen, meine Dame!",Schön; dich; sehen; meine; Dame,Chineses; Chineset; Czech; French; German; Italian; Japanese; Korean; Polish; Portuguese; Russian; Spanish; Turkish; Ukrainian; Vietnamese
pozd_pozdrav_n_schon_dich_jmpr,10,"non-ASCII character(s) in English display | token(s) preserved across 3+ localized displays: Schön, dich, sehen, mein, Freund | preserved token(s) also present in English reference","Schön dich zu sehen, mein Freund!","Schön dich zu sehen, mein Freund!",Schön; dich; sehen; mein; Freund,Chineses; Chineset; Czech; French; German; Italian; Japanese; Korean; Polish; Portuguese; Russian; Spanish; Turkish; Ukrainian; Vietnamese
pozd_pozdrav_n_schon_dich_x0M7,9,"non-ASCII character(s) in English display | token(s) preserved across 3+ localized displays: Schön, dich, sehen | preserved token(s) also present in English reference",Schön dich zu sehen!,Schön dich zu sehen!,Schön; dich; sehen,Chineses; Chineset; Czech; French; German; Italian; Japanese; Korean; Polish; Portuguese; Russian; Spanish; Turkish; Ukrainian; Vietnamese
pozd_sousedsky_ahm_ich_gl_4GUL,9,"non-ASCII character(s) in English display | English reference/display differ | token(s) preserved across 3+ localized displays: glaube, nicht | preserved token(s) also present in English reference",Ahm... Ich glaube nicht.,Ähm … Ich glaube nicht.,glaube; nicht,Chineses; Chineset; Czech; French; German; Italian; Japanese; Korean; Polish; Portuguese; Russian; Spanish; Turkish; Ukrainian; Vietnamese
pozd_sousedsky_gru_dich_PdhU,9,"non-ASCII character(s) in English display | English reference/display differ | token(s) preserved across 3+ localized displays: Grüss, dich | preserved token(s) also present in English reference",Grüß dich!,Grüss dich!,Grüss; dich,Chineses; Chineset; Czech; French; German; Italian; Japanese; Korean; Polish; Portuguese; Russian; Spanish; Turkish; Ukrainian; Vietnamese
pozd_sousedsky_gru_dich_VS1J,9,"non-ASCII character(s) in English display | English reference/display differ | token(s) preserved across 3+ localized displays: Grüss, dich | preserved token(s) also present in English reference",Grüß dich!,Grüss dich!,Grüss; dich,Chineses; Chineset; Czech; French; German; Italian; Japanese; Korean; Polish; Portuguese; Russian; Spanish; Turkish; Ukrainian; Vietnamese
pozd_sousedsky_gru_gott_woIV,9,"non-ASCII character(s) in English display | English reference/display differ | token(s) preserved across 3+ localized displays: Grüß, Gott | preserved token(s) also present in English reference",Grüss Gott!,Grüß Gott!,Grüß; Gott,Chineses; Chineset; Czech; French; German; Italian; Japanese; Korean; Polish; Portuguese; Russian; Spanish; Turkish; Ukrainian; Vietnamese
pozd_sousedsky_gut_gut_VrXx,9,"non-ASCII character(s) in English display | English reference/display differ | token(s) preserved across 3+ localized displays: Grüß, dich | preserved token(s) also present in English reference",Grusse dich!,Grüß dich!,Grüß; dich,Chineses; Chineset; Czech; French; German; Italian; Japanese; Korean; Polish; Portuguese; Russian; Spanish; Turkish; Ukrainian; Vietnamese
pozd_sousedsky_wirst_du_d_aysV,11,"non-ASCII character(s) in English display | English reference/display differ | token(s) preserved across 3+ localized displays: Wirst, worüber, gesprochen, haben | preserved token(s) also present in English reference","Wirst du das tun, woruber wir gesprochen haben?","Wirst du das tun, worüber wir gesprochen haben?",Wirst; worüber; gesprochen; haben,Chineses; Chineset; Czech; French; German; Italian; Japanese; Korean; Polish; Portuguese; Russian; Spanish; Turkish; Ukrainian; Vietnamese
pozd_uctivy_po_gru_gott_m_4JK4,10,"non-ASCII character(s) in English display | token(s) preserved across 3+ localized displays: Grüß, Gott, mein, Herr | preserved token(s) also present in English reference","Grüß Gott, mein Herr!","Grüß Gott, mein Herr!",Grüß; Gott; mein; Herr,Chineses; Chineset; Czech; French; German; Italian; Japanese; Korean; Polish; Portuguese; Russian; Spanish; Turkish; Ukrainian; Vietnamese
pozd_uctivy_po_gru_gott_m_Zh06,11,"non-ASCII character(s) in English display | English reference/display differ | token(s) preserved across 3+ localized displays: Grüß, Gott, mein, Herr | preserved token(s) also present in English reference","Grüss Gott, mein Herr!","Grüß Gott, mein Herr!",Grüß; Gott; mein; Herr,Chineses; Chineset; Czech; French; German; Italian; Japanese; Korean; Polish; Portuguese; Russian; Spanish; Turkish; Ukrainian; Vietnamese
pozd_uctivy_po_gru_gott_m_f0Sp,11,"non-ASCII character(s) in English display | English reference/display differ | token(s) preserved across 3+ localized displays: Grüß, Gott, meine, Herrin | preserved token(s) also present in English reference","!P Gruss Gott, meine Herrin!","Grüß Gott, meine Herrin!",Grüß; Gott; meine; Herrin,Chineses; Chineset; Czech; French; German; Italian; Japanese; Korean; Polish; Portuguese; Russian; Spanish; Turkish; Ukrainian; Vietnamese
pozd_uctivy_po_gru_gott_m_ykpG,11,"non-ASCII character(s) in English display | English reference/display differ | token(s) preserved across 3+ localized displays: Grüß, Gott, gute, Frau | preserved token(s) also present in English reference","Gruss Gott, meine Herrin!","Grüß Gott, gute Frau!",Grüß; Gott; gute; Frau,Chineses; Chineset; Czech; French; German; Italian; Japanese; Korean; Polish; Portuguese; Russian; Spanish; Turkish; Ukrainian; Vietnamese
pozd_uctivy_po_naturlich__42x1,10,"non-ASCII character(s) in English display | English reference/display differ | token(s) preserved across 3+ localized displays: Natürlich, kein, Problem | preserved token(s) also present in English reference","Naturlich, kein Problem.","Natürlich, kein Problem.",Natürlich; kein; Problem,Chineses; Chineset; Czech; French; German; Italian; Japanese; Korean; Polish; Portuguese; Russian; Spanish; Turkish; Ukrainian; Vietnamese
prat_pratelsky_cech_jeden_LcXp,10,"non-ASCII character(s) in English display | token(s) preserved across 3+ localized displays: faszomba, cseh, miért, jön-megy, ennyi, fasz | preserved token(s) also present in English reference","A faszomba, te cseh, miért jön-megy itt ennyi fasz?","A faszomba, te cseh, miért jön-megy itt ennyi fasz?",faszomba; cseh; miért; jön-megy; ennyi; fasz,Chineses; Chineset; Czech; French; German; Italian; Japanese; Korean; Polish; Portuguese; Russian; Spanish; Turkish; Ukrainian; Vietnamese
prat_pratelsky_das_pferd__S997,10,"non-ASCII character(s) in English display | English reference/display differ | token(s) preserved across 3+ localized displays: Pferd, gehört, Scheißkerl | preserved token(s) also present in English reference","!P Das Pferd gehört mir, du Scheißkerl!","Das Pferd gehört mir, du Scheißkerl!",Pferd; gehört; Scheißkerl,Chineses; Chineset; French; German; Italian; Japanese; Korean; Polish; Portuguese; Russian; Spanish; Turkish; Ukrainian; Vietnamese
prat_pratelsky_do_prdele__adEQ,9,"non-ASCII character(s) in English display | token(s) preserved across 3+ localized displays: picsába, menj, innen | preserved token(s) also present in English reference","A picsába, menj innen!","A picsába, menj innen!",picsába; menj; innen,Chineses; Chineset; Czech; French; German; Italian; Japanese; Korean; Polish; Portuguese; Russian; Spanish; Turkish; Ukrainian; Vietnamese
prat_pratelsky_hej_ty_na__LEWQ,9,"non-ASCII character(s) in English display | token(s) preserved across 3+ localized displays: lovon, Húzz, innen | preserved token(s) also present in English reference","Hé, te ott a lovon! Húzz el innen!","Hé, te ott a lovon! Húzz el innen!",lovon; Húzz; innen,Chineses; Chineset; Czech; French; German; Italian; Japanese; Korean; Polish; Portuguese; Russian; Spanish; Turkish; Ukrainian; Vietnamese
prat_pratelsky_hej_votoc__OcMl,9,"non-ASCII character(s) in English display | token(s) preserved across 3+ localized displays: Fordítsd, kancád, tűnés | preserved token(s) also present in English reference","Hé! Fordítsd meg a kancád, és tűnés!","Hé! Fordítsd meg a kancád, és tűnés!",Fordítsd; kancád; tűnés,Chineses; Chineset; Czech; French; German; Italian; Japanese; Korean; Polish; Portuguese; Russian; Spanish; Turkish; Ukrainian; Vietnamese
prat_pratelsky_hmm_smrdis_NQhQ,9,"non-ASCII character(s) in English display | token(s) preserved across 3+ localized displays: tele, lehet, erszénye | preserved token(s) also present in English reference","Hmm, tele lehet az erszénye!","Hmm, tele lehet az erszénye!",tele; lehet; erszénye,Chineses; Chineset; Czech; French; German; Italian; Japanese; Korean; Polish; Portuguese; Russian; Spanish; Turkish; Ukrainian; Vietnamese
prat_pratelsky_horen_sie__FQRb,10,"non-ASCII character(s) in English display | English reference/display differ | token(s) preserved across 3+ localized displays: lieber, bevor, spät | preserved token(s) also present in English reference","!P Hören Sie zu, bevor es zu spät ist!","Hör lieber zu, bevor es zu spät ist!",lieber; bevor; spät,Chineses; Chineset; Czech; French; German; Italian; Japanese; Korean; Polish; Portuguese; Russian; Spanish; Turkish; Ukrainian; Vietnamese
prat_pratelsky_je_te_skod_s6Rd,9,"non-ASCII character(s) in English display | token(s) preserved across 3+ localized displays: Nagy, érted, cimbora | preserved token(s) also present in English reference","Nagy kár érted, cimbora.","Nagy kár érted, cimbora.",Nagy; érted; cimbora,Chineses; Chineset; Czech; French; German; Italian; Japanese; Korean; Polish; Portuguese; Russian; Spanish; Turkish; Ukrainian; Vietnamese
prat_pratelsky_komm_schon_f5a1,11,"non-ASCII character(s) in English display | English reference/display differ | token(s) preserved across 3+ localized displays: Komm, schon, kannst, nicht, ändern | preserved token(s) also present in English reference","!P Komm schon, du kannst es nicht ändern.","Komm schon, du kannst es nicht ändern.",Komm; schon; kannst; nicht; ändern,Chineses; Chineset; Czech; French; German; Italian; Japanese; Korean; Polish; Portuguese; Russian; Spanish; Turkish; Ukrainian; Vietnamese
prat_pratelsky_kurva_takh_9kt7,10,"non-ASCII character(s) in English display | token(s) preserved across 3+ localized displays: Bassza, kellett, volna, meghalnod | preserved token(s) also present in English reference",Bassza meg... nem így kellett volna meghalnod.,Bassza meg... nem így kellett volna meghalnod.,Bassza; kellett; volna; meghalnod,Chineses; Chineset; Czech; French; German; Italian; Japanese; Korean; Polish; Portuguese; Russian; Spanish; Turkish; Ukrainian; Vietnamese
prat_pratelsky_mein_gott_VcBF,9,"non-ASCII character(s) in English display | English reference/display differ | token(s) preserved across 3+ localized displays: Mein, Gott | preserved token(s) also present in English reference",!P Mein Gott...,Mein Gott …,Mein; Gott,Chineses; Chineset; Czech; French; German; Italian; Japanese; Korean; Polish; Portuguese; Russian; Spanish; Turkish; Ukrainian; Vietnamese
prat_pratelsky_nachstes_m_7u3K,11,"non-ASCII character(s) in English display | English reference/display differ | token(s) preserved across 3+ localized displays: Nächstes, wird, noch, schlimmer | preserved token(s) also present in English reference",!P Nächstes Mal wird es noch schlimmer...,Nächstes Mal wird es noch schlimmer ...,Nächstes; wird; noch; schlimmer,Chineses; Chineset; Czech; French; German; Italian; Japanese; Korean; Polish; Portuguese; Russian; Spanish; Turkish; Ukrainian; Vietnamese
prat_pratelsky_nech_si_ty_LGGA,9,"non-ASCII character(s) in English display | token(s) preserved across 3+ localized displays: Tartsd, hülyeségeidet, tűnj | preserved token(s) also present in English reference",Tartsd meg hülyeségeidet és tűnj el!,Tartsd meg hülyeségeidet és tűnj el!,Tartsd; hülyeségeidet; tűnj,Chineses; Chineset; Czech; French; German; Italian; Japanese; Korean; Polish; Portuguese; Russian; Spanish; Turkish; Ukrainian; Vietnamese
prat_pratelsky_nech_to_be_YGBR,10,"non-ASCII character(s) in English display | token(s) preserved across 3+ localized displays: Hagyd, napon, mind, végezzük | preserved token(s) also present in English reference","Hagyd, egy napon mind így végezzük.","Hagyd, egy napon mind így végezzük.",Hagyd; napon; mind; végezzük,Chineses; Chineset; Czech; French; German; Italian; Japanese; Korean; Polish; Portuguese; Russian; Spanish; Turkish; Ukrainian; Vietnamese
prat_pratelsky_nemeli_bys_IarJ,9,"non-ASCII character(s) in English display | token(s) preserved across 3+ localized displays: kéne, inkább, levágnunk | preserved token(s) also present in English reference",Nem kéne inkább levágnunk?,Nem kéne inkább levágnunk?,kéne; inkább; levágnunk,Chineses; Chineset; Czech; French; German; Italian; Japanese; Korean; Polish; Portuguese; Russian; Spanish; Turkish; Ukrainian; Vietnamese
prat_pratelsky_no_tak_vyp_BqX0,9,"non-ASCII character(s) in English display | token(s) preserved across 3+ localized displays: Gyerünk, gyerünk, Tűnj | preserved token(s) also present in English reference","Gyerünk, gyerünk! Tűnj el!","Gyerünk, gyerünk! Tűnj el!",Gyerünk; gyerünk; Tűnj,Chineses; Chineset; Czech; French; German; Italian; Japanese; Korean; Polish; Portuguese; Russian; Spanish; Turkish; Ukrainian; Vietnamese
prat_pratelsky_oh_schluss_CbQC,11,"non-ASCII character(s) in English display | English reference/display differ | token(s) preserved across 3+ localized displays: Schluss, Jetzt, gibt, Ärger | preserved token(s) also present in English reference","!P Oh, schluss! Jetzt wird es böse!","Oh, Schluss! Jetzt gibt es Ärger!",Schluss; Jetzt; gibt; Ärger,Chineses; Chineset; Czech; French; German; Italian; Japanese; Korean; Polish; Portuguese; Russian; Spanish; Turkish; Ukrainian; Vietnamese
prat_pratelsky_pocka_na_n_vyEe,10,"non-ASCII character(s) in English display | token(s) preserved across 3+ localized displays: Várni, ránk, égben, majd, meglátod | preserved token(s) also present in English reference","Várni fog ránk az égben, majd meglátod.","Várni fog ránk az égben, majd meglátod.",Várni; ránk; égben; majd; meglátod,Chineses; Chineset; Czech; French; German; Italian; Japanese; Korean; Polish; Portuguese; Russian; Spanish; Turkish; Ukrainian; Vietnamese
prat_pratelsky_rikal_sem__WQ00,10,"non-ASCII character(s) in English display | English reference/display differ | token(s) preserved across 3+ localized displays: Mondtam, hogy, tűnj, innen, úgyhogy","I told you to get out of here, so leave!","Mondtam, hogy tűnj el innen, úgyhogy tűnj el!",Mondtam; hogy; tűnj; innen; úgyhogy,Chineses; Chineset; French; German; Italian; Japanese; Korean; Polish; Portuguese; Spanish; Turkish; Ukrainian; Vietnamese
prat_pratelsky_scheisse_e_LaqK,9,"non-ASCII character(s) in English display | English reference/display differ | token(s) preserved across 3+ localized displays: Scheiße, reicht | preserved token(s) also present in English reference",!P Scheisse! Es reicht!,Scheiße! Es reicht!,Scheiße; reicht,Chineses; Chineset; Czech; French; German; Italian; Japanese; Korean; Polish; Portuguese; Russian; Spanish; Turkish; Ukrainian; Vietnamese
prat_pratelsky_tak_a_dost_3mCn,10,"non-ASCII character(s) in English display | token(s) preserved across 3+ localized displays: most, elég, Szétverem, pofád | preserved token(s) also present in English reference",Na most már elég! Szétverem a pofád!,Na most már elég! Szétverem a pofád!,most; elég; Szétverem; pofád,Chineses; Chineset; Czech; French; German; Italian; Japanese; Korean; Polish; Portuguese; Russian; Spanish; Turkish; Ukrainian; Vietnamese
prat_pratelsky_tak_delej__EQTN,10,"non-ASCII character(s) in English display | token(s) preserved across 3+ localized displays: Nyomás, akarlak, többé, látni | preserved token(s) also present in English reference","Nyomás, nem akarlak többé látni!","Nyomás, nem akarlak többé látni!",Nyomás; akarlak; többé; látni,Chineses; Chineset; Czech; French; German; Italian; Japanese; Korean; Polish; Portuguese; Russian; Spanish; Turkish; Ukrainian; Vietnamese
prat_pratelsky_tak_delej__Ko20,9,"non-ASCII character(s) in English display | token(s) preserved across 3+ localized displays: pofázol, Húzz, innen | preserved token(s) also present in English reference",Mit pofázol? Húzz innen!,Mit pofázol? Húzz innen!,pofázol; Húzz; innen,Chineses; Chineset; Czech; French; German; Italian; Japanese; Korean; Polish; Portuguese; Russian; Spanish; Turkish; Ukrainian; Vietnamese
prat_pratelsky_tak_fajn_t_vjed,10,"non-ASCII character(s) in English display | token(s) preserved across 3+ localized displays: most, móresre, tanítalak, faszfej | preserved token(s) also present in English reference","Hát jó, most móresre tanítalak, faszfej!","Hát jó, most móresre tanítalak, faszfej!",most; móresre; tanítalak; faszfej,Chineses; Chineset; Czech; French; German; Italian; Japanese; Korean; Polish; Portuguese; Russian; Spanish; Turkish; Ukrainian; Vietnamese
prat_pratelsky_tak_jdi_po_mVgL,9,"non-ASCII character(s) in English display | token(s) preserved across 3+ localized displays: Gyerünk, mindig, figyellek | preserved token(s) also present in English reference","Gyerünk, még mindig figyellek!","Gyerünk, még mindig figyellek!",Gyerünk; mindig; figyellek,Chineses; Chineset; French; German; Italian; Japanese; Korean; Polish; Portuguese; Spanish; Turkish; Ukrainian; Vietnamese
prat_pratelsky_tak_ty_nep_TY14,10,"non-ASCII character(s) in English display | token(s) preserved across 3+ localized displays: Szóval, mégy, Ahogy, akarod, seggfej | preserved token(s) also present in English reference","Szóval nem mégy? Ahogy akarod, seggfej!","Szóval nem mégy? Ahogy akarod, seggfej!",Szóval; mégy; Ahogy; akarod; seggfej,Chineses; Chineset; Czech; French; German; Italian; Japanese; Korean; Polish; Portuguese; Russian; Spanish; Turkish; Ukrainian; Vietnamese
prat_pratelsky_und_jetzt__VG9z,9,"non-ASCII character(s) in English display | English reference/display differ | token(s) preserved across 3+ localized displays: jetzt, Scheißkerl | preserved token(s) also present in English reference","!P Und jetzt hau ab, du Scheisskerl!","Und jetzt hau ab, du Scheißkerl!",jetzt; Scheißkerl,Chineses; Chineset; Czech; French; German; Italian; Japanese; Korean; Polish; Portuguese; Russian; Spanish; Turkish; Ukrainian; Vietnamese
prat_pratelsky_uz_jsi_tad_4M4m,10,"non-ASCII character(s) in English display | token(s) preserved across 3+ localized displays: megint, ideevett, fene, Fordítsd, gebéd, tűnés | preserved token(s) also present in English reference",Már megint ideevett a fene?! Fordítsd meg a gebéd és tűnés!,Már megint ideevett a fene?! Fordítsd meg a gebéd és tűnés!,megint; ideevett; fene; Fordítsd; gebéd; tűnés,Chineses; Chineset; Czech; French; German; Italian; Japanese; Korean; Polish; Portuguese; Russian; Spanish; Turkish; Ukrainian; Vietnamese
prat_pratelsky_uz_jsi_zas_7rVg,10,"non-ASCII character(s) in English display | token(s) preserved across 3+ localized displays: megint, vagy, Húzz, francba | preserved token(s) also present in English reference",Már megint itt vagy?! Húzz el a francba!,Már megint itt vagy?! Húzz el a francba!,megint; vagy; Húzz; francba,Chineses; Chineset; Czech; French; German; Italian; Japanese; Korean; Polish; Portuguese; Russian; Spanish; Turkish; Ukrainian; Vietnamese
prat_pratelsky_velka_skod_gDUh,10,"non-ASCII character(s) in English display | token(s) preserved across 3+ localized displays: Nagyon, nagy, Bosszút, állok, érted | preserved token(s) also present in English reference",Nagyon nagy kár. Bosszút állok érted...,Nagyon nagy kár. Bosszút állok érted...,Nagyon; nagy; Bosszút; állok; érted,Chineses; Chineset; Czech; French; German; Italian; Japanese; Korean; Polish; Portuguese; Russian; Spanish; Turkish; Ukrainian; Vietnamese
prat_pratelsky_vem_si_toh_80ka,9,"non-ASCII character(s) in English display | token(s) preserved across 3+ localized displays: Fogd, lovat, tűnj | preserved token(s) also present in English reference",Fogd azt a lovat és tűnj el!,Fogd azt a lovat és tűnj el!,Fogd; lovat; tűnj,Chineses; Chineset; Czech; French; German; Italian; Japanese; Korean; Polish; Portuguese; Spanish; Turkish; Ukrainian; Vietnamese
prat_pratelsky_verdammte__bdyl,9,"non-ASCII character(s) in English display | English reference/display differ | token(s) preserved across 3+ localized displays: Verdammte, Hölle | preserved token(s) also present in English reference",!P Verdammte Hölle...,Verdammte Hölle ...,Verdammte; Hölle,Chineses; Chineset; Czech; French; German; Italian; Japanese; Korean; Polish; Portuguese; Russian; Spanish; Turkish; Ukrainian; Vietnamese
prat_pratelsky_votoc_toho_hTBa,10,"non-ASCII character(s) in English display | English reference/display differ | token(s) preserved across 3+ localized displays: Fordítsd, lovat, tűnj, innen, most, azonnal","Turn that horse around and get out of here, right now!","Fordítsd meg a lovat, és tűnj el innen, most azonnal!",Fordítsd; lovat; tűnj; innen; most; azonnal,Chineses; Chineset; French; German; Italian; Japanese; Korean; Polish; Portuguese; Russian; Spanish; Turkish; Ukrainian; Vietnamese
prat_pratelsky_vyzen_ho_n_cYtE,10,"non-ASCII character(s) in English display | token(s) preserved across 3+ localized displays: Zavard, vagy, szétverem, pofáját | preserved token(s) also present in English reference","Zavard el, vagy szétverem a pofáját!","Zavard el, vagy szétverem a pofáját!",Zavard; vagy; szétverem; pofáját,Chineses; Chineset; Czech; French; German; Italian; Japanese; Korean; Polish; Portuguese; Russian; Spanish; Turkish; Ukrainian; Vietnamese
prat_pratelsky_zase_jses__FZl8,10,"non-ASCII character(s) in English display | token(s) preserved across 3+ localized displays: Megint, vagy, Takarodj, fenébe | preserved token(s) also present in English reference",Megint itt vagy?! Takarodj a fenébe!,Megint itt vagy?! Takarodj a fenébe!,Megint; vagy; Takarodj; fenébe,Chineses; Chineset; Czech; French; German; Italian; Japanese; Korean; Polish; Portuguese; Russian; Spanish; Turkish; Ukrainian; Vietnamese
prat_pratelsky_zase_ty_zm_gNQW,9,"non-ASCII character(s) in English display | token(s) preserved across 3+ localized displays: megint, Takarodj, innen | preserved token(s) also present in English reference",Már megint te?! Takarodj innen!,Már megint te?! Takarodj innen!,megint; Takarodj; innen,Chineses; Chineset; Czech; French; German; Italian; Japanese; Korean; Polish; Portuguese; Russian; Spanish; Turkish; Ukrainian; Vietnamese
pred_jan_balsa_nasemu_str_cc5D,9,"non-ASCII character(s) in English display | English reference/display differ | token(s) preserved across 3+ localized displays: Predbor, Zimburg | preserved token(s) also present in English reference",It's a gesture… of goodwill… mother always had what you might call… a warm relationship with Uncle Predbor of Zimberg.,It's a gesture… of goodwill… mother always had what you might call… a warm relationship with Uncle Predbor of Zimburg.,Predbor; Zimburg,French; German; Italian; Portuguese; Spanish; Turkish; Vietnamese
pred_prekupnik_jaka_je_li_cxZK,10,"non-ASCII character(s) in English display | English reference/display differ | token(s) preserved across 3+ localized displays: Schön, verehrter, Herr | preserved token(s) also present in English reference","Gut, as you please, geehrter herr!","Schön, as you please, verehrter Herr!",Schön; verehrter; Herr,Chineses; Chineset; Czech; French; German; Italian; Korean; Polish; Portuguese; Spanish; Turkish; Ukrainian; Vietnamese
pric_zikmund_l_at_hned_se_AW3Q,10,"non-ASCII character(s) in English display | token(s) preserved across 3+ localized displays: Azonnal, gyűjtsék, össze, legjobb, katonáikat, keljenek, útra | preserved token(s) also present in English reference",Azonnal gyűjtsék össze a legjobb katonáikat és keljenek útra!,Azonnal gyűjtsék össze a legjobb katonáikat és keljenek útra!,Azonnal; gyűjtsék; össze; legjobb; katonáikat; keljenek; útra,Chineses; Chineset; Czech; French; German; Italian; Korean; Polish; Portuguese; Russian; Spanish; Turkish; Ukrainian; Vietnamese
prih_menhart_z_gut_gut_co_HRkV,9,"non-ASCII character(s) in English display | English reference/display differ | token(s) preserved across 3+ localized displays: schön, Disziplin | preserved token(s) also present in English reference","!P Gut, gut, noch another disziplin?",Na schön. Any other Disziplin?,schön; Disziplin,Czech; French; German; Italian; Portuguese; Russian; Spanish; Turkish; Ukrainian
prih_menhart_z_ucastni_bu_4CCe,9,"non-ASCII character(s) in English display | English reference/display differ | token(s) preserved across 3+ localized displays: natürlich, Kuttenberg | preserved token(s) also present in English reference","!P It's Kuttenberg tournament so Kuttenberg burgher will participate, natürlich.","Many local burghers, natürlich. It is a Kuttenberg tournament after all.",natürlich; Kuttenberg,Chineset; Czech; French; German; Italian; Polish; Portuguese; Russian; Spanish; Turkish; Ukrainian; Vietnamese
prij_npc_akcep_du_hast_gl_wlGv,9,"non-ASCII character(s) in English display | English reference/display differ | token(s) preserved across 3+ localized displays: Hast, Glück | preserved token(s) also present in English reference","!P Du hast Glück, Mann.",Hast du ein Glück.,Hast; Glück,Chineses; Chineset; Czech; French; German; Italian; Japanese; Korean; Polish; Portuguese; Russian; Spanish; Turkish; Ukrainian; Vietnamese
prij_npc_akcep_gut_aber_k_tVMt,11,"non-ASCII character(s) in English display | English reference/display differ | token(s) preserved across 3+ localized displays: aber, mach, keinen, Ärger | preserved token(s) also present in English reference","!P Gut, aber keinen Scheiss, Mann!","Gut, aber mach keinen Ärger!",aber; mach; keinen; Ärger,Chineses; Chineset; Czech; French; German; Italian; Japanese; Korean; Polish; Portuguese; Russian; Spanish; Turkish; Ukrainian; Vietnamese
prij_npc_akcep_mistes_gad_zDML,10,"non-ASCII character(s) in English display | English reference/display differ | token(s) preserved across 3+ localized displays: Mishtes, gadjo, mishtes | preserved token(s) also present in English reference","!T Mishtes, gadjo, mishtes…","Mishtes, gadjo, mishtes…",Mishtes; gadjo; mishtes,Chineses; Chineset; French; German; Italian; Japanese; Korean; Portuguese; Russian; Spanish; Turkish; Ukrainian; Vietnamese
prij_spizovaci_ven_hybaj__qoP9,10,"non-ASCII character(s) in English display | English reference/display differ | token(s) preserved across 3+ localized displays: Kifelé, Mozogj, nyomorult | preserved token(s) also present in English reference","!P Kifelé! Szaporán, te görény!",Kifelé! Mozogj te nyomorult!,Kifelé; Mozogj; nyomorult,Chineses; Chineset; Czech; French; German; Italian; Korean; Polish; Portuguese; Russian; Spanish; Turkish; Ukrainian; Vietnamese
prij_velitel_s_kurva_nese_63aw,11,"non-ASCII character(s) in English display | English reference/display differ | token(s) preserved across 3+ localized displays: pazaroljátok, időt, azzal, kibaszott, paraszttal | preserved token(s) also present in English reference",!P Ne pazaroljátok az időt azzal a kibaszott paraszttal!,Ne pazaroljátok az időt azzal a kibaszott paraszttal!,pazaroljátok; időt; azzal; kibaszott; paraszttal,Chineses; Chineset; Czech; French; German; Italian; Korean; Polish; Portuguese; Russian; Spanish; Turkish; Ukrainian; Vietnamese
prij_velitel_s_vyzente_je_BeVy,9,"non-ASCII character(s) in English display | English reference/display differ | token(s) preserved across 3+ localized displays: Hajtsátok, őket, Mindenkit",Drive them out! All of them!,Hajtsátok ki őket! Mindenkit!,Hajtsátok; őket; Mindenkit,Chineses; Chineset; Czech; French; German; Italian; Korean; Polish; Portuguese; Russian; Spanish; Turkish; Ukrainian; Vietnamese
pris_francek_ja_se_moc_vo_yydU,9,"non-ASCII character(s) in English display | English reference/display differ | token(s) preserved across 3+ localized displays: Tobias, Anton | preserved token(s) also present in English reference","I apologize profusely Father Tobias, Anton here…","I humbly apologise, Father Tobias, Anton here…",Tobias; Anton,Czech; French; German; Italian; Polish; Portuguese; Turkish; Vietnamese
priv_obchodnic_du_hast_gl_307i,10,"non-ASCII character(s) in English display | token(s) preserved across 3+ localized displays: hast, Glück, wollte, gerade, schließen | preserved token(s) also present in English reference","Du hast Glück, ich wollte gerade schließen.","Du hast Glück, ich wollte gerade schließen.",hast; Glück; wollte; gerade; schließen,Chineses; Chineset; Czech; French; German; Italian; Japanese; Korean; Polish; Portuguese; Russian; Spanish; Turkish; Ukrainian; Vietnamese
priv_obchodnic_ich_grusse_Rplb,10,"non-ASCII character(s) in English display | English reference/display differ | token(s) preserved across 3+ localized displays: gegrüßt, mein, Herr | preserved token(s) also present in English reference","!P Ich grüsse Sie, mein Herr.","Sei gegrüßt, mein Herr.",gegrüßt; mein; Herr,Chineses; Chineset; Czech; French; German; Italian; Japanese; Korean; Polish; Portuguese; Russian; Spanish; Turkish; Ukrainian; Vietnamese
priv_obchodnic_raus_betru_yAGH,9,"non-ASCII character(s) in English display | English reference/display differ | token(s) preserved across 3+ localized displays: Raus, Säufer | preserved token(s) also present in English reference","Raus, betrunken!","Raus mit dir, Säufer!",Raus; Säufer,Chineses; Chineset; Czech; French; German; Italian; Japanese; Korean; Polish; Portuguese; Russian; Spanish; Turkish; Ukrainian; Vietnamese
priv_obchodnic_schon_dich_sbfw,10,"non-ASCII character(s) in English display | English reference/display differ | token(s) preserved across 3+ localized displays: Schön, dich, sehen | preserved token(s) also present in English reference",Schön dich zu sehen.,"Schön, dich zu sehen.",Schön; dich; sehen,Chineses; Chineset; Czech; French; German; Italian; Japanese; Korean; Polish; Portuguese; Russian; Spanish; Turkish; Ukrainian; Vietnamese
priv_obchodnik_du_hast_gl_c5hG,11,"non-ASCII character(s) in English display | English reference/display differ | token(s) preserved across 3+ localized displays: hast, Glück, wollte, gerade, schließen | preserved token(s) also present in English reference","Du hast Glück, ich wollte gerade schliessen.","Du hast Glück, ich wollte gerade schließen.",hast; Glück; wollte; gerade; schließen,Chineses; Chineset; Czech; French; German; Italian; Japanese; Korean; Polish; Portuguese; Russian; Spanish; Turkish; Ukrainian; Vietnamese
priv_obchodnik_ich_grusse_qguD,10,"non-ASCII character(s) in English display | English reference/display differ | token(s) preserved across 3+ localized displays: gegrüßt, mein, Herr | preserved token(s) also present in English reference","!P Ich grüsse Sie, mein Herr.","Sei gegrüßt, mein Herr.",gegrüßt; mein; Herr,Chineses; Chineset; Czech; French; German; Italian; Japanese; Korean; Polish; Portuguese; Russian; Spanish; Turkish; Ukrainian; Vietnamese
priv_obchodnik_raus_betru_Q5cz,9,"non-ASCII character(s) in English display | English reference/display differ | token(s) preserved across 3+ localized displays: Raus, Säufer | preserved token(s) also present in English reference","Raus, betrunken!","Raus mit dir, Säufer!",Raus; Säufer,Chineses; Chineset; Czech; French; German; Italian; Korean; Polish; Portuguese; Russian; Spanish; Turkish; Ukrainian; Vietnamese
priv_obchodnik_schon_dich_kS9y,10,"non-ASCII character(s) in English display | English reference/display differ | token(s) preserved across 3+ localized displays: Schön, dich, sehen | preserved token(s) also present in English reference",Schön dich zu sehen.,"Schön, dich zu sehen.",Schön; dich; sehen,Chineses; Chineset; Czech; French; German; Italian; Japanese; Korean; Polish; Portuguese; Russian; Spanish; Turkish; Ukrainian; Vietnamese
priv_opat_jan__ale_samozr_ICUJ,9,"non-ASCII character(s) in English display | English reference/display differ | token(s) preserved across 3+ localized displays: Henry, Petromil | preserved token(s) also present in English reference","Of course. If you’d like, Henry, just ask Brother Petromil.","Of course. If you’d like, Henry, just ask Monk Petromil.",Henry; Petromil,French; German; Italian; Portuguese; Spanish; Turkish; Vietnamese
priv_opat_jan__cau_panove_bWTC,9,"non-ASCII character(s) in English display | English reference/display differ | token(s) preserved across 3+ localized displays: Albich, Padua | preserved token(s) also present in English reference","Greetings, Master Albich. I heard you returned from Padua. Truth be told, I didn’t expect you.","Greetings, Master Albich. I heard you returned from Padua. But truth be told, I didn’t expect you.",Albich; Padua,French; German; Italian; Portuguese; Spanish; Turkish; Vietnamese
priv_opat_jan__dva_bratri_B7LN,10,"non-ASCII character(s) in English display | English reference/display differ | token(s) preserved across 3+ localized displays: Stephen, Jaroslav, scriptorium | preserved token(s) also present in English reference","Two are members of the monastery. Confessor Stephen and brother Jaroslav, who works in the scriptorium…","Two are members of the monastery. Confessor Stephen and Brother Jaroslav, who works in the scriptorium…",Stephen; Jaroslav; scriptorium,Czech; French; German; Italian; Portuguese; Spanish; Turkish; Vietnamese
proh_dlc2_stre_oh_ja_sehe_wKjt,9,"non-ASCII character(s) in English display | English reference/display differ | token(s) preserved across 3+ localized displays: warst, völlig, unterlegen",Oh ja! Sehen und sterben! Tohle stálo za to.,Oh ja! Du warst mir völlig unterlegen! That was worth it.,warst; völlig; unterlegen,Chineses; Chineset; French; German; Italian; Korean; Polish; Portuguese; Russian; Spanish; Turkish; Ukrainian
prov_kuman_pro_muzes_si_t_94ja,9,"non-ASCII character(s) in English display | token(s) preserved across 3+ localized displays: Erre, varrjál, paszományt | preserved token(s) also present in English reference",Erre varrjál paszományt!,Erre varrjál paszományt!,Erre; varrjál; paszományt,Chineses; Chineset; Czech; German; Italian; Japanese; Korean; Polish; Portuguese; Russian; Spanish; Turkish; Ukrainian; Vietnamese
prov_kuman_pro_podriznu_te_sWpv,9,"non-ASCII character(s) in English display | token(s) preserved across 3+ localized displays: Felaprítlak, mint, csirkét | preserved token(s) also present in English reference","Felaprítlak, mint egy csirkét!","Felaprítlak, mint egy csirkét!",Felaprítlak; mint; csirkét,Chineses; Chineset; Czech; German; Italian; Japanese; Korean; Polish; Portuguese; Russian; Spanish; Turkish; Ukrainian; Vietnamese
prov_kuman_pro_se_mnou_se_wbOo,9,"non-ASCII character(s) in English display | token(s) preserved across 3+ localized displays: Velem, akarj, szórakozni | preserved token(s) also present in English reference",Velem ne akarj szórakozni...,Velem ne akarj szórakozni...,Velem; akarj; szórakozni,Chineses; Chineset; Czech; German; Italian; Japanese; Korean; Polish; Portuguese; Russian; Spanish; Turkish; Ukrainian; Vietnamese
prov_kuman_pro_se_mnou_si_RHUE,9,"non-ASCII character(s) in English display | token(s) preserved across 3+ localized displays: volt, belém, kötnöd | preserved token(s) also present in English reference",Kár volt belém kötnöd...,Kár volt belém kötnöd...,volt; belém; kötnöd,Chineses; Chineset; Czech; French; German; Italian; Japanese; Korean; Polish; Portuguese; Russian; Spanish; Turkish; Ukrainian; Vietnamese
prov_kuman_pro_tos_neceka_HjQ7,9,"non-ASCII character(s) in English display | token(s) preserved across 3+ localized displays: Erre, számítottál, ugye | preserved token(s) also present in English reference","Erre nem számítottál, ugye?","Erre nem számítottál, ugye?",Erre; számítottál; ugye,Chineses; Chineset; Czech; French; German; Italian; Japanese; Korean; Polish; Portuguese; Russian; Spanish; Turkish; Ukrainian; Vietnamese
prov_kuman_pro_utikej_chl_9VQc,9,"non-ASCII character(s) in English display | token(s) preserved across 3+ localized displays: Fuss, csak, öcsike | preserved token(s) also present in English reference","Fuss csak, öcsike!","Fuss csak, öcsike!",Fuss; csak; öcsike,Chineses; Chineset; Czech; German; Italian; Japanese; Korean; Polish; Portuguese; Russian; Spanish; Turkish; Ukrainian; Vietnamese
prst_bohuta_npc_pater_nos_hBuJ,9,"non-ASCII character(s) in English display | token(s) preserved across 3+ localized displays: Pater, noster, cælis | preserved token(s) also present in English reference","Pater noster, qui es in cælis...","Pater noster, qui es in cælis...",Pater; noster; cælis,Chineses; Chineset; Czech; French; German; Italian; Korean; Polish; Portuguese; Russian; Spanish; Turkish; Ukrainian; Vietnamese
prvn_malir_bez_se_podivat_5zq4,9,"non-ASCII character(s) in English display | English reference/display differ | token(s) preserved across 3+ localized displays: Vidlak, Tachov | preserved token(s) also present in English reference","Go to the pond called Vidlak, north of Tachov, and talk to the old woman who lives there. You’ll find the place easily - they tan hides there, and you’ll smell it from miles away.","Go to Vidlak Pond, north of Tachov, and talk to the old woman who lives there. You’ll find the place easily - they tan hides there, so you’ll smell it from miles away.",Vidlak; Tachov,French; German; Italian; Portuguese; Spanish; Turkish; Vietnamese
prvn_malir_musis_se_vydat_WNSf,9,"non-ASCII character(s) in English display | English reference/display differ | token(s) preserved across 3+ localized displays: Tachov, Vidlak | preserved token(s) also present in English reference","West of Tachov, by Vidlak Pond, among the tanners. You’ll know it by the stench. I barely kept my lunch down myself.","West of Tachov, by Vidlak Pond, among the tanners. You’ll know it by the stench. It nearly turned my stomach inside out!",Tachov; Vidlak,French; German; Italian; Portuguese; Spanish; Turkish; Vietnamese
prvn_malir_pokud_si_to_do_YPhH,9,"non-ASCII character(s) in English display | English reference/display differ | token(s) preserved across 3+ localized displays: Troskowitz, Thrush | preserved token(s) also present in English reference","If I remember correctly, it was the bailiff from Troskowitz. And that means something. I've heard Thrush isn’t one to part with his money easily.","If I remember correctly, it was the bailiff of Troskowitz. And that means something. I've heard Thrush isn’t one to part with his money easily.",Troskowitz; Thrush,French; German; Italian; Portuguese; Turkish; Vietnamese
prvn_vasko_dcera_jeho_ses_mROW,11,"non-ASCII character(s) in English display | English reference/display differ | token(s) preserved across 3+ localized displays: Julia, Mennyei, szép, Bellisima | preserved token(s) also present in English reference","!P Daughter of his sister was Julia. Mennyei szép Julia. Bellisima, as they say there!","Daughter of his sister was Julia. Mennyei szép Julia. Bellisima, as they say there!",Julia; Mennyei; szép; Bellisima,Chineses; Chineset; Czech; French; German; Italian; Korean; Polish; Portuguese; Russian; Spanish; Turkish; Ukrainian; Vietnamese
prvn_vasko_menekulsz_mind_wKGB,11,"non-ASCII character(s) in English display | English reference/display differ | token(s) preserved across 3+ localized displays: Minden, elől, elszökhetsz, csak, múltad | preserved token(s) also present in English reference","Menekülsz minden elől, csak nem a múltad elől.","Minden elől elszökhetsz, csak a múltad elől nem.",Minden; elől; elszökhetsz; csak; múltad,Chineses; Chineset; Czech; French; German; Italian; Korean; Polish; Portuguese; Russian; Spanish; Turkish; Ukrainian; Vietnamese
ptac_brabant_no_koneckonc_gm4d,9,"non-ASCII character(s) in English display | token(s) preserved across 3+ localized displays: après, tout, plan | preserved token(s) also present in English reference","Well, après tout… The more daring the plan, the greater the fame that awaits us!","Well, après tout… The more daring the plan, the greater the fame that awaits us!",après; tout; plan,Chineses; Chineset; Czech; French; German; Italian; Korean; Polish; Portuguese; Russian; Spanish; Turkish; Ukrainian
ptac_brabant_pak_jen_otev_cX0X,10,"non-ASCII character(s) in English display | English reference/display differ | token(s) preserved across 3+ localized displays: voilà, John, Hawkwood | preserved token(s) also present in English reference","Then simply open the gate and there we are, gone! Just like I escaped when surrounded by the English dog John Hawkwood!","Then you simply open the gate et voilà, we are gone! Just like I escaped when surrounded by that English dog John Hawkwood!",voilà; John; Hawkwood,Chineses; Chineset; Czech; French; German; Italian; Korean; Polish; Portuguese; Russian; Spanish; Turkish; Ukrainian; Vietnamese
ptac_brabant_rikal_mi_ze__e6sl,11,"non-ASCII character(s) in English display | English reference/display differ | token(s) preserved across 3+ localized displays: Monsieur, Chapon, Nebakov, Trosky | preserved token(s) also present in English reference","He told me it makes him sick. After all you experienced in Nebakov and Trosky, I even understand him…","Monsieur Chapon told me it makes him feel not good. After all you went through in Nebakov and Trosky, I understand him…",Monsieur; Chapon; Nebakov; Trosky,Chineses; Chineset; Czech; French; German; Italian; Polish; Portuguese; Spanish; Turkish; Ukrainian; Vietnamese
ptac_henry_ha_tue_stelle__fyoU,9,"non-ASCII character(s) in English display | English reference/display differ | token(s) preserved across 3+ localized displays: belleza, abaghlia | preserved token(s) also present in English reference",!P La tua belleza mi… Mi abaghlia!,La tua belleza mi… Mi abaghlia!,belleza; abaghlia,Chineses; Chineset; Czech; French; German; Italian; Korean; Polish; Portuguese; Russian; Spanish; Turkish; Ukrainian; Vietnamese
ptac_henry_za_to_ty_ses_n_hnP9,9,"non-ASCII character(s) in English display | token(s) preserved across 3+ localized displays: Hans, Capon, Pirkstein | preserved token(s) also present in English reference","Well, you haven't been idle. Sir Hans Capon of Pirkstein, envoy to the Royal Hetman… and poacher.","Well, you haven't been idle. Sir Hans Capon of Pirkstein, envoy to the Royal Hetman… and poacher.",Hans; Capon; Pirkstein,French; German; Italian; Portuguese; Spanish; Turkish; Vietnamese
ptac_kurtyzana_a_taky_v_k_ScT7,11,"non-ASCII character(s) in English display | English reference/display differ | token(s) preserved across 3+ localized displays: Kuttenberg, Pisek, Vienna, Hradetz, Louny, Kolin, Podiebrad | preserved token(s) also present in English reference","And in Kuttenberg, Pisek, Wien, Hradetz, Laun, Kolin, Podiebrad…","And in Kuttenberg, Pisek, Vienna, Hradetz, Louny, Kolin, Podiebrad…",Kuttenberg; Pisek; Vienna; Hradetz; Louny; Kolin; Podiebrad,French; German; Italian; Portuguese; Spanish; Turkish; Vietnamese
ptac_ptacek_ml_jak_ja_nes_pQm6,9,"non-ASCII character(s) in English display | token(s) preserved across 3+ localized displays: Comme, déteste, paysans | preserved token(s) also present in English reference",Comme je déteste les paysans!,Comme je déteste les paysans!,Comme; déteste; paysans,Chineses; Chineset; Czech; French; German; Italian; Japanese; Korean; Polish; Portuguese; Russian; Spanish; Turkish; Ukrainian; Vietnamese
ptac_ptacek_vi_dobre_moc__Sbja,10,"non-ASCII character(s) in English display | English reference/display differ | token(s) preserved across 3+ localized displays: C'est, Très, bien | preserved token(s) also present in English reference",!P C'est bon! Très bien!,C'est bon! Très bien!,C'est; Très; bien,Chineses; Chineset; Czech; French; German; Italian; Japanese; Korean; Polish; Russian; Spanish; Turkish; Ukrainian; Vietnamese
ptac_ptacek_vi_jen_mu_dej_B7sv,10,"non-ASCII character(s) in English display | English reference/display differ | token(s) preserved across 3+ localized displays: Donne-lui, fils, pute | preserved token(s) also present in English reference","!P Donne-lui ça, fils de pute!","Donne-lui ça, fils de pute!",Donne-lui; fils; pute,Chineses; Chineset; Czech; French; German; Italian; Japanese; Korean; Polish; Portuguese; Russian; Spanish; Turkish; Ukrainian; Vietnamese
ptac_ptacek_vi_jo_poveden_JIZz,10,"non-ASCII character(s) in English display | English reference/display differ | token(s) preserved across 3+ localized displays: Touché, Joli, coup | preserved token(s) also present in English reference",!P Touché! Joli coup!,Touché! Joli coup!,Touché; Joli; coup,Chineses; Chineset; Czech; French; German; Italian; Japanese; Korean; Polish; Portuguese; Russian; Spanish; Turkish; Ukrainian; Vietnamese
pusk_puskar_el_je_to_ostu_tmGi,11,"non-ASCII character(s) in English display | English reference/display differ | token(s) preserved across 3+ localized displays: eine, Schande, Herr, König | preserved token(s) also present in English reference","!P It is ein Schande, when outlaws have better weapons than the city garrison! And Herr König also knows of this too!",It is eine Schande when outlaws have better weapons than the city garrison! And Herr König surely knows this too!,eine; Schande; Herr; König,Chineses; Chineset; Czech; French; German; Italian; Korean; Polish; Portuguese; Russian; Spanish; Turkish; Ukrainian; Vietnamese
pusk_puskar_el_na_to_ze_p_Pe1g,9,"non-ASCII character(s) in English display | English reference/display differ | token(s) preserved across 3+ localized displays: Hynek, Hakenbüchse | preserved token(s) also present in English reference",!P I am saying that the bandits who freed Hynek the Dry Devil used that thing… that Hakenbüchse.,I am saying that the bandits who freed Hynek the Dry Devil used that thing… that Hakenbüchse.,Hynek; Hakenbüchse,Chineset; Czech; French; German; Italian; Korean; Polish; Portuguese; Russian; Spanish; Turkish; Ukrainian; Vietnamese
pusk_puskar_el_nikdo_neza_XJt1,9,"non-ASCII character(s) in English display | English reference/display differ | token(s) preserved across 3+ localized displays: König, Armee | preserved token(s) also present in English reference","!P Nobody has done anything about that and as far as I know, there's been no investigation. Herr König minds his one day he will withdraw his Militär.","Nobody dealt with them or, as far as I know, even started investigating. Der König has his own concerns at home and one day he will withdraw his Armee.",König; Armee,Chineses; Chineset; Czech; French; German; Italian; Polish; Portuguese; Russian; Spanish; Turkish; Ukrainian
pusk_tovarys_p_heled_je_t_xCoa,10,"non-ASCII character(s) in English display | English reference/display differ | token(s) preserved across 3+ localized displays: Kuttenberg, Loshany, Kolín | preserved token(s) also present in English reference","Well, it’s honestly a boring story. I came to Kuttenberg from Lošany, just outside Kolín.","Well, it’s honestly a boring story. I came to Kuttenberg from Loshany, just outside Kolín.",Kuttenberg; Loshany; Kolín,French; Italian; Portuguese; Spanish; Turkish; Vietnamese
ques_quest_tip_a_ja_taky__5RBh,10,"non-ASCII character(s) in English display | English reference/display differ | token(s) preserved across 3+ localized displays: Goldstück, Eisernen, Adler | preserved token(s) also present in English reference","Try asking Geldschtick, he owns the Zum Eisen Adler tavern.","Try asking Goldstück, he owns the Zum Eisernen Adler.",Goldstück; Eisernen; Adler,Chineset; Czech; French; German; Italian; Korean; Polish; Portuguese; Russian; Spanish; Turkish; Ukrainian; Vietnamese
ques_quest_tip_a_v_tachov_4JJK,11,"non-ASCII character(s) in English display | English reference/display differ | token(s) preserved across 3+ localized displays: hätte, auch, noch, kleines | preserved token(s) also present in English reference",Und ich hätte auch etwas… a smaller sort of job.,Und ich hätte da auch noch ein kleines… a smaller sort of job.,hätte; auch; noch; kleines,Chineses; Chineset; Czech; French; German; Italian; Korean; Polish; Portuguese; Russian; Spanish; Turkish; Ukrainian
ques_quest_tip_a_ve_chmel_sr1Q,11,"non-ASCII character(s) in English display | English reference/display differ | token(s) preserved across 3+ localized displays: habe, auch, gehört, Haus, Hoprink | preserved token(s) also present in English reference","!P Und ich habe auch gehört, that one woman wants to repair the Haus in Hops Street where was a baths.",Und ich habe auch gehört some woman wants to fix up the Haus in the Hoprink that used to be a bathhouse.,habe; auch; gehört; Haus; Hoprink,Chineses; Chineset; Czech; French; Italian; Korean; Polish; Portuguese; Russian; Spanish; Turkish; Ukrainian; Vietnamese
ques_quest_tip_ja_einfach_i1V7,9,"non-ASCII character(s) in English display | English reference/display differ | token(s) preserved across 3+ localized displays: Dobrosh, hörst | preserved token(s) also present in English reference","!P Ja, and Dobrosh takes it as a personal disgrace. So go easy on him, verstehst?","Ja, and Dobrosh takes it as a personal offence. So go easy on him, hörst du?",Dobrosh; hörst,Chineses; Chineset; Czech; French; Italian; Korean; Polish; Portuguese; Russian; Spanish; Turkish; Vietnamese
ques_quest_tip_jo_taky_se_QGjl,11,"non-ASCII character(s) in English display | English reference/display differ | token(s) preserved across 3+ localized displays: dann, fällt, noch, etwas, Schwertmeister, Nikolas, Wettstreit | preserved token(s) also present in English reference",!P Und dann fällt mir noch etwas ein. I have heard Fechtmeister Niklaus complaining about some Wettbewerb...,Und dann fällt mir noch etwas ein. I have heard Schwertmeister Nikolas complaining about some Wettstreit…,dann; fällt; noch; etwas; Schwertmeister; Nikolas; Wettstreit,Chineses; Chineset; Czech; French; German; Italian; Korean; Polish; Portuguese; Russian; Spanish; Turkish; Ukrainian; Vietnamese
ques_quest_tip_jo_taky_se_RKMo,10,"non-ASCII character(s) in English display | English reference/display differ | token(s) preserved across 3+ localized displays: wäre, noch, etwas | preserved token(s) also present in English reference",!P Und dann gibt es da noch etwas...,Und da wäre noch etwas...,wäre; noch; etwas,Chineses; Chineset; Czech; French; German; Italian; Korean; Polish; Portuguese; Russian; Spanish; Turkish; Ukrainian; Vietnamese
ques_quest_tip_nedavno_se_RpX6,11,"non-ASCII character(s) in English display | English reference/display differ | token(s) preserved across 3+ localized displays: soll, sagen, Scheißkerl, Chertan | preserved token(s) also present in English reference","!P Also, nicht viel. After our lord paid ransom for us to that Scheißkerl Chertan, there is peace here, fortunately.","Was soll ich sagen. After our lord paid ransom for us to that Scheißkerl Chertan, there is peace here, fortunately.",soll; sagen; Scheißkerl; Chertan,Chineses; Chineset; Czech; French; German; Italian; Korean; Polish; Portuguese; Russian; Spanish; Turkish; Ukrainian; Vietnamese
ques_quest_tip_no_hned_ta_IOnZ,10,"non-ASCII character(s) in English display | English reference/display differ | token(s) preserved across 3+ localized displays: Eisernen, Adler, Goldstück | preserved token(s) also present in English reference","Go have a beer sometime at the Zum Eisen Adler and talk to Geldschtick, who owns the place.","Go and have a beer sometime at the Zum Eisernen Adler, and talk to Goldstück, the owner.",Eisernen; Adler; Goldstück,Chineset; Czech; French; German; Italian; Korean; Polish; Portuguese; Russian; Spanish; Turkish; Ukrainian; Vietnamese
ques_quest_tip_no_jo_vazn_Jrq5,11,"non-ASCII character(s) in English display | English reference/display differ | token(s) preserved across 3+ localized displays: wahr, völlig, ahnungslos, haha | preserved token(s) also present in English reference","!P Ja, das stimmt! Everyone is talking about it, and the priest does not know what to do. Er ist völlig ahnungslos, haha!","Es ist wahr! Everyone is talking about it, and the priest does not know what to do. Er ist völlig ahnungslos, haha!",wahr; völlig; ahnungslos; haha,Chineses; Chineset; Czech; French; German; Italian; Korean; Polish; Portuguese; Russian; Spanish; Turkish; Ukrainian
ques_quest_tip_no_jo_vazn_fHK4,11,"non-ASCII character(s) in English display | English reference/display differ | token(s) preserved across 3+ localized displays: stimmt, völlig, ahnungslos, haha | preserved token(s) also present in English reference","!P Ja, das stimmt! Everyone is talking about it, and the priest does not know what to do. Er ist völlig ahnungslos, haha!","Ja, das stimmt! Everyone is talking about it, and the priest does not know what to do. Er ist völlig ahnungslos, haha!",stimmt; völlig; ahnungslos; haha,Chineses; Chineset; Czech; French; German; Italian; Korean; Polish; Portuguese; Russian; Spanish; Turkish; Ukrainian
ques_quest_tip_prej_ve_me_Sx3d,10,"non-ASCII character(s) in English display | English reference/display differ | token(s) preserved across 3+ localized displays: habe, gehört, Hoprink | preserved token(s) also present in English reference",Ich habe gehört that some woman is repairing the old bathhouse in Hops Street.,Ich habe gehört some woman is repairing the old bathhouse in the Hoprink.,habe; gehört; Hoprink,Chineses; Chineset; Czech; French; Italian; Korean; Polish; Portuguese; Russian; Spanish; Turkish; Ukrainian
ques_quest_tip_slysel_si__6psP,11,"non-ASCII character(s) in English display | English reference/display differ | token(s) preserved across 3+ localized displays: Hast, schon, Neueste, gehört | preserved token(s) also present in English reference",!P Haben Sie schon von dieser neuen Sache gehört? I heard they found a dragon nearby!,Hast du schon das Neueste gehört? I heard they found a dragon nearby!,Hast; schon; Neueste; gehört,Chineses; Chineset; Czech; French; German; Italian; Korean; Polish; Portuguese; Russian; Spanish; Turkish; Ukrainian
ques_quest_tip_slysel_si__TosH,11,"non-ASCII character(s) in English display | English reference/display differ | token(s) preserved across 3+ localized displays: Haben, schon, dieser, neuen, Sache, gehört | preserved token(s) also present in English reference",!P Haben Sie schon von dieser neuen Sache gehört? I heard they found a dragon not far from here!,Haben Sie schon von dieser neuen Sache gehört? I heard they found a dragon not far from here!,Haben; schon; dieser; neuen; Sache; gehört,Chineses; Chineset; Czech; French; German; Italian; Korean; Polish; Portuguese; Russian; Spanish; Turkish; Ukrainian
ques_quest_tip_stezovat_s_YMRA,10,"non-ASCII character(s) in English display | English reference/display differ | token(s) preserved across 3+ localized displays: König, Wenzel, Schwertkampf | preserved token(s) also present in English reference","!P König Wenzel sent him here to teach Fechtkunst… swordfighting, understand?","König Wenzel sent him here to teach Schwertkampf… swordfighting, understand?",König; Wenzel; Schwertkampf,Chineses; Chineset; Czech; French; German; Italian; Korean; Polish; Portuguese; Russian; Spanish; Turkish; Ukrainian; Vietnamese
ques_quest_tip_stezovat_s_miXh,10,"non-ASCII character(s) in English display | English reference/display differ | token(s) preserved across 3+ localized displays: Schwertmeister, Frankfurt, Ärger | preserved token(s) also present in English reference",!P It seems some new Fechtmeisteren came from Frankfurt and they are hanging around the Merchants' Street and making some schreckliche Schweinerei.,It seems some new Schwertmeister came from Frankfurt and they are hanging around the Merchants' Street and making Ärger.,Schwertmeister; Frankfurt; Ärger,Chineses; Czech; French; German; Italian; Polish; Portuguese; Russian; Spanish; Turkish; Ukrainian; Vietnamese
ques_quest_tip_tak_snad_t_MtH6,11,"non-ASCII character(s) in English display | English reference/display differ | token(s) preserved across 3+ localized displays: wenig, braucht, einen, Mann, glücklich, machen | preserved token(s) also present in English reference","!P Wie wenig es braucht, um einen Mann glücklich zu machen.","Wie wenig es braucht, um einen Mann glücklich zu machen.",wenig; braucht; einen; Mann; glücklich; machen,Chineses; Chineset; Czech; French; German; Italian; Japanese; Korean; Polish; Portuguese; Russian; Spanish; Turkish; Ukrainian; Vietnamese
ques_quest_tip_tezko_rict_ZD21,9,"non-ASCII character(s) in English display | English reference/display differ | token(s) preserved across 3+ localized displays: dürfen, gespannt, sein",!P Who knows how things will turn out? Das wird ein großer Spaß.,Who knows how things will turn out? Wir dürfen gespannt sein.,dürfen; gespannt; sein,Chineses; Chineset; Czech; French; German; Italian; Korean; Polish; Portuguese; Russian; Spanish; Turkish
ques_quest_tip_und_dann_i_W1gu,10,"non-ASCII character(s) in English display | English reference/display differ | token(s) preserved across 3+ localized displays: dann, noch, Unerhörte | preserved token(s) also present in English reference",!P Und dann ist da noch das Unerhörte! Apparently they found a dragon nearby!,Und dann ist da noch das Unerhörte! Apparently they found a dragon nearby!,dann; noch; Unerhörte,Chineses; Chineset; Czech; French; German; Italian; Korean; Polish; Portuguese; Russian; Spanish; Turkish; Ukrainian
rand_hledani_p_ale_slysel_iVk5,9,"non-ASCII character(s) in English display | English reference/display differ | token(s) preserved across 3+ localized displays: Kopanina, Siegfried | preserved token(s) also present in English reference","I hear now they're somewhere by Kopanina. But Wolfram who worked over there is dead, so he can't tell you much about them…","I hear now they're somewhere by Kopanina. But Siegfried who worked over there is dead, so he can't tell you much about them…",Kopanina; Siegfried,French; German; Italian; Portuguese; Spanish; Turkish; Vietnamese
ras__henry_nevis_co_se_st_Cg3J,9,"non-ASCII character(s) in English display | English reference/display differ | token(s) preserved across 3+ localized displays: Tankard, Konrad | preserved token(s) also present in English reference",Do you know what happened with the bodies near the pond? With Tankard and Konrad…,"Do you know what happened with the bodies from near the pond? Tankard, Konrad…",Tankard; Konrad,French; German; Italian; Portuguese; Spanish; Turkish; Vietnamese
reak_kuman_kom_a_to_bylo__z9pu,10,"non-ASCII character(s) in English display | token(s) preserved across 3+ localized displays: Csak, ennyi, volt, Juhééé | preserved token(s) also present in English reference",Csak ennyi volt? Juhééé!,Csak ennyi volt? Juhééé!,Csak; ennyi; volt; Juhééé,Chineses; Chineset; Czech; French; German; Italian; Japanese; Korean; Polish; Portuguese; Russian; Spanish; Turkish; Ukrainian; Vietnamese
reak_kuman_kom_aa_slava_b_YMNy,9,"non-ASCII character(s) in English display | token(s) preserved across 3+ localized displays: dicsőség, irgalmas, Istennek | preserved token(s) also present in English reference","Ó, dicsőség az irgalmas Istennek!","Ó, dicsőség az irgalmas Istennek!",dicsőség; irgalmas; Istennek,Chineses; Chineset; Czech; French; German; Italian; Japanese; Korean; Polish; Portuguese; Russian; Spanish; Turkish; Ukrainian; Vietnamese
reak_kuman_kom_diky_diky__VdKK,10,"non-ASCII character(s) in English display | token(s) preserved across 3+ localized displays: déli, szélre, mondom, köszönöm | preserved token(s) also present in English reference","A déli szélre mondom, köszönöm.","A déli szélre mondom, köszönöm.",déli; szélre; mondom; köszönöm,Chineses; Chineset; Czech; French; German; Italian; Japanese; Korean; Polish; Portuguese; Russian; Spanish; Turkish; Ukrainian; Vietnamese
reak_kuman_kom_diky_slito_89e1,10,"non-ASCII character(s) in English display | token(s) preserved across 3+ localized displays: Köszönöm, irgalmas, Szűzanyám, köszönöm | preserved token(s) also present in English reference","Köszönöm, irgalmas Szűzanyám, köszönöm!","Köszönöm, irgalmas Szűzanyám, köszönöm!",Köszönöm; irgalmas; Szűzanyám; köszönöm,Chineses; Chineset; Czech; French; German; Italian; Japanese; Korean; Polish; Portuguese; Russian; Spanish; Turkish; Ukrainian; Vietnamese
reak_kuman_kom_dobry_boj__w0YE,10,"non-ASCII character(s) in English display | token(s) preserved across 3+ localized displays: csata, volt, Isten, tanúm | preserved token(s) also present in English reference","Jó csata volt, Isten a tanúm!","Jó csata volt, Isten a tanúm!",csata; volt; Isten; tanúm,Chineses; Chineset; Czech; French; German; Italian; Japanese; Korean; Polish; Portuguese; Russian; Spanish; Turkish; Ukrainian; Vietnamese
reak_kuman_kom_nemel_sanc_tg6q,9,"non-ASCII character(s) in English display | token(s) preserved across 3+ localized displays: Esélyed, volt, faszszopó | preserved token(s) also present in English reference","Esélyed sem volt, te faszszopó!","Esélyed sem volt, te faszszopó!",Esélyed; volt; faszszopó,Chineses; Chineset; Czech; French; German; Italian; Japanese; Korean; Polish; Portuguese; Russian; Spanish; Turkish; Ukrainian; Vietnamese
reak_kuman_kom_sakra_moc__10s5,10,"non-ASCII character(s) in English display | token(s) preserved across 3+ localized displays: francba, hiányzott, kibaszott, faszszopó | preserved token(s) also present in English reference","A francba, nem sok hiányzott, te kibaszott faszszopó.","A francba, nem sok hiányzott, te kibaszott faszszopó.",francba; hiányzott; kibaszott; faszszopó,Chineses; Chineset; Czech; French; German; Italian; Japanese; Korean; Polish; Portuguese; Russian; Spanish; Turkish; Ukrainian; Vietnamese
reak_kuman_kom_u_tengriho_3P8q,9,"non-ASCII character(s) in English display | token(s) preserved across 3+ localized displays: Tengri, szemöldökére, kész | preserved token(s) also present in English reference","Tengri szemöldökére, kész van!","Tengri szemöldökére, kész van!",Tengri; szemöldökére; kész,Chineses; Chineset; Czech; French; German; Italian; Japanese; Korean; Polish; Portuguese; Russian; Spanish; Turkish; Ukrainian; Vietnamese
reak_kuman_kom_u_vsech_de_Xmm9,10,"non-ASCII character(s) in English display | token(s) preserved across 3+ localized displays: összes, démonra, mondom, átkozottul, kevésen, múlott | preserved token(s) also present in English reference","Az összes démonra mondom, ez átkozottul kevésen múlott!","Az összes démonra mondom, ez átkozottul kevésen múlott!",összes; démonra; mondom; átkozottul; kevésen; múlott,Chineses; Chineset; Czech; French; German; Italian; Japanese; Korean; Polish; Portuguese; Russian; Spanish; Turkish; Ukrainian; Vietnamese
reak_kuman_kom_uch_neceka_qrlF,10,"non-ASCII character(s) in English display | token(s) preserved across 3+ localized displays: váratlanul, kemény, volt, fattyú | preserved token(s) also present in English reference","Uh, váratlanul kemény volt a fattyú.","Uh, váratlanul kemény volt a fattyú.",váratlanul; kemény; volt; fattyú,Chineses; Chineset; Czech; French; German; Italian; Japanese; Korean; Polish; Portuguese; Russian; Spanish; Turkish; Ukrainian; Vietnamese
reak_kutnohors_kdybys_rad_5XVM,9,"non-ASCII character(s) in English display | token(s) preserved across 3+ localized displays: Kdybys, radši, doma, seděl",,Kdybys radši doma seděl!,Kdybys; radši; doma; seděl,Chineses; Chineset; Czech; French; German; Italian; Japanese; Korean; Polish; Portuguese; Russian; Spanish; Turkish; Ukrainian; Vietnamese
reak_soldier_k_eh_gott_se_d6Fs,10,"non-ASCII character(s) in English display | English reference/display differ | token(s) preserved across 3+ localized displays: Gott, Dank, diesen | preserved token(s) also present in English reference","!P Eh, Gott sei Dank für diesen Tag.","Oh, Gott, hab Dank für diesen Tag.",Gott; Dank; diesen,Chineses; Chineset; Czech; French; German; Italian; Japanese; Korean; Polish; Portuguese; Russian; Spanish; Turkish; Ukrainian; Vietnamese
reak_soldier_k_es_ist_vor_L2xk,11,"non-ASCII character(s) in English display | English reference/display differ | token(s) preserved across 3+ localized displays: vorbei, aber, nicht, blute | preserved token(s) also present in English reference","!P Es ist vorbei, aber das ist nicht gut... Ich blute.","Es ist vorbei, aber das ist nicht gut … Ich blute.",vorbei; aber; nicht; blute,Chineses; Chineset; Czech; French; German; Italian; Japanese; Korean; Polish; Portuguese; Russian; Spanish; Turkish; Ukrainian; Vietnamese
reak_soldier_k_gott_es_wa_LDxy,11,"non-ASCII character(s) in English display | English reference/display differ | token(s) preserved across 3+ localized displays: Gott, wäre, fast, schiefgegangen | preserved token(s) also present in English reference","!P Gott, es wäre fast schiefgegangen.","Gott, es wäre fast schiefgegangen.",Gott; wäre; fast; schiefgegangen,Chineses; Chineset; Czech; French; German; Italian; Japanese; Korean; Polish; Portuguese; Russian; Spanish; Turkish; Ukrainian; Vietnamese
reak_soldier_k_oh_mein_go_SV0k,10,"non-ASCII character(s) in English display | English reference/display differ | token(s) preserved across 3+ localized displays: mein, Gott, vorbei | preserved token(s) also present in English reference","!P Oh, mein Gott... es ist vorbei.","Oh, mein Gott … es ist vorbei.",mein; Gott; vorbei,Chineses; Chineset; Czech; French; German; Italian; Japanese; Korean; Polish; Portuguese; Russian; Spanish; Turkish; Ukrainian; Vietnamese
reak_soldier_k_oh_scheiss_kNgV,10,"non-ASCII character(s) in English display | English reference/display differ | token(s) preserved across 3+ localized displays: Scheiße, blute, nicht | preserved token(s) also present in English reference","!P Oh, Scheisse, ich blute... das ist nicht gut.","Oh, Scheiße, ich blute … das ist nicht gut.",Scheiße; blute; nicht,Chineses; Chineset; Czech; French; German; Italian; Japanese; Korean; Polish; Portuguese; Russian; Spanish; Turkish; Ukrainian; Vietnamese
redi_reditel_t_pivovarnic_wqMx,9,"non-ASCII character(s) in English display | English reference/display differ | token(s) preserved across 3+ localized displays: Frantzin, Krügel | preserved token(s) also present in English reference",Brewmaster Francin Krügel!,Brewmaster Frantzin Krügel!,Frantzin; Krügel,French; German; Italian; Polish; Portuguese; Spanish; Turkish; Vietnamese
redi_reditel_t_pivovarnik_8cwA,9,"non-ASCII character(s) in English display | English reference/display differ | token(s) preserved across 3+ localized displays: Frantzin, Krügel | preserved token(s) also present in English reference",Brewer Francin Krügel! Francin works magic with hops and barley and he's strong as a bull! He can carry two casks without even breaking a sweat!,Brewer Frantzin Krügel! Frantzin works magic with hops and barley and he's strong as a bull! He can carry two casks on his shoulders without even breaking a sweat!,Frantzin; Krügel,French; German; Italian; Polish; Portuguese; Spanish; Turkish; Vietnamese
refu_david_hele_michalovi_i7fY,9,"non-ASCII character(s) in English display | English reference/display differ | token(s) preserved across 3+ localized displays: Michael, Zhelejov | preserved token(s) also present in English reference","Hey, don't tell Michael, but it wasn't that bad in Zheleyov now that I look at it...","Look, don't tell Michael, but Zhelejov really wasn't all that bad after all…",Michael; Zhelejov,French; Italian; Portuguese; Turkish; Vietnamese
refu_michal_enrico_della__8HB3,11,"non-ASCII character(s) in English display | English reference/display differ | token(s) preserved across 3+ localized displays: Enrico, della, Roccia, Molto, béne | preserved token(s) also present in English reference",!P Enrico della Roccia! Molto béne!,Enrico della Roccia! Molto béne!,Enrico; della; Roccia; Molto; béne,Chineses; Chineset; Czech; French; German; Italian; Korean; Polish; Portuguese; Russian; Spanish; Turkish; Ukrainian; Vietnamese
refu_opily_kum_igyal_tobb_yxc2,11,"non-ASCII character(s) in English display | English reference/display differ | token(s) preserved across 3+ localized displays: Igyál, többet, beszélj, kevesebbet | preserved token(s) also present in English reference",!P Igyál többet és beszélj kevesebbet!,Igyál többet és beszélj kevesebbet!,Igyál; többet; beszélj; kevesebbet,Chineses; Chineset; Czech; French; German; Italian; Korean; Polish; Portuguese; Russian; Spanish; Turkish; Ukrainian; Vietnamese
refu_opily_kum_itt_vagyun_I449,11,"non-ASCII character(s) in English display | English reference/display differ | token(s) preserved across 3+ localized displays: Vagyunk, akik, vagyunk, Gyere, igyál, velünk | preserved token(s) also present in English reference",!P Itt vagyunk mi vagyunk! Csatlakozz hozzánk…,"Vagyunk, akik vagyunk. Gyere, igyál velünk!",Vagyunk; akik; vagyunk; Gyere; igyál; velünk,Chineses; Chineset; Czech; French; German; Italian; Korean; Polish; Portuguese; Russian; Spanish; Turkish; Ukrainian; Vietnamese
refu_opily_kum_nem_terelt_kAVn,10,"non-ASCII character(s) in English display | English reference/display differ | token(s) preserved across 3+ localized displays: tereltünk, együtt, libákat | preserved token(s) also present in English reference",!P Nem tereltünk együtt libákat.,Nem tereltünk együtt libákat.,tereltünk; együtt; libákat,Chineses; Chineset; Czech; French; German; Italian; Korean; Polish; Portuguese; Russian; Spanish; Turkish; Ukrainian; Vietnamese
refu_opily_kum_szoval_te__iU4Y,11,"non-ASCII character(s) in English display | English reference/display differ | token(s) preserved across 3+ localized displays: Szóval, vagy, Henry, igaz, Tiszteletem | preserved token(s) also present in English reference","!P Szóval te vagy a Henry, igaz? Minden tisztelet.","Szóval te vagy az a Henry, igaz? Tiszteletem!",Szóval; vagy; Henry; igaz; Tiszteletem,Chineses; Chineset; Czech; French; German; Italian; Korean; Polish; Portuguese; Russian; Spanish; Turkish; Ukrainian; Vietnamese
rezn_reznik_sa_hm_ein_mes_VAPf,9,"non-ASCII character(s) in English display | English reference/display differ | token(s) preserved across 3+ localized displays: Messer, geht’s | preserved token(s) also present in English reference","!P Hm, ein messer und los geht's.","Hm, ein Messer und los geht’s.",Messer; geht’s,Chineses; Chineset; Czech; French; German; Italian; Japanese; Korean; Polish; Portuguese; Russian; Spanish; Turkish; Ukrainian; Vietnamese
rezn_reznik_sa_ich_mache__a2Yo,9,"non-ASCII character(s) in English display | English reference/display differ | token(s) preserved across 3+ localized displays: war’s, heute | preserved token(s) also present in English reference","!P Ah, das war's für heute.","Ah, das war’s für heute.",war’s; heute,Chineses; Chineset; Czech; French; German; Italian; Japanese; Korean; Polish; Portuguese; Russian; Spanish; Turkish; Ukrainian; Vietnamese
rezn_reznik_sa_schon_lang_5OaX,9,"non-ASCII character(s) in English display | English reference/display differ | token(s) preserved across 3+ localized displays: Schön, langsam | preserved token(s) also present in English reference",!P Schön langsam.,Schön langsam.,Schön; langsam,Chineses; Chineset; Czech; French; German; Italian; Japanese; Korean; Polish; Portuguese; Russian; Spanish; Turkish; Ukrainian; Vietnamese
rezy_else_hm_nemam_co_ztr_LQNq,11,"non-ASCII character(s) in English display | English reference/display differ | token(s) preserved across 3+ localized displays: Schließlich, habe, nichts, verlieren | preserved token(s) also present in English reference",Schließlich habe ich nichts zu verlieren...,Schließlich habe ich nichts zu verlieren.,Schließlich; habe; nichts; verlieren,Chineses; Chineset; Czech; French; German; Italian; Japanese; Korean; Polish; Portuguese; Russian; Spanish; Turkish; Ukrainian; Vietnamese
roza_henry_ha_tue_stelle__rfko,9,"non-ASCII character(s) in English display | English reference/display differ | token(s) preserved across 3+ localized displays: bellisa, abaghlia | preserved token(s) also present in English reference",!P La tua belleza mi… Mi abaghlia!,La tua bellisa mi… mi abaghlia!,bellisa; abaghlia,Chineses; Chineset; Czech; French; German; Italian; Japanese; Korean; Polish; Portuguese; Russian; Spanish; Turkish; Ukrainian; Vietnamese
roza_roza_ruth_no_to_bych_zG9t,9,"non-ASCII character(s) in English display | English reference/display differ | token(s) preserved across 3+ localized displays: Hypatia, Alexandria | preserved token(s) also present in English reference","I should say so! For example, the Queen of Sheba, Mary the Jewess, Hypatia of Alexandria…","I should say so! For example, the Queen of Sheba, Mary the Prophetess, Hypatia of Alexandria…",Hypatia; Alexandria,Czech; French; German; Portuguese; Turkish; Vietnamese
rozh_henry_heled_velebnej_JXOV,9,"non-ASCII character(s) in English display | English reference/display differ | token(s) preserved across 3+ localized displays: Jarka, Kuttenberg | preserved token(s) also present in English reference",Father… Yarka was not the only girl who was killed in Kuttenberg.,Father… Jarka wasn't the only girl who was killed in Kuttenberg.,Jarka; Kuttenberg,Czech; French; German; Italian; Polish; Portuguese; Spanish; Turkish; Vietnamese
rozh_henry_jo_s_tou_jsem__ZNuS,9,"non-ASCII character(s) in English display | token(s) preserved across 3+ localized displays: jsem, mluviil, vypadá, jako, Viktorka, prostě, zmizela",,"S tou jsem už mluviil. Ale vypadá to, jako by Viktorka prostě zmizela.",jsem; mluviil; vypadá; jako; Viktorka; prostě; zmizela,Chineses; Chineset; Czech; French; German; Italian; Japanese; Korean; Polish; Portuguese; Russian; Spanish; Turkish; Ukrainian; Vietnamese
rozh_henry_poke_poque_pok_QR8d,9,"non-ASCII character(s) in English display | token(s) preserved across 3+ localized displays: Poke, poque, poker | preserved token(s) also present in English reference",Poke… poque… pok… What about poker?,Poke… poque… pok… What about poker?,Poke; poque; poker,Chineses; Chineset; Czech; German; Italian; Polish; Spanish; Turkish; Ukrainian; Vietnamese
rozh_hospodsky_jasne_ze_ne_ac7g,10,"non-ASCII character(s) in English display | English reference/display differ | token(s) preserved across 3+ localized displays: Nein, natürlich, nicht | preserved token(s) also present in English reference","!P Nein, natürlich nicht!","Nein, natürlich nicht!",Nein; natürlich; nicht,Chineses; Chineset; Czech; French; German; Italian; Korean; Polish; Portuguese; Russian; Spanish; Turkish; Ukrainian; Vietnamese
rozh_hospodsky_mame_tady__rKWk,9,"non-ASCII character(s) in English display | English reference/display differ | token(s) preserved across 3+ localized displays: Aber, soll's | preserved token(s) also present in English reference","!P Well, I do not know… Ah, Aber was soll's!","Well, I do not know… Ah, Aber was soll's!",Aber; soll's,Chineses; Chineset; Czech; French; Italian; Korean; Polish; Portuguese; Russian; Spanish; Turkish; Ukrainian; Vietnamese
rozh_janka_od__damian_mi__pJDc,11,"non-ASCII character(s) in English display | English reference/display differ | token(s) preserved across 3+ localized displays: Welche, Freunde, bitte, Damian | preserved token(s) also present in English reference","Welche Freunde, bitte? Damian means nothing to me… He’s a coward!",Welche Freunde bitte? Damian means nothing to me… He’s a coward!,Welche; Freunde; bitte; Damian,Chineses; Chineset; Czech; French; German; Italian; Korean; Polish; Portuguese; Russian; Spanish; Turkish; Ukrainian; Vietnamese
rozh_kupec_vel_ale_jiste__9oTJ,11,"non-ASCII character(s) in English display | English reference/display differ | token(s) preserved across 3+ localized displays: Natürlich, warum, auch, nicht, junger, Mann | preserved token(s) also present in English reference","Natürlich, warum auch nicht. Go ahead and look around, so you know what awaits you, junge Mann.","Natürlich, warum auch nicht. Go ahead and look around, so you know what awaits you, junger Mann.",Natürlich; warum; auch; nicht; junger; Mann,Chineses; Chineset; Czech; French; German; Italian; Korean; Polish; Portuguese; Russian; Spanish; Turkish; Ukrainian; Vietnamese
rozh_kupec_vel_ale_to_je__yo8u,9,"non-ASCII character(s) in English display | token(s) preserved across 3+ localized displays: Aber, nein, Fehler | preserved token(s) also present in English reference","Aber nein, das ist ein Fehler! That wasn’t some thief, but a damn bastard.","Aber nein, das ist ein Fehler! That wasn’t some thief, but a damn bastard.",Aber; nein; Fehler,Chineses; Chineset; Czech; French; German; Italian; Korean; Polish; Portuguese; Russian; Spanish; Turkish; Ukrainian; Vietnamese
rozh_kupec_vel_hm_ale_jo__ymWP,9,"non-ASCII character(s) in English display | token(s) preserved across 3+ localized displays: Aber, ergibt, Sinn | preserved token(s) also present in English reference","Aber ja, das ergibt Sinn! Tell you what, Blacksmith, look around here and I’ll think it over.","Aber ja, das ergibt Sinn! Tell you what, Blacksmith, look around here and I’ll think it over.",Aber; ergibt; Sinn,Chineset; Czech; French; German; Italian; Korean; Polish; Portuguese; Russian; Spanish; Turkish; Ukrainian; Vietnamese
rozh_kupec_vel_mrize_nepo_mEGq,10,"non-ASCII character(s) in English display | English reference/display differ | token(s) preserved across 3+ localized displays: schade, Eine, Schande | preserved token(s) also present in English reference","Das ist schade, I don’t need bars, he does! Das ist schade he didn’t break his neck on that jump, the bastard!","Das ist schade, I don’t need bars, he does! Eine Schande, he didn’t break his neck on that jump, the bastard!",schade; Eine; Schande,Chineses; Chineset; Czech; French; Italian; Korean; Polish; Portuguese; Russian; Spanish; Turkish; Ukrainian; Vietnamese
rozh_kupec_vel_tak_to_byc_GNwW,10,"non-ASCII character(s) in English display | English reference/display differ | token(s) preserved across 3+ localized displays: Wiedersehen, mein, Freund | preserved token(s) also present in English reference","Well, that’s settled, Auf Wiedersehen mein Freund.","Well, that’s settled, auf Wiedersehen mein Freund.",Wiedersehen; mein; Freund,Chineses; Chineset; Czech; French; German; Italian; Korean; Polish; Portuguese; Russian; Spanish; Turkish; Ukrainian; Vietnamese
rozh_kupec_vel_tak_to_nej_47He,11,"non-ASCII character(s) in English display | English reference/display differ | token(s) preserved across 3+ localized displays: bist, nicht, Erste, Leck, mich, Arsch | preserved token(s) also present in English reference","Sie sind nicht der Erste, but I’ll tell you the same as the last one… Leck mich am Arsch damit!","Du bist nicht der Erste, but I’ll tell you the same as the last one… Leck mich am Arsch!",bist; nicht; Erste; Leck; mich; Arsch,Chineses; Chineset; Czech; French; German; Italian; Korean; Polish; Portuguese; Russian; Spanish; Turkish; Ukrainian; Vietnamese
rozh_lump_strn_nejakej_za_LQUZ,9,"non-ASCII character(s) in English display | English reference/display differ | token(s) preserved across 3+ localized displays: Prokop, Pravoslav | preserved token(s) also present in English reference",Some bloody Prokop or Pravoslav or some such shit…,Some fucking Prokop or Pravoslav or some such shit…,Prokop; Pravoslav,Czech; French; German; Italian; Polish; Portuguese; Spanish; Turkish; Vietnamese
rozh_majitel_s_tak_jdi_na_FEck,9,"non-ASCII character(s) in English display | English reference/display differ | token(s) preserved across 3+ localized displays: Großartig, Hloushetz | preserved token(s) also present in English reference",!P Großartig! Do you know where North Gate is?,Großartig! Do you know where Hloushetz Gate is?,Großartig; Hloushetz,Chineses; Chineset; Czech; French; German; Italian; Korean; Polish; Portuguese; Russian; Spanish; Turkish; Ukrainian; Vietnamese
rozh_sedlaci_m_od_ty_doby_gdDL,9,"non-ASCII character(s) in English display | token(s) preserved across 3+ localized displays: doby, přišla, muže, Pánbůh, nebe, mezi, lidi, nechodí",,"Od tý doby, co přišla o muže, dej mu Pánbůh nebe, moc mezi lidi nechodí.",doby; přišla; muže; Pánbůh; nebe; mezi; lidi; nechodí,Chineses; Chineset; Czech; French; German; Italian; Japanese; Korean; Polish; Portuguese; Russian; Spanish; Turkish; Ukrainian; Vietnamese
rozh_sedlaci_m_tak_mozna__H5Ly,9,"non-ASCII character(s) in English display | token(s) preserved across 3+ localized displays: možná, ještě, Kuba, starej, sedlák, Jednu, dobu, furt",,"Tak možná ještě Kuba, ten starej sedlák. Jednu dobu za ní furt dolejzal.",možná; ještě; Kuba; starej; sedlák; Jednu; dobu; furt; dolejzal,Chineses; Chineset; Czech; French; German; Italian; Japanese; Korean; Polish; Portuguese; Russian; Spanish; Turkish; Ukrainian; Vietnamese
rozh_sedlaci_m_to_nevim_m_RxCl,9,"non-ASCII character(s) in English display | token(s) preserved across 3+ localized displays: Přátelí, Marta, kováře, mohla, vědět",,"Přátelí se s ní Marta vod kováře. Ta by mohla vědět, kde je.",Přátelí; Marta; kováře; mohla; vědět,Chineses; Chineset; Czech; French; German; Italian; Japanese; Korean; Polish; Portuguese; Russian; Spanish; Turkish; Ukrainian; Vietnamese
rozh_sedlaci_m_znam_ji_al_LDzK,9,"non-ASCII character(s) in English display | token(s) preserved across 3+ localized displays: znám, dlouho, jsem, viděl, naposled",,"Tu znám, ale je to dlouho, co jsem ji viděl naposled..",znám; dlouho; jsem; viděl; naposled,Chineses; Chineset; Czech; French; German; Italian; Japanese; Korean; Polish; Portuguese; Russian; Spanish; Turkish; Ukrainian; Vietnamese
rozl_louceni_p_eh_was_war_5adO,11,"non-ASCII character(s) in English display | English reference/display differ | token(s) preserved across 3+ localized displays: Warum, hältst, mich, Taugenichts | preserved token(s) also present in English reference",!P Eh was? Warum verzögerst du mich? Taugenichts!,"Eh, was? Warum hältst du mich auf? Taugenichts!",Warum; hältst; mich; Taugenichts,Chineses; Chineset; Czech; French; German; Italian; Japanese; Korean; Polish; Portuguese; Russian; Spanish; Turkish; Ukrainian; Vietnamese
rozl_louceni_p_eh_was_war_nIOr,10,"non-ASCII character(s) in English display | English reference/display differ | token(s) preserved across 3+ localized displays: Warum, hältst, mich | preserved token(s) also present in English reference",!P Eh was? Warum verzögerst du mich?,"Eh, was? Warum hältst du mich auf?",Warum; hältst; mich,Chineses; Chineset; Czech; French; German; Italian; Japanese; Korean; Polish; Portuguese; Russian; Spanish; Turkish; Ukrainian; Vietnamese
rozl_louceni_p_nich_viel__ILwf,11,"non-ASCII character(s) in English display | English reference/display differ | token(s) preserved across 3+ localized displays: Nich, viel, Also, nächstes, wird, hoffentlich, besser, mein | preserved token(s) also present in English reference","!P Nich viel. Also nächstes mal wird es hoffentlich besser, mein Herr.","Nich viel. Also nächstes mal wird es hoffentlich besser, mein Herr.",Nich; viel; Also; nächstes; wird; hoffentlich; besser; mein; Herr,Chineses; Chineset; Czech; French; German; Italian; Japanese; Korean; Polish; Portuguese; Russian; Spanish; Turkish; Ukrainian; Vietnamese
rozl_louceni_p_warum_halt_S3rF,11,"non-ASCII character(s) in English display | English reference/display differ | token(s) preserved across 3+ localized displays: Warum, hältst, mich, wenn, nichts, brauchst | preserved token(s) also present in English reference","!P Warum hältst du mich auf, wenn du nichts brauchst?","Warum hältst du mich auf, wenn du nichts brauchst?",Warum; hältst; mich; wenn; nichts; brauchst,Chineses; Chineset; Czech; French; German; Italian; Japanese; Korean; Polish; Portuguese; Russian; Spanish; Turkish; Ukrainian; Vietnamese
rozl_obchodnic_ausgezeich_EF9v,11,"non-ASCII character(s) in English display | English reference/display differ | token(s) preserved across 3+ localized displays: Ausgezeichnet, hast, gutes, Geschäft, gemacht, mein, Herr, Lebe | preserved token(s) also present in English reference","Ausgezeichnet! Du gemacht ein gutes Geschäft, mein Herr! Lebe wohl!","Ausgezeichnet! Du hast ein gutes Geschäft gemacht, mein Herr! Lebe wohl!",Ausgezeichnet; hast; gutes; Geschäft; gemacht; mein; Herr; Lebe; wohl,Chineses; Chineset; Czech; French; German; Italian; Japanese; Korean; Polish; Portuguese; Russian; Spanish; Turkish; Ukrainian; Vietnamese
rozl_obchodnic_ausgezeich_cgIJ,11,"non-ASCII character(s) in English display | English reference/display differ | token(s) preserved across 3+ localized displays: Ausgezeichnet, hast, gutes, Geschäft, gemacht, mein, Freund, bald | preserved token(s) also present in English reference","Ausgezeichnet! Du gemacht ein gutes Geschäft, mein Freund! Bis bald!","Ausgezeichnet! Du hast ein gutes Geschäft gemacht, mein Freund! Bis bald!",Ausgezeichnet; hast; gutes; Geschäft; gemacht; mein; Freund; bald,Chineses; Chineset; Czech; French; German; Italian; Japanese; Korean; Polish; Portuguese; Russian; Spanish; Turkish; Ukrainian; Vietnamese
rozl_obchodnic_danke_das__iWvg,11,"non-ASCII character(s) in English display | English reference/display differ | token(s) preserved across 3+ localized displays: Danke, gutes, Geschäft, mein, Herr | preserved token(s) also present in English reference","Danke. Das ist gutes Geschäft, mein Herr!","Danke. Das war ein gutes Geschäft, mein Herr!",Danke; gutes; Geschäft; mein; Herr,Chineses; Chineset; Czech; French; German; Italian; Japanese; Korean; Polish; Portuguese; Russian; Spanish; Turkish; Ukrainian; Vietnamese
rozl_obchodnic_danke_und__TBcu,10,"non-ASCII character(s) in English display | token(s) preserved across 3+ localized displays: Danke, viel, Glück, Zukunft, mein, Freund | preserved token(s) also present in English reference","Danke und viel Glück für die Zukunft, mein Freund.","Danke und viel Glück für die Zukunft, mein Freund.",Danke; viel; Glück; Zukunft; mein; Freund,Chineses; Chineset; Czech; French; German; Italian; Japanese; Korean; Polish; Portuguese; Russian; Spanish; Turkish; Ukrainian; Vietnamese
rozl_obchodnic_danke_und__kmLF,10,"non-ASCII character(s) in English display | token(s) preserved across 3+ localized displays: Danke, viel, Glück, Zukunft, mein, Herr | preserved token(s) also present in English reference","Danke und viel Glück für die Zukunft, mein Herr.","Danke und viel Glück für die Zukunft, mein Herr.",Danke; viel; Glück; Zukunft; mein; Herr,Chineses; Chineset; Czech; French; German; Italian; Japanese; Korean; Polish; Portuguese; Russian; Spanish; Turkish; Ukrainian; Vietnamese
rozl_obchodnic_das_ist_gu_hhyD,10,"non-ASCII character(s) in English display | English reference/display differ | token(s) preserved across 3+ localized displays: gutes, Geschäft, Wiedersehen | preserved token(s) also present in English reference",Das ist gutes Geschäft. Auf Wiedersehen!,Das war ein gutes Geschäft. Auf Wiedersehen!,gutes; Geschäft; Wiedersehen,Chineses; Chineset; Czech; French; German; Italian; Japanese; Korean; Polish; Portuguese; Russian; Spanish; Turkish; Ukrainian; Vietnamese
rozl_obchodnic_vielen_dan_Jbzx,11,"non-ASCII character(s) in English display | English reference/display differ | token(s) preserved across 3+ localized displays: Vielen, Dank, eine, Freude, Geschäfte, machen, mein, Freund | preserved token(s) also present in English reference","Vielen Dank! Es war mir eine Freude, mit Dir Geschäfte zu machen, mein Freund!","Vielen Dank! Es war mir eine Freude, mit dir Geschäfte zu machen, mein Freund!",Vielen; Dank; eine; Freude; Geschäfte; machen; mein; Freund,Chineses; Chineset; Czech; French; German; Italian; Japanese; Korean; Polish; Portuguese; Russian; Spanish; Turkish; Ukrainian; Vietnamese
rozl_obchodnic_vielen_dan_pTFA,11,"non-ASCII character(s) in English display | English reference/display differ | token(s) preserved across 3+ localized displays: Vielen, Dank, eine, Freude, Geschäfte, machen, mein, Herr | preserved token(s) also present in English reference","Vielen Dank! Es war mir eine Freude, mit Dir Geschäfte zu machen, mein Herr!","Vielen Dank! Es war mir eine Freude, mit dir Geschäfte zu machen, mein Herr!",Vielen; Dank; eine; Freude; Geschäfte; machen; mein; Herr,Chineses; Chineset; Czech; French; German; Italian; Japanese; Korean; Polish; Portuguese; Russian; Spanish; Turkish; Ukrainian; Vietnamese
rozl_obchodnik_brillant_d_21ZX,11,"non-ASCII character(s) in English display | English reference/display differ | token(s) preserved across 3+ localized displays: Ausgezeichnet, hast, gutes, Geschäft, gemacht, mein, Freund, bald | preserved token(s) also present in English reference","Ausgezeichnet! Du gemacht ein gutes Geschäft, mein Freund! Bis bald!","Ausgezeichnet! Du hast ein gutes Geschäft gemacht, mein Freund! Bis bald!",Ausgezeichnet; hast; gutes; Geschäft; gemacht; mein; Freund; bald,Chineses; Chineset; Czech; French; German; Italian; Japanese; Korean; Polish; Portuguese; Russian; Spanish; Turkish; Ukrainian; Vietnamese
rozl_obchodnik_brillant_d_YEds,11,"non-ASCII character(s) in English display | English reference/display differ | token(s) preserved across 3+ localized displays: Ausgezeichnet, hast, gutes, Geschäft, gemacht, mein, Herr, Lebe | preserved token(s) also present in English reference","Ausgezeichnet! Du gemacht ein gutes Geschäft, mein Herr! Lebe wohl!","Ausgezeichnet! Du hast ein gutes Geschäft gemacht, mein Herr! Lebe wohl!",Ausgezeichnet; hast; gutes; Geschäft; gemacht; mein; Herr; Lebe; wohl,Chineses; Chineset; Czech; French; German; Italian; Japanese; Korean; Polish; Portuguese; Russian; Spanish; Turkish; Ukrainian; Vietnamese
rozl_obchodnik_danke_das__xzBu,11,"non-ASCII character(s) in English display | English reference/display differ | token(s) preserved across 3+ localized displays: Danke, gutes, Geschäft, mein, Herr | preserved token(s) also present in English reference","Danke. Das ist gutes Geschäft, mein Herr!","Danke. Das war ein gutes Geschäft, mein Herr!",Danke; gutes; Geschäft; mein; Herr,Chineses; Chineset; Czech; French; German; Italian; Japanese; Korean; Polish; Portuguese; Russian; Spanish; Turkish; Ukrainian; Vietnamese
rozl_obchodnik_danke_und__3hA2,10,"non-ASCII character(s) in English display | token(s) preserved across 3+ localized displays: Danke, viel, Glück, Zukunft, mein, Herr | preserved token(s) also present in English reference","Danke und viel Glück für die Zukunft, mein Herr.","Danke und viel Glück für die Zukunft, mein Herr.",Danke; viel; Glück; Zukunft; mein; Herr,Chineses; Chineset; Czech; French; German; Italian; Japanese; Korean; Polish; Portuguese; Russian; Spanish; Turkish; Ukrainian; Vietnamese
rozl_obchodnik_danke_und__UWAN,10,"non-ASCII character(s) in English display | token(s) preserved across 3+ localized displays: Danke, viel, Glück, Zukunft, mein, Freund | preserved token(s) also present in English reference","Danke und viel Glück für die Zukunft, mein Freund.","Danke und viel Glück für die Zukunft, mein Freund.",Danke; viel; Glück; Zukunft; mein; Freund,Chineses; Chineset; Czech; French; German; Italian; Japanese; Korean; Polish; Portuguese; Russian; Spanish; Turkish; Ukrainian; Vietnamese
rozl_obchodnik_das_ist_gu_t7N3,10,"non-ASCII character(s) in English display | English reference/display differ | token(s) preserved across 3+ localized displays: gutes, Geschäft, Wiedersehen | preserved token(s) also present in English reference",Das ist gutes Geschäft. Auf Wiedersehen!,Das war ein gutes Geschäft. Auf Wiedersehen!,gutes; Geschäft; Wiedersehen,Chineses; Chineset; Czech; French; German; Italian; Japanese; Korean; Polish; Portuguese; Russian; Spanish; Turkish; Ukrainian; Vietnamese
rozl_obchodnik_vielen_dan_QDLF,11,"non-ASCII character(s) in English display | English reference/display differ | token(s) preserved across 3+ localized displays: Vielen, Dank, eine, Freude, Geschäfte, machen, mein, Herr | preserved token(s) also present in English reference","Vielen Dank! Es war mir eine Freude, mit Dir Geschäfte zu machen, mein Herr!","Vielen Dank! Es war mir eine Freude, mit dir Geschäfte zu machen, mein Herr!",Vielen; Dank; eine; Freude; Geschäfte; machen; mein; Herr,Chineses; Chineset; Czech; French; German; Italian; Japanese; Korean; Polish; Portuguese; Russian; Spanish; Turkish; Ukrainian; Vietnamese
rozl_obchodnik_vielen_dan_zax4,11,"non-ASCII character(s) in English display | English reference/display differ | token(s) preserved across 3+ localized displays: Vielen, Dank, eine, Freude, Geschäfte, machen, mein, Freund | preserved token(s) also present in English reference","Vielen Dank! Es war mir eine Freude, mit Dir Geschäfte zu machen, mein Freund!","Vielen Dank! Es war mir eine Freude, mit dir Geschäfte zu machen, mein Freund!",Vielen; Dank; eine; Freude; Geschäfte; machen; mein; Freund,Chineses; Chineset; Czech; French; German; Italian; Japanese; Korean; Polish; Portuguese; Russian; Spanish; Turkish; Ukrainian; Vietnamese
rozl_rozloucen_jo_kesobb__9x3h,9,"non-ASCII character(s) in English display | English reference/display differ | token(s) preserved across 3+ localized displays: később, találkozunk | preserved token(s) also present in English reference","!P Jó, később találkozunk","Jó, később találkozunk.",később; találkozunk,Chineses; Chineset; Czech; French; German; Italian; Japanese; Korean; Polish; Portuguese; Russian; Spanish; Turkish; Ukrainian; Vietnamese
rozl_rozloucen_jo_kesobb__wt7i,9,"non-ASCII character(s) in English display | English reference/display differ | token(s) preserved across 3+ localized displays: később, találkozunk | preserved token(s) also present in English reference","!P Jó, később találkozunk","Jó, később találkozunk.",később; találkozunk,Chineses; Chineset; Czech; French; German; Italian; Japanese; Korean; Polish; Portuguese; Russian; Spanish; Turkish; Ukrainian; Vietnamese
rozl_rozloucen_taves_bach_XaFh,9,"non-ASCII character(s) in English display | token(s) preserved across 3+ localized displays: aves, bachtalo, Roma | preserved token(s) also present in English reference","!P T´aves bachtalo, Roma!","!P T´aves bachtalo, Roma!",aves; bachtalo; Roma,Chineses; Chineset; Czech; French; German; Italian; Japanese; Korean; Polish; Portuguese; Russian; Spanish; Turkish; Ukrainian; Vietnamese
rudo_rudokupec_enschuldig_MERn,9,"non-ASCII character(s) in English display | English reference/display differ | token(s) preserved across 3+ localized displays: Entschuldigung, Christian | preserved token(s) also present in English reference",!P Entschuldigung… I don't remember. You can ask Christian though. It's all in the books!,"Entschuldigung… I do not remember. You can ask Christian though, it is all in the books!",Entschuldigung; Christian,Chineses; Chineset; French; German; Italian; Korean; Polish; Portuguese; Russian; Spanish; Turkish; Ukrainian; Vietnamese
rudo_rudokupec_nein_nein__LH16,9,"non-ASCII character(s) in English display | English reference/display differ | token(s) preserved across 3+ localized displays: Nein, nein | preserved token(s) also present in English reference","!P Nein, nein… The price of the corves is determined by the highest bid. The smelter that can pay the most for the corf gets it.","Nein, nein… The price of the corves is determined by the highest bidder. The smelter that can pay the most gets it.",Nein; nein,Chineses; Chineset; Czech; French; German; Italian; Korean; Polish; Portuguese; Russian; Spanish; Turkish; Ukrainian
rudo_rudokupec_sancta_pet_ehIs,11,"non-ASCII character(s) in English display | English reference/display differ | token(s) preserved across 3+ localized displays: Sancta, Petronilla, Weiß, nicht | preserved token(s) also present in English reference",!P Sancta Petronilla? Hmm… Weiss nicht.,Sancta Petronilla? Hmm… Weiß nicht.,Sancta; Petronilla; Weiß; nicht,Chineses; Chineset; Czech; French; German; Italian; Korean; Polish; Portuguese; Russian; Spanish; Ukrainian; Vietnamese
ruth_henry_ses_sprazenej__7skS,9,"non-ASCII character(s) in English display | token(s) preserved across 3+ localized displays: Buresh, Krakovitz, Fett | preserved token(s) also present in English reference","The word is you're conspiring with Buresh of Krakovitz and Foreman Fett… Sir, to falsify the mining records together.","The word is you're conspiring with Buresh of Krakovitz and Foreman Fett… Sir, to falsify the mining records together.",Buresh; Krakovitz; Fett,French; German; Italian; Portuguese; Spanish; Turkish; Vietnamese
ruth_henry_za_takovejhle__8nmk,9,"non-ASCII character(s) in English display | English reference/display differ | token(s) preserved across 3+ localized displays: Sigismund, groschen | preserved token(s) also present in English reference",And that's a capital criime. What do you suppose Sigismund might do if… when he finds out his own Mint Master is robbing him? Especially when he's desperate for every last groschen.,And that's a capital crime. What do you suppose Sigismund might do if… when he finds out his own Mint Master is robbing him? Especially when he's desperate for every last groschen.,Sigismund; groschen,French; German; Italian; Spanish; Turkish; Vietnamese
ruth_kunclin_r_a_ti_budou_H9SD,9,"non-ASCII character(s) in English display | English reference/display differ | token(s) preserved across 3+ localized displays: Fridusch, Kumel | preserved token(s) also present in English reference","And they’ll do what he tells them, except maybe for Fridusch Kumel, but that doesn’t matter.","And they’ll do what he tells them, except maybe Fridusch Kumel, but that doesn’t matter.",Fridusch; Kumel,French; German; Italian; Portuguese; Spanish; Turkish; Vietnamese
ruth_kunclin_r_bud_maj_sv_M407,9,"non-ASCII character(s) in English display | English reference/display differ | token(s) preserved across 3+ localized displays: Sigismund, Naaz | preserved token(s) also present in English reference",They either have their interests connected with Sigismund or with Naaz and the others.,They either have their interests connected with Sigismund like Naaz and the others…,Sigismund; Naaz,French; German; Italian; Portuguese; Spanish; Turkish; Vietnamese
ryba_rybar_krc_ty_tady_ko_V3GU,9,"non-ASCII character(s) in English display | English reference/display differ | token(s) preserved across 3+ localized displays: Kerchak, Zhelejov | preserved token(s) also present in English reference",Around Krčák? I wouldn’t say so. They prefer the ponds at Zhelejov. You can hear their racket from here all the way to the tavern.,Around Kerchak? I wouldn’t say so. They prefer the ponds at Zhelejov. You can hear their racket from here all the way to the tavern.,Kerchak; Zhelejov,French; German; Italian; Portuguese; Spanish; Turkish; Vietnamese
s_al_albik_z_u_pokud_ti_v_63UQ,10,"non-ASCII character(s) in English display | token(s) preserved across 3+ localized displays: Pisek, Hanush, Radzig, Kobyla | preserved token(s) also present in English reference","If Pisek, Hanush and Radzig Kobyla trust you... Then I trust you too. Besides, I wouldn’t mind hearing something about my old acquaintances.","If Pisek, Hanush and Radzig Kobyla trust you... Then I trust you too. Besides, I wouldn’t mind hearing something about my old acquaintances.",Pisek; Hanush; Radzig; Kobyla,Czech; French; German; Italian; Polish; Portuguese; Spanish; Turkish; Vietnamese
s_bo_bohuta_npc_placehold_OdvM,9,"non-ASCII character(s) in English display | token(s) preserved across 3+ localized displays: Anna, Waldstein, chance | preserved token(s) also present in English reference",Anna of Waldstein. She didn't stand a chance against those butchers… May she rest in peace.,Anna of Waldstein. She didn't stand a chance against those butchers… May she rest in peace.,Anna; Waldstein; chance,Czech; French; German; Italian; Polish; Portuguese; Spanish; Turkish; Vietnamese
s_bo_henry_adveniat_regnu_JOzA,11,"non-ASCII character(s) in English display | English reference/display differ | token(s) preserved across 3+ localized displays: Adveniat, regnum, tuum, fiat, voluntas, sicut, cælo, terra | preserved token(s) also present in English reference","!P Adveniat regnum tuum, fiat voluntas tua, sicut in cæloet in terra.","Adveniat regnum tuum, fiat voluntas tua, sicut in cælo et in terra.",Adveniat; regnum; tuum; fiat; voluntas; sicut; cælo; terra,Chineses; Chineset; Czech; French; German; Italian; Japanese; Korean; Polish; Portuguese; Russian; Spanish; Turkish; Ukrainian; Vietnamese
s_bo_henry_dolejval_jsem__2WjB,9,"non-ASCII character(s) in English display | English reference/display differ | token(s) preserved across 3+ localized displays: Sigismund, Raborsch | preserved token(s) also present in English reference",I poured them wine and had to listen as Sigismund planned to give him Raborsch…,I was pouring them wine and had to listen to how Sigismund was going to give him Raborsch…,Sigismund; Raborsch,French; German; Italian; Portuguese; Turkish; Vietnamese
s_bo_henry_paaaatr_nooost_Gk25,9,"non-ASCII character(s) in English display | token(s) preserved across 3+ localized displays: Paaaaah-nooooom, noooooh-stroooom, quoooo | preserved token(s) also present in English reference","Paaaaah-nooooom noooooh-stroooom, quoooo…","Paaaaah-nooooom noooooh-stroooom, quoooo…",Paaaaah-nooooom; noooooh-stroooom; quoooo,Chineses; Chineset; French; German; Japanese; Polish; Portuguese; Spanish; Turkish; Vietnamese
s_bo_henry_paaaatr_nooostr_udWh,11,"non-ASCII character(s) in English display | English reference/display differ | token(s) preserved across 3+ localized displays: Paaaaahter, nooooohster, queeee, asss, kaylis | preserved token(s) also present in English reference","!P Paaaaahter nooooohster, queeee asss in kaylis…","Paaaaahter nooooohster, queeee asss in kaylis…",Paaaaahter; nooooohster; queeee; asss; kaylis,Chineses; Chineset; French; German; Japanese; Korean; Polish; Russian; Spanish; Turkish; Vietnamese
s_bo_henry_pater_noster_q_PNtA,11,"non-ASCII character(s) in English display | English reference/display differ | token(s) preserved across 3+ localized displays: Pater, noster, cælis, sanctificetur, nomen, tuum | preserved token(s) also present in English reference","!P Pater noster, qui es in cælis, sanctificetur nomen tuum.","Pater noster, qui es in cælis, sanctificetur nomen tuum.",Pater; noster; cælis; sanctificetur; nomen; tuum,Chineses; Chineset; Czech; French; German; Italian; Japanese; Korean; Polish; Portuguese; Russian; Spanish; Turkish; Ukrainian; Vietnamese
s_bu_burkhard__jo_takhle__bfiF,10,"non-ASCII character(s) in English display | English reference/display differ | token(s) preserved across 3+ localized displays: hahaha, Kuttenberg, Iglau | preserved token(s) also present in English reference","<hahaha> Here it’s for my head, near Kuttenberg it’s for my hand, and in Iglau it’s for my... Well, let’s just say there won’t be much of me left soon!","<hahaha> Here it’s on my head, by Kuttenberg it’s on my arm, and in Iglau they're after my balls! Well, let’s just say they don't intend to leave much of me!",hahaha; Kuttenberg; Iglau,Chineset; Czech; French; German; Italian; Portuguese; Turkish; Vietnamese
s_ce_raubritte_nasel_ale__pdAp,9,"non-ASCII character(s) in English display | English reference/display differ | token(s) preserved across 3+ localized displays: Henry, Casper | preserved token(s) also present in English reference",I found him. But Henry…be very careful. I didn't let Caspar live for no reason in the end.,I did. But Henry… be very careful. There's a reason I left Casper for last.,Henry; Casper,French; Italian; Portuguese; Spanish; Turkish; Vietnamese
s_ce_suchy_cert_uz_si_nas_1rhF,10,"non-ASCII character(s) in English display | English reference/display differ | token(s) preserved across 3+ localized displays: Zizka, Bergow, Nebakov | preserved token(s) also present in English reference","Zizka said you kept nagging him about that… that… Well, the chap taken by von Bergow at Nebakov.","Zizka said you kept nagging him about that… that… Well, the lad taken by von Bergow at Nebakov.",Zizka; Bergow; Nebakov,French; German; Italian; Polish; Portuguese; Spanish; Turkish; Vietnamese
s_dr_rychtar_d_tak_vis_co_aRxQ,9,"non-ASCII character(s) in English display | English reference/display differ | token(s) preserved across 3+ localized displays: Olbram, Prochek | preserved token(s) also present in English reference","At least Olbram and Prochek will leave us alone now… Go to them and when you all meet in the pasture, I'll ride over and settle this nonsense once and for all.","At least Olbram and Prochek will leave us alone now… Go to them, and when you all meet in the pasture, I'll ride over and settle this nonsense once and for all.",Olbram; Prochek,Czech; French; German; Italian; Polish; Portuguese; Spanish; Turkish; Vietnamese
s_el_henry_nasel_jsem_pus_w8Jj,9,"non-ASCII character(s) in English display | token(s) preserved across 3+ localized displays: Pushko, Grund, Bentley | preserved token(s) also present in English reference","I found Pushko distraught beyond Grund. Bentley was lying there, bloated like a bellows... Must’ve eaten something bad.","I found Pushko distraught beyond Grund. Bentley was lying there, bloated like a bellows... Must’ve eaten something bad.",Pushko; Grund; Bentley,French; German; Italian; Portuguese; Spanish; Turkish; Vietnamese
s_el_henry_v_grunte_nebyl_4Gi9,9,"non-ASCII character(s) in English display | English reference/display differ | token(s) preserved across 3+ localized displays: Grund, Horschan | preserved token(s) also present in English reference","He wasn’t in Grund, so I rode around the area searching. In the end I found him in Hořany. He didn’t even know which way to go.","He wasn’t in Grund, so I rode around the area searching. In the end I found him in Horschan. He didn’t even know which way to go.",Grund; Horschan,French; German; Italian; Portuguese; Turkish; Vietnamese
s_el_puskar_el_ale_ale_ce_qEvl,9,"non-ASCII character(s) in English display | English reference/display differ | token(s) preserved across 3+ localized displays: ganzes, Fass | preserved token(s) also present in English reference","!P Wait, wait… Ein ganzes Fass? Forget about it. I'd only sell something like that to one of my verified customers.","Wait, wait… Ein ganzes Fass? Forget about it. I would only sell something like that to one of my verified customers.",ganzes; Fass,Chineses; Chineset; Czech; French; German; Italian; Korean; Polish; Portuguese; Russian; Spanish; Turkish; Ukrainian; Vietnamese
s_el_puskar_el_danke_mein_ca2K,9,"non-ASCII character(s) in English display | token(s) preserved across 3+ localized displays: Pushko, Aber, Bentley | preserved token(s) also present in English reference",Pushko! I’m glad! Aber... where’s my Bentley?,Pushko! I’m glad! Aber... where’s my Bentley?,Pushko; Aber; Bentley,Chineses; Czech; French; German; Italian; Korean; Polish; Portuguese; Russian; Spanish; Turkish; Ukrainian; Vietnamese
s_el_puskar_el_ja_naturli_Ro1b,10,"non-ASCII character(s) in English display | token(s) preserved across 3+ localized displays: natürlich, Pushko, wird, arrangieren | preserved token(s) also present in English reference","Ja, natürlich! I keep my word! Speak with Pushko, er wird es arrangieren.","Ja, natürlich! I keep my word! Speak with Pushko, er wird es arrangieren.",natürlich; Pushko; wird; arrangieren,Chineses; Chineset; Czech; French; German; Italian; Korean; Polish; Portuguese; Russian; Spanish; Turkish; Ukrainian; Vietnamese
s_el_puskar_el_ja_vedel_z_ze1g,10,"non-ASCII character(s) in English display | token(s) preserved across 3+ localized displays: Vielen, Dank, mein, Freund, Henry | preserved token(s) also present in English reference","Vielen Dank, mein Freund! I knew you wouldn’t let me down, Henry!","Vielen Dank, mein Freund! I knew you wouldn’t let me down, Henry!",Vielen; Dank; mein; Freund; Henry,Chineses; Chineset; Czech; French; German; Italian; Korean; Polish; Portuguese; Russian; Spanish; Turkish; Ukrainian; Vietnamese
s_el_puskar_el_ja_zminim__dFVP,10,"non-ASCII character(s) in English display | English reference/display differ | token(s) preserved across 3+ localized displays: deiner, Bereitschaft, deinem | preserved token(s) also present in English reference",I’ll make sure everyone in town hears über deine Bereitschaft und deinen Mut!,I’ll make sure everyone in town hears von deiner Bereitschaft und deinem Mut!,deiner; Bereitschaft; deinem,Chineses; Chineset; Czech; French; German; Italian; Korean; Polish; Portuguese; Russian; Spanish; Turkish; Ukrainian
s_el_puskar_el_jak_by_ne__lk7i,9,"non-ASCII character(s) in English display | English reference/display differ | token(s) preserved across 3+ localized displays: würden, brauchen | preserved token(s) also present in English reference","!P Ah, you're the wiater from the court! Was würden Sie brauchen?","Ah, you are the waiter from the court! Was würden Sie brauchen?",würden; brauchen,Chineses; Chineset; Czech; Italian; Korean; Polish; Portuguese; Russian; Spanish; Ukrainian; Vietnamese
s_el_puskar_el_prach_do_t_ThDt,11,"non-ASCII character(s) in English display | English reference/display differ | token(s) preserved across 3+ localized displays: rival, Kolin, eine, glitschige, Schlange, Aber | preserved token(s) also present in English reference","!P My business rival, Fousek of Kolin, also supplies black powder to the camp. Er ist a slippery snake… Aber that's of no importance to you.","My business rival, Whisker of Kolin, also supplies black powder to the camp. Er ist eine glitschige Schlange… Aber that is of no importance to you.",rival; Kolin; eine; glitschige; Schlange; Aber,Chineses; Chineset; Czech; French; German; Italian; Korean; Polish; Portuguese; Russian; Spanish; Turkish; Ukrainian; Vietnamese
s_el_puskar_el_tady_ve_me_Quxw,9,"non-ASCII character(s) in English display | English reference/display differ | token(s) preserved across 3+ localized displays: gäbe, einen | preserved token(s) also present in English reference","!P Definitely not here in the city! Aber es gibt einen option, but you can't tell anyone I told you!","Definitely not here in the city! Es gäbe da einen Weg, but you cannot tell anyone I told you!",gäbe; einen,Chineses; Chineset; Czech; French; German; Italian; Polish; Portuguese; Russian; Spanish; Turkish; Ukrainian; Vietnamese
s_fa_fabrizio_moje_rodina_AzJz,10,"non-ASCII character(s) in English display | English reference/display differ | token(s) preserved across 3+ localized displays: Padua, Camillo, Valla | preserved token(s) also present in English reference","My family was successful — and success breeds resentment. The Padua expedition was led by Camillo Valla, one of my father’s former students.","My family was successful - and success breeds resentment. The Padua expedition was led by Camillo Valla, one of my father’s former students.",Padua; Camillo; Valla,Czech; French; German; Italian; Polish; Portuguese; Spanish; Turkish; Vietnamese
s_fa_fabrizio_vychazeli_z_m6nN,10,"non-ASCII character(s) in English display | token(s) preserved across 3+ localized displays: Campanus, Novara, orologia, Padua | preserved token(s) also present in English reference",They followed the works of Campanus of Novara and crafted magnificent “orologia”. The Padua clock is one of theirs.,They followed the works of Campanus of Novara and crafted magnificent “orologia”. The Padua clock is one of theirs.,Campanus; Novara; orologia; Padua,Chineses; Chineset; Czech; French; German; Italian; Korean; Polish; Portuguese; Russian; Spanish; Turkish; Ukrainian; Vietnamese
s_fa_henry_moc_se_omlouva_JqUs,9,"non-ASCII character(s) in English display | English reference/display differ | token(s) preserved across 3+ localized displays: Henry, Kuttenberg | preserved token(s) also present in English reference","Forgive the intrusion. I’m Henry, master of the Kuttenberg Blacksmiths’ Guild...","Forgive the intrusion. I’m Henry, a master of the Kuttenberg Blacksmiths’ Guild...",Henry; Kuttenberg,French; German; Italian; Portuguese; Spanish; Turkish; Vietnamese
s_fa_henry_p_byl_tady_pus_3jtz,9,"non-ASCII character(s) in English display | token(s) preserved across 3+ localized displays: Pushko, Eldris, Kuttenberg | preserved token(s) also present in English reference",I’m looking for the apprentice Pushko from Master Founder Eldris of Kuttenberg. I heard he was supposed to stop by to measure the bell.,I’m looking for the apprentice Pushko from Master Founder Eldris of Kuttenberg. I heard he was supposed to stop by to measure the bell.,Pushko; Eldris; Kuttenberg,French; German; Italian; Portuguese; Spanish; Turkish; Vietnamese
s_fr_hejtman_f_jestli_chc_2rbT,9,"non-ASCII character(s) in English display | English reference/display differ | token(s) preserved across 3+ localized displays: wenn, möchtest | preserved token(s) also present in English reference","!P Wenn Sie mochten, come again tomorrow.","Come back tomorrow, wenn du möchtest.",wenn; möchtest,Chineses; Chineset; Czech; French; German; Italian; Korean; Polish; Portuguese; Russian; Spanish; Turkish; Ukrainian
s_fr_hejtman_f_proc_si_pr_wxtj,10,"non-ASCII character(s) in English display | English reference/display differ | token(s) preserved across 3+ localized displays: Warum, hast, aufgehört | preserved token(s) also present in English reference",!P Warum hast du aufgehort? Shall we continue?,Warum hast du aufgehört? Shall we continue?,Warum; hast; aufgehört,Chineses; Chineset; Czech; French; German; Italian; Korean; Polish; Portuguese; Russian; Spanish; Turkish; Ukrainian; Vietnamese
s_fr_hejtman_f_ted_se_bez_nlz3,11,"non-ASCII character(s) in English display | English reference/display differ | token(s) preserved across 3+ localized displays: Komm, zurück, wenn, genesen, bist | preserved token(s) also present in English reference","!P Wenn Sie geheilt sind, kommen Sie zuruck.","Komm zurück, wenn du genesen bist.",Komm; zurück; wenn; genesen; bist,Chineses; Chineset; Czech; French; German; Italian; Korean; Polish; Portuguese; Russian; Spanish; Turkish; Ukrainian; Vietnamese
s_ha_bohuta_pl_kunstat_ma_UKpz,9,"non-ASCII character(s) in English display | English reference/display differ | token(s) preserved across 3+ localized displays: Kunstadt, Capon | preserved token(s) also present in English reference","Lord Kunstadt has a niece. So… I arranged a marriage for young Lord Capon. With your blessing, if you agree.","Lord Kunstadt has a niece. So… I arranged a betrothal for young Lord Capon. With your blessing, if you agree.",Kunstadt; Capon,French; German; Italian; Portuguese; Spanish; Turkish; Vietnamese
s_ha_hanus_z_l_jan_ptacek_o3fK,10,"non-ASCII character(s) in English display | token(s) preserved across 3+ localized displays: Hans, Capon, Jitka, Kunstadt | preserved token(s) also present in English reference",Hans Capon… is to marry Jitka of Kunstadt?,Hans Capon… is to marry Jitka of Kunstadt?,Hans; Capon; Jitka; Kunstadt,French; German; Italian; Portuguese; Spanish; Turkish; Vietnamese
s_he_hejtman_s_houbyco_by_pKv6,9,"non-ASCII character(s) in English display | English reference/display differ | token(s) preserved across 3+ localized displays: Sofern, nicht | preserved token(s) also present in English reference","!P Bullshit! What could possibly… Sofern nicht… The Collector is still alive, is he not? And you are lying to me?!","Bullshit! What could possibly… Sofern nicht… The Collector is still alive, is he not? You were lying to me?!",Sofern; nicht,Chineses; Chineset; Czech; French; Italian; Korean; Polish; Portuguese; Russian; Spanish; Turkish; Ukrainian
s_he_hejtman_s_jak_jinak__U77F,9,"non-ASCII character(s) in English display | English reference/display differ | token(s) preserved across 3+ localized displays: Natürlich, sonst | preserved token(s) also present in English reference","!P Natürlich, was sonst… Take it, and stay out of my sight for a while, would you?","Natürlich, was sonst… Take it, and stay out of my sight for a while, would you?",Natürlich; sonst,Chineses; Chineset; Czech; French; Italian; Korean; Polish; Portuguese; Russian; Spanish; Turkish; Ukrainian
s_he_taborovy__aulitz_s_b_LA64,9,"non-ASCII character(s) in English display | English reference/display differ | token(s) preserved across 3+ localized displays: Aulitz, Bergow | preserved token(s) also present in English reference",Hetman von Aulitz and Lord von Bergov heard that blokes were killing themselves here...,Captain von Aulitz and Lord von Bergow heard blokes were killing each other here…,Aulitz; Bergow,Czech; French; German; Italian; Polish; Portuguese; Spanish; Turkish; Vietnamese
s_ho_hospodsky_je_na_tom__RVrI,9,"non-ASCII character(s) in English display | English reference/display differ | token(s) preserved across 3+ localized displays: sehr, übel | preserved token(s) also present in English reference",But he is still doing sehr schlecht.,But it is still bad with him... sehr übel.,sehr; übel,Chineses; Chineset; Czech; French; German; Italian; Korean; Polish; Portuguese; Russian; Spanish; Turkish; Ukrainian
s_ho_hospodsky_jo_a_kdovi_D3vO,11,"non-ASCII character(s) in English display | English reference/display differ | token(s) preserved across 3+ localized displays: weiß, diese, verdammten, ungarischen, Teufelskerle | preserved token(s) also present in English reference","!P Ja, und wer weiß if they even buried the poor lad, diese verdammten ungarischen Teufelskerle!","Tja, und wer weiß if they even buried the poor lad, diese verdammten ungarischen Teufelskerle!",weiß; diese; verdammten; ungarischen; Teufelskerle,Chineses; Chineset; Czech; French; German; Italian; Korean; Polish; Portuguese; Russian; Spanish; Turkish; Ukrainian
s_ho_hospodsky_protoze_se_37sC,11,"non-ASCII character(s) in English display | English reference/display differ | token(s) preserved across 3+ localized displays: Sigismund, weiß, Gott, Recht | preserved token(s) also present in English reference","!P Pah… because even though they are certainly deserters, they still wear Hungarian colours and the people here are scared to death of Sigismund... und weiß Gott zu Recht!","Pah… because even though they are certainly deserters, they still wear Hungarian colours and the people here are scared to death of Sigismund... und weiß Gott zu Recht!",Sigismund; weiß; Gott; Recht,Chineses; Chineset; Czech; French; German; Italian; Korean; Polish; Portuguese; Russian; Spanish; Turkish; Ukrainian; Vietnamese
s_ho_hospodsky_tady_u_nas_RoTj,9,"non-ASCII character(s) in English display | English reference/display differ | token(s) preserved across 3+ localized displays: etwas, schon | preserved token(s) also present in English reference","!P Ja, etwas schon...","Ja, etwas schon…",etwas; schon,Chineses; Chineset; Czech; French; German; Italian; Korean; Polish; Portuguese; Russian; Spanish; Turkish; Ukrainian; Vietnamese
s_ho_hospodsky_ten_se_tu__0CK3,9,"non-ASCII character(s) in English display | English reference/display differ | token(s) preserved across 3+ localized displays: Nein, nein | preserved token(s) also present in English reference","To me? !P Nein, nein… Quite the contrary. We knocked back a nice few cold ones last night.","To me? Nein, nein… Quite the contrary. We knocked back a nice few cold ones last night.",Nein; nein,Chineses; Chineset; Czech; French; German; Italian; Korean; Polish; Portuguese; Russian; Spanish; Turkish; Ukrainian
s_ho_hospodsky_ten_se_tu__AoFb,10,"non-ASCII character(s) in English display | English reference/display differ | token(s) preserved across 3+ localized displays: Jetzt, weiß, ich’s | preserved token(s) also present in English reference",!P Ja! Ich weiß!,Ja! Jetzt weiß ich’s!,Jetzt; weiß; ich’s,Chineses; Chineset; Czech; French; German; Italian; Korean; Polish; Portuguese; Russian; Spanish; Turkish; Ukrainian; Vietnamese
s_ho_hospodsky_ten_se_tu__nEVg,10,"non-ASCII character(s) in English display | English reference/display differ | token(s) preserved across 3+ localized displays: sich, völlig, betrunken | preserved token(s) also present in English reference","!P Er war sturzbetrunken, yesterday with some Pole. They were causing a ruckus until the morning…","Hat er sich völlig betrunken, yesterday with some Pole. They were causing a ruckus until the morning…",sich; völlig; betrunken,Chineses; Chineset; Czech; French; German; Korean; Polish; Portuguese; Russian; Spanish; Turkish; Ukrainian; Vietnamese
s_ju_jurko_predtim_krtiny_kosA,10,"non-ASCII character(s) in English display | English reference/display differ | token(s) preserved across 3+ localized displays: Koshumberg, Dalechin, Kuhberg | preserved token(s) also present in English reference",Before that it was a christening at Koshumberg and another wedding in Dalechin. A friendly stop with our relatives the Shelbergs in Kuhberg…,Before that it was a bairn's christening at Koshumberg and another wedding in Dalechin. Then a friendly visit to our kin the Shelbergs in Kuhberg…,Koshumberg; Dalechin; Kuhberg,French; German; Italian; Portuguese; Spanish; Turkish; Vietnamese
s_ka_henry_mluvil_ted_s_b_MGa9,9,"non-ASCII character(s) in English display | English reference/display differ | token(s) preserved across 3+ localized displays: Jaroslav, Stephen | preserved token(s) also present in English reference","Has Jaroslav spoken to Brother Stephan recently? About… confession, maybe?","Has Jaroslav spoken to Brother Stephen recently? About… confession, maybe?",Jaroslav; Stephen,Czech; French; German; Italian; Portuguese; Spanish; Turkish; Vietnamese
s_ka_henry_protoze_me_tim_VkIL,9,"non-ASCII character(s) in English display | English reference/display differ | token(s) preserved across 3+ localized displays: Albich, Jaroslav | preserved token(s) also present in English reference",Master Albich put me up to it – he’s treating him now. Said it might help if we knew more about Jaroslav.,Master Albich put me up to it – he’s treating him now. He said it might help if we knew more about Jaroslav.,Albich; Jaroslav,French; German; Italian; Portuguese; Spanish; Turkish; Vietnamese
s_kl_cechmistr_je_to_u_ce_hKY7,9,"non-ASCII character(s) in English display | English reference/display differ | token(s) preserved across 3+ localized displays: Maleshov, Mesoles | preserved token(s) also present in English reference",It’s by the road from Maleshov to Mezholezy.,It’s by the road from Maleshov to Mesoles.,Maleshov; Mesoles,French; German; Italian; Portuguese; Spanish; Turkish; Vietnamese
s_kl_cechmistr_mein_gott__3nm3,11,"non-ASCII character(s) in English display | English reference/display differ | token(s) preserved across 3+ localized displays: Mein, Gott, Maleshov, Mesoles | preserved token(s) also present in English reference","Mein Gott, I can’t remember what it’s called now, but you go there from Malešov towards Mezholezy.","Mein Gott, I can’t remember what it’s called now, but you go there from Maleshov towards Mesoles.",Mein; Gott; Maleshov; Mesoles,Chineses; Chineset; Czech; French; German; Italian; Korean; Polish; Portuguese; Russian; Spanish; Turkish; Ukrainian; Vietnamese
s_kr_krasek_mmm_mmmje_to__hFjj,10,"non-ASCII character(s) in English display | token(s) preserved across 3+ localized displays: mhmm, Sedletz, sono, pittore, picchiarmi | preserved token(s) also present in English reference","<mhmm>Indeed. They even summoned me all the way from the Sedletz Monastery. Naturally, they wouldn’t want just any old sono un pittore, non picchiarmi painting for them.","<mhmm>Indeed. They even summoned me all the way from the Sedletz Monastery. Naturally, they wouldn’t want just any old sono un pittore, non picchiarmi painting for them.",mhmm; Sedletz; sono; pittore; picchiarmi,Chineses; Chineset; Czech; French; German; Italian; Korean; Polish; Portuguese; Russian; Spanish; Turkish; Ukrainian; Vietnamese
s_lu_jura_vost_tak_jo_kub_R91E,9,"non-ASCII character(s) in English display | English reference/display differ | token(s) preserved across 3+ localized displays: Clovis, groschen | preserved token(s) also present in English reference","Shame that Clovis isn’t here. He’d play with you straight away. I’m not so keen on it. But whatever, a few groschen always comes in handy. Let's do it!","Shame that Clovis ain’t here. He’d play with you straight away. I’m not so keen on it. But whatever, a few groschen always comes in handy. Let's do it!",Clovis; groschen,French; German; Italian; Portuguese; Spanish; Vietnamese
s_ma_henry_pockej_jako_ty_HN86,10,"non-ASCII character(s) in English display | token(s) preserved across 3+ localized displays: Robert, Radan, Rupert, Raphael | preserved token(s) also present in English reference","Wait, wait! How about… Robert? Radan? Rupert? Or maybe… Raphael?","Wait, wait! How about… Robert? Radan? Rupert? Or maybe… Raphael?",Robert; Radan; Rupert; Raphael,Czech; French; German; Italian; Polish; Portuguese; Spanish; Turkish; Vietnamese
s_ma_manka_tam_nekde_je_t_inTg,9,"non-ASCII character(s) in English display | English reference/display differ | token(s) preserved across 3+ localized displays: Tachov, Henik | preserved token(s) also present in English reference","Tachov is somewhere over there, my sweetheart Heniek is there… He can't be here with me because they say he's not good enough for me.","Tachov is somewhere over there, and my sweetheart Henik… He can't be here with me because I'm told he's not good enough for me.",Tachov; Henik,Czech; French; Italian; Portuguese; Spanish; Turkish; Vietnamese
s_me_arne_nemec_menhart_n_0kAJ,11,"non-ASCII character(s) in English display | English reference/display differ | token(s) preserved across 3+ localized displays: Menhard, fühle, mich, bisschen, krank, schwach | preserved token(s) also present in English reference","Menhard, I'm feeling a little sick and weak.","Menhard, ich fühle mich ein bisschen krank und schwach.",Menhard; fühle; mich; bisschen; krank; schwach,Chineses; Chineset; Czech; French; German; Italian; Korean; Polish; Portuguese; Russian; Spanish; Turkish; Ukrainian; Vietnamese
s_me_arne_nemec_menhart_p_LToJ,11,"non-ASCII character(s) in English display | English reference/display differ | token(s) preserved across 3+ localized displays: Menhard, muss, mich, hinlegen, fühle, bisschen, krank, schwach | preserved token(s) also present in English reference","Menhard, I need to lie down. I'm feeling a little sick and weak.","Menhard, ich muss mich hinlegen. Ich fühle mich ein bisschen krank und schwach.",Menhard; muss; mich; hinlegen; fühle; bisschen; krank; schwach,Chineses; Chineset; Czech; French; German; Italian; Korean; Polish; Portuguese; Russian; Spanish; Turkish; Ukrainian; Vietnamese
s_mn_dlc3_mnic_dlouho_jse_8j6i,9,"non-ASCII character(s) in English display | English reference/display differ | token(s) preserved across 3+ localized displays: Jaroslav, Blazhena | preserved token(s) also present in English reference",Haven’t seen him for a while. And if I think how Jaroslav and Blazhena are doing...,I haven’t seen him for a while. And when I think how Jaroslav and Blazhena are doing...,Jaroslav; Blazhena,Czech; French; German; Italian; Portuguese; Spanish; Turkish; Vietnamese
s_mo_jurko_ja_jsem_jurko__Z680,9,"non-ASCII character(s) in English display | English reference/display differ | token(s) preserved across 3+ localized displays: Jurko, Moravia | preserved token(s) also present in English reference",I'm Jurko… and these chaps are my fellow Moravians.,I'm Jurko from Moravia… and these fine lads hail from there too.,Jurko; Moravia,Czech; French; German; Italian; Polish; Portuguese; Spanish; Turkish; Vietnamese
s_op_henry_zacharias_ho_o_SfVB,9,"non-ASCII character(s) in English display | English reference/display differ | token(s) preserved across 3+ localized displays: Zacharias, Albich | preserved token(s) also present in English reference","But by then, Zacharias had already been poisoning his wine for some time. I don’t know what venom it was, but Albich is barely breathing and has no idea what’s going on.","But by then, Zacharias had already been poisoning his wine for some time. I don’t know what poison it was, but Albich is barely breathing and has no idea what’s going on.",Zacharias; Albich,French; German; Italian; Portuguese; Spanish; Turkish; Vietnamese
s_op_henry_zacharias_je_p_Hrxr,9,"non-ASCII character(s) in English display | token(s) preserved across 3+ localized displays: Zacharias, Bavor, Sigismund | preserved token(s) also present in English reference","Zacharias bribed them. He’d heard that Bavor was buried here with a relic from the Holy Land, and decided to seize it for King Sigismund.","Zacharias bribed them. He’d heard that Bavor was buried here with a relic from the Holy Land, and decided to seize it for King Sigismund.",Zacharias; Bavor; Sigismund,French; German; Italian; Portuguese; Turkish; Vietnamese
s_pu_tovarys_p_to_je_pora_eaDK,9,"non-ASCII character(s) in English display | English reference/display differ | token(s) preserved across 3+ localized displays: warte, noch | preserved token(s) also present in English reference","It’s always warten sie noch, warten sie noch. By the time he lets me at it, I’ll have a white beard to my waist.","It’s always warte noch, warte noch. By the time he lets me at it, I’ll have a white beard to my waist.",warte; noch,Chineses; Chineset; Czech; French; Italian; Korean; Polish; Portuguese; Russian; Spanish; Turkish; Ukrainian
s_ry_henry_jindrich_mistr_2ce3,9,"non-ASCII character(s) in English display | English reference/display differ | token(s) preserved across 3+ localized displays: Henry, Kuttenberg | preserved token(s) also present in English reference",Henry. Master of the Kuttenberg Blacksmiths’ Guild.,Henry. A Master of the Kuttenberg Blacksmiths’ Guild.,Henry; Kuttenberg,French; Italian; Portuguese; Spanish; Turkish; Vietnamese
s_ry_henry_vojtech_rikal__mhM0,10,"non-ASCII character(s) in English display | token(s) preserved across 3+ localized displays: Voyta, Lapis, lazuli, pigment | preserved token(s) also present in English reference","Voyta said that for his work, you promised him something else. He says you’ve got some expensive stone. Lapis... lazuli? They use it to make blue pigment.","Voyta said that for his work, you promised him something else. He says you’ve got some expensive stone. Lapis... lazuli? They use it to make blue pigment.",Voyta; Lapis; lazuli; pigment,Czech; French; German; Polish; Portuguese; Spanish; Turkish; Vietnamese
s_ry_rychtar_p_ale_pravda_hnCv,11,"non-ASCII character(s) in English display | English reference/display differ | token(s) preserved across 3+ localized displays: Aber, hätte, mehr, Vertrauen, deine, Fähigkeiten, haben, sollen | preserved token(s) also present in English reference","!P Aber gut, ich hätte mehr Vertrauen in Ihre Fähigkeiten haben sollen. Entschuldigung.","Aber gut, ich hätte mehr Vertrauen in deine Fähigkeiten haben sollen. Entschuldigung.",Aber; hätte; mehr; Vertrauen; deine; Fähigkeiten; haben; sollen; Entschuldigung,Chineses; Chineset; Czech; French; German; Italian; Korean; Polish; Portuguese; Russian; Spanish; Turkish; Ukrainian; Vietnamese
s_ry_rychtar_p_mistr_skod_0dH3,10,"non-ASCII character(s) in English display | token(s) preserved across 3+ localized displays: Shkoda, Erwin, Klemmer, Hollander | preserved token(s) also present in English reference","Master Shkoda, Erwin Klemmer, Hollander – each one worked on the repairs in his own little corner.","Master Shkoda, Erwin Klemmer, Hollander – each one worked on the repairs in his own little corner.",Shkoda; Erwin; Klemmer; Hollander,Czech; French; German; Italian; Polish; Portuguese; Spanish; Turkish; Vietnamese
s_vo_volf_a_za_to_vsecko__nkrD,10,"non-ASCII character(s) in English display | English reference/display differ | token(s) preserved across 3+ localized displays: Kurva, Henry, pičo | preserved token(s) also present in English reference","And it’s all thanks to you. You changed my life, fuckin’ Henry. I’ll never forget that, mate.","And it’s all thanks to you. Kurva, you changed my life, Henry. I’ll never forget that, pičo.",Kurva; Henry; pičo,Chineses; Chineset; Czech; French; German; Italian; Portuguese; Russian; Spanish; Turkish; Vietnamese
sam__samuel_hmm_maj_to_ta_ddLe,9,"non-ASCII character(s) in English display | English reference/display differ | token(s) preserved across 3+ localized displays: wirklich, schön | preserved token(s) also present in English reference",!P Hmmm… wirklich schön in here.,Hmm… es ist wirklich schön in here.,wirklich; schön,Chineses; Chineset; French; German; Italian; Korean; Polish; Portuguese; Russian; Spanish; Turkish; Ukrainian
sam__samuel_jak_bych_nemo_Ew4h,10,"non-ASCII character(s) in English display | token(s) preserved across 3+ localized displays: Efsher, ober, nokh, zayn, ruiker, visndik, Mame, zaynen | preserved token(s) also present in English reference","Efsher, ober nokh… Ikh vel zayn ruiker visndik, az du un Mame zaynen zikher.","Efsher, ober nokh… Ikh vel zayn ruiker visndik, az du un Mame zaynen zikher.",Efsher; ober; nokh; zayn; ruiker; visndik; Mame; zaynen; zikher,Chineses; Chineset; Czech; French; German; Italian; Korean; Polish; Portuguese; Russian; Spanish; Turkish; Ukrainian; Vietnamese
samo_samomluva_eh_komm_du_YxPm,10,"non-ASCII character(s) in English display | English reference/display differ | token(s) preserved across 3+ localized displays: Komm, schon, Scheißteil | preserved token(s) also present in English reference","!P Eh, komm, du Schlampe...","Komm schon, du Scheißteil.",Komm; schon; Scheißteil,Chineses; Chineset; Czech; French; German; Italian; Japanese; Korean; Polish; Portuguese; Russian; Spanish; Turkish; Ukrainian; Vietnamese
samu_henry_hledam_jana_z__3yuc,9,"non-ASCII character(s) in English display | English reference/display differ | token(s) preserved across 3+ localized displays: Liechtenstein, Samuel | preserved token(s) also present in English reference",I'm looking for Jan of Liechtenstein. I heard you… or Samuel... might know something about him.,I'm looking for John of Liechtenstein. I heard you… or this Samuel... might know something about him.,Liechtenstein; Samuel,Czech; French; German; Italian; Polish; Portuguese; Spanish; Turkish; Vietnamese
samu_samuel_a_az_ted_budo_Bxhd,9,"non-ASCII character(s) in English display | English reference/display differ | token(s) preserved across 3+ localized displays: karno, be-eynekha | preserved token(s) also present in English reference",!P And when they're gonna raise an army… Karno be-eynekha!,And when they are trying to raise an army… karno be-eynekha!,karno; be-eynekha,Chineses; Chineset; Czech; French; German; Italian; Korean; Polish; Portuguese; Russian; Spanish; Turkish; Ukrainian; Vietnamese
samu_samuel_o_adonai__pod_hoqs,9,"non-ASCII character(s) in English display | English reference/display differ | token(s) preserved across 3+ localized displays: Adonai, Henry | preserved token(s) also present in English reference",O Adonai…look at you Henry. You've studied.,"O Adonai…! Look at you, Henry. You have studied!",Adonai; Henry,Chineset; French; German; Italian; Polish; Portuguese; Russian; Spanish; Turkish; Vietnamese
samu_samuel_teda__mluvis__U3wY,9,"non-ASCII character(s) in English display | English reference/display differ | token(s) preserved across 3+ localized displays: rabbi, Henry | preserved token(s) also present in English reference","Well…you speak like a rabbi, Henry.","My word…! You speak like a rabbi, Henry.",rabbi; Henry,Czech; French; German; Italian; Portuguese; Spanish; Turkish; Vietnamese
se_s_henry_to_nevim_mozna_ghlV,9,"non-ASCII character(s) in English display | English reference/display differ | token(s) preserved across 3+ localized displays: Zdena, Jarka | preserved token(s) also present in English reference",I don't know… maybe he wanted to reform a sinner? That was the case with Zdena and Yarka… maybe he also thought you needed saving?,I don't know… maybe he wanted to reform a sinner? That was the case with Zdena and Jarka… maybe he also thought you needed saving?,Zdena; Jarka,French; German; Italian; Portuguese; Spanish; Turkish; Vietnamese
se_s_pomatenec_vladik_jse_gUDH,9,"non-ASCII character(s) in English display | English reference/display differ | token(s) preserved across 3+ localized displays: Voyta, Libor | preserved token(s) also present in English reference","Voyta is… Well, Voyta is… dead. And it's Libor's vault… Hm, Libor… Nobody's called me that in a long time…","Voyta is… Well, Voyta is… dead. And it's Libor's fault… Hm, Libor… Nobody's called me that in a long time…",Voyta; Libor,Czech; French; German; Italian; Polish; Portuguese; Spanish; Turkish; Vietnamese
se_z_jan_zizka_mel_jsem_o_UeAS,9,"non-ASCII character(s) in English display | token(s) preserved across 3+ localized displays: Istvan, Toth, Erik | preserved token(s) also present in English reference",Istvan Toth and that Erik of his…,Istvan Toth and that Erik of his…,Istvan; Toth; Erik,Czech; French; German; Italian; Portuguese; Spanish; Turkish; Vietnamese
sef__henry_ale_kde_sou_ty_2IKN,9,"non-ASCII character(s) in English display | English reference/display differ | token(s) preserved across 3+ localized displays: Brada, Plumel | preserved token(s) also present in English reference",But where’s the coin Brada had on him? No idea. Maybe the bailiff Plumel did grab it after all.,But where’s the coin Brada had on him? No idea. Maybe Bailiff Plumel did grab it after all.,Brada; Plumel,French; German; Italian; Polish; Portuguese; Spanish; Turkish; Vietnamese
sest_stalker_a_ted_vypadn_zEKF,10,"non-ASCII character(s) in English display | token(s) preserved across 3+ localized displays: most, húzz, innen, vagy, kaphatsz, Tűnés | preserved token(s) also present in English reference","És most húzz el innen, vagy kaphatsz még! Tűnés!","És most húzz el innen, vagy kaphatsz még! Tűnés!",most; húzz; innen; vagy; kaphatsz; Tűnés,Chineses; Chineset; Czech; French; German; Italian; Korean; Polish; Portuguese; Russian; Spanish; Turkish; Ukrainian; Vietnamese
sest_stalker_dost_uz_co_t_1AfI,9,"non-ASCII character(s) in English display | English reference/display differ | token(s) preserved across 3+ localized displays: Elég, legyen | preserved token(s) also present in English reference",Elég legyen már! Mit műveltél?,Elég legyen már! What you do?,Elég; legyen,Chineses; Chineset; Czech; French; German; Italian; Korean; Polish; Portuguese; Russian; Spanish; Turkish; Ukrainian; Vietnamese
sest_stalker_dost_uz_to_s_Wbls,9,"non-ASCII character(s) in English display | English reference/display differ | token(s) preserved across 3+ localized displays: Elég, legyen | preserved token(s) also present in English reference",Elég legyen már! Enough.,Elég legyen már! Enough!,Elég; legyen,Chineses; Chineset; Czech; French; German; Italian; Japanese; Korean; Polish; Portuguese; Russian; Spanish; Turkish; Ukrainian; Vietnamese
sest_stalker_katerinu_ta__NSX2,10,"non-ASCII character(s) in English display | token(s) preserved across 3+ localized displays: Katherine, enyém, érted, Csak | preserved token(s) also present in English reference","Katherine? Ő az enyém, érted? Csak az enyém!","Katherine? Ő az enyém, érted? Csak az enyém!",Katherine; enyém; érted; Csak,Chineses; Chineset; Czech; French; German; Italian; Korean; Polish; Portuguese; Russian; Spanish; Turkish; Ukrainian; Vietnamese
sest_stalker_nech_me_vzda_2EvF,10,"non-ASCII character(s) in English display | token(s) preserved across 3+ localized displays: Elég, volt, feladom, Vége, csatának, tiéd, lány, Leszállok | preserved token(s) also present in English reference","Elég volt, feladom! Vége a csatának. Jól van, tiéd a lány. Leszállok róla!","Elég volt, feladom! Vége a csatának. Jól van, tiéd a lány. Leszállok róla!",Elég; volt; feladom; Vége; csatának; tiéd; lány; Leszállok; róla,Chineses; Chineset; Czech; French; German; Italian; Korean; Polish; Portuguese; Russian; Spanish; Turkish; Ukrainian; Vietnamese
sest_stalker_stacilo_ti_t_JkRL,10,"non-ASCII character(s) in English display | token(s) preserved across 3+ localized displays: Elég, volt, vagy, kérsz, kicsit | preserved token(s) also present in English reference","Elég volt, vagy kérsz még egy kicsit?","Elég volt, vagy kérsz még egy kicsit?",Elég; volt; vagy; kérsz; kicsit,Chineses; Chineset; Czech; French; German; Italian; Korean; Polish; Portuguese; Russian; Spanish; Turkish; Ukrainian; Vietnamese
situ_situace_m_ich_mochte_QibQ,9,"non-ASCII character(s) in English display | token(s) preserved across 3+ localized displays: möchte, mich, beschweren | preserved token(s) also present in English reference",Ich möchte mich beschweren!,Ich möchte mich beschweren!,möchte; mich; beschweren,Chineses; Chineset; Czech; French; German; Italian; Japanese; Korean; Polish; Portuguese; Russian; Spanish; Turkish; Ukrainian; Vietnamese
situ_situace_p_besser_der_BCZA,11,"non-ASCII character(s) in English display | English reference/display differ | token(s) preserved across 3+ localized displays: Pranger, Guten, Galgen, Schurken | preserved token(s) also present in English reference",Besser der Pranger als der Galgen!,"Ein Pranger für die Guten, ein Galgen für die Schurken!",Pranger; Guten; Galgen; Schurken,Chineses; Chineset; Czech; French; German; Italian; Japanese; Korean; Polish; Portuguese; Russian; Spanish; Turkish; Ukrainian; Vietnamese
situ_situace_p_ein_prange_kh2I,10,"non-ASCII character(s) in English display | token(s) preserved across 3+ localized displays: Pranger, Guten, Galgen, Schurken | preserved token(s) also present in English reference","Ein Pranger für die Guten, ein Galgen für die Schurken!","Ein Pranger für die Guten, ein Galgen für die Schurken!",Pranger; Guten; Galgen; Schurken,Chineses; Chineset; Czech; French; German; Italian; Japanese; Korean; Polish; Portuguese; Russian; Spanish; Turkish; Ukrainian; Vietnamese
situ_situace_p_ein_prange_pR11,10,"non-ASCII character(s) in English display | token(s) preserved across 3+ localized displays: Pranger, Guten, Galgen, Schurken | preserved token(s) also present in English reference","Ein Pranger für die Guten, ein Galgen für die Schurken!","Ein Pranger für die Guten, ein Galgen für die Schurken!",Pranger; Guten; Galgen; Schurken,Chineses; Chineset; Czech; French; German; Italian; Japanese; Korean; Polish; Portuguese; Russian; Spanish; Turkish; Ukrainian; Vietnamese
situ_situace_p_ich_hoffe__Ghog,11,"non-ASCII character(s) in English display | English reference/display differ | token(s) preserved across 3+ localized displays: hoffe, hängen, dich, nächstes, Mistkerl | preserved token(s) also present in English reference","Ich hoffe, sie hängen dich das nächstemal, Bastard!","Ich hoffe, sie hängen dich nächstes Mal auf, du Mistkerl!",hoffe; hängen; dich; nächstes; Mistkerl,Chineses; Chineset; Czech; French; German; Italian; Japanese; Korean; Polish; Portuguese; Russian; Spanish; Turkish; Ukrainian; Vietnamese
situ_situace_p_ich_hoffe__K11w,11,"non-ASCII character(s) in English display | English reference/display differ | token(s) preserved across 3+ localized displays: hoffe, hängen, dich, nächstes, Mistkerl | preserved token(s) also present in English reference","Ich hoffe, sie hängen dich das nächstemal, Bastard!","Ich hoffe, sie hängen dich nächstes Mal auf, du Mistkerl!",hoffe; hängen; dich; nächstes; Mistkerl,Chineses; Chineset; Czech; French; German; Italian; Japanese; Korean; Polish; Portuguese; Russian; Spanish; Turkish; Ukrainian; Vietnamese
situ_situace_p_verdammte__yjQT,11,"non-ASCII character(s) in English display | English reference/display differ | token(s) preserved across 3+ localized displays: Verdammter, Räuber, Hurensohn, Teufelstier | preserved token(s) also present in English reference",Verdammte Räuber. Hurensohn! Teufelstier!,Verdammter Räuber! Hurensohn! Teufelstier!,Verdammter; Räuber; Hurensohn; Teufelstier,Chineses; Chineset; Czech; French; German; Italian; Japanese; Korean; Polish; Portuguese; Russian; Spanish; Turkish; Ukrainian; Vietnamese
situ_situace_p_verdammte__yw44,11,"non-ASCII character(s) in English display | English reference/display differ | token(s) preserved across 3+ localized displays: Verdammter, Räuber, Hurensohn, Teufelstier | preserved token(s) also present in English reference",Verdammte Räuber. Hurensohn! Teufelstier!,Verdammter Räuber. Hurensohn! Teufelstier!,Verdammter; Räuber; Hurensohn; Teufelstier,Chineses; Chineset; Czech; French; German; Italian; Japanese; Korean; Polish; Portuguese; Russian; Spanish; Turkish; Ukrainian; Vietnamese
situ_situace_v_a_az_se_to_12mW,10,"non-ASCII character(s) in English display | English reference/display differ | token(s) preserved across 3+ localized displays: Herrn, König, Sigismund | preserved token(s) also present in English reference","Once things calm down a bit here, we will be able to thank Herr Gott for König Sigismund.","Once things calm down a bit here, we will be able to thank Herrn for König Sigismund.",Herrn; König; Sigismund,Chineses; Czech; French; German; Italian; Korean; Polish; Portuguese; Russian; Spanish; Turkish; Ukrainian; Vietnamese
situ_situace_v_nechcete_m_Uzic,9,"non-ASCII character(s) in English display | English reference/display differ | token(s) preserved across 3+ localized displays: helfen, Bitte | preserved token(s) also present in English reference",Can anyone… helfen… me? Bitte?,Can anyone… helfen? Bitte?,helfen; Bitte,Chineses; Chineset; Czech; French; German; Italian; Korean; Polish; Portuguese; Russian; Spanish; Turkish; Ukrainian; Vietnamese
situ_situace_v_zikmund_je_7INT,10,"non-ASCII character(s) in English display | English reference/display differ | token(s) preserved across 3+ localized displays: König, Sigismund, Wenzel | preserved token(s) also present in English reference","Everyone here is always griping about König Sigismund. But tell me what has König Wenzel ever done for us, hm?","Everyone here is always griping about König Sigismund. But tell me, what has König Wenzel ever done for us, hm?",König; Sigismund; Wenzel,Chineses; Chineset; Czech; French; German; Italian; Polish; Portuguese; Russian; Spanish; Turkish; Ukrainian; Vietnamese
situ_situace_z_ich_habe_m_pjcA,10,"non-ASCII character(s) in English display | token(s) preserved across 3+ localized displays: habe, meine, Meinung, geändert | preserved token(s) also present in English reference",Ich habe meine Meinung geändert.,Ich habe meine Meinung geändert.,habe; meine; Meinung; geändert,Chineses; Chineset; Czech; French; German; Italian; Japanese; Korean; Polish; Portuguese; Russian; Spanish; Turkish; Ukrainian; Vietnamese
situ_situace_z_sauberkeit_DQMC,10,"non-ASCII character(s) in English display | English reference/display differ | token(s) preserved across 3+ localized displays: Reinlichkeit, kommt, gleich, nach, Frömmigkeit",Sauberkeit halb gesundheit!,Reinlichkeit kommt gleich nach Frömmigkeit.,Reinlichkeit; kommt; gleich; nach; Frömmigkeit,Chineses; Chineset; Czech; French; German; Italian; Japanese; Korean; Polish; Portuguese; Russian; Spanish; Turkish; Vietnamese
slec_aktivita__a_nesetril_klG9,11,"non-ASCII character(s) in English display | English reference/display differ | token(s) preserved across 3+ localized displays: Mein, Nachbar, könnte, Neid, platzen | preserved token(s) also present in English reference",!P And no hold back on decoration! Sword must shine like gold in sun. Mein Nachbar könnte vor Neid platzen!,And no hold back on decoration! Sword must shine like gold in sun. Mein Nachbar könnte vor Neid platzen!,Mein; Nachbar; könnte; Neid; platzen,Chineses; Chineset; French; German; Italian; Korean; Polish; Portuguese; Russian; Spanish; Turkish; Ukrainian; Vietnamese
slec_aktivita__ten_mec_ch_cZHI,9,"non-ASCII character(s) in English display | English reference/display differ | token(s) preserved across 3+ localized displays: wunderschön, Meisterstück | preserved token(s) also present in English reference",!P I want sword for decoration only. But it must be wunderschön! Ein Meisterstück!,I want sword for decoration only. But it must be wunderschön! Ein Meisterstück!,wunderschön; Meisterstück,Chineses; Chineset; Czech; French; German; Italian; Korean; Polish; Portuguese; Russian; Spanish; Turkish; Ukrainian
slec_aktivita__ty_mi_to_p_KfAR,10,"non-ASCII character(s) in English display | English reference/display differ | token(s) preserved across 3+ localized displays: Meister, Eichner, Bäckerei | preserved token(s) also present in English reference","!P You bring to me then, ja? I am live across from Meister Eichner, in building with Bäckerei.","You bring to me then, ja? I am live across from Meister Eichner, in building with Bäckerei.",Meister; Eichner; Bäckerei,Czech; French; German; Italian; Polish; Portuguese; Russian; Spanish; Turkish; Ukrainian; Vietnamese
smal_jost_luce_o_ruthardo_L4iP,9,"non-ASCII character(s) in English display | token(s) preserved across 3+ localized displays: Ruthard, Martin, Alder | preserved token(s) also present in English reference","We don't need to convince Ruthard. And Martin is already working on Alder, but he might be pushing a little hard…","We don't need to convince Ruthard. And Martin is already working on Alder, but he might be pushing a little hard…",Ruthard; Martin; Alder,Czech; French; German; Italian; Portuguese; Spanish; Turkish; Vietnamese
smlo_smlouvani_gut_versuc_3GRb,9,"non-ASCII character(s) in English display | English reference/display differ | token(s) preserved across 3+ localized displays: versuchen, wir’s | preserved token(s) also present in English reference","!P Gut, versuchen wir es.","Gut, versuchen wir’s.",versuchen; wir’s,Chineses; Chineset; Czech; French; German; Italian; Japanese; Korean; Polish; Portuguese; Russian; Spanish; Turkish; Ukrainian; Vietnamese
smlo_smlouvani_gut_versuc_vD4J,9,"non-ASCII character(s) in English display | English reference/display differ | token(s) preserved across 3+ localized displays: versuchen, wir’s | preserved token(s) also present in English reference","!P Gut, versuchen wir es.","Gut, versuchen wir’s.",versuchen; wir’s,Chineses; Chineset; Czech; French; German; Italian; Japanese; Korean; Polish; Portuguese; Russian; Spanish; Turkish; Ukrainian; Vietnamese
smlo_smlouvani_heh_du_ver_OChj,11,"non-ASCII character(s) in English display | English reference/display differ | token(s) preserved across 3+ localized displays: verkaufst, ganz, schön, zwielichtiges, Zeug | preserved token(s) also present in English reference","!P Heh, du verkaufst mir ein schönes Schwarz.","Heh, du verkaufst mir ganz schön zwielichtiges Zeug.",verkaufst; ganz; schön; zwielichtiges; Zeug,Chineses; Chineset; Czech; French; German; Italian; Japanese; Korean; Polish; Portuguese; Russian; Spanish; Turkish; Ukrainian; Vietnamese
smlo_smlouvani_heh_du_ver_ery3,11,"non-ASCII character(s) in English display | English reference/display differ | token(s) preserved across 3+ localized displays: verkaufst, ganz, schön, zwielichtiges, Zeug | preserved token(s) also present in English reference","!P Heh, du verkaufst mir ein schönes Schwarz.",Du verkaufst mir ganz schön zwielichtiges Zeug.,verkaufst; ganz; schön; zwielichtiges; Zeug,Chineses; Chineset; Czech; French; German; Italian; Japanese; Korean; Polish; Portuguese; Russian; Spanish; Turkish; Ukrainian; Vietnamese
smlo_smlouvani_hm_viellei_8azp,9,"non-ASCII character(s) in English display | English reference/display differ | token(s) preserved across 3+ localized displays: könnte, gehen | preserved token(s) also present in English reference","!P Hm, Vielleicht könnten wir das.","Hm, das könnte gehen.",könnte; gehen,Chineses; Chineset; Czech; French; Italian; Japanese; Korean; Polish; Portuguese; Russian; Spanish; Turkish; Ukrainian; Vietnamese
smlo_smlouvani_hm_was_sol_U6Dk,10,"non-ASCII character(s) in English display | English reference/display differ | token(s) preserved across 3+ localized displays: soll’s, warum, nicht | preserved token(s) also present in English reference","!P Hm, was soll's nicht.","Was soll’s, warum nicht?",soll’s; warum; nicht,Chineses; Chineset; Czech; French; German; Italian; Japanese; Korean; Polish; Portuguese; Russian; Spanish; Turkish; Ukrainian; Vietnamese
smlo_smlouvani_hm_was_sol_wle1,10,"non-ASCII character(s) in English display | English reference/display differ | token(s) preserved across 3+ localized displays: soll’s, warum, nicht | preserved token(s) also present in English reference","!P Hm, was soll's nicht.","Hm, was soll’s, warum nicht?",soll’s; warum; nicht,Chineses; Chineset; Czech; French; German; Italian; Japanese; Korean; Polish; Portuguese; Russian; Spanish; Turkish; Ukrainian; Vietnamese
smlo_smlouvani_naturlich__esrg,10,"non-ASCII character(s) in English display | English reference/display differ | token(s) preserved across 3+ localized displays: Natürlich, kein, Problem | preserved token(s) also present in English reference","!P Natürlich, kein Problem.","Natürlich, kein Problem.",Natürlich; kein; Problem,Chineses; Chineset; Czech; French; German; Italian; Japanese; Korean; Polish; Portuguese; Russian; Spanish; Turkish; Ukrainian; Vietnamese
smlo_smlouvani_naturlich__iX6e,10,"non-ASCII character(s) in English display | English reference/display differ | token(s) preserved across 3+ localized displays: Natürlich, kein, Problem | preserved token(s) also present in English reference","!P Natürlich, kein Problem.","Natürlich, kein Problem.",Natürlich; kein; Problem,Chineses; Chineset; Czech; French; German; Italian; Japanese; Korean; Polish; Portuguese; Russian; Spanish; Turkish; Ukrainian; Vietnamese
smlo_smlouvani_prachtvoll_T3af,10,"non-ASCII character(s) in English display | English reference/display differ | token(s) preserved across 3+ localized displays: Wunderbar, Danke, schön | preserved token(s) also present in English reference",!P Prachtvoll! Danke schön.,Wunderbar! Danke schön!,Wunderbar; Danke; schön,Chineses; Chineset; Czech; French; German; Italian; Japanese; Korean; Polish; Portuguese; Russian; Spanish; Turkish; Ukrainian; Vietnamese
smlo_smlouvani_prachtvoll_bCq4,10,"non-ASCII character(s) in English display | English reference/display differ | token(s) preserved across 3+ localized displays: Wunderbar, Danke, schön | preserved token(s) also present in English reference",!P Prachtvoll! Danke schön.,Wunderbar! Danke schön!,Wunderbar; Danke; schön,Chineses; Chineset; Czech; French; German; Italian; Japanese; Korean; Polish; Portuguese; Russian; Spanish; Turkish; Ukrainian; Vietnamese
smlo_smlouvani_vielleicht_vXf8,10,"non-ASCII character(s) in English display | English reference/display differ | token(s) preserved across 3+ localized displays: könnte, vielleicht, gehen | preserved token(s) also present in English reference","!P Hm, Vielleicht könnten wir das.","Hm, das könnte vielleicht gehen.",könnte; vielleicht; gehen,Chineses; Chineset; Czech; French; Italian; Japanese; Korean; Polish; Portuguese; Russian; Spanish; Turkish; Ukrainian; Vietnamese
smlo_smlouvani_was_denken_NOfC,9,"non-ASCII character(s) in English display | English reference/display differ | token(s) preserved across 3+ localized displays: Wofür, hältst, mich",!P Was denken Sie von mir?,Wofür hältst du mich?,Wofür; hältst; mich,Chineses; Chineset; Czech; French; German; Italian; Japanese; Korean; Polish; Portuguese; Russian; Spanish; Turkish; Ukrainian; Vietnamese
smlo_smlouvani_was_wollen_XPQP,9,"non-ASCII character(s) in English display | English reference/display differ | token(s) preserved across 3+ localized displays: Wofür, hältst, mich",!P Was denken Sie von mir?,Wofür hältst du mich?,Wofür; hältst; mich,Chineses; Chineset; Czech; French; German; Italian; Japanese; Korean; Polish; Portuguese; Russian; Spanish; Turkish; Ukrainian; Vietnamese
souv_prodavac__to_nikdo_j_sIxl,9,"non-ASCII character(s) in English display | English reference/display differ | token(s) preserved across 3+ localized displays: tutti, hanno, accordo",Nobody has something like that! So what do you say? Do we have a deal?,It is not something that tutti hanno. What do you say? Do we have un… un accordo?,tutti; hanno; accordo,Chineses; French; German; Italian; Korean; Polish; Portuguese; Russian; Spanish; Turkish
spec_arne_nemec_rozumny_m_YTRB,10,"non-ASCII character(s) in English display | English reference/display differ | token(s) preserved across 3+ localized displays: Vernünftig, sehr, vernünftig | preserved token(s) also present in English reference","!P Vernünftig, sehr vernünftig. One does not always have to try to kill their opponent.","Vernünftig, sehr vernünftig. A man must not always kill the other man at once.",Vernünftig; sehr; vernünftig,Chineses; Chineset; Czech; French; German; Italian; Korean; Polish; Portuguese; Russian; Spanish; Turkish; Ukrainian; Vietnamese
spec_arne_nemec_vetsinu_p_2C2p,9,"non-ASCII character(s) in English display | English reference/display differ | token(s) preserved across 3+ localized displays: Problem, gelöst | preserved token(s) also present in English reference","!P For most fools out there, one good kick to the groin is more than enough… und das Problem ist gelöst.",A very hard kick in the eggs is enough for most fools... und das Problem ist gelöst.,Problem; gelöst,Chineses; Chineset; Czech; French; German; Italian; Korean; Polish; Portuguese; Russian; Spanish; Turkish; Ukrainian; Vietnamese
spec_arne_nemec_vrat_se_a_87HD,9,"non-ASCII character(s) in English display | English reference/display differ | token(s) preserved across 3+ localized displays: verrückter, Kerl | preserved token(s) also present in English reference","!P Come back when you're healthy, Verrückter Mann!","Come back when you are healed and sound, verrückter Kerl!",verrückter; Kerl,Chineses; Chineset; Czech; French; German; Italian; Korean; Polish; Portuguese; Russian; Spanish; Turkish; Ukrainian; Vietnamese
spec_menhart_z_mistr_umi__gJGE,9,"non-ASCII character(s) in English display | English reference/display differ | token(s) preserved across 3+ localized displays: Entschuldige, mein, Freund",A Master knows how to estimate his strength and condition and knows when to prepare for battle and when not.,"Entschuldige, mein Freund… a master knows how to estimate his strength and condition.",Entschuldige; mein; Freund,Chineses; Chineset; Czech; French; German; Italian; Korean; Polish; Portuguese; Russian; Spanish; Turkish; Ukrainian
spec_oswald_to_hm_was_fur_JEMX,9,"non-ASCII character(s) in English display | English reference/display differ | token(s) preserved across 3+ localized displays: eine, Überraschung | preserved token(s) also present in English reference","!P Hm, was für eine Überraschung?","Hm, das ist ja eine Überraschung.",eine; Überraschung,Chineses; Chineset; Czech; French; German; Italian; Korean; Polish; Portuguese; Russian; Spanish; Turkish; Ukrainian; Vietnamese
spec_oswald_to_leider_ist_aNui,9,"non-ASCII character(s) in English display | English reference/display differ | token(s) preserved across 3+ localized displays: Leider, kämpft | preserved token(s) also present in English reference","!P Leider ist, the church is holding on to its sovereignty toot and nail and does not want ordinary people to have access to learned books.","Leider kämpft, the church clutches on to its sovereignty tooth and nail, and does not want ordinary people to have access to learned books.",Leider; kämpft,Chineses; Chineset; Czech; French; German; Italian; Korean; Polish; Portuguese; Russian; Spanish; Turkish; Ukrainian
spol_kuman_spo_ha_ted_chc_O9l8,9,"non-ASCII character(s) in English display | token(s) preserved across 3+ localized displays: Haha, most, véged | preserved token(s) also present in English reference","Haha, most véged!","Haha, most véged!",Haha; most; véged,Chineses; Chineset; Czech; French; German; Italian; Japanese; Korean; Polish; Portuguese; Russian; Spanish; Turkish; Ukrainian; Vietnamese
spol_kuman_vid_konomrde_z_5xqe,9,"non-ASCII character(s) in English display | token(s) preserved across 3+ localized displays: disznóbaszó, kurva, anyád | preserved token(s) also present in English reference",A disznóbaszó kurva anyád!,A disznóbaszó kurva anyád!,disznóbaszó; kurva; anyád,Chineses; Chineset; Czech; French; German; Italian; Japanese; Korean; Polish; Portuguese; Russian; Spanish; Turkish; Ukrainian; Vietnamese
spol_kuman_vid_kurva_ses__dCGh,10,"non-ASCII character(s) in English display | token(s) preserved across 3+ localized displays: Baszd, most, megdöglesz, rohadék | preserved token(s) also present in English reference","Baszd meg, most megdöglesz, te rohadék!","Baszd meg, most megdöglesz, te rohadék!",Baszd; most; megdöglesz; rohadék,Chineses; Chineset; Czech; French; German; Italian; Japanese; Korean; Polish; Portuguese; Russian; Spanish; Turkish; Ukrainian; Vietnamese
spol_soldier_v_gut_gemach_bnuz,9,"non-ASCII character(s) in English display | English reference/display differ | token(s) preserved across 3+ localized displays: gemacht, Tötet | preserved token(s) also present in English reference",!P Gut gemacht! Tötet ihn!,Gut gemacht! Tötet ihn!,gemacht; Tötet,Chineses; Chineset; Czech; French; German; Italian; Japanese; Korean; Polish; Portuguese; Russian; Spanish; Turkish; Ukrainian; Vietnamese
spol_soldier_v_verdammter_fScS,9,"non-ASCII character(s) in English display | English reference/display differ | token(s) preserved across 3+ localized displays: Verdammter, Schwertkämpfer | preserved token(s) also present in English reference",!P Verdammter Schwertkämpfer...,Verdammter Schwertkämpfer ...,Verdammter; Schwertkämpfer,Chineses; Chineset; Czech; French; German; Italian; Japanese; Korean; Polish; Portuguese; Russian; Spanish; Turkish; Ukrainian; Vietnamese
spol_utok_na_m_co_delate__VOpa,9,"non-ASCII character(s) in English display | English reference/display differ | token(s) preserved across 3+ localized displays: Fayf, daroyf | preserved token(s) also present in English reference","!P What are you doing? Fayf daroyf, idiots…","What are you doing? Fayf daroyf, idiots…",Fayf; daroyf,Chineses; Chineset; French; German; Italian; Korean; Portuguese; Russian; Spanish; Turkish; Ukrainian
spol_utok_na_m_kommt_scho_qHco,10,"non-ASCII character(s) in English display | English reference/display differ | token(s) preserved across 3+ localized displays: Kommt, schon, hört | preserved token(s) also present in English reference","!P Kommt schon, hört auf, you madmen…","Kommt schon, hört auf, hört auf, you madmen…",Kommt; schon; hört,Chineses; Chineset; Czech; French; German; Italian; Korean; Polish; Portuguese; Russian; Spanish; Turkish; Ukrainian
spol_utok_na_m_mein_gott__H7X0,10,"non-ASCII character(s) in English display | English reference/display differ | token(s) preserved across 3+ localized displays: Mein, Gott, Heinrich | preserved token(s) also present in English reference","!P Mein Gott, Heinrich… What are you doing?","Mein Gott, Heinrich… What are you doing?",Mein; Gott; Heinrich,Chineses; Chineset; Czech; French; German; Italian; Korean; Polish; Portuguese; Russian; Spanish; Turkish; Ukrainian; Vietnamese
spol_utok_na_m_pockejte_n_om1R,10,"non-ASCII character(s) in English display | English reference/display differ | token(s) preserved across 3+ localized displays: Wait, Don't, crazy | preserved token(s) also present in English reference",Wait… Don't be foolish.,Wait… Don't be crazy.,Wait; Don't; crazy,Chineses; Chineset; French; German; Italian; Japanese; Korean; Polish; Portuguese; Russian; Spanish; Turkish; Ukrainian; Vietnamese
stal_stalker_co_mi_lezes__mcuS,9,"non-ASCII character(s) in English display | token(s) preserved across 3+ localized displays: Miért, zavarod, álmomat | preserved token(s) also present in English reference",Miért zavarod meg az álmomat?,Miért zavarod meg az álmomat?,Miért; zavarod; álmomat,Chineses; Chineset; Czech; French; German; Italian; Japanese; Korean; Polish; Portuguese; Russian; Spanish; Turkish; Ukrainian; Vietnamese
stal_stalker_ja_vim_ze_by_Pfb2,10,"non-ASCII character(s) in English display | token(s) preserved across 3+ localized displays: Tudom, hogy, nemet, mondtál, rábeszéllek, majd, meglátod, csak | preserved token(s) also present in English reference","Tudom, hogy nemet mondtál, de rábeszéllek, majd meglátod! Ez csak egy próba...","Tudom, hogy nemet mondtál, de rábeszéllek, majd meglátod! Ez csak egy próba...",Tudom; hogy; nemet; mondtál; rábeszéllek; majd; meglátod; csak; próba,Chineses; Chineset; Czech; French; German; Italian; Korean; Polish; Portuguese; Russian; Spanish; Turkish; Ukrainian; Vietnamese
stal_stalker_jak_to_jen_d_dyL4,10,"non-ASCII character(s) in English display | token(s) preserved across 3+ localized displays: Hogy, csinálja, hogy, mindig, ilyen, szép, haja, Minden | preserved token(s) also present in English reference","Hogy csinálja, hogy mindig ilyen szép a haja? Minden nap...","Hogy csinálja, hogy mindig ilyen szép a haja? Minden nap...",Hogy; csinálja; hogy; mindig; ilyen; szép; haja; Minden,Chineses; Chineset; Czech; French; German; Italian; Korean; Polish; Portuguese; Russian; Spanish; Turkish; Ukrainian; Vietnamese
stal_stalker_jdi_do_prdele_G5jb,9,"non-ASCII character(s) in English display | English reference/display differ | token(s) preserved across 3+ localized displays: Húzz, picsába | preserved token(s) also present in English reference",Húzz a picsába...,Húzz a picsába!,Húzz; picsába,Chineses; Chineset; Czech; French; German; Italian; Japanese; Korean; Polish; Portuguese; Russian; Spanish; Turkish; Ukrainian; Vietnamese
stal_stalker_jeden_usmev__pO39,10,"non-ASCII character(s) in English display | token(s) preserved across 3+ localized displays: mosollyal, beérném, Csak, egyetlen, mosoly, Mibe, kerülne, neked | preserved token(s) also present in English reference",Egy mosollyal is beérném. Csak egyetlen mosoly. Mibe kerülne az neked?,Egy mosollyal is beérném. Csak egyetlen mosoly. Mibe kerülne az neked?,mosollyal; beérném; Csak; egyetlen; mosoly; Mibe; kerülne; neked,Chineses; Chineset; Czech; German; Italian; Korean; Polish; Portuguese; Russian; Spanish; Turkish; Ukrainian; Vietnamese
stal_stalker_nech_me_plan_R1km,9,"non-ASCII character(s) in English display | token(s) preserved across 3+ localized displays: Hagyj, esküvőm, tervezgetem | preserved token(s) also present in English reference","Hagyj már, az esküvőm tervezgetem.","Hagyj már, az esküvőm tervezgetem.",Hagyj; esküvőm; tervezgetem,Chineses; Chineset; Czech; French; German; Italian; Japanese; Korean; Polish; Portuguese; Russian; Spanish; Turkish; Ukrainian; Vietnamese
stal_stalker_nici_me_kdyz_wIgX,10,"non-ASCII character(s) in English display | token(s) preserved across 3+ localized displays: Tönkre, tesz, férfiakra, kacsintgatsz, tudod, összeszedem, pénzt, elviszlek | preserved token(s) also present in English reference","Tönkre tesz, ha más férfiakra kacsintgatsz, tudod? De összeszedem a pénzt és elviszlek ebből az átkozott fürdőből.","Tönkre tesz, ha más férfiakra kacsintgatsz, tudod? De összeszedem a pénzt és elviszlek ebből az átkozott fürdőből.",Tönkre; tesz; férfiakra; kacsintgatsz; tudod; összeszedem; pénzt; elviszlek; ebből; átkozott; fürdőből,Chineses; Chineset; Czech; French; German; Italian; Korean; Polish; Portuguese; Russian; Spanish; Turkish; Ukrainian; Vietnamese
stal_stalker_proc_za_ni_n_qSox,10,"non-ASCII character(s) in English display | token(s) preserved across 3+ localized displays: Miért, mehetek, hozzá, egyszerűen, fizethetek, fürdésért | preserved token(s) also present in English reference","Miért nem mehetek oda hozzá egyszerűen, és fizethetek a fürdésért?","Miért nem mehetek oda hozzá egyszerűen, és fizethetek a fürdésért?",Miért; mehetek; hozzá; egyszerűen; fizethetek; fürdésért,Chineses; Chineset; Czech; French; German; Italian; Korean; Polish; Portuguese; Russian; Spanish; Turkish; Ukrainian; Vietnamese
stal_stalker_ty_ses_prost_MED0,10,"non-ASCII character(s) in English display | token(s) preserved across 3+ localized displays: egészen, vagy, Rendszerint, csak, kedvem, töltöm, asszonyi, állattal | preserved token(s) also present in English reference","Te egészen más vagy. Rendszerint csak kedvem töltöm az asszonyi állattal és már megyek is tovább, de téged meg akarlak ismerni. Hát nem érted?","Te egészen más vagy. Rendszerint csak kedvem töltöm az asszonyi állattal és már megyek is tovább, de téged meg akarlak ismerni. Hát nem érted?",egészen; vagy; Rendszerint; csak; kedvem; töltöm; asszonyi; állattal; megyek; tovább; téged; akarlak; ismerni; érted,Chineses; Chineset; Czech; French; German; Italian; Korean; Polish; Portuguese; Russian; Spanish; Turkish; Ukrainian; Vietnamese
stal_stalker_udelal_bych__XK2C,10,"non-ASCII character(s) in English display | token(s) preserved across 3+ localized displays: Bármit, megtennék, hogy, eljöhessek, hozzád, megölelhesselek, fejem, melleidre | preserved token(s) also present in English reference","Bármit megtennék, hogy eljöhessek hozzád, hogy megölelhesselek, hogy a fejem a melleidre hajthassam...","Bármit megtennék, hogy eljöhessek hozzád, hogy megölelhesselek, hogy a fejem a melleidre hajthassam...",Bármit; megtennék; hogy; eljöhessek; hozzád; megölelhesselek; fejem; melleidre; hajthassam,Chineses; Chineset; Czech; French; German; Italian; Korean; Polish; Portuguese; Russian; Spanish; Turkish; Ukrainian; Vietnamese
stal_stalker_urcite_nekoh_M0ja,10,"non-ASCII character(s) in English display | token(s) preserved across 3+ localized displays: Biztos, valakid, ugye, Annyi, legyen, szívesen, megvívok, vele | preserved token(s) also present in English reference","Biztos van valakid, ugye? Annyi baj legyen, szívesen megvívok vele a szívedért. Meglátod, hogy rá fogok szolgálni.","Biztos van valakid, ugye? Annyi baj legyen, szívesen megvívok vele a szívedért. Meglátod, hogy rá fogok szolgálni.",Biztos; valakid; ugye; Annyi; legyen; szívesen; megvívok; vele; szívedért; Meglátod; hogy; fogok; szolgálni,Chineses; Chineset; Czech; French; German; Italian; Korean; Polish; Portuguese; Russian; Spanish; Turkish; Ukrainian; Vietnamese
stra_henry_ja_s_nekym_jse_d9qu,9,"non-ASCII character(s) in English display | English reference/display differ | token(s) preserved across 3+ localized displays: Kunesh, Skalitz | preserved token(s) also present in English reference",I… mistook you for someone else. Do you know Kunesh of Skalitz?,I… mistook you for someone else. Do you know Kunesh from Skalitz?,Kunesh; Skalitz,French; German; Italian; Portuguese; Spanish; Turkish; Vietnamese
stra_henry_prichazim_jmen_xrAo,10,"non-ASCII character(s) in English display | English reference/display differ | token(s) preserved across 3+ localized displays: Suchotlesky, László, Farkas | preserved token(s) also present in English reference",I'm here on behalf of Jan of Suchotlesky. I have a meeting with Laszlo Farkas.,I'm here on behalf of Sir Jan of Suchotlesky. I'm to meet with László Farkas.,Suchotlesky; László; Farkas,French; German; Italian; Portuguese; Spanish; Turkish; Vietnamese
stra_henry_rika_se_ji_maj_gb2z,9,"non-ASCII character(s) in English display | English reference/display differ | token(s) preserved across 3+ localized displays: Mary, Cherry | preserved token(s) also present in English reference",They call her Mary Cherry. A pickpocket. I've been on her trail… But she got away from me.,"They call her Mary Cherry. A pickpocket. I tracked her all the way here, but she got away…",Mary; Cherry,Portuguese; Spanish; Turkish; Vietnamese
stra_straz_pij_janku__her_x0Ps,9,"non-ASCII character(s) in English display | English reference/display differ | token(s) preserved across 3+ localized displays: Janek, Istvan | preserved token(s) also present in English reference","Janek… Christ, come on. You heard Sir Istvan. We're on duty tomorrow.","Janek… Christ, come along! You heard Sir Istvan. We're on duty tomorrow.",Janek; Istvan,French; German; Italian; Polish; Portuguese; Spanish; Turkish; Vietnamese
stre_strelnice_a_dalsi_tr_k3Ql,9,"non-ASCII character(s) in English display | token(s) preserved across 3+ localized displays: další, trefa, Sice, vokraj",,"A další trefa! Sice vokraj, ale trefa!",další; trefa; Sice; vokraj,Chineses; Chineset; Czech; French; German; Italian; Japanese; Korean; Polish; Portuguese; Spanish; Turkish; Ukrainian; Vietnamese
stre_strelnice_a_sip_leti_zi64,10,"non-ASCII character(s) in English display | token(s) preserved across 3+ localized displays: Repül, nyílvessző, repül, elrepül, valahova, faszba | preserved token(s) also present in English reference","Repül a nyílvessző, repül és repül és elrepül valahova a faszba!","Repül a nyílvessző, repül és repül és elrepül valahova a faszba!",Repül; nyílvessző; repül; elrepül; valahova; faszba,Chineses; Chineset; Czech; French; German; Italian; Japanese; Korean; Polish; Portuguese; Russian; Spanish; Turkish; Ukrainian; Vietnamese
stre_strelnice_a_zas_jen__yJuV,9,"non-ASCII character(s) in English display | token(s) preserved across 3+ localized displays: megint, csak, pont | preserved token(s) also present in English reference",És megint csak két pont...,És megint csak két pont...,megint; csak; pont,Chineses; Chineset; Czech; French; German; Italian; Japanese; Korean; Polish; Portuguese; Russian; Spanish; Turkish; Ukrainian; Vietnamese
stre_strelnice_a_zase_do__gX3h,10,"non-ASCII character(s) in English display | token(s) preserved across 3+ localized displays: újra, közepibe, csak, erőltetem, magam | preserved token(s) also present in English reference",És újra a közepibe! Még csak meg se erőltetem magam!,És újra a közepibe! Még csak meg se erőltetem magam!,újra; közepibe; csak; erőltetem; magam,Chineses; Chineset; Czech; French; German; Italian; Japanese; Korean; Polish; Portuguese; Russian; Spanish; Turkish; Ukrainian; Vietnamese
stre_strelnice_dneska_str_YUUE,10,"non-ASCII character(s) in English display | token(s) preserved across 3+ localized displays: lövök, mint, maga, úristen | preserved token(s) also present in English reference","Ma úgy lövök, mint maga az úristen!","Ma úgy lövök, mint maga az úristen!",lövök; mint; maga; úristen,Chineses; Chineset; Czech; French; German; Italian; Japanese; Korean; Polish; Portuguese; Russian; Spanish; Turkish; Ukrainian; Vietnamese
stre_strelnice_do_prdele__gjMH,10,"non-ASCII character(s) in English display | token(s) preserved across 3+ localized displays: Bassza, össze, kéne, szednem, magam | preserved token(s) also present in English reference","Bassza meg, össze kéne szednem magam!","Bassza meg, össze kéne szednem magam!",Bassza; össze; kéne; szednem; magam,Chineses; Chineset; Czech; French; German; Italian; Japanese; Korean; Polish; Portuguese; Russian; Spanish; Turkish; Ukrainian; Vietnamese
stre_strelnice_doprdele_n_pHnD,10,"non-ASCII character(s) in English display | token(s) preserved across 3+ localized displays: Bazmeg, várjunk, csak, Eltaláltam | preserved token(s) also present in English reference","Bazmeg. Nem, várjunk csak. Eltaláltam!","Bazmeg. Nem, várjunk csak. Eltaláltam!",Bazmeg; várjunk; csak; Eltaláltam,Chineses; Chineset; Czech; French; German; Italian; Japanese; Korean; Polish; Portuguese; Russian; Spanish; Turkish; Ukrainian; Vietnamese
stre_strelnice_jakto_ze_z_0U0m,10,"non-ASCII character(s) in English display | token(s) preserved across 3+ localized displays: Hogy, lehet, hogy, csak, széle, közepére, céloztam | preserved token(s) also present in English reference","Hogy lehet, hogy csak a széle, én a közepére céloztam!","Hogy lehet, hogy csak a széle, én a közepére céloztam!",Hogy; lehet; hogy; csak; széle; közepére; céloztam,Chineses; Chineset; Czech; French; German; Italian; Japanese; Korean; Polish; Portuguese; Russian; Spanish; Turkish; Ukrainian; Vietnamese
stre_strelnice_kurva_tohl_lxWp,10,"non-ASCII character(s) in English display | token(s) preserved across 3+ localized displays: Bassza, nehéz, lesz, behozni | preserved token(s) also present in English reference","Bassza meg, ezt nehéz lesz behozni...","Bassza meg, ezt nehéz lesz behozni...",Bassza; nehéz; lesz; behozni,Chineses; Chineset; Czech; French; German; Italian; Japanese; Korean; Polish; Portuguese; Russian; Spanish; Turkish; Ukrainian; Vietnamese
stre_strelnice_no_co_v_bi_5yIO,10,"non-ASCII character(s) in English display | token(s) preserved across 3+ localized displays: akkor, csatában, mindegy, hogy, szívét, találom, vagy, gyomrába | preserved token(s) also present in English reference","Na és akkor? A csatában mindegy, hogy a szívét találom el vagy a gyomrába megy...","Na és akkor? A csatában mindegy, hogy a szívét találom el vagy a gyomrába megy...",akkor; csatában; mindegy; hogy; szívét; találom; vagy; gyomrába; megy,Chineses; Chineset; Czech; French; German; Italian; Japanese; Korean; Polish; Portuguese; Russian; Spanish; Turkish; Ukrainian; Vietnamese
stre_strelnice_no_tak_asp_HjLM,10,"non-ASCII character(s) in English display | token(s) preserved across 3+ localized displays: Gyerünk, legalább, egyszer, menjen, közepébe | preserved token(s) also present in English reference","Gyerünk, legalább egyszer menjen már a közepébe!","Gyerünk, legalább egyszer menjen már a közepébe!",Gyerünk; legalább; egyszer; menjen; közepébe,Chineses; Chineset; Czech; French; German; Italian; Japanese; Korean; Polish; Portuguese; Russian; Spanish; Turkish; Ukrainian; Vietnamese
stre_strelnice_pitomej_vi_CRet,10,"non-ASCII character(s) in English display | token(s) preserved across 3+ localized displays: Kurva, szél, akár, közepébe, mehetett, volna | preserved token(s) also present in English reference","Kurva szél, ez akár a közepébe is mehetett volna!","Kurva szél, ez akár a közepébe is mehetett volna!",Kurva; szél; akár; közepébe; mehetett; volna,Chineses; Chineset; Czech; French; German; Italian; Japanese; Korean; Polish; Portuguese; Russian; Spanish; Turkish; Ukrainian; Vietnamese
stre_strelnice_posunte_mi_PUg4,10,"non-ASCII character(s) in English display | token(s) preserved across 3+ localized displays: Toljátok, kicsit, balra, célt, akkor, talán, eltalálom | preserved token(s) also present in English reference","Toljátok már kicsit balra azt a célt, akkor talán eltalálom...","Toljátok már kicsit balra azt a célt, akkor talán eltalálom...",Toljátok; kicsit; balra; célt; akkor; talán; eltalálom,Chineses; Chineset; Czech; French; German; Italian; Japanese; Korean; Polish; Portuguese; Russian; Spanish; Turkish; Ukrainian; Vietnamese
stre_strelnice_sakra_to_m_BF8L,9,"non-ASCII character(s) in English display | token(s) preserved across 3+ localized displays: Sakra, mohlo, bejt, černýho",,"Sakra, to mohlo bejt do černýho!",Sakra; mohlo; bejt; černýho,Chineses; Chineset; Czech; French; German; Italian; Japanese; Korean; Polish; Portuguese; Spanish; Turkish; Ukrainian; Vietnamese
stre_strelnice_tak_a_muze_ocxq,9,"non-ASCII character(s) in English display | token(s) preserved across 3+ localized displays: můžete, rovnou, vzád, Střed",,Tak a můžete to rovnou vzád. Střed!,můžete; rovnou; vzád; Střed,Chineses; Chineset; Czech; French; German; Italian; Japanese; Korean; Polish; Portuguese; Spanish; Turkish; Ukrainian; Vietnamese
stre_strelnice_tak_hergot_08Sh,10,"non-ASCII character(s) in English display | token(s) preserved across 3+ localized displays: Baszki, sose, találom, közepét | preserved token(s) also present in English reference","Baszki, hát sose találom el a közepét!","Baszki, hát sose találom el a közepét!",Baszki; sose; találom; közepét,Chineses; Chineset; Czech; French; German; Italian; Japanese; Korean; Polish; Portuguese; Russian; Spanish; Turkish; Ukrainian; Vietnamese
stre_strelnice_tak_sakra__VvKX,9,"non-ASCII character(s) in English display | token(s) preserved across 3+ localized displays: fenébe, fogok, nyerni | preserved token(s) also present in English reference","A fenébe is, így nem fogok nyerni!","A fenébe is, így nem fogok nyerni!",fenébe; fogok; nyerni,Chineses; Chineset; Czech; French; German; Italian; Japanese; Korean; Polish; Portuguese; Russian; Spanish; Turkish; Ukrainian; Vietnamese
stre_strelnice_takhle_kdy_XP28,9,"non-ASCII character(s) in English display | token(s) preserved across 3+ localized displays: Takhle, kdyby, lítalo, pořád",,Takhle kdyby to lítalo pořád!,Takhle; kdyby; lítalo; pořád,Chineses; Chineset; Czech; French; German; Italian; Japanese; Korean; Polish; Portuguese; Spanish; Turkish; Ukrainian; Vietnamese
stre_strelnice_ty_sipy_za_VsqD,9,"non-ASCII character(s) in English display | token(s) preserved across 3+ localized displays: Ezek, nyilak, félrehordanak | preserved token(s) also present in English reference",Ezek a nyilak félrehordanak!,Ezek a nyilak félrehordanak!,Ezek; nyilak; félrehordanak,Chineses; Chineset; Czech; French; German; Italian; Japanese; Korean; Polish; Portuguese; Russian; Spanish; Turkish; Ukrainian; Vietnamese
stre_strelnice_ty_terce_j_MHB1,9,"non-ASCII character(s) in English display | token(s) preserved across 3+ localized displays: terče, jsou, nějaký, menší, nebo",,"Ty terče jsou nějaký menší, nebo co...",terče; jsou; nějaký; menší; nebo,Chineses; Chineset; Czech; French; German; Italian; Japanese; Korean; Polish; Portuguese; Spanish; Turkish; Ukrainian; Vietnamese
stre_strelnice_ty_terce_j_bH4c,11,"non-ASCII character(s) in English display | English reference/display differ | token(s) preserved across 3+ localized displays: Ezek, célok, mintha, messzebb, lennének | preserved token(s) also present in English reference","Ezek célok ma mintha messzebb lennének, nem?","Ezek a célok ma mintha messzebb lennének, nem?",Ezek; célok; mintha; messzebb; lennének,Chineses; Chineset; Czech; French; German; Italian; Japanese; Korean; Polish; Portuguese; Russian; Spanish; Turkish; Ukrainian; Vietnamese
stre_strelnice_vy_ste_mi__cula,10,"non-ASCII character(s) in English display | token(s) preserved across 3+ localized displays: Arréb, tettétek, céltáblát, ismerjétek | preserved token(s) also present in English reference","Arréb tettétek a céltáblát, ismerjétek be!","Arréb tettétek a céltáblát, ismerjétek be!",Arréb; tettétek; céltáblát; ismerjétek,Chineses; Chineset; Czech; French; German; Italian; Japanese; Korean; Polish; Portuguese; Russian; Spanish; Turkish; Ukrainian; Vietnamese
stre_strelnice_zase_jen_d_NWSs,9,"non-ASCII character(s) in English display | token(s) preserved across 3+ localized displays: Megint, csak, pont | preserved token(s) also present in English reference",Megint csak két pont?,Megint csak két pont?,Megint; csak; pont,Chineses; Chineset; Czech; French; German; Italian; Japanese; Korean; Polish; Portuguese; Russian; Spanish; Turkish; Ukrainian; Vietnamese
stre_strelnice_zase_jen_n_kFOP,9,"non-ASCII character(s) in English display | token(s) preserved across 3+ localized displays: megint, csak, széle | preserved token(s) also present in English reference",Már megint csak a széle!,Már megint csak a széle!,megint; csak; széle,Chineses; Chineset; Czech; French; German; Italian; Japanese; Korean; Polish; Portuguese; Russian; Spanish; Turkish; Ukrainian; Vietnamese
stre_strelnice_ze_ja_se_v_2JTC,10,"non-ASCII character(s) in English display | token(s) preserved across 3+ localized displays: szarért, célozgatok, lőhetnék, akár, vakon | preserved token(s) also present in English reference","Mi a szarért célozgatok, lőhetnék akár vakon is...","Mi a szarért célozgatok, lőhetnék akár vakon is...",szarért; célozgatok; lőhetnék; akár; vakon,Chineses; Chineset; Czech; French; German; Italian; Japanese; Korean; Polish; Portuguese; Russian; Spanish; Turkish; Ukrainian; Vietnamese
svat_quest_tip_dal_sem_sl_5iQW,10,"non-ASCII character(s) in English display | English reference/display differ | token(s) preserved across 3+ localized displays: habe, gehört, Kuttenberg | preserved token(s) also present in English reference","Ich habe auch gehört, there have been some disputes between the miners in Kuttenberg.","Ich habe gehört, there have been some disputes between the miners in Kuttenberg.",habe; gehört; Kuttenberg,Chineses; Chineset; Czech; French; German; Italian; Korean; Polish; Portuguese; Russian; Spanish; Turkish; Ukrainian; Vietnamese
svat_quest_tip_nevim_o_co_4WOi,11,"non-ASCII character(s) in English display | English reference/display differ | token(s) preserved across 3+ localized displays: weiß, nicht, worum, geht | preserved token(s) also present in English reference","... Ich weiß nicht, was los ist, but I hear it has something to do with their traditional archery competition.","Ich weiß nicht, worum es geht, but I hear it has something to do with their traditional archery competition.",weiß; nicht; worum; geht,Chineses; Chineset; Czech; French; German; Italian; Korean; Polish; Portuguese; Russian; Spanish; Turkish; Ukrainian
svat_svatava_no_a_pak_pri_dtRY,9,"non-ASCII character(s) in English display | English reference/display differ | token(s) preserved across 3+ localized displays: Henry, Vendula | preserved token(s) also present in English reference","…and then in comes Henry, who gave him the entire inheritance. To let go of Vendula.","… and then in comes Henry and gives him the entire inheritance, so that he'd let Vendula go.",Henry; Vendula,French; German; Italian; Portuguese; Spanish; Turkish; Vietnamese
svep_hrac_ehh_a_kutya_a_s_FTCi,9,"non-ASCII character(s) in English display | token(s) preserved across 3+ localized displays: kutya, szádba, akarja | preserved token(s) also present in English reference","Ehh, a kutya a szádba akarja?","Ehh, a kutya a szádba akarja?",kutya; szádba; akarja,Chineses; Chineset; Czech; French; German; Italian; Japanese; Korean; Polish; Portuguese; Russian; Spanish; Turkish; Ukrainian; Vietnamese
svep_svepomoc__akarsze_el_0B93,11,"non-ASCII character(s) in English display | English reference/display differ | token(s) preserved across 3+ localized displays: Akarsz-e, élni, Akkor, mutasd, filléreket | preserved token(s) also present in English reference",Akarsz-e élni Akkor mutasd a filléreket!,Akarsz-e élni? Akkor mutasd a filléreket!,Akarsz-e; élni; Akkor; mutasd; filléreket,Chineses; Chineset; Czech; French; German; Italian; Japanese; Korean; Polish; Portuguese; Russian; Spanish; Turkish; Ukrainian; Vietnamese
svep_svepomoc__chces_zit__Ynjb,10,"non-ASCII character(s) in English display | English reference/display differ | token(s) preserved across 3+ localized displays: Pénzt, vagy, életet | preserved token(s) also present in English reference",Pénz vagy életed!,Pénzt vagy életet!,Pénzt; vagy; életet,Chineses; Chineset; Czech; French; German; Italian; Japanese; Korean; Polish; Portuguese; Russian; Spanish; Turkish; Ukrainian; Vietnamese
svep_svepomoc__feladod_sz_8frs,9,"non-ASCII character(s) in English display | token(s) preserved across 3+ localized displays: Feladod, Szóval, fizess | preserved token(s) also present in English reference",Feladod? Szóval fizess!,Feladod? Szóval fizess!,Feladod; Szóval; fizess,Chineses; Chineset; Czech; French; German; Italian; Japanese; Korean; Polish; Portuguese; Russian; Spanish; Turkish; Ukrainian; Vietnamese
svep_svepomoc__fizess_vag_FWTb,10,"non-ASCII character(s) in English display | token(s) preserved across 3+ localized displays: Fizess, vagy, túróba, vagdallak | preserved token(s) also present in English reference","Fizess, vagy túróba vagdallak!","Fizess, vagy túróba vagdallak!",Fizess; vagy; túróba; vagdallak,Chineses; Chineset; Czech; French; German; Italian; Japanese; Korean; Polish; Portuguese; Russian; Spanish; Turkish; Ukrainian; Vietnamese
svep_svepomoc__hmm_beke_s_QCkL,9,"non-ASCII character(s) in English display | token(s) preserved across 3+ localized displays: Béke, Szerencsés, vagy | preserved token(s) also present in English reference",Hmm. Béke. Szerencsés vagy!,Hmm. Béke. Szerencsés vagy!,Béke; Szerencsés; vagy,Chineses; Chineset; Czech; French; German; Italian; Japanese; Korean; Polish; Portuguese; Russian; Spanish; Turkish; Ukrainian; Vietnamese
svep_svepomoc__kuss_penz_MXBB,9,"non-ASCII character(s) in English display | English reference/display differ | token(s) preserved across 3+ localized displays: Kuss, Pénzt | preserved token(s) also present in English reference",Kuss! Pénz!,Kuss! Pénzt!,Kuss; Pénzt,Chineses; Chineset; Czech; French; German; Italian; Japanese; Korean; Polish; Portuguese; Russian; Spanish; Turkish; Ukrainian; Vietnamese
svep_svepomoc__penz_tedd__EDJA,11,"non-ASCII character(s) in English display | English reference/display differ | token(s) preserved across 3+ localized displays: Pénzt, Fizess, különben, meghalsz | preserved token(s) also present in English reference","Pénz! Tedd ide őket, különben meghalsz!","Pénzt! Fizess, különben meghalsz!",Pénzt; Fizess; különben; meghalsz,Chineses; Chineset; Czech; French; German; Italian; Japanese; Korean; Polish; Portuguese; Russian; Spanish; Turkish; Ukrainian; Vietnamese
svep_svepomoc__takovy_sil_plXU,11,"non-ASCII character(s) in English display | English reference/display differ | token(s) preserved across 3+ localized displays: Hahaha, szar, Mókás, vagy | preserved token(s) also present in English reference","Hahaha, te szar! Szórakoztattál!","Hahaha, te szar! Mókás vagy!",Hahaha; szar; Mókás; vagy,Chineses; Chineset; Czech; French; German; Italian; Japanese; Korean; Polish; Portuguese; Russian; Spanish; Turkish; Ukrainian; Vietnamese
svep_svepomoc__takze_umre_FPvL,10,"non-ASCII character(s) in English display | English reference/display differ | token(s) preserved across 3+ localized displays: elég, Megöllek, mindent, ellopok, döglött, testedről",That's not enough! You'll die and I'll take everything you have from your corpse!,"Nem elég! Megöllek, és mindent ellopok a döglött testedről!",elég; Megöllek; mindent; ellopok; döglött; testedről,Chineses; Czech; German; Japanese; Korean; Polish; Portuguese; Russian; Spanish; Turkish; Ukrainian; Vietnamese
tach_henry_ja_jsem_ze_ska_nmVd,11,"non-ASCII character(s) in English display | English reference/display differ | token(s) preserved across 3+ localized displays: Skalitz, Kolin, Kuttenberg, Sasau | preserved token(s) also present in English reference",I'm from Skalitz… You'd have to go towards Collin and Kuttenberg and then turn to Sasau to get there.,"I'm from Skalitz… From here, you'd have to go towards Kolin and Kuttenberg, then turn towards the Sasau River.",Skalitz; Kolin; Kuttenberg; Sasau,French; German; Italian; Polish; Portuguese; Turkish; Vietnamese
tach_henry_no_a_u_nas_jsm_QrEm,9,"non-ASCII character(s) in English display | English reference/display differ | token(s) preserved across 3+ localized displays: Rovna, Uzhitz | preserved token(s) also present in English reference",You know… Back home… We also used to have a maypole… And we used to steal it from each other with the lads from Rovna and Uzhitz.,"You see… Back home, we used to have a maypole just like it. Us and the lads from Rovna and Uzhitz used to steal it from each other.",Rovna; Uzhitz,French; Italian; Portuguese; Turkish; Vietnamese
tahn_cikan_muz_s_ZWj6,10,"non-ASCII character(s) in English display | token(s) preserved across 3+ localized displays: paleh, dake, andre, mindj, khatar, avľal | preserved token(s) also present in English reference","Dja paleh la dake andre mindj, khatar avľal! And do not come back!","Dja paleh la dake andre mindj, khatar avľal! And do not come back!",paleh; dake; andre; mindj; khatar; avľal,Chineses; Chineset; Czech; French; German; Italian; Korean; Polish; Portuguese; Russian; Spanish; Turkish; Ukrainian
tibo_tibor_ach_jo_gejza_t_09zZ,9,"non-ASCII character(s) in English display | English reference/display differ | token(s) preserved across 3+ localized displays: Gejza, dilino | preserved token(s) also present in English reference","!P Alas… I shall have that picture before my eyes as long as I shall live. He was acting like a dilino sometimes, but I loved him still.","Alas, Gejza… I will have that picture before my eyes as long as I shall live. He was a dilino sometimes, but I loved him still.",Gejza; dilino,Czech; French; German; Italian; Korean; Polish; Portuguese; Russian; Spanish; Turkish; Ukrainian; Vietnamese
tibo_tibor_chudak_cinko_p_FB4S,9,"non-ASCII character(s) in English display | English reference/display differ | token(s) preserved across 3+ localized displays: tsikno, phral | preserved token(s) also present in English reference",!P Poor cinko phral…,Poor tsikno phral…,tsikno; phral,Chineses; Chineset; Czech; French; German; Italian; Korean; Polish; Portuguese; Russian; Spanish; Turkish; Ukrainian; Vietnamese
tova_rychtar_p_doprdele_p_JotX,9,"non-ASCII character(s) in English display | English reference/display differ | token(s) preserved across 3+ localized displays: Verdammte, Scheiße | preserved token(s) also present in English reference",Verdammter Scheiß!,Verdammte Scheiße!,Verdammte; Scheiße,Chineses; Chineset; Czech; French; German; Italian; Korean; Polish; Portuguese; Russian; Spanish; Turkish; Ukrainian; Vietnamese
tri__slechtic__to_neni_za_fbbN,9,"non-ASCII character(s) in English display | English reference/display differ | token(s) preserved across 3+ localized displays: Botschek, Hynek | preserved token(s) also present in English reference",That's not God's punishment. They brought it upon themselves. Botschek is as greedy as a pig and Hynek is… you know.,"God's punishment or not, they brought it upon themselves. Botschek is as greedy as a pig and Hynek is… well, you know.",Botschek; Hynek,Czech; French; German; Italian; Polish; Portuguese; Spanish; Turkish; Vietnamese
tria_baladazha_jaks_rek_j_NHM4,9,"non-ASCII character(s) in English display | English reference/display differ | token(s) preserved across 3+ localized displays: Johan, Krumphanzl | preserved token(s) also present in English reference","As you said, this is about Johan, called Krumphanzl — it’s written right here in the letter and on the paper from the royal chamber.","As you said, this is about Johan, called Krumphanzl - it’s written right here in the letter and the edict from the royal chamber.",Johan; Krumphanzl,Czech; French; German; Italian; Portuguese; Spanish; Turkish; Vietnamese
tria_henry_a_dvakrat_ho_p_KsdR,9,"non-ASCII character(s) in English display | English reference/display differ | token(s) preserved across 3+ localized displays: Voyta, Adela | preserved token(s) also present in English reference",You gave your word to Voyta the painter. Then to me as well! And you want to break both? No wonder Lady Adela doesn’t see you as the right sort of chap to be in charge here.,You gave your word to Voyta the painter. Then to me as well! And you want to break both? No wonder Lady Adela doesn’t see you as the right sort of fellah to be in charge here.,Voyta; Adela,French; German; Italian; Portuguese; Spanish; Turkish; Vietnamese
tria_henry_davej_si_pozor_ICs1,9,"non-ASCII character(s) in English display | English reference/display differ | token(s) preserved across 3+ localized displays: Radzig, Kobyla | preserved token(s) also present in English reference","Watch your tongue, you lowlife! I am the son of Lord Radzig Kobyla.","Watch your tongue, you nobody! I am the son of Radzig Kobyla and…",Radzig; Kobyla,French; German; Italian; Portuguese; Spanish; Turkish; Vietnamese
tria_henry_ja_aspon_nejak_suvX,9,"non-ASCII character(s) in English display | English reference/display differ | token(s) preserved across 3+ localized displays: Henry, Martin | preserved token(s) also present in English reference",My name is Henry. I… Do you remember Martin the blacksmith?,My name is Henry. I'm… Do you remember Martin the blacksmith?,Henry; Martin,French; German; Italian; Portuguese; Spanish; Turkish; Vietnamese
tria_henry_podivej_pokusi_pPK1,9,"non-ASCII character(s) in English display | English reference/display differ | token(s) preserved across 3+ localized displays: Adela, chance | preserved token(s) also present in English reference","Look, I tried to help you. I didn’t think it right to lie to Adela, but I lost the duel for you and gave you the chance! So keep your word.","Look, I tried to help you. I didn’t think it right to lie to Adela, but I lost the duel and gave you your chance! So keep your word.",Adela; chance,French; German; Italian; Portuguese; Spanish; Turkish
tria_michal_jenze_hajovna_CsWZ,9,"non-ASCII character(s) in English display | English reference/display differ | token(s) preserved across 3+ localized displays: Vidlak, Olbram | preserved token(s) also present in English reference","But the cabin is all the way over in Widlak, where old Olbram herds his cows. My legs won’t carry me that far...","But the huntsman's lodge is all the way over in Vidlak, where old Olbram herds his cattle. My legs won’t carry me that far...",Vidlak; Olbram,Czech; French; German; Italian; Polish; Portuguese; Spanish; Turkish; Vietnamese
tria_michal_slovy_basnika_SQ54,10,"non-ASCII character(s) in English display | token(s) preserved across 3+ localized displays: volta, corre, cane, un'altra, lepre | preserved token(s) also present in English reference","In the words of the poet, “Una volta corre il cane e un'altra la lepre” - He who seeks shall find. Or something like that.","In the words of the poet, “Una volta corre il cane e un'altra la lepre” - He who seeks shall find. Or something like that.",volta; corre; cane; un'altra; lepre,Chineses; Chineset; Czech; French; German; Italian; Japanese; Korean; Polish; Portuguese; Russian; Spanish; Turkish; Ukrainian; Vietnamese
tria_ptacek_a_tady_mam_po_R3ZZ,9,"non-ASCII character(s) in English display | English reference/display differ | token(s) preserved across 3+ localized displays: Haha, Henry | preserved token(s) also present in English reference","Haha. I get the feeling you touched a nerve there, Henry… That scumbag doesn't have a plan B.","Haha! I get the feeling you touched a nerve there, Henry… This vermin doesn't have a backup plan.",Haha; Henry,French; German; Italian; Portuguese; Spanish; Turkish; Vietnamese
turn_kutnohors_nic_moc_ch_TnuL,9,"non-ASCII character(s) in English display | token(s) preserved across 3+ localized displays: Chlapy, naší, ulice, uměj",,Nic moc! Chlapy z naší ulice to uměj líp!,Chlapy; naší; ulice; uměj,Chineses; Chineset; Czech; French; German; Italian; Japanese; Korean; Polish; Portuguese; Russian; Spanish; Turkish; Ukrainian; Vietnamese
turn_kutnohors_nikdo_na_t_NcnF,9,"non-ASCII character(s) in English display | token(s) preserved across 3+ localized displays: Nikdo, tebe, nemá, Joooo",,Nikdo na tebe nemá! Joooo!,Nikdo; tebe; nemá; Joooo,Chineses; Chineset; Czech; French; German; Italian; Japanese; Korean; Polish; Portuguese; Russian; Spanish; Turkish; Ukrainian; Vietnamese
turn_kutnohors_to_je_upln_lSW7,9,"non-ASCII character(s) in English display | token(s) preserved across 3+ localized displays: úplně, něco, jinýho, ostatní, amatéři",,To je úplně něco jinýho než ti ostatní amatéři.,úplně; něco; jinýho; ostatní; amatéři,Chineses; Chineset; Czech; French; German; Italian; Japanese; Korean; Polish; Portuguese; Russian; Spanish; Turkish; Ukrainian; Vietnamese
turn_kutnohors_to_uz_jsme_K57J,9,"non-ASCII character(s) in English display | token(s) preserved across 3+ localized displays: jsme, viděli, Předveď, něco, novýho",,To už jsme viděli! Předveď něco novýho!,jsme; viděli; Předveď; něco; novýho,Chineses; Chineset; Czech; French; German; Italian; Japanese; Korean; Polish; Portuguese; Russian; Spanish; Turkish; Ukrainian; Vietnamese
turn_kutnohors_to_uz_nemu_lWrt,9,"non-ASCII character(s) in English display | token(s) preserved across 3+ localized displays: nemůžete, Dnešní, chlapi, fakt, nevydrží",,To už nemůžete? Dnešní chlapi fakt nic nevydrží!,nemůžete; Dnešní; chlapi; fakt; nevydrží,Chineses; Chineset; Czech; French; German; Italian; Japanese; Korean; Polish; Portuguese; Russian; Spanish; Turkish; Ukrainian; Vietnamese
turn_kutnohors_vypadni_ch_SroR,9,"non-ASCII character(s) in English display | token(s) preserved across 3+ localized displays: Vypadni, Chcem, další, souboj",,Vypadni! Chcem další souboj!,Vypadni; Chcem; další; souboj,Chineses; Chineset; Czech; French; German; Italian; Japanese; Korean; Polish; Portuguese; Russian; Spanish; Turkish; Ukrainian; Vietnamese
turn_kutnohors_z_prani_se_zfdL,9,"non-ASCII character(s) in English display | English reference/display differ | token(s) preserved across 3+ localized displays: Menhard, Frankfurt | preserved token(s) also present in English reference",Master swordsman Menhard of Frankfurt has charged me with announcing…,Master swordsman Menhard of Frankfurt has entrusted me with announcing…,Menhard; Frankfurt,French; German; Italian; Portuguese; Spanish; Turkish; Vietnamese
udav_psani_dop_markolt_sc_o5Rf,9,"non-ASCII character(s) in English display | English reference/display differ | token(s) preserved across 3+ localized displays: Markold, Scheiße | preserved token(s) also present in English reference",!P Markold? Scheisse! Show me this proof.,Markold? Scheiße! Show me this proof.,Markold; Scheiße,Chineses; Chineset; Czech; French; German; Italian; Korean; Polish; Portuguese; Russian; Spanish; Turkish; Ukrainian; Vietnamese
ui_jan__jind_seq36_y56K,9,"non-ASCII character(s) in English display | English reference/display differ | token(s) preserved across 3+ localized displays: László, Peter | preserved token(s) also present in English reference",Laszlo let Peter die.,László let Peter die.,László; Peter,Czech; French; German; Italian; Portuguese; Spanish; Turkish; Vietnamese
ui_kaplan_bo_seq1_pS2K,9,"non-ASCII character(s) in English display | English reference/display differ | token(s) preserved across 3+ localized displays: László, Farkas | preserved token(s) also present in English reference",I'm looking for Laszlo Farkas.,I'm looking for László Farkas.,László; Farkas,French; German; Italian; Portuguese; Spanish; Turkish; Vietnamese
ui_knihovnik_seq69_GtbK,9,"non-ASCII character(s) in English display | English reference/display differ | token(s) preserved across 3+ localized displays: Boleslav, Bavor | preserved token(s) also present in English reference",I’m investigating Boleslav Bavor.,I’m looking for Boleslav Bavor.,Boleslav; Bavor,French; German; Italian; Portuguese; Spanish; Turkish; Vietnamese
ui_musa__o_p_seq1_rUQv,9,"non-ASCII character(s) in English display | English reference/display differ | token(s) preserved across 3+ localized displays: László, Farkas | preserved token(s) also present in English reference",Where could I find Laszlo Farkas?,Where could I find László Farkas?,László; Farkas,French; German; Italian; Portuguese; Spanish; Turkish; Vietnamese
ui_o_zivote__fur_gutes_LlFU,9,"non-ASCII character(s) in English display | English reference/display differ | token(s) preserved across 3+ localized displays: Fürs, Geld | preserved token(s) also present in English reference",Fur gutes Geld...?,Fürs Geld…?,Fürs; Geld,Chineses; Chineset; Czech; French; German; Italian; Japanese; Korean; Polish; Portuguese; Russian; Spanish; Turkish; Ukrainian; Vietnamese
ui_ph_jindra_jindra_prose_yzHu,9,"non-ASCII character(s) in English display | English reference/display differ | token(s) preserved across 3+ localized displays: proprio, baccalá | preserved token(s) also present in English reference",!P Sei proprio un baccalá!,Sei proprio un baccalá!,proprio; baccalá,Chineses; Chineset; Czech; French; German; Italian; Japanese; Korean; Polish; Portuguese; Russian; Spanish; Turkish; Ukrainian; Vietnamese
ui_reakce_na_seq30_I9Gt,9,"non-ASCII character(s) in English display | English reference/display differ | token(s) preserved across 3+ localized displays: Frantzin, Krügel | preserved token(s) also present in English reference",Francin Krügel,Frantzin Krügel,Frantzin; Krügel,French; German; Italian; Polish; Portuguese; Spanish; Turkish; Ukrainian; Vietnamese
ui_reakce_na_seq30_r5dr,9,"non-ASCII character(s) in English display | English reference/display differ | token(s) preserved across 3+ localized displays: Frantzin, Krügel | preserved token(s) also present in English reference",Francin Krügel,Frantzin Krügel,Frantzin; Krügel,French; German; Italian; Polish; Portuguese; Spanish; Turkish; Ukrainian; Vietnamese
ui_reditel_v_seq109_8tNB,9,"non-ASCII character(s) in English display | English reference/display differ | token(s) preserved across 3+ localized displays: Frantzin, Krügel | preserved token(s) also present in English reference",Francin Krügel,Frantzin Krügel,Frantzin; Krügel,French; German; Italian; Polish; Portuguese; Spanish; Turkish; Ukrainian; Vietnamese
ui_reditel_v_seq155_CHIW,10,"non-ASCII character(s) in English display | token(s) preserved across 3+ localized displays: it's, time, start, fight, followed, bark | preserved token(s) also present in English reference",it's time to start the fight - followed by “fight” bark,it's time to start the fight - followed by “fight” bark,it's; time; start; fight; followed; bark,Chineses; Chineset; French; German; Italian; Japanese; Korean; Polish; Portuguese; Russian; Spanish; Turkish; Ukrainian
ukon_vozka_voz_ou_stehen__RRSc,10,"non-ASCII character(s) in English display | English reference/display differ | token(s) preserved across 3+ localized displays: Stehen, bleiben, Halt | preserved token(s) also present in English reference","!P Ou, Stehen bleiben... Halt!",Stehen bleiben … Halt!,Stehen; bleiben; Halt,Chineses; Chineset; Czech; French; German; Italian; Japanese; Korean; Polish; Portuguese; Russian; Spanish; Turkish; Ukrainian; Vietnamese
ulri_event_tab_du_weit_wi_VziM,11,"non-ASCII character(s) in English display | English reference/display differ | token(s) preserved across 3+ localized displays: weißt, kämpft, Doch, Gedichten, gewinnt, Herz, einer, Frau | preserved token(s) also present in English reference",Du weißt wie man kämpf. Doch mit Gedichten gewinnt man das Herz einer Frau leichter als mit einem Schwert!,"Du weißt, wie man kämpft. Doch mit Gedichten gewinnt man das Herz einer Frau leichter als mit einem Schwert!",weißt; kämpft; Doch; Gedichten; gewinnt; Herz; einer; Frau; leichter; einem; Schwert,Chineses; Chineset; Czech; French; German; Italian; Japanese; Korean; Polish; Portuguese; Russian; Spanish; Turkish; Ukrainian
ulri_event_tab_gott_zum_g_D7ro,11,"non-ASCII character(s) in English display | English reference/display differ | token(s) preserved across 3+ localized displays: Gott, Gruße, mein, Freund, Ulrich, Remold, Dichter, Pilger | preserved token(s) also present in English reference","Gott zum Gruße, mein Freund! Ulrich von Remold, ein dichter und ein Pilger im Land der Narren.","Gott zum Gruße, mein Freund! Ulrich von Remold, ein Dichter und ein Pilger im Land der Narren.",Gott; Gruße; mein; Freund; Ulrich; Remold; Dichter; Pilger; Land; Narren,Chineses; Chineset; Czech; French; German; Italian; Japanese; Korean; Polish; Portuguese; Russian; Spanish; Turkish; Ukrainian; Vietnamese
ulri_event_tab_gut_gut_es_bBId,11,"non-ASCII character(s) in English display | English reference/display differ | token(s) preserved across 3+ localized displays: nicht, wichtig, doch, saßen, einem, Stein, schlugen, Bein | preserved token(s) also present in English reference","Gut, gut, es ist nicht wichtig, doch Wir saß auf einem Felsenstein, und schlug ein Bein über das andre Bein...","Gut, gut, es ist nicht wichtig, doch wir saßen auf einem Stein, und schlugen ein Bein über das andre Bein …",nicht; wichtig; doch; saßen; einem; Stein; schlugen; Bein; über; andre,Chineses; Chineset; Czech; French; German; Italian; Japanese; Korean; Polish; Portuguese; Russian; Spanish; Turkish; Ukrainian
unik_aktivita__blaha_jen__ox8y,10,"non-ASCII character(s) in English display | token(s) preserved across 3+ localized displays: Blaha, Bayern, Mein, Onkel, Günther | preserved token(s) also present in English reference","Blaha is idiot playing lord! I more noble than he ever be, all the way from Bayern I am! Mein Onkel, Günther, is real noble!","Blaha is idiot playing lord! I more noble than he ever be, all the way from Bayern I am! Mein Onkel, Günther, is real noble!",Blaha; Bayern; Mein; Onkel; Günther,Chineset; Czech; French; German; Italian; Korean; Polish; Portuguese; Russian; Spanish; Turkish; Ukrainian; Vietnamese
unik_aktivita__dekujeme_v_fHYt,9,"non-ASCII character(s) in English display | English reference/display differ | token(s) preserved across 3+ localized displays: Ohohoho, wunderschön | preserved token(s) also present in English reference",!P Ohohoho… That what I call sword! The decoration… wunderschön! Neighbour burst with envy when he see!,Ohohoho… That what I call sword! The decoration… wunderschön! Neighbour burst with envy when he see!,Ohohoho; wunderschön,Chineses; Chineset; French; German; Italian; Polish; Portuguese; Russian; Spanish; Turkish; Ukrainian; Vietnamese
unik_aktivita__kurnik_to__0XB6,9,"non-ASCII character(s) in English display | English reference/display differ | token(s) preserved across 3+ localized displays: Schade, Schwert | preserved token(s) also present in English reference","!P Schade… I was look forward to new Schwert, and neighbour's jealous face…","Schade… I was look forward to new Schwert, and neighbour's jealous face…",Schade; Schwert,Chineses; Chineset; Czech; French; German; Italian; Korean; Polish; Portuguese; Russian; Spanish; Turkish; Ukrainian; Vietnamese
unik_aktivita__nein_nein__YXD5,10,"non-ASCII character(s) in English display | English reference/display differ | token(s) preserved across 3+ localized displays: Nein, nein, Blaha | preserved token(s) also present in English reference","!P Nein, nein! I very proud of it, show it everywhere! Especially where Blaha is… Hah hah hah!","Nein, nein! I very proud of it, show it everywhere! Especially where Blaha is… Hah hah hah!",Nein; nein; Blaha,Chineset; Czech; French; German; Italian; Korean; Polish; Portuguese; Russian; Spanish; Turkish; Ukrainian; Vietnamese
unik_aktivita__no_tak_asi_ICWu,11,"non-ASCII character(s) in English display | English reference/display differ | token(s) preserved across 3+ localized displays: Meister, Mannlicher, Eichner, Wiedersehen, Schmied | preserved token(s) also present in English reference","!P I go and see Meister Mannlicher, then… or Meister Eichner? Eh… Auf Wiedersehen, Schmied.","I go and see Meister Mannlicher, then… or Meister Eichner? Eh… Auf Wiedersehen, Schmied.",Meister; Mannlicher; Eichner; Wiedersehen; Schmied,Chineses; Chineset; Czech; French; German; Italian; Korean; Polish; Portuguese; Russian; Spanish; Turkish; Ukrainian; Vietnamese
unik_aktivita__tohle_ale__4ABx,11,"non-ASCII character(s) in English display | English reference/display differ | token(s) preserved across 3+ localized displays: Aber, schlechte, Arbeit, nein | preserved token(s) also present in English reference","!P Aber… das ist schlechte Arbeit… shoddy work! I cannot show off this… I will not take, nein, nein...","Aber… das ist schlechte Arbeit… shoddy work! I cannot show off this… I will not take, nein, nein...",Aber; schlechte; Arbeit; nein,Chineses; Chineset; Czech; French; German; Italian; Korean; Polish; Portuguese; Russian; Spanish; Turkish; Ukrainian; Vietnamese
uraz_adela_z_m_hahaha_W00L,9,"non-ASCII character(s) in English display | English reference/display differ | token(s) preserved across 3+ localized displays: hahahahahahahaha, Mnischek | preserved token(s) also present in English reference","<hahahahahahahaha>You’re right, Mnischek is a dump. I spent most of my life in Prague... What’s your name, anyway?","<hahahahahahahaha>You’re right, Mnischek is a hole. I spent most of my life in Prague... What’s your name, anyway?",hahahahahahahaha; Mnischek,Chineset; Czech; French; German; Italian; Portuguese; Turkish; Vietnamese
utik_soldier_u_nein_das_w_fq6Z,11,"non-ASCII character(s) in English display | English reference/display differ | token(s) preserved across 3+ localized displays: Nein, wird, nicht, passieren | preserved token(s) also present in English reference","!P Nein, das wird nicht passieren...","Nein, das wird nicht passieren …",Nein; wird; nicht; passieren,Chineses; Chineset; Czech; French; German; Italian; Japanese; Korean; Polish; Portuguese; Russian; Spanish; Turkish; Ukrainian; Vietnamese
utik_soldier_u_nein_schei_UcmW,10,"non-ASCII character(s) in English display | English reference/display differ | token(s) preserved across 3+ localized displays: Nein, scheiß, drauf | preserved token(s) also present in English reference","!P Nein, scheiss drauf.","Nein, scheiß drauf.",Nein; scheiß; drauf,Chineses; Chineset; Czech; French; German; Italian; Japanese; Korean; Polish; Portuguese; Russian; Spanish; Turkish; Ukrainian; Vietnamese
utik_soldier_u_oh_mein_go_U921,10,"non-ASCII character(s) in English display | English reference/display differ | token(s) preserved across 3+ localized displays: mein, Gott, Jungs | preserved token(s) also present in English reference","!P Oh, mein Gott, Jungs...","Oh, mein Gott, Jungs …",mein; Gott; Jungs,Chineses; Chineset; Czech; French; German; Italian; Japanese; Korean; Polish; Portuguese; Russian; Spanish; Turkish; Ukrainian; Vietnamese
utik_soldier_u_oh_nein_ne_KeKV,9,"non-ASCII character(s) in English display | English reference/display differ | token(s) preserved across 3+ localized displays: nein, Blut | preserved token(s) also present in English reference","!P Oh nein, nein... Blut!","Oh nein, nein … Blut!",nein; Blut,Chineses; Chineset; Czech; French; German; Italian; Japanese; Korean; Polish; Portuguese; Russian; Spanish; Turkish; Ukrainian; Vietnamese
utik_soldier_u_scheisse_r_IQdj,10,"non-ASCII character(s) in English display | English reference/display differ | token(s) preserved across 3+ localized displays: Scheiße, raus, hier | preserved token(s) also present in English reference","!P Scheisse, raus... raus hier!","Scheiße, raus … raus hier!",Scheiße; raus; hier,Chineses; Chineset; Czech; French; German; Italian; Japanese; Korean; Polish; Portuguese; Russian; Spanish; Turkish; Ukrainian; Vietnamese
utik_soldier_u_verdammt_b_dpKi,9,"non-ASCII character(s) in English display | English reference/display differ | token(s) preserved across 3+ localized displays: Verdammt, Blut | preserved token(s) also present in English reference","!P Verdammt, Blut... Blut!","Verdammt, Blut … Blut!",Verdammt; Blut,Chineses; Chineset; Czech; French; German; Italian; Japanese; Korean; Polish; Portuguese; Russian; Spanish; Turkish; Ukrainian; Vietnamese
utik_soldier_u_verdammt_l_JN8k,9,"non-ASCII character(s) in English display | English reference/display differ | token(s) preserved across 3+ localized displays: Verdammt, Leute | preserved token(s) also present in English reference","!P Verdammt, Leute...","Verdammt, Leute …",Verdammt; Leute,Chineses; Chineset; Czech; French; German; Italian; Japanese; Korean; Polish; Portuguese; Russian; Spanish; Turkish; Ukrainian; Vietnamese
utik_soldier_u_verdammt_s_ZYp7,9,"non-ASCII character(s) in English display | English reference/display differ | token(s) preserved across 3+ localized displays: Verdammt, Scheiße | preserved token(s) also present in English reference",!P Verdammt... Scheisse!,Verdammt … Scheiße!,Verdammt; Scheiße,Chineses; Chineset; Czech; French; German; Italian; Japanese; Korean; Polish; Portuguese; Russian; Spanish; Turkish; Ukrainian; Vietnamese
utik_utikam_z__doprdele_b_eJ7w,9,"non-ASCII character(s) in English display | English reference/display differ | token(s) preserved across 3+ localized displays: francba, leléptem | preserved token(s) also present in English reference","A francba... ááá, .leléptem.","A francba... Ahh, leléptem.",francba; leléptem,Chineses; Chineset; Czech; French; German; Italian; Japanese; Korean; Polish; Portuguese; Russian; Spanish; Turkish; Ukrainian; Vietnamese
utik_utikam_z__kurva_to_b_zDB0,9,"non-ASCII character(s) in English display | token(s) preserved across 3+ localized displays: picsába, baszki, Szarok | preserved token(s) also present in English reference","A picsába... baszki, vér! Szarok rá.","A picsába... baszki, vér! Szarok rá.",picsába; baszki; Szarok,Chineses; Chineset; Czech; French; German; Italian; Japanese; Korean; Polish; Portuguese; Russian; Spanish; Turkish; Ukrainian; Vietnamese
utik_utikam_z__vyhral_si__cNVH,9,"non-ASCII character(s) in English display | token(s) preserved across 3+ localized displays: Nyertél, Hagyj, békiben | preserved token(s) also present in English reference",Nyertél... Hagyj békiben.,Nyertél... Hagyj békiben.,Nyertél; Hagyj; békiben,Chineses; Chineset; Czech; French; German; Italian; Japanese; Korean; Polish; Portuguese; Russian; Spanish; Turkish; Ukrainian; Vietnamese
utok_utok_na_m_los_gehts__1rsb,10,"non-ASCII character(s) in English display | English reference/display differ | token(s) preserved across 3+ localized displays: geht’s, aufs, Blut | preserved token(s) also present in English reference",!P Los geht's! Blut! Blut!,Auf geht’s! Bis aufs Blut!,geht’s; aufs; Blut,Chineses; Chineset; Czech; French; German; Italian; Japanese; Korean; Polish; Portuguese; Russian; Spanish; Turkish; Ukrainian; Vietnamese
utrz_kuman_dos_mas_ranu_j_Fze0,9,"non-ASCII character(s) in English display | token(s) preserved across 3+ localized displays: harcolsz, mint, fehérnép | preserved token(s) also present in English reference","Úgy harcolsz, mint egy fehérnép.","Úgy harcolsz, mint egy fehérnép.",harcolsz; mint; fehérnép,Chineses; Chineset; Czech; German; Italian; Japanese; Korean; Polish; Portuguese; Russian; Spanish; Turkish; Ukrainian; Vietnamese
utrz_kuman_dos_muj_kun_te_fWNh,9,"non-ASCII character(s) in English display | token(s) preserved across 3+ localized displays: lovam, széjjel, téged | preserved token(s) also present in English reference",A lovam széjjel kúr téged!,A lovam széjjel kúr téged!,lovam; széjjel; téged,Chineses; Chineset; Czech; French; German; Italian; Japanese; Korean; Polish; Portuguese; Russian; Spanish; Turkish; Ukrainian; Vietnamese
utrz_kuman_dos_uzvsak_ja__BnyQ,9,"non-ASCII character(s) in English display | token(s) preserved across 3+ localized displays: Máris, Megmutatom, neked | preserved token(s) also present in English reference",Máris... Megmutatom neked....,Máris... Megmutatom neked....,Máris; Megmutatom; neked,Chineses; Chineset; Czech; French; German; Italian; Japanese; Korean; Polish; Portuguese; Russian; Spanish; Turkish; Ukrainian; Vietnamese
utrz_soldier_d_oh_gott_ic_3al8,9,"non-ASCII character(s) in English display | English reference/display differ | token(s) preserved across 3+ localized displays: Gott, wurde | preserved token(s) also present in English reference","!P Oh, Gott, ich wurde...","Oh, Gott, ich wurde …",Gott; wurde,Chineses; Chineset; Czech; French; German; Italian; Japanese; Korean; Polish; Portuguese; Russian; Spanish; Turkish; Ukrainian; Vietnamese
utrz_soldier_d_oh_nein_ve_wSag,9,"non-ASCII character(s) in English display | English reference/display differ | token(s) preserved across 3+ localized displays: nein, verdammt | preserved token(s) also present in English reference",!P Oh nein... Verdammte.,Oh nein … verdammt.,nein; verdammt,Chineses; Chineset; Czech; French; German; Italian; Japanese; Korean; Polish; Portuguese; Russian; Spanish; Turkish; Ukrainian; Vietnamese
utrz_soldier_d_uf_meine_a_Ykvv,9,"non-ASCII character(s) in English display | English reference/display differ | token(s) preserved across 3+ localized displays: meine, Arme | preserved token(s) also present in English reference","!P Uf, meine Arme...","Uff, meine Arme …",meine; Arme,Chineses; Chineset; Czech; French; German; Italian; Japanese; Korean; Polish; Portuguese; Russian; Spanish; Turkish; Ukrainian; Vietnamese
utrz_soldier_d_uf_nein_wa_v5FQ,9,"non-ASCII character(s) in English display | English reference/display differ | token(s) preserved across 3+ localized displays: nein, Blut | preserved token(s) also present in English reference","!P Uf, nein... Was ist... Blut?","Uff, nein … ist das … Blut?",nein; Blut,Chineses; Chineset; Czech; French; German; Italian; Japanese; Korean; Polish; Portuguese; Russian; Spanish; Turkish; Ukrainian; Vietnamese
uvod_arne_nemec_kein_stre_bJFB,10,"non-ASCII character(s) in English display | English reference/display differ | token(s) preserved across 3+ localized displays: Nicht, nötig, Fechters | preserved token(s) also present in English reference","!P Kein Stress! !P Armour or not, we are the better Fechters.","Nicht nötig! Armour or not, we are the better Fechters.",Nicht; nötig; Fechters,Chineses; Czech; French; German; Italian; Korean; Polish; Portuguese; Russian; Spanish; Turkish; Ukrainian; Vietnamese
uvod_jan_zizka_ja_s_certe_tOHr,9,"non-ASCII character(s) in English display | English reference/display differ | token(s) preserved across 3+ localized displays: plan, Hans | preserved token(s) also present in English reference","Dry Devil and I have to come up with a plan, Sir Hans might get recognised, and the others… Let's just say, I give you the best chance of success…","Me and Devil have to come up with a plan. Sir Hans might get recognised, and the others… Well, let's just say, I give you the best chance of success…",plan; Hans,French; German; Italian; Polish; Portuguese; Spanish; Turkish; Vietnamese
uvod_jan_zizka_poslal_jse_9aAb,9,"non-ASCII character(s) in English display | English reference/display differ | token(s) preserved across 3+ localized displays: Katherine, Kuttenberg | preserved token(s) also present in English reference",I sent Katherine to spy on Sigismund's camp. But I hear the two of you are trying to solve some murder in Kuttenberg…,I sent Katherine to spy on Sigismund's camp. But I hear the two of you are trying to solve some murders in Kuttenberg…,Katherine; Kuttenberg,French; German; Italian; Portuguese; Spanish; Turkish; Vietnamese
uvod_jan_zizka_poslal_jse_QCBi,9,"non-ASCII character(s) in English display | English reference/display differ | token(s) preserved across 3+ localized displays: Katherine, Kuttenberg | preserved token(s) also present in English reference",I sent Katherine to spy on Sigismund's camp. But I hear the two of you are trying to solve some murder in Kuttenberg…,I sent Katherine to spy on Sigismund's camp. But I hear the two of you are trying to solve some murders in Kuttenberg…,Katherine; Kuttenberg,French; German; Italian; Portuguese; Spanish; Turkish; Vietnamese
uvod_krasek_opatruj_se_pr_M1GL,9,"non-ASCII character(s) in English display | English reference/display differ | token(s) preserved across 3+ localized displays: hahahaha, Voyta | preserved token(s) also present in English reference","<hahahaha>It’s always a pleasure dealing with you. Take care, Voyta.","<hahahaha>It’s always a pleasure talking to you. Take care, Voyta.",hahahaha; Voyta,Chineset; Czech; French; German; Portuguese; Spanish; Turkish; Vietnamese
uvod_malir_kdyz_se_das_po_2kbk,9,"non-ASCII character(s) in English display | English reference/display differ | token(s) preserved across 3+ localized displays: Danemark, Kuttenberg | preserved token(s) also present in English reference","Plenty of them used to be in a spot on the stream above Danemark. If you set out from Kuttenberg going south along the water, you’ll come across it.","There used to be plenty of them in a spot in the stream above Danemark. If you set out from Kuttenberg going south along the stream, you’ll come across it.",Danemark; Kuttenberg,French; German; Italian; Portuguese; Turkish; Vietnamese
uvod_malir_nevim_jak_to_l_bZMt,9,"non-ASCII character(s) in English display | English reference/display differ | token(s) preserved across 3+ localized displays: Burkhard, Trosky | preserved token(s) also present in English reference","I’m not sure how better to explain it, any more than I could tell a blind person what the colour green looks like. But lately… ever since I heard Burkhard was in the Trosky region, well…","I’m not sure how to explain it better, any more than I could tell a blind person what the colour green looks like. But lately… ever since I heard Burkhard was in the Trosky region, well…",Burkhard; Trosky,Czech; French; German; Italian; Portuguese; Spanish; Turkish; Vietnamese
uvod_malir_to_me_nepoznav_WR8W,9,"non-ASCII character(s) in English display | English reference/display differ | token(s) preserved across 3+ localized displays: Voyta, Trosky | preserved token(s) also present in English reference","You don’t remember me? Painter Vojta, you saved me from wolves! In the Trosky Region. Come here!","You don’t remember me? Painter Voyta, you saved me from wolves! In the Trosky Region. Come here!",Voyta; Trosky,French; German; Italian; Portuguese; Spanish; Turkish; Vietnamese
uvod_malir_zkus_se_na_ni__ZyiW,9,"non-ASCII character(s) in English display | English reference/display differ | token(s) preserved across 3+ localized displays: local, Frantishek | preserved token(s) also present in English reference",Try asking the local gravedigger about it. Name’s Frantishek.,Try asking the local gravedigger about it. His name’s Frantishek.,local; Frantishek,French; Italian; Portuguese; Spanish; Turkish; Vietnamese
uvod_menhart_z_ale_jimram_poUS,9,"non-ASCII character(s) in English display | English reference/display differ | token(s) preserved across 3+ localized displays: Emmeram, zurück | preserved token(s) also present in English reference","Emeram still has the fencing sword. Und we need it zurück. You admit, without the sword this house does not look so gut.","Emmeram still has the fencing sword. Und we need it zurück. You admit, without the sword this house does not look so gut.",Emmeram; zurück,Chineses; Czech; French; German; Italian; Polish; Portuguese; Russian; Spanish; Turkish; Ukrainian; Vietnamese
uvod_menhart_z_spis_je_mi_0lZo,9,"non-ASCII character(s) in English display | token(s) preserved across 3+ localized displays: werde, dich, bezahlen | preserved token(s) also present in English reference",It's rather unpleasant. Couldn't you stop by there for the sword? Ich werde dich bezahlen…,It's rather unpleasant. Couldn't you stop by there for the sword? Ich werde dich bezahlen…,werde; dich; bezahlen,Chineses; Chineset; Czech; French; German; Italian; Korean; Polish; Portuguese; Russian; Spanish; Turkish; Ukrainian; Vietnamese
uvod_rabin_pog_buh_s_nami_ZLSV,10,"non-ASCII character(s) in English display | token(s) preserved across 3+ localized displays: Borekh, adonoy, eloheynu, melekh, ho-oylem | preserved token(s) also present in English reference","Borekh ata adonoy eloheynu, melekh ho-oylem…","Borekh ata adonoy eloheynu, melekh ho-oylem…",Borekh; adonoy; eloheynu; melekh; ho-oylem,Chineses; Chineset; French; German; Italian; Korean; Portuguese; Russian; Spanish; Turkish; Ukrainian; Vietnamese
uvod_zavis_z_g_jeho_tak_p_hj8b,10,"non-ASCII character(s) in English display | token(s) preserved across 3+ localized displays: Ależ, takim, razie, zacny, gość, prawda | preserved token(s) also present in English reference","Ależ! No w takim razie toś zacny gość, prawda? Such a distinguished visit!","Ależ! No w takim razie toś zacny gość, prawda? Such a distinguished visit!",Ależ; takim; razie; zacny; gość; prawda,Chineses; Chineset; Czech; French; German; Italian; Korean; Polish; Portuguese; Russian; Spanish; Turkish; Ukrainian; Vietnamese
uvod_zavis_z_g_pieprzyc_t_FNe2,9,"non-ASCII character(s) in English display | token(s) preserved across 3+ localized displays: Pieprzyć, tego, skurwysyna | preserved token(s) also present in English reference",Pieprzyć tego skurwysyna!,Pieprzyć tego skurwysyna!,Pieprzyć; tego; skurwysyna,Chineses; Chineset; Czech; French; German; Korean; Polish; Portuguese; Russian; Spanish; Turkish; Ukrainian; Vietnamese
vajd_henry_ten_vzkaz_se_k_qbQI,9,"non-ASCII character(s) in English display | English reference/display differ | token(s) preserved across 3+ localized displays: Semine, Bohush | preserved token(s) also present in English reference",The message… that your messenger came from Semine with. That wasn't from Bohush.,The message… that your messenger came back from Semine with. That wasn't from Bohush.,Semine; Bohush,French; Italian; Portuguese; Spanish; Turkish; Vietnamese
vajd_henry_tibor_s_gejzou_x4oX,9,"non-ASCII character(s) in English display | English reference/display differ | token(s) preserved across 3+ localized displays: Tibor, Gejza | preserved token(s) also present in English reference",Tibor and Gejza… Did they go to avenge your honour on their own accord? Or did someone send them?,Tibor and Gejza… Did they go to avenge your honour of their own accord? Or did someone send them?,Tibor; Gejza,Czech; French; German; Italian; Polish; Portuguese; Spanish; Turkish; Vietnamese
vajd_vajda_a_ted_nemam_za_x7l2,9,"non-ASCII character(s) in English display | English reference/display differ | token(s) preserved across 3+ localized displays: Aranka, clan | preserved token(s) also present in English reference","I am Voivode of camp, but except for Aranka, there is no more of my blood here… Just nomads from other places.","I am Voivode of camp, but except for Aranka, there is no more of my clan here… Just nomads from other places.",Aranka; clan,French; German; Italian; Portuguese; Spanish; Turkish; Vietnamese
vajd_vajda_ach_a_protoze__z4h6,9,"non-ASCII character(s) in English display | English reference/display differ | token(s) preserved across 3+ localized displays: Gejza, yaghalo | preserved token(s) also present in English reference","Ah… And Gejza, he's got hot blood like me, quickly took out his knife…","Ah… And Gejza, he has yaghalo rat like me, he quickly pull out his knife…",Gejza; yaghalo,Czech; French; German; Italian; Polish; Portuguese; Russian; Spanish; Turkish; Ukrainian; Vietnamese
vajd_vajda_aj_jindrichu_d_0WfA,9,"non-ASCII character(s) in English display | token(s) preserved across 3+ localized displays: Henry, Tibor, Gejza | preserved token(s) also present in English reference","Ai, Henry… Thank you for saving Tibor… And that we can bury poor Gejza properly now.","Ai, Henry… Thank you for saving Tibor… And that we can bury poor Gejza properly now.",Henry; Tibor; Gejza,French; German; Italian; Portuguese; Spanish; Turkish; Vietnamese
vajd_vajda_ale_skoncilo_t_1vA4,9,"non-ASCII character(s) in English display | English reference/display differ | token(s) preserved across 3+ localized displays: Gejza, Tibor | preserved token(s) also present in English reference",But… it ended really badly. Gejza was killed and Tibor captured.,But… it end very badly. Gejza get killed and Tibor get captured.,Gejza; Tibor,French; German; Italian; Portuguese; Spanish; Turkish; Vietnamese
vajd_vajda_certil_jsem_se_fjeL,9,"non-ASCII character(s) in English display | English reference/display differ | token(s) preserved across 3+ localized displays: Tibor, Gejza | preserved token(s) also present in English reference","I was angry, and Tibor and Gejza probably took it on themselves… I don't know.","Not exactly, but Tibor and Gejza see how angry I am and make take it on themselves…",Tibor; Gejza,Czech; French; German; Italian; Polish; Portuguese; Spanish; Turkish; Vietnamese
vajd_vajda_coze_vazne_pan_9VmV,9,"non-ASCII character(s) in English display | English reference/display differ | token(s) preserved across 3+ localized displays: Devla, somnakooneya, chavo","!P What? Is that so? Sweet Mary mother of God, thank you! At least my younger chave is coming home…","What? Is that so? Oy Devla somnakooneya, thank you! At least my younger chavo is coming home…",Devla; somnakooneya; chavo,Czech; French; German; Italian; Portuguese; Russian; Spanish; Ukrainian; Vietnamese
vajd_vajda_mariko_urcite__KjNe,9,"non-ASCII character(s) in English display | English reference/display differ | token(s) preserved across 3+ localized displays: Marika, chohahoono | preserved token(s) also present in English reference",Marika… are you sure? The amulet is magical… It has power…,Marika… are you sure? The amulet is chohahoono… It has power…,Marika; chohahoono,French; German; Italian; Portuguese; Russian; Spanish; Turkish; Vietnamese
vajd_vajda_mel_jsem_dva_c_J8a4,9,"non-ASCII character(s) in English display | English reference/display differ | token(s) preserved across 3+ localized displays: chave, chay | preserved token(s) also present in English reference",!P I had two chave and one chey… And now I have nothing.,I had two chave and one chay… And now I have nothing.,chave; chay,German; Italian; Korean; Portuguese; Russian; Spanish; Turkish; Ukrainian; Vietnamese
vajd_vajda_miri_romni_mel_fFVT,10,"non-ASCII character(s) in English display | English reference/display differ | token(s) preserved across 3+ localized displays: Miri, romni, gadjo | preserved token(s) also present in English reference",!P Miri romni had a divination… And she described a gadjo just like you.,Miri romni had vision… And she describe a gadjo just like you.,Miri; romni; gadjo,Chineses; Chineset; Czech; French; German; Italian; Polish; Portuguese; Russian; Spanish; Turkish; Ukrainian; Vietnamese
vajd_vajda_moji_dva_chave_yCx3,10,"non-ASCII character(s) in English display | English reference/display differ | token(s) preserved across 3+ localized displays: chave, Tibor, Gejza | preserved token(s) also present in English reference","!P My two chave, my sons, Tibor and Gejza… They decided to avenge family honour.","My two chave, my sons, Tibor and Gejza… They decide to avenge family honour.",chave; Tibor; Gejza,Czech; French; German; Italian; Polish; Portuguese; Russian; Spanish; Turkish; Ukrainian; Vietnamese
vask_hejtman_f_jak_chces__u51j,9,"non-ASCII character(s) in English display | English reference/display differ | token(s) preserved across 3+ localized displays: Können, starten | preserved token(s) also present in English reference",!P As you wish. Wir konnen starten?,As you wish. Können wir starten?,Können; starten,Chineses; Chineset; Czech; French; Italian; Korean; Polish; Portuguese; Russian; Spanish; Turkish; Ukrainian; Vietnamese
vask_hejtman_f_na_to_si_p_VJN2,9,"non-ASCII character(s) in English display | English reference/display differ | token(s) preserved across 3+ localized displays: Lästige, Tschechen | preserved token(s) also present in English reference",!P Lastige Tschechen! So what're you bothering me for?,Lästige Tschechen! Why are you wasting my time?,Lästige; Tschechen,Chineses; Chineset; Czech; French; German; Italian; Korean; Polish; Portuguese; Russian; Spanish; Turkish; Ukrainian; Vietnamese
vask_hejtman_f_s_tebou_je_zhBh,9,"non-ASCII character(s) in English display | English reference/display differ | token(s) preserved across 3+ localized displays: bist, beschäftigt | preserved token(s) also present in English reference",!P Du bist beschaftigt. So what do you want?,Du bist beschäftigt. So what do you want?,bist; beschäftigt,Chineses; Chineset; Czech; French; Italian; Korean; Polish; Portuguese; Russian; Spanish; Turkish; Ukrainian; Vietnamese
vask_hejtman_f_tak_muzeme_EMW3,9,"non-ASCII character(s) in English display | English reference/display differ | token(s) preserved across 3+ localized displays: können, anfangen | preserved token(s) also present in English reference",!P Wir konnen anfangen.,Wir können anfangen.,können; anfangen,Chineses; Chineset; Czech; French; German; Italian; Korean; Polish; Portuguese; Russian; Spanish; Turkish; Ukrainian; Vietnamese
vask_hejtman_f_tak_proc_s_gtTz,9,"non-ASCII character(s) in English display | English reference/display differ | token(s) preserved across 3+ localized displays: Unschlüssige, Tschechen | preserved token(s) also present in English reference",!P Oh well. Unschlussig Tschechen...,Oh well. Unschlüssige Tschechen...,Unschlüssige; Tschechen,Chineses; Chineset; Czech; French; German; Italian; Korean; Polish; Portuguese; Russian; Spanish; Turkish; Ukrainian; Vietnamese
vask_vasko_mielott_valami_D3tu,11,"non-ASCII character(s) in English display | English reference/display differ | token(s) preserved across 3+ localized displays: Mielőtt, valami, rossz, történik | preserved token(s) also present in English reference",!P Mielőtt valami rossz történik.,Mielőtt valami rossz történik.,Mielőtt; valami; rossz; történik,Chineses; Chineset; Czech; French; German; Italian; Korean; Polish; Portuguese; Russian; Spanish; Turkish; Ukrainian; Vietnamese
vask_vasko_tak_do_strehu_2QqT,10,"non-ASCII character(s) in English display | English reference/display differ | token(s) preserved across 3+ localized displays: garde, Viel, Glück | preserved token(s) also present in English reference",En garde! Viel Gluck!,En garde! Viel Glück!,garde; Viel; Glück,Chineses; Chineset; Czech; French; German; Italian; Korean; Polish; Portuguese; Russian; Spanish; Turkish; Ukrainian; Vietnamese
vece_fabrizio_jak_to_vypa_K1j6,9,"non-ASCII character(s) in English display | English reference/display differ | token(s) preserved across 3+ localized displays: cos'è, Henry | preserved token(s) also present in English reference","!P Che cos’è? What do you look like, Henry? Have you come to me straight from the forge?","Ma che cos'è? What do you look like, Henry? Have you come to me straight from the forge?",cos'è; Henry,Chineses; Czech; French; Italian; Portuguese; Russian; Spanish; Turkish; Ukrainian; Vietnamese
vece_henry_jsme_tady_pane_REvn,9,"non-ASCII character(s) in English display | English reference/display differ | token(s) preserved across 3+ localized displays: Dondi, Volf | preserved token(s) also present in English reference","We’re here, Master de' Dondi... This is Master Wolf.","We’re here, Master de' Dondi... This is Master Volf.",Dondi; Volf,Czech; French; German; Italian; Polish; Portuguese; Spanish; Turkish; Vietnamese
veli_spizovaci_chlapi_sba_tl5c,10,"non-ASCII character(s) in English display | token(s) preserved across 3+ localized displays: Fiúk, Csomagoljatok, Hamarosan, indulunk | preserved token(s) also present in English reference",Fiúk! Csomagoljatok! Hamarosan indulunk!,Fiúk! Csomagoljatok! Hamarosan indulunk!,Fiúk; Csomagoljatok; Hamarosan; indulunk,Chineses; Chineset; Czech; French; German; Italian; Korean; Polish; Portuguese; Russian; Spanish; Turkish; Ukrainian; Vietnamese
veli_spizovaci_kurva_hlid_jFZ3,9,"non-ASCII character(s) in English display | English reference/display differ | token(s) preserved across 3+ localized displays: Őrizd, őket | preserved token(s) also present in English reference",Kurva! Őrizd őket te! You dunderhead.,Őrizd őket te! You dunderhead.,Őrizd; őket,Czech; French; German; Italian; Korean; Polish; Portuguese; Russian; Spanish; Turkish; Ukrainian; Vietnamese
veli_spizovaci_pohyb_volo_Zxqk,10,"non-ASCII character(s) in English display | token(s) preserved across 3+ localized displays: Mozogjatok, barmok, Sötétedésig, vissza, akarok, érni | preserved token(s) also present in English reference","Mozogjatok, barmok. Sötétedésig vissza akarok érni!","Mozogjatok, barmok. Sötétedésig vissza akarok érni!",Mozogjatok; barmok; Sötétedésig; vissza; akarok; érni,Chineses; Chineset; Czech; French; German; Italian; Korean; Polish; Portuguese; Russian; Spanish; Turkish; Ukrainian; Vietnamese
voja_jostuv_vo_samy_kravi_veXR,9,"non-ASCII character(s) in English display | token(s) preserved across 3+ localized displays: Samý, kraviny, sebe, Kurva",,Samý kraviny maj u sebe. Kurva.,Samý; kraviny; sebe; Kurva,Chineses; Chineset; Czech; French; German; Italian; Japanese; Korean; Polish; Portuguese; Russian; Spanish; Turkish; Ukrainian; Vietnamese
voja_jostuv_vo_tak_to_by__askS,9,"non-ASCII character(s) in English display | token(s) preserved across 3+ localized displays: bylo, trůn, vrátit, našeho, pravýho, krále",,Tak to by bylo. Teď už jen na trůn vrátit našeho pravýho krále!,bylo; trůn; vrátit; našeho; pravýho; krále,Chineses; Chineset; Czech; French; German; Italian; Japanese; Korean; Polish; Portuguese; Russian; Spanish; Turkish; Ukrainian; Vietnamese
voja_jostuv_vo_zbabela_li_DRQa,9,"non-ASCII character(s) in English display | token(s) preserved across 3+ localized displays: Zbabělá, liška, uherská, Určitě, věděl, přitáhnem, utekl",,"Zbabělá liška uherská. Určitě věděl že přitáhnem, a tak utekl.",Zbabělá; liška; uherská; Určitě; věděl; přitáhnem; utekl,Chineses; Chineset; Czech; French; German; Italian; Japanese; Korean; Polish; Portuguese; Russian; Spanish; Turkish; Ukrainian; Vietnamese
vrac_kradene_z_gott_moge__SOhH,10,"non-ASCII character(s) in English display | token(s) preserved across 3+ localized displays: Vielen, Dank, Gott, möge, Ihre, Hand, führen, mein | preserved token(s) also present in English reference","Vielen Dank. Gott möge Ihre Hand führen, mein Freund.","Vielen Dank. Gott möge Ihre Hand führen, mein Freund.",Vielen; Dank; Gott; möge; Ihre; Hand; führen; mein; Freund,Chineses; Chineset; Czech; French; German; Italian; Korean; Polish; Portuguese; Russian; Spanish; Turkish; Ukrainian
vrac_kradene_z_gott_moge__slhC,11,"non-ASCII character(s) in English display | English reference/display differ | token(s) preserved across 3+ localized displays: Möge, Gott, sein, mein, Freund | preserved token(s) also present in English reference","Gott möge Ihre Hand führen, mein Freund.","Möge Gott mit dir sein, mein Freund.",Möge; Gott; sein; mein; Freund,Chineses; Chineset; Czech; French; German; Italian; Korean; Polish; Portuguese; Russian; Spanish; Turkish; Ukrainian
vyje_hans_uher_pocuvaj_cs_YMvF,9,"non-ASCII character(s) in English display | English reference/display differ | token(s) preserved across 3+ localized displays: Csaba, piče | preserved token(s) also present in English reference","Listen Csaba, we're all people here. Neighbours even, do piče. We'll work something out.","Listen Csaba, we all people here. Neighbours even, do piče. We make some deal, hej?",Csaba; piče,French; German; Italian; Korean; Portuguese; Russian; Spanish; Turkish; Ukrainian; Vietnamese
vyje_henry_mno_taras_kdys_TFDp,9,"non-ASCII character(s) in English display | English reference/display differ | token(s) preserved across 3+ localized displays: Taras, Richard | preserved token(s) also present in English reference","You see… Sir Taras agreed with your predecessor, Father Richard, to guard the gateway to hell, in return for regular supplies.","The thing is… Sir Taras made a bargain with your predecessor, Father Richard, that he'd guard the gateway to hell in return for regular supplies.",Taras; Richard,Czech; French; German; Italian; Polish; Portuguese; Spanish; Turkish; Vietnamese
vyje_mestan_de_teufel_ode_KATc,10,"non-ASCII character(s) in English display | English reference/display differ | token(s) preserved across 3+ localized displays: Schlag, oder, lass | preserved token(s) also present in English reference","!P Teufel oder nichts, I can’t let it go for less. My wife would kill me!","Schlag ein oder lass es, I can’t let it go for less. My wife would kill me!",Schlag; oder; lass,Chineses; Chineset; Czech; French; Italian; Korean; Polish; Portuguese; Russian; Spanish; Turkish; Ukrainian; Vietnamese
vyst_vozy_a_ka_viel_gluck_gc9Q,9,"non-ASCII character(s) in English display | English reference/display differ | token(s) preserved across 3+ localized displays: Viel, Glück | preserved token(s) also present in English reference",!P Viel Glück!,Viel Glück!,Viel; Glück,Chineses; Chineset; Czech; French; German; Italian; Japanese; Korean; Polish; Portuguese; Russian; Spanish; Turkish; Ukrainian; Vietnamese
vyvo_vyvolavan_einkaufen__QRDo,11,"non-ASCII character(s) in English display | English reference/display differ | token(s) preserved across 3+ localized displays: Kauft, kauft, schließe, bald, Kommt, Leute | preserved token(s) also present in English reference","Einkaufen! Einkaufen! Ich schliesse bald... Komm und Einkaufen, Liute!","Kauft ein, kauft ein! Ich schließe bald … Kommt und kauft, Leute!",Kauft; kauft; schließe; bald; Kommt; Leute,Chineses; Chineset; Czech; French; German; Italian; Japanese; Korean; Polish; Portuguese; Russian; Spanish; Turkish; Ukrainian; Vietnamese
vyvo_vyvolavan_geschaft_i_8fbg,11,"non-ASCII character(s) in English display | English reference/display differ | token(s) preserved across 3+ localized displays: Kauft, kauft, schließe, bald, Kommt, Leute | preserved token(s) also present in English reference","Einkaufen! Einkaufen! Ich schliesse bald... Komm und Einkaufen, Liute!","Kauft ein, kauft ein! Ich schließe bald … Kommt und kauft, Leute!",Kauft; kauft; schließe; bald; Kommt; Leute,Chineses; Chineset; Czech; French; German; Italian; Japanese; Korean; Polish; Portuguese; Russian; Spanish; Turkish; Ukrainian; Vietnamese
vyvo_vyvolavan_jetzt_offn_aWNI,11,"non-ASCII character(s) in English display | English reference/display differ | token(s) preserved across 3+ localized displays: öffnen, jetzt, Kommt, kauft | preserved token(s) also present in English reference",Wir öffnen jetzt! Wir öffnen jetzt! Komm und Einkaufen!,Wir öffnen jetzt! Wir öffnen jetzt! Kommt und kauft!,öffnen; jetzt; Kommt; kauft,Chineses; Chineset; Czech; French; German; Italian; Japanese; Korean; Polish; Portuguese; Russian; Spanish; Turkish; Ukrainian; Vietnamese
vyvo_vyvolavan_wir_offnen_bVux,11,"non-ASCII character(s) in English display | English reference/display differ | token(s) preserved across 3+ localized displays: öffnen, jetzt, Kommt, kauft | preserved token(s) also present in English reference",Wir öffnen jetzt! Wir öffnen jetzt! Komm und Einkaufen!,Wir öffnen jetzt! Wir öffnen jetzt! Kommt und kauft!,öffnen; jetzt; Kommt; kauft,Chineses; Chineset; Czech; French; German; Italian; Japanese; Korean; Polish; Portuguese; Russian; Spanish; Turkish; Ukrainian; Vietnamese
vyzv_menhart_z_keine_sorg_D3kr,10,"non-ASCII character(s) in English display | token(s) preserved across 3+ localized displays: Keine, Sorge, Arne, können, schaffen | preserved token(s) also present in English reference","Keine Sorge, Arne. Wir können es schaffen.","Keine Sorge, Arne. Wir können es schaffen.",Keine; Sorge; Arne; können; schaffen,Chineses; Chineset; Czech; French; German; Italian; Korean; Polish; Portuguese; Russian; Spanish; Turkish; Ukrainian; Vietnamese
vzde_dlc3_nemo_auuuuty_kr_5qup,10,"non-ASCII character(s) in English display | token(s) preserved across 3+ localized displays: pained, groan, These, cramps, stop | preserved token(s) also present in English reference",<pained groan>These cramps… When will they stop…?,<pained groan>These cramps… When will they stop…?,pained; groan; These; cramps; stop,Chineses; Chineset; French; German; Italian; Japanese; Korean; Polish; Portuguese; Russian; Spanish; Turkish; Ukrainian; Vietnamese
vzde_dlc3_nemo_je_mi_hork_F9w1,9,"non-ASCII character(s) in English display | token(s) preserved across 3+ localized displays: Feels, like, burning | preserved token(s) also present in English reference",Hot… So hot… Feels like I'm burning…,Hot… So hot… Feels like I'm burning…,Feels; like; burning,Chineses; Chineset; French; German; Italian; Japanese; Korean; Polish; Portuguese; Russian; Spanish; Turkish; Ukrainian; Vietnamese
vzde_dlc3_nemo_pane_jezis_owYg,9,"non-ASCII character(s) in English display | token(s) preserved across 3+ localized displays: Lord, Jesus, mercy | preserved token(s) also present in English reference",Lord Jesus… have mercy…,Lord Jesus… have mercy…,Lord; Jesus; mercy,Chineses; Chineset; French; German; Italian; Japanese; Korean; Polish; Portuguese; Russian; Spanish; Turkish; Ukrainian; Vietnamese
vzde_dlc3_nemo_panenko_ma_wNH5,11,"non-ASCII character(s) in English display | English reference/display differ | token(s) preserved across 3+ localized displays: Hail, Mary, full, grace | preserved token(s) also present in English reference","Holy Mary, full of grace…","Hail Mary, full of grace…",Hail; Mary; full; grace,Chineses; Chineset; French; German; Italian; Japanese; Korean; Polish; Portuguese; Russian; Spanish; Turkish; Ukrainian; Vietnamese
vzde_dlc3_nemo_uz_uz_si_p_DJaX,9,"non-ASCII character(s) in English display | token(s) preserved across 3+ localized displays: They're, they're, coming | preserved token(s) also present in English reference",They're… they're coming for me!,They're… they're coming for me!,They're; they're; coming,Chineses; Chineset; French; German; Italian; Japanese; Korean; Polish; Portuguese; Russian; Spanish; Turkish; Ukrainian; Vietnamese
vzde_dlc3_nemo_vodu_prosi_UoQz,9,"non-ASCII character(s) in English display | token(s) preserved across 3+ localized displays: Water, Please, water | preserved token(s) also present in English reference","Water… Please, water…","Water… Please, water…",Water; Please; water,Chineses; Chineset; French; German; Italian; Japanese; Korean; Polish; Portuguese; Russian; Spanish; Turkish; Ukrainian; Vietnamese
zaca_henry_ukaz_mi_klaster_cVp2,9,"non-ASCII character(s) in English display | token(s) preserved across 3+ localized displays: Henry, Albich, Uniczow | preserved token(s) also present in English reference",My name’s Henry. I’m accompanying Albich of Uniczow. The abbot said you’d show me around the monastery.,My name’s Henry. I’m accompanying Albich of Uniczow. The abbot said you’d show me around the monastery.,Henry; Albich; Uniczow,French; German; Italian; Portuguese; Spanish; Turkish; Vietnamese
zaca_kristian__treba_neda_QD7Z,9,"non-ASCII character(s) in English display | English reference/display differ | token(s) preserved across 3+ localized displays: Petronilla, Fett | preserved token(s) also present in English reference","For example, recently, on the feast of St. Petronilla, Foreman Fett was beaming and bragging to me about how much they've howked… I mean, mined out.","For example, the other day, on the feast of St. Petronilla, Foreman Fett was beaming and bragging to me about how much they'd howked… I mean, mined out.",Petronilla; Fett,French; German; Italian; Polish; Portuguese; Spanish; Turkish; Vietnamese
zada_cechmistr_ani_nahodo_EkPf,9,"non-ASCII character(s) in English display | token(s) preserved across 3+ localized displays: Nein, keinen, Fall | preserved token(s) also present in English reference","Nein, auf keinen Fall! It’s all much more complicated and I still can’t believe it.","Nein, auf keinen Fall! It’s all much more complicated and I still can’t believe it.",Nein; keinen; Fall,Chineses; Chineset; Czech; French; German; Italian; Korean; Polish; Portuguese; Russian; Spanish; Turkish; Ukrainian; Vietnamese
zada_cechmistr_gut_das_is_3QPA,10,"non-ASCII character(s) in English display | token(s) preserved across 3+ localized displays: kein, Problem, junger, Mann | preserved token(s) also present in English reference","Gut, das ist kein Problem. I’m glad you’re not throwing yourself into everything headfirst, junger Mann.","Gut, das ist kein Problem. I’m glad you’re not throwing yourself into everything headfirst, junger Mann.",kein; Problem; junger; Mann,Chineses; Chineset; Czech; French; German; Italian; Korean; Polish; Portuguese; Russian; Spanish; Turkish; Ukrainian
zada_cechmistr_tak_nejak__qlXL,10,"non-ASCII character(s) in English display | token(s) preserved across 3+ localized displays: Mehr, oder, weniger, Olbert | preserved token(s) also present in English reference","Mehr oder weniger. As the younger son, Olbert couldn’t inherit our father’s smithy, so he went his own way...","Mehr oder weniger. As the younger son, Olbert couldn’t inherit our father’s smithy, so he went his own way...",Mehr; oder; weniger; Olbert,Chineses; Chineset; Czech; French; German; Italian; Korean; Polish; Portuguese; Russian; Spanish; Turkish; Ukrainian; Vietnamese
zada_henry_jo_slavek_a_je_0gRV,9,"non-ASCII character(s) in English display | token(s) preserved across 3+ localized displays: Henry, Sedletz, Albich | preserved token(s) also present in English reference","I’m Henry. I’ve only just arrived in Sedletz, I’ve come as a protector of Master Albich.","I’m Henry. I’ve only just arrived in Sedletz, I’ve come as a protector of Master Albich.",Henry; Sedletz; Albich,French; German; Italian; Portuguese; Spanish; Turkish; Vietnamese
zada_hospodsky_hmm_co_se__Yaap,9,"non-ASCII character(s) in English display | English reference/display differ | token(s) preserved across 3+ localized displays: Schön, courage | preserved token(s) also present in English reference","Ach so, come back once you find the courage!","Schön, come back once you find die courage!",Schön; courage,Chineses; Chineset; Czech; French; German; Italian; Korean; Polish; Portuguese; Russian; Spanish; Turkish; Ukrainian
zada_hospodsky_slysel_jse_hJno,9,"non-ASCII character(s) in English display | English reference/display differ | token(s) preserved across 3+ localized displays: Sigismund, Geleitbrief | preserved token(s) also present in English reference",Those soldiers are guarding the road on orders from King Sigismund. They have some geleitbrief… a royal writ!,Those soldiers are guarding the road on orders from King Sigismund. They have some Geleitbrief… a safe conduct!,Sigismund; Geleitbrief,Chineses; Czech; French; German; Italian; Korean; Polish; Portuguese; Russian; Spanish; Turkish; Ukrainian; Vietnamese
zada_karel_zva_hele_ja_js_q8Oe,9,"non-ASCII character(s) in English display | English reference/display differ | token(s) preserved across 3+ localized displays: Karel, heheh | preserved token(s) also present in English reference","Look… I'm Karel, sometimes people call me Arrow. Because of what's in my head.","Look… I'm Karel, sometimes people call me Arrowhead. Damned if I know why, heheh!",Karel; heheh,Czech; French; German; Italian; Portuguese; Spanish; Turkish; Vietnamese
zada_kovar_tac_jde_o_ty_m_aFSL,10,"non-ASCII character(s) in English display | English reference/display differ | token(s) preserved across 3+ localized displays: Ventza, Franzi, Semine | preserved token(s) also present in English reference",It's about those two idiot hands of mine. Ventza and Franzi. They drove off with a cart full of equipment towards Semine and… they never came back.,It's about those two idiot hands of mine. Ventza and Franzi. They drove off with a cart full of goods towards Semine and… they never came back.,Ventza; Franzi; Semine,French; German; Italian; Portuguese; Spanish; Turkish; Vietnamese
zada_nikdo_nec_protoze_se_SjY3,10,"non-ASCII character(s) in English display | English reference/display differ | token(s) preserved across 3+ localized displays: muss, dich, enttäuschen | preserved token(s) also present in English reference","Nun, ich muss Sie enttäuschen. Nobody goes to the Barborský quarry anymore.","Nun, da muss ich dich enttäuschen. Nobody goes to the Barborský quarry anymore.",muss; dich; enttäuschen,Chineses; Chineset; Czech; French; German; Italian; Korean; Polish; Portuguese; Russian; Spanish; Turkish; Ukrainian
zada_nikdo_nec_to_netusim_kxFK,9,"non-ASCII character(s) in English display | English reference/display differ | token(s) preserved across 3+ localized displays: weiß, nicht | preserved token(s) also present in English reference","Ich weiß nicht. He just dropped everything, but why—you’ll have to ask him. Lives down by the old mill near Pách.","Ich weiß nicht. He just dropped everything, but why - you’ll have to ask him. Lives down by the old mill near Pách.",weiß; nicht,Chineses; Chineset; Czech; French; German; Italian; Korean; Polish; Portuguese; Russian; Spanish; Turkish; Ukrainian
zada_petr_z_pi_chtel_jsem_IRHW,9,"non-ASCII character(s) in English display | token(s) preserved across 3+ localized displays: Kuttenberg, Tarmark, Torwart | preserved token(s) also present in English reference","He lodged in the meantime in Kuttenberg, at the Tarmark with an apothecary. I think his name’s Torwart.","He lodged in the meantime in Kuttenberg, at the Tarmark with an apothecary. I think his name’s Torwart.",Kuttenberg; Tarmark; Torwart,Czech; French; German; Italian; Polish; Portuguese; Spanish; Turkish; Vietnamese
zada_svatava_utekli_jsme__nj5v,9,"non-ASCII character(s) in English display | English reference/display differ | token(s) preserved across 3+ localized displays: Mikush, Vendula | preserved token(s) also present in English reference","Mikush, Vendula, and me all escaped at the last moment. The others… weren't as lucky.","Mikush, Vendula and me all escaped at the last moment. The others… weren't so lucky.",Mikush; Vendula,French; German; Italian; Portuguese; Spanish; Turkish; Vietnamese
zaka_zakaznik___sejnem_da_O4sp,9,"non-ASCII character(s) in English display | English reference/display differ | token(s) preserved across 3+ localized displays: Scheinem, dank | preserved token(s) also present in English reference",...Schonem dank!,… Scheinem dank!,Scheinem; dank,Chineses; Chineset; Czech; French; German; Italian; Japanese; Korean; Polish; Portuguese; Russian; Spanish; Turkish; Ukrainian; Vietnamese
zaka_zakaznik__eh_schon_s_uapv,9,"non-ASCII character(s) in English display | English reference/display differ | token(s) preserved across 3+ localized displays: passt, schon | preserved token(s) also present in English reference","Eh, schon... schon.","Ach, passt schon …",passt; schon,Chineses; Chineset; Czech; French; German; Italian; Japanese; Korean; Polish; Portuguese; Russian; Spanish; Turkish; Ukrainian; Vietnamese
zaka_zakaznik__ein_groes__7MtT,9,"non-ASCII character(s) in English display | token(s) preserved across 3+ localized displays: großes, Bier, bitte | preserved token(s) also present in English reference",Ein großes Bier bitte!,Ein großes Bier bitte!,großes; Bier; bitte,Chineses; Chineset; Czech; French; German; Italian; Japanese; Korean; Polish; Portuguese; Russian; Spanish; Turkish; Ukrainian; Vietnamese
zaka_zakaznik__hallo_ich__ZCaI,9,"non-ASCII character(s) in English display | token(s) preserved across 3+ localized displays: Hallo, möchte, bestellen | preserved token(s) also present in English reference",Hallo! Ich möchte bestellen.,Hallo! Ich möchte bestellen.,Hallo; möchte; bestellen,Chineses; Chineset; Czech; French; German; Italian; Japanese; Korean; Polish; Portuguese; Russian; Spanish; Turkish; Ukrainian; Vietnamese
zaka_zakaznik__ich_hatte__O5hP,11,"non-ASCII character(s) in English display | English reference/display differ | token(s) preserved across 3+ localized displays: hätte, mein, Fleisch, gern, durchgebraten | preserved token(s) also present in English reference",Ich hätte mein Fleisch gern durch!,Ich hätte mein Fleisch gern durchgebraten!,hätte; mein; Fleisch; gern; durchgebraten,Chineses; Chineset; Czech; French; German; Italian; Japanese; Korean; Polish; Portuguese; Russian; Spanish; Turkish; Ukrainian; Vietnamese
zaka_zakaznik__ich_hatte__Q3Tg,9,"non-ASCII character(s) in English display | English reference/display differ | token(s) preserved across 3+ localized displays: hätte, gern | preserved token(s) also present in English reference",Ich hätte gern!,Ich hätte gern…,hätte; gern,Chineses; Chineset; Czech; French; German; Italian; Japanese; Korean; Polish; Portuguese; Russian; Spanish; Turkish; Ukrainian; Vietnamese
zaka_zakaznik__ich_hatte__YcbY,11,"non-ASCII character(s) in English display | English reference/display differ | token(s) preserved across 3+ localized displays: Davon, hätt, gern, noch, mehr, bitte | preserved token(s) also present in English reference","Ich hätte gern einen Nachschlag, bitte!","Davon hätt ich gern noch mehr, bitte!",Davon; hätt; gern; noch; mehr; bitte,Chineses; Chineset; Czech; French; German; Italian; Japanese; Korean; Polish; Portuguese; Russian; Spanish; Turkish; Ukrainian; Vietnamese
zaka_zakaznik__ja_ja_bier_zTTd,10,"non-ASCII character(s) in English display | English reference/display differ | token(s) preserved across 3+ localized displays: Bier, besser, Gold | preserved token(s) also present in English reference","Ja, ja... Bier ist besser als Gold.","Oh, ja … Bier ist besser als Gold.",Bier; besser; Gold,Chineses; Chineset; Czech; French; German; Italian; Japanese; Korean; Polish; Portuguese; Russian; Spanish; Turkish; Ukrainian; Vietnamese
zaka_zakaznik__ja_ja_jede_Ldw7,9,"non-ASCII character(s) in English display | English reference/display differ | token(s) preserved across 3+ localized displays: Jeden, dasselbe | preserved token(s) also present in English reference","Ja, ja, jeden Tag so.",Jeden Tag dasselbe …,Jeden; dasselbe,Chineses; Chineset; Czech; French; German; Italian; Japanese; Korean; Polish; Portuguese; Russian; Spanish; Turkish; Ukrainian; Vietnamese
zaka_zakaznik__mein_gott__DBlx,9,"non-ASCII character(s) in English display | token(s) preserved across 3+ localized displays: Mein, Gott, spät | preserved token(s) also present in English reference","Mein Gott, es ist spät!","Mein Gott, es ist spät!",Mein; Gott; spät,Chineses; Chineset; Czech; French; German; Italian; Japanese; Korean; Polish; Portuguese; Russian; Spanish; Turkish; Ukrainian; Vietnamese
zaka_zakaznik__was_fur_bi_pAWM,10,"non-ASCII character(s) in English display | English reference/display differ | token(s) preserved across 3+ localized displays: Bier, gibt’s, hier | preserved token(s) also present in English reference",Was für Bier haben Sie?,Was für Bier gibt’s hier?,Bier; gibt’s; hier,Chineses; Chineset; Czech; French; German; Italian; Japanese; Korean; Polish; Portuguese; Russian; Spanish; Turkish; Ukrainian; Vietnamese
zakl_hrac_fiat_voluntas_t_u3wt,11,"non-ASCII character(s) in English display | English reference/display differ | token(s) preserved across 3+ localized displays: Fiat, voluntas, sicut, cælo, terra | preserved token(s) also present in English reference","Fiat voluntas tua, sicut in cæloet in terra.","Fiat voluntas tua, sicut in cælo et in terra.",Fiat; voluntas; sicut; cælo; terra,Chineses; Chineset; Czech; French; German; Italian; Japanese; Korean; Polish; Portuguese; Russian; Spanish; Turkish; Ukrainian; Vietnamese
zakl_hrac_pater_noster_qu_BtkJ,10,"non-ASCII character(s) in English display | token(s) preserved across 3+ localized displays: Pater, noster, cælis, sanctificetur, nomen, tuum | preserved token(s) also present in English reference","Pater noster, qui es in cælis, sanctificetur nomen tuum.","Pater noster, qui es in cælis, sanctificetur nomen tuum.",Pater; noster; cælis; sanctificetur; nomen; tuum,Chineses; Chineset; Czech; French; German; Italian; Japanese; Korean; Polish; Portuguese; Russian; Spanish; Turkish; Ukrainian; Vietnamese
zasa_obet_reag_doprdele_v_hfTy,9,"non-ASCII character(s) in English display | token(s) preserved across 3+ localized displays: faszomba, honnan, jött | preserved token(s) also present in English reference","A faszomba, ez meg honnan jött?","A faszomba, ez meg honnan jött?",faszomba; honnan; jött,Chineses; Chineset; Czech; French; German; Italian; Japanese; Korean; Polish; Portuguese; Russian; Spanish; Turkish; Ukrainian; Vietnamese
zaty_henry_ja_tu_jdu_resi_H0g4,10,"non-ASCII character(s) in English display | English reference/display differ | token(s) preserved across 3+ localized displays: Suchotlesky, László, Farkas | preserved token(s) also present in English reference","Keep your hair on, damn it, I'm here on behalf of Lord Suchotlesky. He sent me to see Laszlo Farkas.","Keep your hair on, damn it! I'm here on behalf of Lord Suchotlesky. He sent me to see László Farkas.",Suchotlesky; László; Farkas,French; German; Italian; Portuguese; Spanish; Turkish; Vietnamese
zaty_henry_mam_jednani_se_5Eu4,11,"non-ASCII character(s) in English display | English reference/display differ | token(s) preserved across 3+ localized displays: Zavish, Garbow, László, Farkas | preserved token(s) also present in English reference",I have a meeting with Zawisch of Garbow and Laszlo Farkas.,I have a meeting with Zavish of Garbow and László Farkas.,Zavish; Garbow; László; Farkas,French; German; Italian; Portuguese; Spanish; Turkish; Vietnamese
zaty_henry_mam_se_stavit__Qhrq,11,"non-ASCII character(s) in English display | English reference/display differ | token(s) preserved across 3+ localized displays: László, Farkas, Zavish, Garbow, Miskowitz | preserved token(s) also present in English reference","I'm supposed to go and see Laszlo Farkas and Zawisch of Garbow, and I've come from the Miskovitz smithy as well!","I'm supposed to go and see László Farkas and Zavish of Garbow, and I've come from the Miskowitz smithy as well!",László; Farkas; Zavish; Garbow; Miskowitz,French; German; Italian; Portuguese; Spanish; Turkish; Vietnamese
zaty_henry_poslali_me_sem_Jdqq,10,"non-ASCII character(s) in English display | English reference/display differ | token(s) preserved across 3+ localized displays: Miskowitz, László, Farkas | preserved token(s) also present in English reference","I was sent from Miskovitz. Oh, and I have to talk to Laszlo Farkas as well!","I was sent from Miskowitz. Oh, and I have to talk to László Farkas as well!",Miskowitz; László; Farkas,French; German; Italian; Polish; Portuguese; Spanish; Turkish; Vietnamese
zave_henry_a_helyiek_feln_NgcY,10,"non-ASCII character(s) in English display | English reference/display differ | token(s) preserved across 3+ localized displays: helyiek, félnek, tőletek | preserved token(s) also present in English reference",A helyiek félnek Holttól.,A helyiek félnek tőletek.,helyiek; félnek; tőletek,Chineses; Chineset; Czech; French; German; Italian; Korean; Polish; Portuguese; Russian; Spanish; Turkish; Ukrainian; Vietnamese
zave_henry_azt_csinalom_a_XYD8,11,"non-ASCII character(s) in English display | English reference/display differ | token(s) preserved across 3+ localized displays: csinálok, amit, akarok, Egyszer, kéne, próbálnod | preserved token(s) also present in English reference","Azt csinálom, amit akarok. Valamikor ki kéne próbálni.","Azt csinálok, amit akarok. Egyszer ki kéne próbálnod.",csinálok; amit; akarok; Egyszer; kéne; próbálnod,Chineses; Chineset; Czech; French; German; Italian; Korean; Polish; Portuguese; Russian; Spanish; Turkish; Ukrainian; Vietnamese
zave_henry_kulonben_rossz_XV31,10,"non-ASCII character(s) in English display | English reference/display differ | token(s) preserved across 3+ localized displays: Különben, rosszul, folytatódna | preserved token(s) also present in English reference",Különben rossznak kellene lennie.,Különben rosszul folytatódna.,Különben; rosszul; folytatódna,Chineses; Chineset; Czech; French; German; Italian; Korean; Polish; Portuguese; Russian; Spanish; Turkish; Ukrainian; Vietnamese
zave_henry_no_dobre_ale_c_TRtH,9,"non-ASCII character(s) in English display | token(s) preserved across 3+ localized displays: Istvan, Bergow, Nebakov | preserved token(s) also present in English reference",Why did Istvan let you ambush von Bergow instead of telling him you were at Nebakov? If he's on his side…,Why did Istvan let you ambush von Bergow instead of telling him you were at Nebakov? If he's on his side…,Istvan; Bergow; Nebakov,French; German; Italian; Polish; Portuguese; Spanish; Turkish; Vietnamese
zave_henry_szornyu_dolgok_PyHC,11,"non-ASCII character(s) in English display | English reference/display differ | token(s) preserved across 3+ localized displays: Szörnyű, dolgokat, mondanak, rólatok | preserved token(s) also present in English reference",Szörnyű dolgokat mondanak rólad.,Szörnyű dolgokat mondanak rólatok.,Szörnyű; dolgokat; mondanak; rólatok,Chineses; Chineset; Czech; French; German; Italian; Korean; Polish; Portuguese; Russian; Spanish; Turkish; Ukrainian; Vietnamese
zave_henry_te_magad_is_or_dz55,9,"non-ASCII character(s) in English display | English reference/display differ | token(s) preserved across 3+ localized displays: vagy, őrült | preserved token(s) also present in English reference",Te magad is őrült vagy!,Te vagy az őrült!,vagy; őrült,Chineses; Chineset; Czech; French; German; Italian; Korean; Polish; Portuguese; Russian; Spanish; Turkish; Ukrainian; Vietnamese
zave_henry_tevedsz_csehul_CRpX,10,"non-ASCII character(s) in English display | English reference/display differ | token(s) preserved across 3+ localized displays: Tévedsz, beszélsz, csehül | preserved token(s) also present in English reference",Tévedsz... Csehül beszélsz!,Tévedsz... Te beszélsz csehül!,Tévedsz; beszélsz; csehül,Chineses; Chineset; Czech; French; German; Italian; Korean; Polish; Portuguese; Russian; Spanish; Turkish; Ukrainian; Vietnamese
zave_kristian__chudak_mas_7VCD,9,"non-ASCII character(s) in English display | English reference/display differ | token(s) preserved across 3+ localized displays: Fett, Hermann | preserved token(s) also present in English reference",Poor Fett… And Hermann disappeared to God knows where…,Poor Fett… And Hermann disappeared to God knows where.,Fett; Hermann,French; German; Italian; Polish; Portuguese; Spanish; Turkish; Vietnamese
zave_ptacek_napadl_si_moj_vzzZ,9,"non-ASCII character(s) in English display | English reference/display differ | token(s) preserved across 3+ localized displays: Toth, Sasau | preserved token(s) also present in English reference","So just like what Toth was doing in Sasau in Sigismund's, or perhaps even von Bergow's service?",So you were doing the same as Toth was doing in Sasau in Sigismund's service… or maybe even von Bergow's?,Toth; Sasau,French; German; Italian; Polish; Portuguese; Spanish; Turkish; Vietnamese
zave_vasko_ale_co_uz_kazd_Rixj,9,"non-ASCII character(s) in English display | English reference/display differ | token(s) preserved across 3+ localized displays: pokolba, vele | preserved token(s) also present in English reference",!P A pokolba vele! All fun comes with price…,A pokolba vele! All fun comes with price…,pokolba; vele,Chineses; Chineset; Czech; French; German; Italian; Korean; Polish; Portuguese; Russian; Spanish; Turkish; Ukrainian; Vietnamese
zave_vasko_ale_naopak_ty__fZe0,9,"non-ASCII character(s) in English display | English reference/display differ | token(s) preserved across 3+ localized displays: barátok, Kiskunfélegyházban | preserved token(s) also present in English reference","But you, barátok, you are always welcome! Come see me some day in Kiskunfélegyháza.","But you, barátok, you are always welcome! Come see me some day in Kiskunfélegyházban.",barátok; Kiskunfélegyházban,Chineses; Chineset; French; German; Italian; Korean; Polish; Portuguese; Russian; Spanish; Turkish; Ukrainian; Vietnamese
zave_vasko_kurva_jindro_b_TCYq,9,"non-ASCII character(s) in English display | English reference/display differ | token(s) preserved across 3+ localized displays: francba, Henry | preserved token(s) also present in English reference","Fuck, Henry, you puke on my boots!","Ó, a francba! Henry, you puke on my boots!",francba; Henry,Chineses; Czech; French; German; Italian; Polish; Portuguese; Russian; Spanish; Turkish; Ukrainian; Vietnamese
zave_vasko_latott_valami__7ySK,10,"non-ASCII character(s) in English display | English reference/display differ | token(s) preserved across 3+ localized displays: Megdugtad, lányt, Skalitz, kocsmában",Dugtál akkoriban lányokat Skalicában?,Megdugtad a lányt a Skalitz kocsmában?,Megdugtad; lányt; Skalitz; kocsmában,Chineses; Chineset; Czech; German; Italian; Korean; Polish; Portuguese; Russian; Spanish; Turkish; Ukrainian; Vietnamese
zave_vasko_most_le_kellen_AWD8,9,"non-ASCII character(s) in English display | English reference/display differ | token(s) preserved across 3+ localized displays: Inkább, menjünk, aludni",!P Most le kellene feküdnünk…,Inkább menjünk aludni!,Inkább; menjünk; aludni,Chineses; Chineset; Czech; French; German; Italian; Korean; Polish; Portuguese; Russian; Spanish; Turkish; Ukrainian; Vietnamese
zave_vasko_nejak_se_zivit_dfYb,9,"non-ASCII character(s) in English display | token(s) preserved across 3+ localized displays: Baszd, összes, királyt | preserved token(s) also present in English reference",Baszd meg az összes királyt!,Baszd meg az összes királyt!,Baszd; összes; királyt,Chineses; Chineset; Czech; French; German; Italian; Korean; Polish; Portuguese; Russian; Spanish; Turkish; Ukrainian; Vietnamese
zave_vasko_sakra_uz_o_tom_596m,10,"non-ASCII character(s) in English display | English reference/display differ | token(s) preserved across 3+ localized displays: Sakra, hányni, fogok | preserved token(s) also present in English reference","Sakra, that's enough or Mindjárt hányok! I should not give you so much drink..","Sakra, that's enough én is hányni fogok! I should not give you so much drink.",Sakra; hányni; fogok,Chineses; Chineset; Czech; French; German; Italian; Korean; Polish; Portuguese; Russian; Spanish; Turkish; Ukrainian; Vietnamese
zave_vasko_teda_ty_ses_ta_HjqO,9,"non-ASCII character(s) in English display | token(s) preserved across 3+ localized displays: nagy, disznó, vagy | preserved token(s) also present in English reference","Hű, de nagy disznó vagy! You should not drink that…","Hű, de nagy disznó vagy! You should not drink that…",nagy; disznó; vagy,Chineses; Chineset; Czech; French; German; Italian; Korean; Polish; Portuguese; Russian; Spanish; Turkish; Ukrainian; Vietnamese
zave_vasko_tudni_akar_mag_uSwx,11,"non-ASCII character(s) in English display | English reference/display differ | token(s) preserved across 3+ localized displays: Tudni, akar, valamit, Magyarországról | preserved token(s) also present in English reference",!P Tudni akar Magyarországról.,Tudni akar valamit Magyarországról.,Tudni; akar; valamit; Magyarországról,Chineses; Chineset; Czech; French; German; Italian; Korean; Polish; Portuguese; Russian; Spanish; Turkish; Ukrainian; Vietnamese
zave_vasko_vsechna_cest_m_9Apc,11,"non-ASCII character(s) in English display | English reference/display differ | token(s) preserved across 3+ localized displays: Minden, tiéd, hittem, utolsót, kezelni | preserved token(s) also present in English reference","Minden tiszteletem a tiéd! Azt hittem, az utolsót nem tudtad kezelni.","Minden tisztelem a tiéd! Azt hittem, az utolsót nem tudod kezelni.",Minden; tiéd; hittem; utolsót; kezelni,Chineses; Chineset; Czech; French; German; Italian; Korean; Polish; Portuguese; Russian; Spanish; Turkish; Ukrainian; Vietnamese
zave_vasko_zabit_zenskou__XYQh,10,"non-ASCII character(s) in English display | English reference/display differ | token(s) preserved across 3+ localized displays: Kurva, élet, Sajnálom | preserved token(s) also present in English reference","!P I'm sorry… Bassza meg, sajnálom. Bízz.",I'm sorry… Kurva élet. Sajnálom.,Kurva; élet; Sajnálom,Chineses; Chineset; Czech; French; German; Italian; Korean; Polish; Portuguese; Russian; Spanish; Turkish; Ukrainian; Vietnamese
zavi_zavis_z_g_idz_sie_pi_zc8z,9,"non-ASCII character(s) in English display | English reference/display differ | token(s) preserved across 3+ localized displays: pieprzyć, zasrańcu | preserved token(s) also present in English reference","Spieprzaj, ty zasrańcu...","Idź się pieprzyć, ty zasrańcu…!",pieprzyć; zasrańcu,Czech; French; German; Italian; Japanese; Korean; Polish; Portuguese; Russian; Spanish; Turkish; Ukrainian; Vietnamese
zbor_cechmistr_jednou_jsm_s8Co,9,"non-ASCII character(s) in English display | English reference/display differ | token(s) preserved across 3+ localized displays: Bylany, Martin | preserved token(s) also present in English reference","Once we went out to a dance in Bylan, and Martin took a shine to some girl there. Farmer’s daughter.","Hmm… once we went out to a dance in Bylany, and Martin took a shine to some girl there. A farmer’s daughter.",Bylany; Martin,French; German; Italian; Portuguese; Spanish; Turkish; Vietnamese
zbor_cechmistr_nebohej_ce_0YPW,10,"non-ASCII character(s) in English display | English reference/display differ | token(s) preserved across 3+ localized displays: Hollander, Shkoda, Martin | preserved token(s) also present in English reference","Poor old Guildmaster Hollander… he couldn’t stand Škoda, and he couldn’t stand Martin either.","Poor old Guildmaster Hollander… he couldn’t stand Shkoda, and he couldn’t stand Martin either.",Hollander; Shkoda; Martin,Czech; French; German; Italian; Polish; Portuguese; Spanish; Turkish; Vietnamese
zena_hospodska_ja_naturli_M9br,10,"non-ASCII character(s) in English display | English reference/display differ | token(s) preserved across 3+ localized displays: natürlich, mein, Herr | preserved token(s) also present in English reference","!P Ja, natürlich mein Herr.","Ja, natürlich mein Herr.",natürlich; mein; Herr,Chineses; Chineset; Czech; French; German; Italian; Japanese; Korean; Polish; Portuguese; Russian; Spanish; Turkish; Ukrainian; Vietnamese
zena_zena_pron_rada_sem_t_HzBg,11,"non-ASCII character(s) in English display | English reference/display differ | token(s) preserved across 3+ localized displays: Dankeschön, gute, Nacht, mein, Herr | preserved token(s) also present in English reference","!P Danke schön und gute Nacht, mein Herr.","Dankeschön und gute Nacht, mein Herr.",Dankeschön; gute; Nacht; mein; Herr,Chineses; Chineset; Czech; French; German; Italian; Japanese; Korean; Polish; Portuguese; Russian; Spanish; Turkish; Ukrainian; Vietnamese
zena_zena_pron_rada_ti_po_HLKp,9,"non-ASCII character(s) in English display | English reference/display differ | token(s) preserved across 3+ localized displays: Vielleicht, könnten | preserved token(s) also present in English reference",!P Vielleicht könnten wir das...,Vielleicht könnten wir das …,Vielleicht; könnten,Chineses; Chineset; Czech; French; German; Italian; Japanese; Korean; Polish; Portuguese; Russian; Spanish; Turkish; Ukrainian; Vietnamese
zena_zena_pron_wie_ich_be_bGbB,10,"non-ASCII character(s) in English display | English reference/display differ | token(s) preserved across 3+ localized displays: Danke, bereits, sagte | preserved token(s) also present in English reference",!P Danke. Wie ich bereits sagte...,Danke. Wie ich bereits sagte …,Danke; bereits; sagte,Chineses; Chineset; Czech; French; German; Italian; Japanese; Korean; Polish; Portuguese; Russian; Spanish; Turkish; Ukrainian; Vietnamese
zena_zena_pron_wir_sind_b_E33a,10,"non-ASCII character(s) in English display | English reference/display differ | token(s) preserved across 3+ localized displays: sind, bereit, Heinrich | preserved token(s) also present in English reference",!P Gut. Wir sind bereit Heinrich...,"Gut. Wir sind bereit, Heinrich …",sind; bereit; Heinrich,Chineses; Chineset; Czech; French; German; Italian; Japanese; Korean; Polish; Portuguese; Russian; Spanish; Turkish; Ukrainian; Vietnamese
zena_zena_pron_wir_sind_b_aeOU,9,"non-ASCII character(s) in English display | English reference/display differ | token(s) preserved across 3+ localized displays: sind, bereit | preserved token(s) also present in English reference",!P Gut. Wir sind bereit...,Gut. Wir sind bereit …,sind; bereit,Chineses; Chineset; Czech; French; German; Italian; Japanese; Korean; Polish; Portuguese; Russian; Spanish; Turkish; Ukrainian; Vietnamese
zide_bohuta_pl_jindru_si__VUqO,10,"non-ASCII character(s) in English display | token(s) preserved across 3+ localized displays: Henry, Skalitz, Radzig, Kobyla | preserved token(s) also present in English reference","He took in Henry and raised him as his own on the orders of the Lord of Skalitz, Sir Radzig Kobyla…","He took in Henry and raised him as his own on the orders of the Lord of Skalitz, Sir Radzig Kobyla…",Henry; Skalitz; Radzig; Kobyla,French; German; Italian; Portuguese; Spanish; Turkish; Vietnamese
zide_samuel_rikas_jindric_NBIl,9,"non-ASCII character(s) in English display | token(s) preserved across 3+ localized displays: Henry, Radzig, Kobyla | preserved token(s) also present in English reference",Henry? That… messenger of Radzig Kobyla?,Henry? That… messenger of Radzig Kobyla?,Henry; Radzig; Kobyla,French; German; Italian; Portuguese; Spanish; Turkish; Vietnamese
zikm_musa_z_ma_tudsz_besz_pZiB,9,"non-ASCII character(s) in English display | token(s) preserved across 3+ localized displays: Tudsz, beszélni, csinálta | preserved token(s) also present in English reference",Tudsz beszélni? Ki csinálta ezt?,Tudsz beszélni? Ki csinálta ezt?,Tudsz; beszélni; csinálta,Chineses; Chineset; Czech; French; German; Italian; Korean; Polish; Portuguese; Russian; Spanish; Turkish; Ukrainian; Vietnamese
zizk_kubenka_xx_m6ug,9,"non-ASCII character(s) in English display | token(s) preserved across 3+ localized displays: Hehe, Sehr, schön | preserved token(s) also present in English reference",Hehe! Sehr schön!,Hehe! Sehr schön!,Hehe; Sehr; schön,Chineses; Chineset; Czech; French; German; Italian; Japanese; Korean; Polish; Portuguese; Russian; Spanish; Turkish; Ukrainian; Vietnamese
zjed_npc_zdrav_gegruet_se_dfkr,10,"non-ASCII character(s) in English display | English reference/display differ | token(s) preserved across 3+ localized displays: Gegrüsset, seist, Maria | preserved token(s) also present in English reference",Gegrüßet seist du Maria!,"Gegrüsset seist du, Maria!",Gegrüsset; seist; Maria,Chineses; Chineset; Czech; French; German; Italian; Japanese; Korean; Polish; Portuguese; Russian; Spanish; Turkish; Ukrainian; Vietnamese
zjed_npc_zdrav_gru_dich_tlgF,9,"non-ASCII character(s) in English display | English reference/display differ | token(s) preserved across 3+ localized displays: Grüss, Dich | preserved token(s) also present in English reference",Grüß Dich!,Grüss Dich!,Grüss; Dich,Chineses; Chineset; Czech; French; German; Italian; Japanese; Korean; Polish; Portuguese; Russian; Spanish; Turkish; Ukrainian; Vietnamese
zpat_henry_nemyslel_jsem__EScJ,9,"non-ASCII character(s) in English display | token(s) preserved across 3+ localized displays: Jaroslav, Blazhena, Ernest | preserved token(s) also present in English reference",I didn’t mean they were all together at the same time. Just that both Jaroslav and Blazhena had encounters with Ernest.,I didn’t mean they were all together at the same time. Just that both Jaroslav and Blazhena had encounters with Ernest.,Jaroslav; Blazhena; Ernest,Czech; French; German; Italian; Portuguese; Spanish; Turkish; Vietnamese
zpat_henry_zjistil_jsem_joqy,9,"non-ASCII character(s) in English display | token(s) preserved across 3+ localized displays: Jaroslav, Ernest, Blazhena | preserved token(s) also present in English reference",I’ve found out that Brother Jaroslav was meeting with Ernest. And with Blazhena too.,I’ve found out that Brother Jaroslav was meeting with Ernest. And with Blazhena too.,Jaroslav; Ernest; Blazhena,Czech; French; German; Italian; Portuguese; Spanish; Turkish; Vietnamese
zpat_henry_zjistil_jsem_z_RZRl,9,"non-ASCII character(s) in English display | token(s) preserved across 3+ localized displays: Ernest, Jaroslav, Blazhena | preserved token(s) also present in English reference","I found out that Ernest, Jaroslav and Blazhena were meeting regularly. There’s a secret copying workshop in the cellar.","I found out that Ernest, Jaroslav and Blazhena were meeting regularly. There’s a secret copying workshop in the cellar.",Ernest; Jaroslav; Blazhena,Czech; French; German; Italian; Polish; Portuguese; Spanish; Turkish; Vietnamese
zpat_opat_jan___tak_by_se_mBds,9,"non-ASCII character(s) in English display | token(s) preserved across 3+ localized displays: Cellarius, Julian, Ernest | preserved token(s) also present in English reference",…she’d have only met Cellarius Julian. Certainly not Ernest!,…she’d have only met Cellarius Julian. Certainly not Ernest!,Cellarius; Julian; Ernest,French; German; Italian; Portuguese; Turkish; Vietnamese
