localization_key,classification,revised_score,score,preserved_tokens,classification_notes,Chineses_reference,Chineses_display,Chineset_reference,Chineset_display,Czech_reference,Czech_display,English_reference,English_display,French_reference,French_display,German_reference,German_display,Italian_reference,Italian_display,Japanese_reference,Japanese_display,Korean_reference,Korean_display,Polish_reference,Polish_display,Portuguese_reference,Portuguese_display,Russian_reference,Russian_display,Spanish_reference,Spanish_display,Turkish_reference,Turkish_display,Ukrainian_reference,Ukrainian_display,Vietnamese_reference,Vietnamese_display,review_source_language,review_verified_meaning,review_line_type,review_status,review_notes
gree_pozdrav_m_gru_gott_w_GE69,likely_foreign_phrase,18,11,Grüß; Gott; brauchst; mein; Freund,"foreign-lexicon hit(s): Gott, mein, Freund | multiple preserved tokens | foreign lexicon visible in English display: freund, gott, mein","Grüß Gott! Was brauchst du, mein Freund?","Grüß Gott! Was brauchst du, mein Freund?","Grüß Gott! Was brauchst du, mein Freund?","Grüß Gott! Was brauchst du, mein Freund?","Grüß Gott! Was du brauchst, mein Freund?","Grüß Gott! Was brauchst du, mein Freund?","Grüß Gott! Was du brauchst, mein Freund?","Grüß Gott! Was brauchst du, mein Freund?","Grüß Gott! Was brauchst du, mein Freund?","Grüß Gott ! Was brauchst du, mein Freund ?","Grüß Gott! Was brauchst du, mein Freund?","*Grüß Gott! Was brauchst du, mein Freund?*","Grüß Gott! Was brauchst du, mein Freund?","Grüß Gott! Was brauchst du, mein Freund?","Grüß Gott! Was brauchst du, mein Freund?","Grüß Gott! Was brauchst du, mein Freund?","Grüß Gott! Was brauchst du, mein Freund?","Grüß Gott! Was brauchst du, mein Freund?","Grüß Gott! Was brauchst du, mein Freund?","Grüß Gott! Was brauchst du, mein Freund?","Grüß Gott! Was brauchst du, mein Freund?","Grüß Gott! Was brauchst du, mein Freund?","Grüß Gott! Was brauchst du, mein Freund?","Grüß Gott! Was brauchst du, mein Freund?","Grüß Gott! Was brauchst du, mein Freund?","¡Grüß Gott! ¿Was brauchst du, mein Freund?","Grüß Gott! Was brauchst du, mein Freund?","Grüß Gott! Was brauchst du, mein Freund?","Grüß Gott! Was brauchst du, mein Freund?","Grüß Gott! Was brauchst du, mein Freund?","Grüß Gott! Was brauchst du, mein Freund?","Grüß Gott! Was brauchst du, mein Freund?",,,,,
gree_pozdrav_m_gru_gott_w_HOdz,likely_foreign_phrase,18,11,Grüß; Gott; brauchst; mein; Herr,"foreign-lexicon hit(s): Gott, mein, Herr | multiple preserved tokens | foreign lexicon visible in English display: gott, herr, mein","Grüß Gott! Was brauchst du, mein Herr?","Grüß Gott! Was brauchst du, mein Herr?","Grüß Gott! Was brauchst du, mein Herr?","Grüß Gott! Was brauchst du, mein Herr?","Grüß Gott! Was du brauchst, mein Herr?","Grüß Gott! Was brauchst du, mein Herr?","Grüß Gott! Was du brauchst, mein Herr?","Grüß Gott! Was brauchst du, mein Herr?","Grüß Gott! Was brauchst du, mein Herr?","Grüß Gott! Was brauchst du, mein Herr?","Grüß Gott! Was brauchst du, mein Herr?","Grüß Gott! Was brauchst du, mein Herr?","Grüß Gott! Was brauchst du, mein Herr?","Grüß Gott! Was brauchst du, mein Herr?","Grüß Gott! Was brauchst du, mein Herr?","Grüß Gott! Was brauchst du, mein Herr?","Grüß Gott! Was brauchst du, mein Herr?","Grüß Gott! Was brauchst du, mein Herr?","Grüß Gott! Was brauchst du, mein Herr?","Grüß Gott! Was brauchst du, mein Herr?","Grüß Gott! Was brauchst du, mein Herr?","Grüß Gott! Was brauchst du, mein Herr?","Grüß Gott! Was brauchst du, mein Herr?","Grüß Gott! Was brauchst du, mein Herr?","Grüß Gott! Was brauchst du, mein Herr?","¡Grüß Gott! ¿Was brauchst du, mein Herr?","Grüß Gott! Was brauchst du, mein Herr?","Grüß Gott! Was brauchst du, mein Herr?","Grüß Gott! Was brauchst du, mein Herr?","Grüß Gott! Was brauchst du, mein Herr?","Grüß Gott! Was brauchst du, mein Herr?","Grüß Gott! Was brauchst du, mein Herr?",,,,,
gree_pozdrav_n_mein_freun_CF1i,likely_foreign_phrase,18,11,Mein; Freund; Trunkenheit; eine; Sünde; Übertreibe; nicht,"foreign-lexicon hit(s): Mein, Freund, nicht | multiple preserved tokens | foreign lexicon visible in English display: freund, mein, nicht","Mein Freund, Trunkenheit ist eine Sünde. Übertreibe es nicht!","Mein Freund, Trunkenheit ist eine Sünde. Übertreibe es nicht!","Mein Freund, Trunkenheit ist eine Sünde. Übertreibe es nicht!","Mein Freund, Trunkenheit ist eine Sünde. Übertreibe es nicht!","Mein Freund, Trunkenheit ist eine Sünde. Übertreibe es nicht!","Mein Freund, Trunkenheit ist eine Sünde. Übertreibe es nicht!","!P Mein Freund, Trunkenheit ist eine Sünde. Übertreibe es nicht!","Mein Freund, Trunkenheit ist eine Sünde. Übertreibe es nicht!","Mein Freund, Trunkenheit ist eine Sünde. Übertreibe es nicht!","Mein Freund, Trunkenheit ist eine Sünde. Übertreibe es nicht!","Mein Freund, Trunkenheit ist eine Sünde. Übertreibe es nicht!","Mein Freund, Trunkenheit ist eine Sünde. Übertreibe es nicht!","Mein Freund, Trunkenheit ist eine Sünde. Übertreibe es nicht!","Mein Freund, Trunkenheit ist eine Sünde. Übertreibe es nicht!","Mein Freund, Trunkenheit ist eine Sünde. Übertreibe es nicht!","Mein Freund, Trunkenheit ist eine Sünde. Übertreibe es nicht!","Mein Freund, Trunkenheit ist eine Sünde. Übertreibe es nicht!","Mein Freund, Trunkenheit ist eine Sünde. Übertreibe es nicht!","Mein Freund, Trunkenheit ist eine Sünde. Übertreibe es nicht!","Mein Freund, Trunkenheit ist eine Sünde. Übertreibe es nicht!","Mein Freund, Trunkenheit ist eine Sünde. Übertreibe es nicht!","Mein Freund, Trunkenheit ist eine Sünde. Übertreibe es nicht!","Mein Freund, Trunkenheit ist eine Sünde. Übertreibe es nicht!","Mein Freund, Trunkenheit ist eine Sünde. Übertreibe es nicht!","Mein Freund, Trunkenheit ist eine Sünde. Übertreibe es nicht!","Mein Freund, Trunkenheit ist eine Sünde. ¡Übertreibe es nicht!","Mein Freund, Trunkenheit ist eine Sünde. Übertreibe es nicht!","Mein Freund, Trunkenheit ist eine Sünde. Übertreibe es nicht!","Mein Freund, Trunkenheit ist eine Sünde. Übertreibe es nicht!","Mein Freund, Trunkenheit ist eine Sünde. Übertreibe es nicht!","Mein Freund, Trunkenheit ist eine Sünde. Übertreibe es nicht!","Mein Freund, Trunkenheit ist eine Sünde. Übertreibe es nicht!",,,,,
gree_pozdrav_n_mein_freun_dt9W,likely_foreign_phrase,18,11,Mein; Freund; Trunkenheit; eine; Sünde; Übertreibe; nicht,"foreign-lexicon hit(s): Mein, Freund, nicht | multiple preserved tokens | foreign lexicon visible in English display: freund, mein, nicht","Mein Freund, Trunkenheit ist eine Sünde. Übertreibe es nicht!","Mein Freund, Trunkenheit ist eine Sünde. Übertreibe es nicht!","Mein Freund, Trunkenheit ist eine Sünde. Übertreibe es nicht!","Mein Freund, Trunkenheit ist eine Sünde. Übertreibe es nicht!","Mein Freund, Trunkenheit ist eine Sünde. Übertreibe es nicht!","Mein Freund, Trunkenheit ist eine Sünde. Übertreibe es nicht!","!P Mein Freund, Trunkenheit ist eine Sünde. Übertreibe es nicht!","Mein Freund, Trunkenheit ist eine Sünde. Übertreibe es nicht!","Mein Freund, Trunkenheit ist eine Sünde. Übertreibe es nicht!","Mein Freund, Trunkenheit ist eine Sünde. Übertreibe es nicht!","Mein Freund, Trunkenheit ist eine Sünde. Übertreibe es nicht!","Mein Freund, Trunkenheit ist eine Sünde. Übertreibe es nicht!","Mein Freund, Trunkenheit ist eine Sünde. Übertreibe es nicht!","Mein Freund, Trunkenheit ist eine Sünde. Übertreibe es nicht!","Mein Freund, Trunkenheit ist eine Sünde. Übertreibe es nicht!","Mein Freund, Trunkenheit ist eine Sünde. Übertreibe es nicht!","Mein Freund, Trunkenheit ist eine Sünde. Übertreibe es nicht!","Mein Freund, Trunkenheit ist eine Sünde. Übertreibe es nicht!","Mein Freund, Trunkenheit ist eine Sünde. Übertreibe es nicht!","Mein Freund, Trunkenheit ist eine Sünde. Übertreibe es nicht!","Mein Freund, Trunkenheit ist eine Sünde. Übertreibe es nicht!","Mein Freund, Trunkenheit ist eine Sünde. Übertreibe es nicht!","Mein Freund, Trunkenheit ist eine Sünde. Übertreibe es nicht!","Mein Freund, Trunkenheit ist eine Sünde. Übertreibe es nicht!","Mein Freund, Trunkenheit ist eine Sünde. Übertreibe es nicht!","Mein Freund, Trunkenheit ist eine Sünde. ¡Übertreibe es nicht!","Mein Freund, Trunkenheit ist eine Sünde. Übertreibe es nicht!","Mein Freund, Trunkenheit ist eine Sünde. Übertreibe es nicht!","Mein Freund, Trunkenheit ist eine Sünde. Übertreibe es nicht!","Mein Freund, Trunkenheit ist eine Sünde. Übertreibe es nicht!","Mein Freund, Trunkenheit ist eine Sünde. Übertreibe es nicht!","Mein Freund, Trunkenheit ist eine Sünde. Übertreibe es nicht!",,,,,
gree_pozdrav_z_gru_dich_w_oouZ,likely_foreign_phrase,18,11,Grüß; dich; kann; helfen; mein; Freund,"foreign-lexicon hit(s): dich, mein, Freund | multiple preserved tokens | foreign lexicon visible in English display: dich, freund, mein","Grüß dich! Wie kann ich dir helfen, mein Freund?","Grüß dich! Wie kann ich dir helfen, mein Freund?","Grüß dich! Wie kann ich dir helfen, mein Freund?","Grüß dich! Wie kann ich dir helfen, mein Freund?","Grüß dich! Wie kann ich dir helfen, mein Freund?","Grüß dich! Wie kann ich dir helfen, mein Freund?","!P Grüß dich! Wie kann ich dir helfen, mein Freund?","Grüß dich! Wie kann ich dir helfen, mein Freund?","Grüß dich! Wie kann ich dir helfen, mein Freund?","Grüß dich! Wie kann ich dir helfen, mein Freund?","Grüß dich! Wie kann ich dir helfen, mein Freund?","Grüß dich! Wie kann ich dir helfen, mein Freund?","Grüß dich! Wie kann ich dir helfen, mein Freund?","Grüß dich! Wie kann ich dir helfen, mein Freund?","Grüß dich! Wie kann ich dir helfen, mein Freund?",どうも！  何か力になれることはある？,"Grüß dich! Wie kann ich dir helfen, mein Freund?","Grüß dich! Wie kann ich dir helfen, mein Freund?","Grüß dich! Wie kann ich dir helfen, mein Freund?","Grüß dich! Wie kann ich dir helfen, mein Freund?","Grüß dich! Wie kann ich dir helfen, mein Freund?","Grüß dich! Wie kann ich dir helfen, mein Freund?","Grüß dich! Wie kann ich dir helfen, mein Freund?","Grüß dich! Wie kann ich dir helfen, mein Freund?","Grüß dich! Wie kann ich dir helfen, mein Freund?","¡Grüß dich! ¿Wie kann ich dir helfen, mein Freund?","Grüß dich! Wie kann ich dir helfen, mein Freund?","Grüß dich! Wie kann ich dir helfen, mein Freund?","Grüß dich! Wie kann ich dir helfen, mein Freund?","Grüß dich! Wie kann ich dir helfen, mein Freund?","Grüß dich! Wie kann ich dir helfen, mein Freund?","Grüß dich! Wie kann ich dir helfen, mein Freund?",,,,,
gree_pozdrav_z_gru_gott_w_1JKA,likely_foreign_phrase,18,11,Grüß; Gott; brauchst; mein; Freund,"foreign-lexicon hit(s): Gott, mein, Freund | multiple preserved tokens | foreign lexicon visible in English display: freund, gott, mein","Grüß Gott! Was brauchst du, mein Freund?","Grüß Gott! Was brauchst du, mein Freund?","Grüß Gott! Was brauchst du, mein Freund?","Grüß Gott! Was brauchst du, mein Freund?","Grüß Gott! Was du brauchst, mein Freund?","Grüß Gott! Was brauchst du, mein Freund?","!P Grüß Gott! Was du brauchst, mein Freund?","Grüß Gott! Was brauchst du, mein Freund?","Grüß Gott! Was brauchst du, mein Freund?","Grüß Gott! Was brauchst du, mein Freund?","Grüß Gott! Was brauchst du, mein Freund?","Grüß Gott! Was brauchst du, mein Freund?","Grüß Gott! Was brauchst du, mein Freund?","Grüß Gott! Was brauchst du, mein Freund?","Grüß Gott! Was brauchst du, mein Freund?","Grüß Gott! Was brauchst du, mein Freund?","Grüß Gott! Was brauchst du, mein Freund?","Grüß Gott! Was brauchst du, mein Freund?","Grüß Gott! Was brauchst du, mein Freund?","Grüß Gott! Was brauchst du, mein Freund?","Grüß Gott! Was brauchst du, mein Freund?","Grüß Gott! Was brauchst du, mein Freund?","Grüß Gott! Was brauchst du, mein Freund?","Grüß Gott! Was brauchst du, mein Freund?","Grüß Gott! Was brauchst du, mein Freund?","¡Grüß Gott! ¿Was brauchst du, mein Freund?","Grüß Gott! Was brauchst du, mein Freund?","Grüß Gott! Was brauchst du, mein Freund?","Grüß Gott! Was brauchst du, mein Freund?","Grüß Gott! Was brauchst du, mein Freund?","Grüß Gott! Was brauchst du, mein Freund?","Grüß Gott! Was brauchst du, mein Freund?",,,,,
gree_pozdrav_z_gru_gott_w_FxYm,likely_foreign_phrase,18,11,Grüß; Gott; brauchen; mein; Herr,"foreign-lexicon hit(s): Gott, mein, Herr | multiple preserved tokens | foreign lexicon visible in English display: gott, herr, mein","Grüß Gott! Was brauchen Sie, mein Herr?","Grüß Gott! Was brauchen Sie, mein Herr?","Grüß Gott! Was brauchen Sie, mein Herr?","Grüß Gott! Was du brauchst, mein Herr?","Grüß Gott! Was du brauchst, mein Herr?","Grüß Gott! Was brauchen Sie, mein Herr?","!P Grüß Gott! Was du brauchst, mein Herr?","Grüß Gott! Was brauchen Sie, mein Herr?","Grüß Gott! Was brauchen Sie, mein Herr?","Grüß Gott ! Was brauchen Sie, mein Herr ?","Grüß Gott! Was brauchen Sie, mein Herr?","Grüß Gott! Was du brauchst, mein Herr?","Grüß Gott! Was brauchen Sie, mein Herr?","Grüß Gott! Was brauchen Sie, mein Herr?","Grüß Gott! Was brauchen Sie, mein Herr?","Grüß Gott! Was brauchen Sie, mein Herr?","Grüß Gott! Was brauchen Sie, mein Herr?","Grüß Gott! Was brauchen Sie, mein Herr?","Grüß Gott! Was brauchen Sie, mein Herr?","Grüß Gott! Was brauchen Sie, mein Herr?","Grüß Gott! Was brauchen Sie, mein Herr?","Grüß Gott! Was brauchen Sie, mein Herr?","Grüß Gott! Was brauchen Sie, mein Herr?","Grüß Gott! Was brauchst du, mein Herr?","Grüß Gott! Was brauchen Sie, mein Herr?","¡Grüß Gott! ¿Was brauchen Sie, mein Herr?","Grüß Gott! Was brauchen Sie, mein Herr?","Grüß Gott! Was brauchen du, mein Herr?","Grüß Gott! Was brauchen Sie, mein Herr?","Grüß Gott! Was brauchen Sie, mein Herr?","Grüß Gott! Was brauchen Sie, mein Herr?","Grüß Gott! Was brauchen Sie, mein Herr?",,,,,
gree_pozdrav_z_mein_freun_nNlA,likely_foreign_phrase,18,11,Mein; Freund; Trunkenheit; eine; Sünde; Übertreibe; nicht,"foreign-lexicon hit(s): Mein, Freund, nicht | multiple preserved tokens | foreign lexicon visible in English display: freund, mein, nicht","Mein Freund, Trunkenheit ist eine Sünde. Übertreibe es nicht!","Mein Freund, Trunkenheit ist eine Sünde. Übertreibe es nicht!","Mein Freund, Trunkenheit ist eine Sünde. Übertreibe es nicht!","Mein Freund, Trunkenheit ist eine Sünde. Übertreibe es nicht!","Mein Freund, Trunkenheit ist eine Sünde. Übertreibe es nicht!","Mein Freund, Trunkenheit ist eine Sünde. Übertreibe es nicht!","!P Mein Freund, Trunkenheit ist eine Sünde. Übertreibe es nicht!","Mein Freund, Trunkenheit ist eine Sünde. Übertreibe es nicht!","Mein Freund, Trunkenheit ist eine Sünde. Übertreibe es nicht!","Mein Freund, Trunkenheit ist eine Sünde. Übertreibe es nicht!","Mein Freund, Trunkenheit ist eine Sünde. Übertreibe es nicht!","Mein Freund, Trunkenheit ist eine Sünde. Übertreibe es nicht!","Mein Freund, Trunkenheit ist eine Sünde. Übertreibe es nicht!","Mein Freund, Trunkenheit ist eine Sünde. Übertreibe es nicht!","Mein Freund, Trunkenheit ist eine Sünde. Übertreibe es nicht!","Mein Freund, Trunkenheit ist eine Sünde. Übertreibe es nicht!","Mein Freund, Trunkenheit ist eine Sünde. Übertreibe es nicht!","Mein Freund, Trunkenheit ist eine Sünde. Übertreibe es nicht!","Mein Freund, Trunkenheit ist eine Sünde. Übertreibe es nicht!","Mein Freund, Trunkenheit ist eine Sünde. Übertreibe es nicht!","Mein Freund, Trunkenheit ist eine Sünde. Übertreibe es nicht!","Mein Freund, Trunkenheit ist eine Sünde. Übertreibe es nicht!","Mein Freund, Trunkenheit ist eine Sünde. Übertreibe es nicht!","Mein Freund, Trunkenheit ist eine Sünde. Übertreibe es nicht!","Mein Freund, Trunkenheit ist eine Sünde. Übertreibe es nicht!","Mein Freund, Trunkenheit ist eine Sünde. ¡Übertreibe es nicht!","Mein Freund, Trunkenheit ist eine Sünde. Übertreibe es nicht!","Mein Freund, Trunkenheit ist eine Sünde. Übertreibe es nicht!","Mein Freund, Trunkenheit ist eine Sünde. Übertreibe es nicht!","Mein Freund, Trunkenheit ist eine Sünde. Übertreibe es nicht!","Mein Freund, Trunkenheit ist eine Sünde. Übertreibe es nicht!","Mein Freund, Trunkenheit ist eine Sünde. Übertreibe es nicht!",,,,,
kost_kostky_he_dein_pech__HF0q,likely_foreign_phrase,18,11,Schlecht; dich; mich; mein; Freund,"foreign-lexicon hit(s): dich, mein, Freund | multiple preserved tokens | foreign lexicon visible in English display: dich, freund, mein","Schlecht für dich, gut für mich, mein Freund.","Schlecht für dich, gut für mich, mein Freund.","Schlecht für dich, gut für mich, mein Freund.","Schlecht für dich, gut für mich, mein Freund.（你賠了，我就賺到啦，朋友。）","Dein Pech, mein Glück, mein Freund.","Schlecht für dich, gut für mich, mein Freund.","Dein Pech, mein Glück, mein Freund.","Schlecht für dich, gut für mich, mein Freund.","Schlecht für dich, gut für mich, mein Freund.","Schlecht für dich, gut für mich, mein Freund.","Schlecht für dich, gut für mich, mein Freund.","Schlecht für dich, gut für mich, mein Freund.","Schlecht für dich, gut für mich, mein Freund.","Schlecht für dich, gut für mich, mein Freund.","Schlecht für dich, gut für mich, mein Freund.","Schlecht für dich, gut für mich, mein Freund.","Schlecht für dich, gut für mich, mein Freund.","Schlecht für dich, gut für mich, mein Freund.","Schlecht für dich, gut für mich, mein Freund.","Schlecht für dich, gut für mich, mein Freund.","Schlecht für dich, gut für mich, mein Freund.","Schlecht für dich, gut für mich, mein Freund.","Schlecht für dich, gut für mich, mein Freund.","Schlecht für dich, gut für mich, mein Freund.","Schlecht für dich, gut für mich, mein Freund.","Schlecht für dich, gut für mich, mein Freund.","Schlecht für dich, gut für mich, mein Freund.","Schlecht für dich, gut für mich, mein Freund.","Schlecht für dich, gut für mich, mein Freund.","Schlecht für dich, gut für mich, mein Freund.","Schlecht für dich, gut für mich, mein Freund.","Schlecht für dich, gut für mich, mein Freund.",,,,,
pozd_uctivy_po_gru_gott_m_Zh06,likely_foreign_phrase,18,11,Grüß; Gott; mein; Herr,"foreign-lexicon hit(s): Gott, mein, Herr | multiple preserved tokens | foreign lexicon visible in English display: gott, herr, mein","Grüß Gott, mein Herr!","Grüss Gott, mein Herr!","Grüß Gott, mein Herr!","Grüss Gott, mein Herr!（你好，大人！）","Grüß Gott, mein Herr!","Grüß Gott, mein Herr!","Grüss Gott, mein Herr!","Grüß Gott, mein Herr!","Grüß Gott, mein Herr!","Grüß Gott, mein Herr!","Grüß Gott, mein Herr!","Grüß Gott, mein Herr!","Grüß Gott, mein Herr!","Grüß Gott, mein Herr!","Grüß Gott, mein Herr!","Grüss Gott, mein Herr!","Grüß Gott, mein Herr!","Grüß Gott, mein Herr!","Grüß Gott, mein Herr!","Grüß Gott, mein Herr!","Grüß Gott, mein Herr!","Grüß Gott, mein Herr!","Grüß Gott, mein Herr!","Grüß Gott, mein Herr!","Grüß Gott, mein Herr!","¡Grüß Gott, mein Herr!","Grüß Gott, mein Herr!","Grüß Gott, mein Herr!","Grüß Gott, mein Herr!","Grüß Gott, mein Herr!","Grüß Gott, mein Herr!","Grüß Gott, mein Herr!",,,,,
ulri_event_tab_gott_zum_g_D7ro,likely_foreign_phrase,18,11,Gott; Gruße; mein; Freund; Ulrich; Remold; Dichter; Pilger; Land; Narren,"foreign-lexicon hit(s): Gott, mein, Freund | multiple preserved tokens | foreign lexicon visible in English display: freund, gott, mein","Gott zum Gruße, mein Freund! Ulrich von Remold, ein Dichter und ein Pilger im Land der Narren.","Gott zum Gruße, mein Freund! Ulrich von Remold, ein Dichter und ein Pilger im Land der Narren.","Gott zum Gruße, mein Freund! Ulrich von Remold, ein Dichter und ein Pilger im Land der Narren.","Gott zum Gruße, mein Freund! Ulrich von Remold, ein Dichter und ein Pilger im Land der Narren.","Gott zum Gruße, mein Freund! Ulrich von Remold, ein dichter und ein Pilger im Land der Narren.","Gott zum Gruße, mein Freund! Ulrich von Remold, ein Dichter und ein Pilger im Land der Narren.","Gott zum Gruße, mein Freund! Ulrich von Remold, ein dichter und ein Pilger im Land der Narren.","Gott zum Gruße, mein Freund! Ulrich von Remold, ein Dichter und ein Pilger im Land der Narren.","Gott zum Gruße, mein Freund! Ulrich von Remold, ein Dichter und ein Pilger im Land der Narren.","Gott zum Gruße, mein Freund! Ulrich von Remold, ein Dichter und ein Pilger im Land der Narren.","Gott zum Gruße, mein Freund! Ulrich von Remold, ein Dichter und ein Pilger im Land der Narren.","Gott zum Gruße, mein Freund! Ulrich von Remold, ein Dichter und ein Pilger im Land der Narren.","Gott zum Gruße, mein Freund! Ulrich von Remold, ein Dichter und ein Pilger im Land der Narren.","Gott zum Gruße, mein Freund! Ulrich von Remold, ein Dichter und ein Pilger im Land der Narren.","Gott zum Gruße, mein Freund! Ulrich von Remold, ein Dichter und ein Pilger im Land der Narren.","Gott zum Gruße, mein Freund! Ulrich von Remold, ein Dichter und ein Pilger im Land der Narren.","Gott zum Gruße, mein Freund! Ulrich von Remold, ein Dichter und ein Pilger im Land der Narren.","Gott zum Gruße, mein Freund! Ulrich von Remold, ein Dichter und ein Pilger im Land der Narren.","Gott zum Gruße, mein Freund! Ulrich von Remold, ein Dichter und ein Pilger im Land der Narren.","Gott zum Gruße, mein Freund! Ulrich von Remold, ein Dichter und ein Pilger im Land der Narren.","Gott zum Gruße, mein Freund! Ulrich von Remold, ein Dichter und ein Pilger im Land der Narren.","Gott zum Gruße, mein Freund! Ulrich von Remold, ein Dichter und ein Pilger im Land der Narren.","Gott zum Gruße, mein Freund! Ulrich von Remold, ein Dichter und ein Pilger im Land der Narren.","Gott zum Gruße, mein Freund! Ulrich von Remold, ein Dichter und ein Pilger im Land der Narren.","Gott zum Gruße, mein Freund! Ulrich von Remold, ein Dichter und ein Pilger im Land der Narren.","Gott zum Gruße, mein Freund! Ulrich von Remold, ein Dichter und ein Pilger im Land der Narren.","Gott zum Gruße, mein Freund! Ulrich von Remold, ein Dichter und ein Pilger im Land der Narren.","Gott zum Gruße, mein Freund! Ulrich von Remold, ein Dichter und ein Pilger im Land der Narren.","Gott zum Gruße, mein Freund! Ulrich von Remold, ein Dichter und ein Pilger im Land der Narren.","Gott zum Gruße, mein Freund! Ulrich von Remold, ein Dichter und ein Pilger im Land der Narren.","Gott zum Gruße, mein Freund! Ulrich von Remold, ein Dichter und ein Pilger im Land der Narren.","(Chào mừng, bạn của ta! Ulrich von Remold, một nhà thơ và một người hành hương trên đất của những kẻ ngốc.)",,,,,
vrac_kradene_z_gott_moge__slhC,likely_foreign_phrase,18,11,Möge; Gott; sein; mein; Freund,"foreign-lexicon hit(s): Gott, mein, Freund | multiple preserved tokens | foreign lexicon visible in English display: freund, gott, mein","Möge Gott mit dir sein, mein Freund.",Möge Gott mit dir sein（愿上帝与你同在），mein Freund（我的朋友）。,"Möge Gott mit dir sein, mein Freund.","Möge Gott mit dir sein, mein Freund.","Gott möge Ihre Hand führen, mein Freund.","Möge Gott mit dir sein, mein Freund.","Gott möge Ihre Hand führen, mein Freund.","Möge Gott mit dir sein, mein Freund.","Möge Gott mit dir sein, mein Freund.","Möge Gott mit dir sein, mein Freund.","Möge Gott mit dir sein, mein Freund.","Möge Gott deine Hand führen, mein Freund.","Möge Gott mit dir sein, mein Freund.","Möge Gott mit dir sein, mein Freund.","Möge Gott mit dir sein, mein Freund.",ご加護がありますように,"Möge Gott mit dir sein, mein Freund.","Möge Gott mit dir sein, mein Freund.","Möge Gott mit dir sein, mein Freund.","Möge Gott mit dir sein, mein Freund.","Möge Gott mit dir sein, mein Freund.","Möge Gott mit dir sein, mein Freund.","Möge Gott mit dir sein, mein Freund.","Möge Gott mit dir sein, mein Freund.","Möge Gott mit dir sein, mein Freund.","Möge Gott mit dir sein, mein Freund.","Möge Gott mit dir sein, mein Freund.","Möge Gott mit dir sein, mein Freund.","Möge Gott mit dir sein, mein Freund.","Möge Gott mit dir sein, mein Freund.","Möge Gott mit dir sein, mein Freund.","Nguyện Chúa ở bên cậu, bạn tôi.",,,,,
gree_pozdrav_m_gru_dich_w_E1vx,likely_foreign_phrase,17,10,Grüß; dich; kann; helfen; mein; Herr,"foreign-lexicon hit(s): dich, mein, Herr | multiple preserved tokens | foreign lexicon visible in English display: dich, herr, mein","Grüß dich! Wie kann ich dir helfen, mein Herr?","Grüß dich! Wie kann ich dir helfen, mein Herr?","Grüß dich! Wie kann ich dir helfen, mein Herr?","Grüß dich! Wie kann ich dir helfen, mein Herr?","Grüß dich! Wie kann ich dir helfen, mein Herr?","Grüß dich! Wie kann ich dir helfen, mein Herr?","Grüß dich! Wie kann ich dir helfen, mein Herr?","Grüß dich! Wie kann ich dir helfen, mein Herr?","Grüß dich! Wie kann ich dir helfen, mein Herr?","Grüß dich ! Wie kann ich dir helfen, mein Herr ?","Grüß dich! Wie kann ich dir helfen, mein Herr?","*Grüß dich! Wie kann ich dir helfen, mein Herr?*","Grüß dich! Wie kann ich dir helfen, mein Herr?","Grüß dich! Wie kann ich dir helfen, mein Herr?","Grüß dich! Wie kann ich dir helfen, mein Herr?",どうも！  何か力になれることはありますか？,"Grüß dich! Wie kann ich dir helfen, mein Herr?","Grüß dich! Wie kann ich dir helfen, mein Herr?","Grüß dich! Wie kann ich dir helfen, mein Herr?","Grüß dich! Wie kann ich dir helfen, mein Herr?","Grüß dich! Wie kann ich dir helfen, mein Herr?","Grüß dich! Wie kann ich dir helfen, mein Herr?","Grüß dich! Wie kann ich dir helfen, mein Herr?","Grüß dich! Wie kann ich dir helfen, mein Herr?","Grüß dich! Wie kann ich dir helfen, mein Herr?","¡Grüß dich! ¿Wie kann ich dir helfen, mein Herr?","Grüß dich! Wie kann ich dir helfen, mein Herr?","Grüß dich! Wie kann ich dir helfen, mein Herr?","Grüß dich! Wie kann ich dir helfen, mein Herr?","Grüß dich! Wie kann ich dir helfen, mein Herr?","Grüß dich! Wie kann ich dir helfen, mein Herr?","Grüß dich! Wie kann ich dir helfen, mein Herr?",,,,,
gree_pozdrav_m_gru_dich_w_s5Oh,likely_foreign_phrase,17,10,Grüß; dich; kann; helfen; mein; Freund,"foreign-lexicon hit(s): dich, mein, Freund | multiple preserved tokens | foreign lexicon visible in English display: dich, freund, mein","Grüß dich! Wie kann ich dir helfen, mein Freund?","Grüß dich! Wie kann ich dir helfen, mein Freund?","Grüß dich! Wie kann ich dir helfen, mein Freund?","Grüß dich! Wie kann ich dir helfen, mein Freund?","Grüß dich! Wie kann ich dir helfen, mein Freund?","Grüß dich! Wie kann ich dir helfen, mein Freund?","Grüß dich! Wie kann ich dir helfen, mein Freund?","Grüß dich! Wie kann ich dir helfen, mein Freund?","Grüß dich! Wie kann ich dir helfen, mein Freund?","Grüß dich ! Wie kann ich dir helfen, mein Freund ?","Grüß dich! Wie kann ich dir helfen, mein Freund?","*Grüß dich! Wie kann ich dir helfen, mein Freund?*","Grüß dich! Wie kann ich dir helfen, mein Freund?","Grüß dich! Wie kann ich dir helfen, mein Freund?","Grüß dich! Wie kann ich dir helfen, mein Freund?",どうも！  何か力になれることはあるか？,"Grüß dich! Wie kann ich dir helfen, mein Freund?","Grüß dich! Wie kann ich dir helfen, mein Freund?","Grüß dich! Wie kann ich dir helfen, mein Freund?","Grüß dich! Wie kann ich dir helfen, mein Freund?","Grüß dich! Wie kann ich dir helfen, mein Freund?","Grüß dich! Wie kann ich dir helfen, mein Freund?","Grüß dich! Wie kann ich dir helfen, mein Freund?","Grüß dich! Wie kann ich dir helfen, mein Freund?","Grüß dich! Wie kann ich dir helfen, mein Freund?","¡Grüß dich! ¿Wie kann ich dir helfen, mein Freund?","Grüß dich! Wie kann ich dir helfen, mein Freund?","Grüß dich! Wie kann ich dir helfen, mein Freund?","Grüß dich! Wie kann ich dir helfen, mein Freund?","Grüß dich! Wie kann ich dir helfen, mein Freund?","Grüß dich! Wie kann ich dir helfen, mein Freund?","Grüß dich! Wie kann ich dir helfen, mein Freund?",,,,,
gree_pozdrav_m_mein_freun_Mx1F,likely_foreign_phrase,17,10,Mein; Freund; Trunkenheit; eine; Sünde; Übertreibe; nicht,"foreign-lexicon hit(s): Mein, Freund, nicht | multiple preserved tokens | foreign lexicon visible in English display: freund, mein, nicht","Mein Freund, Trunkenheit ist eine Sünde. Übertreibe es nicht!","Mein Freund, Trunkenheit ist eine Sünde. Übertreibe es nicht!","Mein Freund, Trunkenheit ist eine Sünde. Übertreibe es nicht!","Mein Freund, Trunkenheit ist eine Sünde. Übertreibe es nicht!","Mein Freund, Trunkenheit ist eine Sünde. Übertreibe es nicht!","Mein Freund, Trunkenheit ist eine Sünde. Übertreibe es nicht!","Mein Freund, Trunkenheit ist eine Sünde. Übertreibe es nicht!","Mein Freund, Trunkenheit ist eine Sünde. Übertreibe es nicht!","Mein Freund, Trunkenheit ist eine Sünde. Übertreibe es nicht!","Mein Freund, Trunkenheit ist eine Sünde. Übertreibe es nicht !","Mein Freund, Trunkenheit ist eine Sünde. Übertreibe es nicht!","Mein Freund, Trunkenheit ist eine Sünde. Übertreibe es nicht!","Mein Freund, Trunkenheit ist eine Sünde. Übertreibe es nicht!","Mein Freund, Trunkenheit ist eine Sünde. Übertreibe es nicht!","Mein Freund, Trunkenheit ist eine Sünde. Übertreibe es nicht!","Mein Freund, Trunkenheit ist eine Sünde. Übertreibe es nicht!","Mein Freund, Trunkenheit ist eine Sünde. Übertreibe es nicht!","Mein Freund, Trunkenheit ist eine Sünde. Übertreibe es nicht!","Mein Freund, Trunkenheit ist eine Sünde. Übertreibe es nicht!","Mein Freund, Trunkenheit ist eine Sünde. Übertreibe es nicht!","Mein Freund, Trunkenheit ist eine Sünde. Übertreibe es nicht!","Mein Freund, Trunkenheit ist eine Sünde. Übertreibe es nicht!","Mein Freund, Trunkenheit ist eine Sünde. Übertreibe es nicht!","Mein Freund, Trunkenheit ist eine Sünde. Übertreibe es nicht!","Mein Freund, Trunkenheit ist eine Sünde. Übertreibe es nicht!","Mein Freund, Trunkenheit ist eine Sünde. ¡Übertreibe es nicht!","Mein Freund, Trunkenheit ist eine Sünde. Übertreibe es nicht!","Mein Freund, Trunkenheit ist eine Sünde. Übertreibe es nicht!","Mein Freund, Trunkenheit ist eine Sünde. Übertreibe es nicht!","Mein Freund, Trunkenheit ist eine Sünde. Übertreibe es nicht!","Mein Freund, Trunkenheit ist eine Sünde. Übertreibe es nicht!","Mein Freund, Trunkenheit ist eine Sünde. Übertreibe es nicht!",,,,,
gree_pozdrav_z_gru_dich_w_scax,likely_foreign_phrase,17,10,Grüß; dich; kann; helfen; mein; Herr,"foreign-lexicon hit(s): dich, mein, Herr | multiple preserved tokens | foreign lexicon visible in English display: dich, herr, mein",,"!P Grüß dich! Wie kann ich dir helfen, mein Herr?",,"!P Grüß dich! Wie kann ich dir helfen, mein Herr?","Grüß dich! Wie kann ich dir helfen, mein Herr?","Grüß dich! Wie kann ich dir helfen, mein Herr?","!P Grüß dich! Wie kann ich dir helfen, mein Herr?","!P Grüß dich! Wie kann ich dir helfen, mein Herr?",,"!P Grüß dich! Wie kann ich dir helfen, mein Herr?",,"!P Grüß dich! Wie kann ich dir helfen, mein Herr?",,"!P Grüß dich! Wie kann ich dir helfen, mein Herr?",,"!P Grüß dich! Wie kann ich dir helfen, mein Herr?",,"!P Grüß dich! Wie kann ich dir helfen, mein Herr?",,"!P Grüß dich! Wie kann ich dir helfen, mein Herr?",,"!P Grüß dich! Wie kann ich dir helfen, mein Herr?",,"!P Grüß dich! Wie kann ich dir helfen, mein Herr?",,"!P Grüß dich! Wie kann ich dir helfen, mein Herr?",,"!P Grüß dich! Wie kann ich dir helfen, mein Herr?",,"!P Grüß dich! Wie kann ich dir helfen, mein Herr?",,"!P Grüß dich! Wie kann ich dir helfen, mein Herr?",,,,,
kost_kostky_he_das_nenne__P9e5,likely_foreign_phrase,17,10,Schlecht; dich; mich; mein; Freund,"foreign-lexicon hit(s): dich, mein, Freund | multiple preserved tokens | foreign lexicon visible in English display: dich, freund, mein","Schlecht für dich, gut für mich, mein Freund.","Schlecht für dich, gut für mich, mein Freund.","Schlecht für dich, gut für mich, mein Freund.","Schlecht für dich, gut für mich, mein Freund.（你賠了，我就賺到啦，朋友。）",Das nenne ich Pech!,"Schlecht für dich, gut für mich, mein Freund.",Das nenne ich Pech!,"Schlecht für dich, gut für mich, mein Freund.","Schlecht für dich, gut für mich, mein Freund.","Schlecht für dich, gut für mich, mein Freund.","Schlecht für dich, gut für mich, mein Freund.","Schlecht für dich, gut für mich, mein Freund.","Schlecht für dich, gut für mich, mein Freund.","Schlecht für dich, gut für mich, mein Freund.","Schlecht für dich, gut für mich, mein Freund.","Schlecht für dich, gut für mich, mein Freund.","Schlecht für dich, gut für mich, mein Freund.","Schlecht für dich, gut für mich, mein Freund.","Schlecht für dich, gut für mich, mein Freund.","Schlecht für dich, gut für mich, mein Freund.","Schlecht für dich, gut für mich, mein Freund.","Schlecht für dich, gut für mich, mein Freund.","Schlecht für dich, gut für mich, mein Freund.","Schlecht für dich, gut für mich, mein Freund.","Schlecht für dich, gut für mich, mein Freund.","Schlecht für dich, gut für mich, mein Freund.","Schlecht für dich, gut für mich, mein Freund.","Schlecht für dich, gut für mich, mein Freund.","Schlecht für dich, gut für mich, mein Freund.","Schlecht für dich, gut für mich, mein Freund.","Schlecht für dich, gut für mich, mein Freund.","Schlecht für dich, gut für mich, mein Freund.",,,,,
odev_cechmistr_es_ist_nic_df7k,likely_foreign_phrase,17,10,Mein; Gott; nicht,"foreign-lexicon hit(s): Mein, Gott, nicht | multiple preserved tokens | foreign lexicon visible in English display: gott, mein, nicht","Mein Gott, das ist nicht gut… And do you have any other lead?",Mein Gott（天啊），das ist nicht gut（这可不妙）……还有其他线索吗？,"Mein Gott, das ist nicht gut… And do you have any other lead?","Ger. Mein Gott, es ist nicht gut（我的天啊，真不妙）……那你還有其他線索嗎？","Mein Gott, es ist nicht gut... A máš nějaké jiné vodítko?","Mein Gott, es ist nicht gut… A máš nějaké jiné vodítko?","Mein Gott, es ist nicht gut… And do you have any other lead?","Mein Gott, das ist nicht gut… And do you have any other lead?","Mein Gott, das ist nicht gut… And do you have any other lead?","Mein Gott, das ist nicht gut… Et as-tu d'autres pistes ?","Mein Gott, das ist nicht gut… And do you have any other lead?","Mein Gott, das ist furchtbar … Und hast du noch andere Spuren?","Mein Gott, das ist nicht gut… And do you have any other lead?","Mein Gott, das ist nicht gut… E hai qualche altra pista?","Mein Gott, das ist nicht gut… And do you have any other lead?",なんてことだ  まずいな…<br/>他には手がかりはないのか？,"Mein Gott, das ist nicht gut… And do you have any other lead?","Mein Gott, es ist nicht gut... 다른 단서는 없나?","Mein Gott, das ist nicht gut… And do you have any other lead?","Mein Gott, das ist nicht gut… A masz jakiekolwiek inne tropy?","Mein Gott, das ist nicht gut… And do you have any other lead?","Mein Gott, das ist nicht gut… E você tem alguma outra pista?","Mein Gott, das ist nicht gut… And do you have any other lead?","Mein Gott, das ist nicht gut… а у тебя другие сацепки есть?","Mein Gott, das ist nicht gut… And do you have any other lead?","Mein Gott, das ist nicht gut… ¿Y tenéis alguna otra pista más?","Mein Gott, das ist nicht gut… And do you have any other lead?","Mein Gott, es ist nicht gut... Elinde başka ipucu var mı?","Mein Gott, das ist nicht gut… And do you have any other lead?","Mein Gott, das ist nicht gut… А у тебе є якісь інші ниточки?","Mein Gott, das ist nicht gut… And do you have any other lead?","Lạy Chúa tôi, vậy là không ổn rồi... Thế cậu còn manh mối nào khác không?",,,,,
pozd_pozdrav_n_schon_dich_51zb,likely_foreign_phrase,17,10,Schön; dich; sehen; mein; Freund,"foreign-lexicon hit(s): dich, mein, Freund | multiple preserved tokens | foreign lexicon visible in English display: dich, freund, mein","Schön dich zu sehen, mein Freund!","Schön dich zu sehen, mein Freund!","Schön dich zu sehen, mein Freund!","Schön dich zu sehen, mein Freund!（很高興見到你，朋友！）","Schön dich zu sehen, mein Freund!","Schön dich zu sehen, mein Freund!","Schön dich zu sehen, mein Freund!","Schön dich zu sehen, mein Freund!","Schön dich zu sehen, mein Freund!","Schön dich zu sehen, mein Freund !","Schön dich zu sehen, mein Freund!","Schön dich zu sehen, mein Freund!","Schön dich zu sehen, mein Freund!","Schön dich zu sehen, mein Freund!","Schön dich zu sehen, mein Freund!","Schön dich zu sehen, mein Freund!","Schön dich zu sehen, mein Freund!","Schön dich zu sehen, mein Freund!","Schön dich zu sehen, mein Freund!","Schön dich zu sehen, mein Freund!","Schön dich zu sehen, mein Freund!","Schön dich zu sehen, mein Freund!","Schön dich zu sehen, mein Freund!","Schön dich zu sehen, mein Freund!","Schön dich zu sehen, mein Freund!","¡Schön dich zu sehen, mein Freund!","Schön dich zu sehen, mein Freund!","Schön dich zu sehen, mein Freund!","Schön dich zu sehen, mein Freund!","Schön dich zu sehen, mein Freund!","Schön dich zu sehen, mein Freund!","Schön dich zu sehen, mein Freund!",,,,,
pozd_pozdrav_n_schon_dich_jmpr,likely_foreign_phrase,17,10,Schön; dich; sehen; mein; Freund,"foreign-lexicon hit(s): dich, mein, Freund | multiple preserved tokens | foreign lexicon visible in English display: dich, freund, mein","Schön dich zu sehen, mein Freund!","Schön dich zu sehen, mein Freund!","Schön dich zu sehen, mein Freund!","Schön dich zu sehen, mein Freund!（很高興見到你，朋友！）","Schön dich zu sehen, mein Freund!","Schön dich zu sehen, mein Freund!","Schön dich zu sehen, mein Freund!","Schön dich zu sehen, mein Freund!","Schön dich zu sehen, mein Freund!","Schön dich zu sehen, mein Freund !","Schön dich zu sehen, mein Freund!","Schön, dich zu sehen, mein Freund!","Schön dich zu sehen, mein Freund!","Schön dich zu sehen, mein Freund!","Schön dich zu sehen, mein Freund!","Schön dich zu sehen, mein Freund!","Schön dich zu sehen, mein Freund!","Schön dich zu sehen, mein Freund!","Schön dich zu sehen, mein Freund!","Schön dich zu sehen, mein Freund!","Schön dich zu sehen, mein Freund!","Schön dich zu sehen, mein Freund!","Schön dich zu sehen, mein Freund!","Schön dich zu sehen, mein Freund!","Schön dich zu sehen, mein Freund!","¡Schön dich zu sehen, mein Freund!","Schön dich zu sehen, mein Freund!","Schön dich zu sehen, mein Freund!","Schön dich zu sehen, mein Freund!","Schön dich zu sehen, mein Freund!","Schön dich zu sehen, mein Freund!","Schön dich zu sehen, mein Freund!",,,,,
pozd_uctivy_po_gru_gott_m_4JK4,likely_foreign_phrase,17,10,Grüß; Gott; mein; Herr,"foreign-lexicon hit(s): Gott, mein, Herr | multiple preserved tokens | foreign lexicon visible in English display: gott, herr, mein","Grüß Gott, mein Herr!","Grüß Gott, mein Herr!","Grüß Gott, mein Herr!","Grüß Gott, mein Herr!","Grüss Gott, mein Herr!","Grüß Gott, mein Herr!","Grüß Gott, mein Herr!","Grüß Gott, mein Herr!","Grüß Gott, mein Herr!","Grüß Gott, mein Herr!","Grüß Gott, mein Herr!","Grüß Gott, mein Herr!","Grüß Gott, mein Herr!","Grüß Gott, mein Herr!","Grüß Gott, mein Herr!","Grüß Gott, mein Herr!","Grüß Gott, mein Herr!","Grüß Gott, mein Herr!","Grüß Gott, mein Herr!","Grüß Gott, mein Herr!","Grüß Gott, mein Herr!","Grüß Gott, mein Herr!","Grüß Gott, mein Herr!","Grüß Gott, mein Herr!","Grüß Gott, mein Herr!","¡Grüß Gott, mein Herr!","Grüß Gott, mein Herr!","Grüß Gott, mein Herr!","Grüß Gott, mein Herr!","Grüß Gott, mein Herr!","Grüß Gott, mein Herr!","Grüß Gott, mein Herr!",,,,,
vrac_kradene_z_gott_moge__SOhH,likely_foreign_phrase,17,10,Vielen; Dank; Gott; möge; Ihre; Hand; führen; mein; Freund,"foreign-lexicon hit(s): Gott, mein, Freund | multiple preserved tokens | foreign lexicon visible in English display: freund, gott, mein","Vielen Dank. Gott möge Ihre Hand führen, mein Freund.",Vielen Dank（多谢）。Gott möge Ihre Hand führen（愿上帝指引你的手），mein Freund（我的朋友）。,"Vielen Dank. Gott möge Ihre Hand führen, mein Freund.","Vielen Dank. Gott möge Ihre Hand führen, mein Freund.（謝謝，讓上帝指引你的手，我的朋友。）","Vielen Dank. Gott möge Ihre Hand führen, mein Freund.","Vielen Dank. Gott möge Ihre Hand führen, mein Freund.","Vielen Dank. Gott möge Ihre Hand führen, mein Freund.","Vielen Dank. Gott möge Ihre Hand führen, mein Freund.","Vielen Dank. Gott möge Ihre Hand führen, mein Freund.","Vielen Dank. Gott möge Ihre Hand führen, mein Freund.","Vielen Dank. Gott möge Ihre Hand führen, mein Freund.","Vielen Dank. Möge Gott deine Hand führen, mein Freund.","Vielen Dank. Gott möge Ihre Hand führen, mein Freund.","Vielen Dank. Gott möge Ihre Hand führen, mein Freund.","Vielen Dank. Gott möge Ihre Hand führen, mein Freund.",ありがとう！  神のご加護がありますように,"Vielen Dank. Gott möge Ihre Hand führen, mein Freund.","정말 고맙네. Gott möge Ihre Hand führen, mein Freund.","Vielen Dank. Gott möge Ihre Hand führen, mein Freund.","Vielen Dank. Gott möge Ihre Hand führen, mein Freund.","Vielen Dank. Gott möge Ihre Hand führen, mein Freund.","Vielen Dank. Gott möge Ihre Hand führen, mein Freund.","Vielen Dank. Gott möge Ihre Hand führen, mein Freund.","Vielen Dank. Gott möge Ihre Hand führen, mein Freund.","Vielen Dank. Gott möge Ihre Hand führen, mein Freund.","Vielen Dank. Gott möge Ihre Hand führen, mein Freund.","Vielen Dank. Gott möge Ihre Hand führen, mein Freund.","Vielen Dank. Gott möge Ihre Hand führen, mein Freund.","Vielen Dank. Gott möge Ihre Hand führen, mein Freund.","Vielen Dank. Gott möge Ihre Hand führen, mein Freund.","Vielen Dank. Gott möge Ihre Hand führen, mein Freund.","Cảm ơn cậu. Nguyện Chúa dẫn dắt bàn tay cậu, bạn tôi.",,,,,
eich_cechmistr_ich_werde__giKQ,likely_foreign_phrase,16,11,werde; gerne; erklären; mein; Freund,"foreign-lexicon hit(s): mein, Freund | multiple preserved tokens | foreign lexicon visible in English display: freund, mein","Ich werde es dir gerne erklären, mein Freund.","Ich werde es dir gerne erklären, mein Freund（我很乐意跟你解释，我的朋友）。","Ich werde es dir gerne erklären, mein Freund.","Ich werde es dir gerne erklären, mein Freund.","Ich werde es Ihnen gerne erklären, mein Freund.","Ich werde es Ihnen gerne erklären, mein Freund.","Ich werde es Ihnen gerne erklären, mein Freund.","Ich werde es dir gerne erklären, mein Freund.","Ich werde es dir gerne erklären, mein Freund.","Ich werde es dir gerne erklären, mein Freund.","Ich werde es dir gerne erklären, mein Freund.","Lass es mich dir erklären, mein Freund.","Ich werde es dir gerne erklären, mein Freund.","Ich werde es dir gerne erklären, mein Freund.","Ich werde es dir gerne erklären, mein Freund.","Ich werde es dir gerne erklären, mein Freund.","Ich werde es dir gerne erklären, mein Freund.","Ich werde es dir gerne erklären, mein Freund.","Ich werde es dir gerne erklären, mein Freund.","Ich werde es dir gerne erklären, mein Freund.","Ich werde es dir gerne erklären, mein Freund.","Ich werde es dir gerne erklären, mein Freund.","Ich werde es dir gerne erklären, mein Freund.","Ich werde es dir gerne erklären, mein Freund.","Ich werde es dir gerne erklären, mein Freund.","Ich werde es dir gerne erklären, mein Freund.","Ich werde es dir gerne erklären, mein Freund.","Ich werde es dir gerne erklären, mein Freund.","Ich werde es dir gerne erklären, mein Freund.","Ich werde es dir gerne erklären, mein Freund.","Ich werde es dir gerne erklären, mein Freund.","Tôi sẽ giải thích cho cậu nghe, bạn tôi.",,,,,
gree_pozdrav_m_es_ist_ein_Yymn,likely_foreign_phrase,16,11,eine; Sünde; hier; nacktem; Hintern; herumzulaufen; mein; Freund,"foreign-lexicon hit(s): mein, Freund | multiple preserved tokens | foreign lexicon visible in English display: freund, mein","Es ist eine Sünde, hier mit nacktem Hintern herumzulaufen, mein Freund!","Es ist eine Sünde, hier mit nacktem Hintern herumzulaufen, mein Freund!","Es ist eine Sünde, hier mit nacktem Hintern herumzulaufen, mein Freund!","Es ist eine Sünde, hier mit nacktem Hintern herumzulaufen, mein Freund!","Es ist eine Sünde, hier mit nacktem Arsch herumzulaufen, mein Freund!","Je to hřích chodit tady takhle s nahou prdelí, mein Freund!","Es ist eine Sünde, hier mit nacktem Arsch herumzulaufen, mein Freund!","Es ist eine Sünde, hier mit nacktem Hintern herumzulaufen, mein Freund!","Es ist eine Sünde, hier mit nacktem Hintern herumzulaufen, mein Freund!","Es ist eine Sünde, hier mit nacktem Hintern herumzulaufen, mein Freund!","Es ist eine Sünde, hier mit nacktem Hintern herumzulaufen, mein Freund!","Es ist eine Sünde, hier mit nacktem Hintern herumzulaufen, mein Freund!","Es ist eine Sünde, hier mit nacktem Hintern herumzulaufen, mein Freund!","Es ist eine Sünde, hier mit nacktem Hintern herumzulaufen, mein Freund!","Es ist eine Sünde, hier mit nacktem Hintern herumzulaufen, mein Freund!","Es ist eine Sünde, hier mit nacktem Hintern herumzulaufen, mein Freund!","Es ist eine Sünde, hier mit nacktem Hintern herumzulaufen, mein Freund!","Es ist eine Sünde, hier mit nacktem Hintern herumzulaufen, mein Freund!","Es ist eine Sünde, hier mit nacktem Hintern herumzulaufen, mein Freund!","Es ist eine Sünde, hier mit nacktem Hintern herumzulaufen, mein Freund!","Es ist eine Sünde, hier mit nacktem Hintern herumzulaufen, mein Freund!","Es ist eine Sünde, hier mit nacktem Hintern herumzulaufen, mein Freund!","Es ist eine Sünde, hier mit nacktem Hintern herumzulaufen, mein Freund!","Es ist eine Sünde, hier mit nacktem Hintern herumzulaufen, mein Freund!","Es ist eine Sünde, hier mit nacktem Hintern herumzulaufen, mein Freund!","¡Es ist eine Sünde, hier mit nacktem Hintern herumzulaufen, mein Freund!","Es ist eine Sünde, hier mit nacktem Hintern herumzulaufen, mein Freund!","Es ist eine Sünde, hier mit nacktem Hintern herumzulaufen, mein Freund!","Es ist eine Sünde, hier mit nacktem Hintern herumzulaufen, mein Freund!","Es ist eine Sünde, hier mit nacktem Hintern herumzulaufen, mein Freund!","Es ist eine Sünde, hier mit nacktem Hintern herumzulaufen, mein Freund!","Es ist eine Sünde, hier mit nacktem Hintern herumzulaufen, mein Freund!",,,,,
gree_pozdrav_m_grusse_hei_Q0J5,likely_foreign_phrase,16,11,Schön; dich; sehen; Heinrich; hast; getrunken; nicht; wahr,"foreign-lexicon hit(s): dich, nicht | multiple preserved tokens | foreign lexicon visible in English display: dich, nicht","Schön, dich zu sehen, Heinrich! Du hast getrunken, nicht wahr?","Schön, dich zu sehen, Heinrich! Du hast getrunken, nicht wahr?","Schön, dich zu sehen, Heinrich! Du hast getrunken, nicht wahr?","Schön, dich zu sehen, Heinrich! Du hast getrunken, nicht wahr?","Schön Heinrich, schön! Du hast getrunken, nicht wahr?","Schön, dich zu sehen, Heinrich! Du hast getrunken, nicht wahr?","Schön Heinrich, schön! Du hast getrunken, nicht wahr?","Schön, dich zu sehen, Heinrich! Du hast getrunken, nicht wahr?","Schön, dich zu sehen, Heinrich! Du hast getrunken, nicht wahr?","Schön, dich zu sehen, Heinrich ! Du hast getrunken, nicht wahr ?","Schön, dich zu sehen, Heinrich! Du hast getrunken, nicht wahr?","Schön, dich zu sehen, Heinrich! Du hast getrunken, nicht wahr?","Schön, dich zu sehen, Heinrich! Du hast getrunken, nicht wahr?","Schön, dich zu sehen, Heinrich! Du hast getrunken, nicht wahr?","Schön, dich zu sehen, Heinrich! Du hast getrunken, nicht wahr?","Schön, dich zu sehen, Heinrich! Du hast getrunken, nicht wahr?","Schön, dich zu sehen, Heinrich! Du hast getrunken, nicht wahr?","Schön, dich zu sehen, Heinrich! Du hast getrunken, nicht wahr?","Schön, dich zu sehen, Heinrich! Du hast getrunken, nicht wahr?","Schön, dich zu sehen, Heinrich! Du hast getrunken, nicht wahr?","Schön, dich zu sehen, Heinrich! Du hast getrunken, nicht wahr?","Schön, dich zu sehen, Heinrich! Du hast getrunken, nicht wahr?","Schön, dich zu sehen, Heinrich! Du hast getrunken, nicht wahr?","Schön, dich zu sehen, Хайнрих! Du hast getrunken, nicht wahr?","Schön, dich zu sehen, Heinrich! Du hast getrunken, nicht wahr?","¡Schön, dich zu sehen, Heinrich! ¿Du hast getrunken, nicht wahr?","Schön, dich zu sehen, Heinrich! Du hast getrunken, nicht wahr?","Schön, dich zu sehen, Heinrich! Du hast getrunken, nicht wahr?","Schön, dich zu sehen, Heinrich! Du hast getrunken, nicht wahr?","Schön, dich zu sehen, Heinrich! Du hast getrunken, nicht wahr?","Schön, dich zu sehen, Heinrich! Du hast getrunken, nicht wahr?","Schön, dich zu sehen, Heinrich! Du hast getrunken, nicht wahr?",,,,,
gree_pozdrav_m_heh_warum__lGfp,likely_foreign_phrase,16,11,Warum; bist; nackt; mein; Freund,"foreign-lexicon hit(s): mein, Freund | multiple preserved tokens | foreign lexicon visible in English display: freund, mein","He … Warum bist du nackt, mein Freund?","He … Warum bist du nackt, mein Freund?","He … Warum bist du nackt, mein Freund?","He … Warum bist du nackt, mein Freund?","Heh... Warum bist du nackt, mein Freund?","He... Warum bist du nackt, mein Freund?","Heh... Warum bist du nackt, mein Freund?","He … Warum bist du nackt, mein Freund?","He … Warum bist du nackt, mein Freund?","He… Warum bist du nackt, mein Freund ?","He … Warum bist du nackt, mein Freund?","*He … Warum bist du nackt, mein Freund?*","He … Warum bist du nackt, mein Freund?","He… Warum bist du nackt, mein Freund?","He … Warum bist du nackt, mein Freund?","He … Warum bist du nackt, mein Freund?","He … Warum bist du nackt, mein Freund?","He… Warum bist du nackt, mein Freund?","He … Warum bist du nackt, mein Freund?","He... Warum bist du nackt, mein Freund?","He … Warum bist du nackt, mein Freund?","He … Warum bist du nackt, mein Freund?","He … Warum bist du nackt, mein Freund?","Heh... Warum bist du nackt, mein Freund?","He … Warum bist du nackt, mein Freund?","He… ¿Warum bist du nackt, mein Freund?","He … Warum bist du nackt, mein Freund?","He … Warum bist du nackt, mein Freund?","He … Warum bist du nackt, mein Freund?","He … Warum bist du nackt, mein Freund?","He … Warum bist du nackt, mein Freund?","He … Warum bist du nackt, mein Freund?",,,,,
gree_pozdrav_m_mein_freun_NkqT,likely_foreign_phrase,16,11,Mein; Freund; wäre; jetzt; auch; gerne; betrunken,"foreign-lexicon hit(s): Mein, Freund | multiple preserved tokens | foreign lexicon visible in English display: freund, mein","Mein Freund, ich wäre jetzt auch gerne betrunken.","Mein Freund, ich wäre jetzt auch gerne betrunken.","Mein Freund, ich wäre jetzt auch gerne betrunken.","Mein Freund, ich wäre jetzt auch gerne betrunken.","Mein Freund, ich beneide dich total um deine Trunkenheit.","Mein Freund, ich wäre jetzt auch gerne betrunken.","Mein Freund, ich beneide dich total um deine Trunkenheit.","Mein Freund, ich wäre jetzt auch gerne betrunken.","Mein Freund, ich wäre jetzt auch gerne betrunken.","Mein Freund, ich wäre jetzt auch gerne betrunken.","Mein Freund, ich wäre jetzt auch gerne betrunken.","*Mein Freund, ich wäre jetzt auch gerne betrunken.*","Mein Freund, ich wäre jetzt auch gerne betrunken.","Mein Freund, ich wäre jetzt auch gerne betrunken.","Mein Freund, ich wäre jetzt auch gerne betrunken.","Mein Freund, ich wäre jetzt auch gerne betrunken.","Mein Freund, ich wäre jetzt auch gerne betrunken.","Mein Freund, ich wäre jetzt auch gerne betrunken.","Mein Freund, ich wäre jetzt auch gerne betrunken.","Mein Freund, ich wäre jetzt auch gerne betrunken.","Mein Freund, ich wäre jetzt auch gerne betrunken.","Mein Freund, ich wäre jetzt auch gerne betrunken.","Mein Freund, ich wäre jetzt auch gerne betrunken.","Mein Freund, ich wäre jetzt auch gerne betrunken.","Mein Freund, ich wäre jetzt auch gerne betrunken.","Mein Freund, ich wäre jetzt auch gerne betrunken.","Mein Freund, ich wäre jetzt auch gerne betrunken.","Mein Freund, ich wäre jetzt auch gerne betrunken.","Mein Freund, ich wäre jetzt auch gerne betrunken.","Mein Freund, ich wäre jetzt auch gerne betrunken.","Mein Freund, ich wäre jetzt auch gerne betrunken.","Mein Freund, ich wäre jetzt auch gerne betrunken.",,,,,
gree_pozdrav_m_mein_gott__Fipv,likely_foreign_phrase,16,11,Mein; Gott; Warum; läufst; hier; nacktem; Hintern; herum,"foreign-lexicon hit(s): Mein, Gott | multiple preserved tokens | foreign lexicon visible in English display: gott, mein",Mein Gott! Warum läufst du hier mit nacktem Hintern herum?!,Mein Gott! Warum läufst du hier mit nacktem Hintern herum?!,Mein Gott! Warum läufst du hier mit nacktem Hintern herum?!,Mein Gott! Warum läufst du hier mit nacktem Hintern herum?!,"Mein Gott! Was tust du, hier mit einem nackten Hintern herumzulaufen?!",Mein Gott! Warum läufst du hier mit nacktem Hintern herum?!,"Mein Gott! Was tust du, hier mit einem nackten Hintern herumzulaufen?!",Mein Gott! Warum läufst du hier mit nacktem Hintern herum?!,Mein Gott! Warum läufst du hier mit nacktem Hintern herum?!,Mein Gott ! Warum läufst du hier mit nacktem Hintern herum ?!,Mein Gott! Warum läufst du hier mit nacktem Hintern herum?!,Mein Gott! Warum läufst du hier mit nacktem Hintern herum?!,Mein Gott! Warum läufst du hier mit nacktem Hintern herum?!,Mein Gott! Warum läufst du hier mit nacktem Hintern herum?!,Mein Gott! Warum läufst du hier mit nacktem Hintern herum?!,Mein Gott! Warum läufst du hier mit nacktem Hintern herum?!,Mein Gott! Warum läufst du hier mit nacktem Hintern herum?!,Mein Gott! Warum läufst du hier mit nacktem Hintern herum?!,Mein Gott! Warum läufst du hier mit nacktem Hintern herum?!,Mein Gott! Warum läufst du hier mit nacktem Hintern herum?!,Mein Gott! Warum läufst du hier mit nacktem Hintern herum?!,Mein Gott! Warum läufst du hier mit nacktem Hintern herum?!,Mein Gott! Warum läufst du hier mit nacktem Hintern herum?!,Mein Gott! Warum läufst du hier mit nacktem Hintern herum?!,Mein Gott! Warum läufst du hier mit nacktem Hintern herum?!,¡Mein Gott! ¡¿Warum läufst du hier mit nacktem Hintern herum?!,Mein Gott! Warum läufst du hier mit nacktem Hintern herum?!,Mein Gott! Warum läufst du hier mit nacktem Hintern herum?!,Mein Gott! Warum läufst du hier mit nacktem Hintern herum?!,Mein Gott! Warum läufst du hier mit nacktem Hintern herum?!,Mein Gott! Warum läufst du hier mit nacktem Hintern herum?!,Mein Gott! Warum läufst du hier mit nacktem Hintern herum?!,,,,,
gree_pozdrav_m_schonen_ta_4rR6,likely_foreign_phrase,16,11,Schönen; willst; mein; Herr,"foreign-lexicon hit(s): mein, Herr | multiple preserved tokens | foreign lexicon visible in English display: herr, mein","Schönen Tag! Was willst du, mein Herr?","Schönen Tag! Was willst du, mein Herr?","Schönen Tag! Was willst du, mein Herr?","Schönen Tag! Was willst du, mein Herr?","Schönen Tag, was willst du, mein Herr?","Schönen Tag! Was willst du, mein Herr?","Schönen Tag, was willst du, mein Herr?","Schönen Tag! Was willst du, mein Herr?","Schönen Tag! Was willst du, mein Herr?","Schönen Tag ! Was willst du, mein Herr ?","Schönen Tag! Was willst du, mein Herr?","*Schönen Tag! Was willst du, mein Herr?*","Schönen Tag! Was willst du, mein Herr?","Schönen Tag! Was willst du, mein Herr?","Schönen Tag! Was willst du, mein Herr?","Schönen Tag! Was willst du, mein Herr?","Schönen Tag! Was willst du, mein Herr?","Schönen Tag! Was willst du, mein Herr?","Schönen Tag! Was willst du, mein Herr?","Schönen Tag! Was willst du, mein Herr?","Schönen Tag! Was willst du, mein Herr?","Schönen Tag! Was willst du, mein Herr?","Schönen Tag! Was willst du, mein Herr?","Schönen Tag! Was willst du, mein Herr?","Schönen Tag! Was willst du, mein Herr?","¡Schönen Tag! ¿Was willst du, mein Herr?","Schönen Tag! Was willst du, mein Herr?","Schönen Tag! Was willst du, mein Herr?","Schönen Tag! Was willst du, mein Herr?","Schönen Tag! Was willst du, mein Herr?","Schönen Tag! Was willst du, mein Herr?","Schönen Tag! Was willst du, mein Herr?",,,,,
gree_pozdrav_m_schonen_ta_jMPe,likely_foreign_phrase,16,11,Schönen; willst; mein; Freund,"foreign-lexicon hit(s): mein, Freund | multiple preserved tokens | foreign lexicon visible in English display: freund, mein","Schönen Tag! Was willst du, mein Freund?","Schönen Tag! Was willst du, mein Freund?","Schönen Tag! Was willst du, mein Freund?","Schönen Tag! Was willst du, mein Freund?","Schönen Tag, was willst du, mein Freund?","Schönen Tag! Was willst du, mein Freund?","Schönen Tag, was willst du, mein Freund?","Schönen Tag! Was willst du, mein Freund?","Schönen Tag! Was willst du, mein Freund?","Schönen Tag ! Was willst du, mein Freund ?","Schönen Tag! Was willst du, mein Freund?","Schönen Tag! Was willst du, mein Freund?","Schönen Tag! Was willst du, mein Freund?","Schönen Tag! Was willst du, mein Freund?","Schönen Tag! Was willst du, mein Freund?","Schönen Tag! Was willst du, mein Freund?","Schönen Tag! Was willst du, mein Freund?","Schönen Tag! Was willst du, mein Freund?","Schönen Tag! Was willst du, mein Freund?","Schönen Tag! Was willst du, mein Freund?","Schönen Tag! Was willst du, mein Freund?","Schönen Tag! Was willst du, mein Freund?","Schönen Tag! Was willst du, mein Freund?","Schönen Tag! Was willst du, mein Freund?","Schönen Tag! Was willst du, mein Freund?","¡Schönen Tag! ¿Was willst du, mein Freund?","Schönen Tag! Was willst du, mein Freund?","Schönen Tag! Was willst du, mein Freund?","Schönen Tag! Was willst du, mein Freund?","Schönen Tag! Was willst du, mein Freund?","Schönen Tag! Was willst du, mein Freund?","Schönen Tag! Was willst du, mein Freund?",,,,,
gree_pozdrav_m_servus_mei_EhCJ,likely_foreign_phrase,16,11,Servus; mein; Freund; bist; betrunken; stimmt’s,"foreign-lexicon hit(s): mein, Freund | multiple preserved tokens | foreign lexicon visible in English display: freund, mein","Servus, mein Freund! Du bist betrunken, stimmt’s?","Servus, mein Freund! Du bist betrunken, stimmt’s?","Servus, mein Freund! Du bist betrunken, stimmt’s?","Servus, mein Freund! Du bist betrunken, stimmt’s?","Servus, mein Freund! Du bist betrunken, nicht wahr?","Servus, mein Freund! Du bist betrunken, stimmt’s?","Servus, mein Freund! Du bist betrunken, nicht wahr?","Servus, mein Freund! Du bist betrunken, stimmt’s?","Servus, mein Freund! Du bist betrunken, stimmt’s?","Servus, mein Freund! Du bist betrunken, stimmt's?","Servus, mein Freund! Du bist betrunken, stimmt’s?","*Servus, mein Freund! Du bist betrunken, stimmt’s?*","Servus, mein Freund! Du bist betrunken, stimmt’s?","Servus, mein Freund! Du bist betrunken, stimmt's?","Servus, mein Freund! Du bist betrunken, stimmt’s?","Servus, mein Freund! Du bist betrunken, stimmt’s?","Servus, mein Freund! Du bist betrunken, stimmt’s?","Servus, mein Freund! Du bist betrunken, stimmt’s?","Servus, mein Freund! Du bist betrunken, stimmt’s?","Servus, mein Freund! Du bist betrunken, stimmt’s?","Servus, mein Freund! Du bist betrunken, stimmt’s?","Servus, mein Freund! Du bist betrunken, stimmt’s?","Servus, mein Freund! Du bist betrunken, stimmt’s?","Servus, mein Freund! Du bist betrunken, stimmt’s?","Servus, mein Freund! Du bist betrunken, stimmt’s?","¡Servus, mein Freund! ¿Du bist betrunken, stimmt's?","Servus, mein Freund! Du bist betrunken, stimmt’s?","Servus, mein Freund! Du bist betrunken, stimmt’s?","Servus, mein Freund! Du bist betrunken, stimmt’s?","Servus, mein Freund! Du bist betrunken, stimmt’s?","Servus, mein Freund! Du bist betrunken, stimmt’s?","Servus, mein Freund! Du bist betrunken, stimmt’s?",,,,,
gree_pozdrav_n_du_hast_da_QPDG,likely_foreign_phrase,16,11,hast; deinen; Kampf; gegen; Nüchternheit; gewonnen; mein; Freund,"foreign-lexicon hit(s): mein, Freund | multiple preserved tokens | foreign lexicon visible in English display: freund, mein","Du hast deinen Kampf gegen die Nüchternheit gewonnen, mein Freund!","Du hast das Match gewonnen mit Nüchternheit, mein Freund!","Du hast deinen Kampf gegen die Nüchternheit gewonnen, mein Freund!","Du hast deinen Kampf gegen die Nüchternheit gewonnen, mein Freund!","Du hast das Match gewonnen mit Nüchternheit, mein Freund!","Du hast deinen Kampf gegen die Nüchternheit gewonnen, mein Freund!","!P Du hast das Match gewonnen mit Nüchternheit, mein Freund!","Du hast deinen Kampf gegen die Nüchternheit gewonnen, mein Freund!","Du hast deinen Kampf gegen die Nüchternheit gewonnen, mein Freund!","Du hast deinen Kampf gegen die Nüchternheit gewonnen, mein Freund!","Du hast deinen Kampf gegen die Nüchternheit gewonnen, mein Freund!","Du hast deinen Kampf gegen die Nüchternheit gewonnen, mein Freund!","Du hast deinen Kampf gegen die Nüchternheit gewonnen, mein Freund!","Du hast deinen Kampf gegen die Nüchternheit gewonnen, mein Freund!","Du hast deinen Kampf gegen die Nüchternheit gewonnen, mein Freund!","Du hast deinen Kampf gegen die Nüchternheit gewonnen, mein Freund!","Du hast deinen Kampf gegen die Nüchternheit gewonnen, mein Freund!","Du hast deinen Kampf gegen die Nüchternheit gewonnen, mein Freund!","Du hast deinen Kampf gegen die Nüchternheit gewonnen, mein Freund!","Du hast das Match gewonnen mit Nüchternheit, mein Freund!","Du hast deinen Kampf gegen die Nüchternheit gewonnen, mein Freund!","Du hast deinen Kampf gegen die Nüchternheit gewonnen, mein Freund!","Du hast deinen Kampf gegen die Nüchternheit gewonnen, mein Freund!","Du hast das Match gewonnen mit Nüchternheit, mein Freund!","Du hast deinen Kampf gegen die Nüchternheit gewonnen, mein Freund!","¡Du hast deinen Kampf gegen die Nüchternheit gewonnen, mein Freund!","Du hast deinen Kampf gegen die Nüchternheit gewonnen, mein Freund!","Du hast deinen Kampf gegen die Nüchternheit gewonnen, mein Freund!","Du hast deinen Kampf gegen die Nüchternheit gewonnen, mein Freund!","Du hast deinen Kampf gegen die Nüchternheit gewonnen, mein Freund!","Du hast deinen Kampf gegen die Nüchternheit gewonnen, mein Freund!","Du hast das Match gewonnen mit Nüchternheit, mein Freund!",,,,,
gree_pozdrav_n_mein_gott__6zln,likely_foreign_phrase,16,11,Mein; Gott; stinkst; ziemlich; weißt; Heinrich,"foreign-lexicon hit(s): Mein, Gott | multiple preserved tokens | foreign lexicon visible in English display: gott, mein","Mein Gott ... Du stinkst ziemlich, weißt du das, Heinrich?","Mein Gott... Du stinkst ziemlich, weißt du das, Heinrich?","Mein Gott ... Du stinkst ziemlich, weißt du das, Heinrich?","Mein Gott ... Du stinkst ziemlich, weißt du das, Heinrich?","Mein Gott... Du stinkst ziemlich, weißt du das, Heinrich?","Mein Gott ... Du stinkst ziemlich, weißt du das, Heinrich?","!P Mein Gott... Du stinkst ziemlich, weißt du das, Heinrich?","Mein Gott ... Du stinkst ziemlich, weißt du das, Heinrich?","Mein Gott ... Du stinkst ziemlich, weißt du das, Heinrich?","Mein Gott … Du stinkst ziemlich, weißt du das, Heinrich?","Mein Gott ... Du stinkst ziemlich, weißt du das, Heinrich?","Mein Gott ... Du stinkst ziemlich, weißt du das, Heinrich?","Mein Gott ... Du stinkst ziemlich, weißt du das, Heinrich?","Mein Gott… Du stinkst ziemlich, weißt du das, Heinrich?","Mein Gott ... Du stinkst ziemlich, weißt du das, Heinrich?","Mein Gott ... Du stinkst ziemlich, weißt du das, Heinrich?","Mein Gott ... Du stinkst ziemlich, weißt du das, Heinrich?","Mein Gott ... Du stinkst ziemlich, weißt du das, Heinrich?","Mein Gott ... Du stinkst ziemlich, weißt du das, Heinrich?","Mein Gott... Du stinkst ziemlich, weißt du das, Heinrich?","Mein Gott ... Du stinkst ziemlich, weißt du das, Heinrich?","Mein Gott… Du stinkst ziemlich, weißt du das, Heinrich?","Mein Gott ... Du stinkst ziemlich, weißt du das, Heinrich?","Mein Gott... Du stinkst ziemlich, weißt du das, Heinrich?","Mein Gott ... Du stinkst ziemlich, weißt du das, Heinrich?","Mein Gott… ¿Du stinkst ziemlich, weißt du das, Heinrich?","Mein Gott ... Du stinkst ziemlich, weißt du das, Heinrich?","Mein Gott ... Du stinkst ziemlich, weißt du das, Heinrich?","Mein Gott ... Du stinkst ziemlich, weißt du das, Heinrich?","Mein Gott ... Du stinkst ziemlich, weißt du das, Heinrich?","Mein Gott ... Du stinkst ziemlich, weißt du das, Heinrich?",Cậu cần gì?,,,,,
gree_pozdrav_n_mein_gott__ZTEc,likely_foreign_phrase,16,11,Mein; Gott; stinkst; ganz; schön; Weißt; Heinrich,"foreign-lexicon hit(s): Mein, Gott | multiple preserved tokens | foreign lexicon visible in English display: gott, mein","Mein Gott … Du stinkst ganz schön. Weißt du das, Heinrich?","Mein Gott... Du stinkst ziemlich, weißt du das, Heinrich?","Mein Gott … Du stinkst ganz schön. Weißt du das, Heinrich?","Mein Gott … Du stinkst ganz schön. Weißt du das, Heinrich?","Mein Gott... Du stinkst ziemlich, weißt du das, Heinrich?","Mein Gott … Du stinkst ganz schön. Weißt du das, Heinrich?","!P Mein Gott... Du stinkst ziemlich, weißt du das, Heinrich?","Mein Gott … Du stinkst ganz schön. Weißt du das, Heinrich?","Mein Gott … Du stinkst ganz schön. Weißt du das, Heinrich?","Mein Gott … Du stinkst ganz schön. Weißt du das, Heinrich?","Mein Gott … Du stinkst ganz schön. Weißt du das, Heinrich?","Mein Gott … Du stinkst ganz schön. Weißt du das, Heinrich?","Mein Gott … Du stinkst ganz schön. Weißt du das, Heinrich?","Mein Gott… Du stinkst ganz schön. weißt du das, Heinrich?","Mein Gott … Du stinkst ganz schön. Weißt du das, Heinrich?","Mein Gott … Du stinkst ganz schön. Weißt du das, Heinrich?","Mein Gott … Du stinkst ganz schön. Weißt du das, Heinrich?","Mein Gott... Du stinkst ziemlich, weißt du das, Heinrich?","Mein Gott … Du stinkst ganz schön. Weißt du das, Heinrich?","Mein Gott... Du stinkst ziemlich, weißt du das, Heinrich?","Mein Gott … Du stinkst ganz schön. Weißt du das, Heinrich?","Mein Gott… Du stinkst ganz schön. Weißt du das, Heinrich?","Mein Gott … Du stinkst ganz schön. Weißt du das, Heinrich?","Mein Gott... Du stinkst ziemlich, weißt du das, Heinrich?","Mein Gott … Du stinkst ganz schön. Weißt du das, Heinrich?","Mein Gott… Du stinkst ganz schön. ¿Weißt du das, Heinrich?","Mein Gott … Du stinkst ganz schön. Weißt du das, Heinrich?","Mein Gott … Du stinkst ganz schön. Weißt du das, Heinrich?","Mein Gott … Du stinkst ganz schön. Weißt du das, Heinrich?","Mein Gott … Du stinkst ganz schön. Weißt du das, Heinrich?","Mein Gott … Du stinkst ganz schön. Weißt du das, Heinrich?","Mein Gott... Du stinkst ziemlich, weißt du das, Heinrich?",,,,,
gree_pozdrav_n_mein_gott__pqL5,likely_foreign_phrase,16,11,Mein; Gott; siehst; furchtbar; Mann,"foreign-lexicon hit(s): Mein, Gott | multiple preserved tokens | foreign lexicon visible in English display: gott, mein","Mein Gott … Du siehst furchtbar aus, Mann!","Mein Gott... Du siehst furchtbar aus, Mann!","Mein Gott … Du siehst furchtbar aus, Mann!","Mein Gott … Du siehst furchtbar aus, Mann!","Mein Gott... Du siehst furchtbar aus, Mann!","Mein Gott … Du siehst furchtbar aus, Mann!","!P Mein Gott... Du siehst furchtbar aus, Mann!","Mein Gott … Du siehst furchtbar aus, Mann!","Mein Gott … Du siehst furchtbar aus, Mann!","Mein Gott … Du siehst furchtbar aus, Mann!","Mein Gott … Du siehst furchtbar aus, Mann!","Mein Gott … Du siehst furchtbar aus, Mann!","Mein Gott … Du siehst furchtbar aus, Mann!","Mein Gott… Du siehst furchtbar aus, Mann!","Mein Gott … Du siehst furchtbar aus, Mann!","Mein Gott … Du siehst furchtbar aus, Mann!","Mein Gott … Du siehst furchtbar aus, Mann!","Mein Gott... Du siehst furchtbar aus, Mann!","Mein Gott … Du siehst furchtbar aus, Mann!","Mein Gott... Du siehst furchtbar aus, Mann!","Mein Gott … Du siehst furchtbar aus, Mann!","Mein Gott… Du siehst furchtbar aus, Mann!","Mein Gott … Du siehst furchtbar aus, Mann!","Mein Gott... Du siehst furchtbar aus, Mann!","Mein Gott … Du siehst furchtbar aus, Mann!","Mein Gott… ¡Du siehst furchtbar aus, Mann!","Mein Gott … Du siehst furchtbar aus, Mann!","Mein Gott … Du siehst furchtbar aus, Mann!","Mein Gott … Du siehst furchtbar aus, Mann!","Mein Gott … Du siehst furchtbar aus, Mann!","Mein Gott … Du siehst furchtbar aus, Mann!","Mein Gott... Du siehst furchtbar aus, Mann!",,,,,
gree_pozdrav_z_es_ist_ein_mw8y,likely_foreign_phrase,16,11,eine; Sünde; hier; nacktem; Hintern; herumzulaufen; mein; Freund,"foreign-lexicon hit(s): mein, Freund | multiple preserved tokens | foreign lexicon visible in English display: freund, mein","Es ist eine Sünde, hier mit nacktem Hintern herumzulaufen, mein Freund!","Es ist eine Sünde, hier mit nacktem Hintern herumzulaufen, mein Freund!","Es ist eine Sünde, hier mit nacktem Hintern herumzulaufen, mein Freund!","Es ist eine Sünde, hier mit nacktem Hintern herumzulaufen, mein Freund!","Es ist eine Sünde, hier mit nacktem Arsch herumzulaufen, mein Freund!","Es ist eine Sünde, hier mit nacktem Hintern herumzulaufen, mein Freund!","!P Es ist eine Sünde, hier mit nacktem Arsch herumzulaufen, mein Freund!","Es ist eine Sünde, hier mit nacktem Hintern herumzulaufen, mein Freund!","Es ist eine Sünde, hier mit nacktem Hintern herumzulaufen, mein Freund!","Es ist eine Sünde, hier mit nacktem Hintern herumzulaufen, mein Freund!","Es ist eine Sünde, hier mit nacktem Hintern herumzulaufen, mein Freund!","Es ist eine Sünde, hier mit nacktem Hintern herumzulaufen, mein Freund!","Es ist eine Sünde, hier mit nacktem Hintern herumzulaufen, mein Freund!","Es ist eine Sünde, hier mit nacktem Hintern herumzulaufen, mein Freund!","Es ist eine Sünde, hier mit nacktem Hintern herumzulaufen, mein Freund!","Es ist eine Sünde, hier mit nacktem Hintern herumzulaufen, mein Freund!","Es ist eine Sünde, hier mit nacktem Hintern herumzulaufen, mein Freund!","Es ist eine Sünde, hier mit nacktem Hintern herumzulaufen, mein Freund!","Es ist eine Sünde, hier mit nacktem Hintern herumzulaufen, mein Freund!","Es ist eine Sünde, hier mit nacktem Hintern herumzulaufen, mein Freund!","Es ist eine Sünde, hier mit nacktem Hintern herumzulaufen, mein Freund!","Es ist eine Sünde, hier mit nacktem Hintern herumzulaufen, mein Freund!","Es ist eine Sünde, hier mit nacktem Hintern herumzulaufen, mein Freund!","Es ist eine Sünde, hier mit nacktem Hintern herumzulaufen, mein Freund!","Es ist eine Sünde, hier mit nacktem Hintern herumzulaufen, mein Freund!","¡Es ist eine Sünde, hier mit nacktem Hintern herumzulaufen, mein Freund!","Es ist eine Sünde, hier mit nacktem Hintern herumzulaufen, mein Freund!","Es ist eine Sünde, hier mit nacktem Hintern herumzulaufen, mein Freund!","Es ist eine Sünde, hier mit nacktem Hintern herumzulaufen, mein Freund!","Es ist eine Sünde, hier mit nacktem Hintern herumzulaufen, mein Freund!","Es ist eine Sünde, hier mit nacktem Hintern herumzulaufen, mein Freund!","Es ist eine Sünde, hier mit nacktem Hintern herumzulaufen, mein Freund!",,,,,
gree_pozdrav_z_heh_warum__432V,likely_foreign_phrase,16,11,Warum; bist; nackt; mein; Freund,"foreign-lexicon hit(s): mein, Freund | multiple preserved tokens | foreign lexicon visible in English display: freund, mein","Ha … Warum bist du nackt, mein Freund?","Ha … Warum bist du nackt, mein Freund?","Ha … Warum bist du nackt, mein Freund?","Ha … Warum bist du nackt, mein Freund?","Heh... Warum bist du nackt, mein Freund?","Ha … Warum bist du nackt, mein Freund?","!P Heh... Warum bist du nackt, mein Freund?","Ha … Warum bist du nackt, mein Freund?","Ha … Warum bist du nackt, mein Freund?","Ha… Warum bist du nackt, mein Freund?","Ha … Warum bist du nackt, mein Freund?","Ha … Warum bist du nackt, mein Freund?","Ha … Warum bist du nackt, mein Freund?","Ha… Warum bist du nackt, mein Freund?","Ha … Warum bist du nackt, mein Freund?","Ha … Warum bist du nackt, mein Freund?","Ha … Warum bist du nackt, mein Freund?","Ha … Warum bist du nackt, mein Freund?","Ha … Warum bist du nackt, mein Freund?","Ha... Warum bist du nackt, mein Freund?","Ha … Warum bist du nackt, mein Freund?","Ha… Warum bist du nackt, mein Freund?","Ha … Warum bist du nackt, mein Freund?","Ha... Warum bist du nackt, mein Freund?","Ha … Warum bist du nackt, mein Freund?","Ha… ¿Warum bist du nackt, mein Freund?","Ha … Warum bist du nackt, mein Freund?","Ha … Warum bist du nackt, mein Freund?","Ha … Warum bist du nackt, mein Freund?","Ha … Warum bist du nackt, mein Freund?","Ha … Warum bist du nackt, mein Freund?","Ha … Warum bist du nackt, mein Freund?",,,,,
gree_pozdrav_z_mein_freun_XHAj,likely_foreign_phrase,16,11,Mein; Freund; wäre; jetzt; auch; gerne; betrunken,"foreign-lexicon hit(s): Mein, Freund | multiple preserved tokens | foreign lexicon visible in English display: freund, mein","Mein Freund, ich wäre jetzt auch gerne betrunken.","Mein Freund, ich wäre jetzt auch gerne betrunken.","Mein Freund, ich wäre jetzt auch gerne betrunken.","Mein Freund, ich wäre jetzt auch gerne betrunken.","Mein Freund, ich beneide dich total um deine Trunkenheit.","Mein Freund, ich wäre jetzt auch gerne betrunken.","!P Mein Freund, ich beneide dich total um deine Trunkenheit.","Mein Freund, ich wäre jetzt auch gerne betrunken.","Mein Freund, ich wäre jetzt auch gerne betrunken.","Mein Freund, ich wäre jetzt auch gerne betrunken.","Mein Freund, ich wäre jetzt auch gerne betrunken.","Mein Freund, ich wäre jetzt auch gerne betrunken.","Mein Freund, ich wäre jetzt auch gerne betrunken.","Mein Freund, ich wäre jetzt auch gerne betrunken.","Mein Freund, ich wäre jetzt auch gerne betrunken.","Mein Freund, ich wäre jetzt auch gerne betrunken.","Mein Freund, ich wäre jetzt auch gerne betrunken.","Mein Freund, ich wäre jetzt auch gerne betrunken.","Mein Freund, ich wäre jetzt auch gerne betrunken.","Mein Freund, ich wäre jetzt auch gerne betrunken.","Mein Freund, ich wäre jetzt auch gerne betrunken.","Mein Freund, ich wäre jetzt auch gerne betrunken.","Mein Freund, ich wäre jetzt auch gerne betrunken.","Mein Freund, ich wäre jetzt auch gerne betrunken.","Mein Freund, ich wäre jetzt auch gerne betrunken.","Mein Freund, ich wäre jetzt auch gerne betrunken.","Mein Freund, ich wäre jetzt auch gerne betrunken.","Mein Freund, ich wäre jetzt auch gerne betrunken.","Mein Freund, ich wäre jetzt auch gerne betrunken.","Mein Freund, ich wäre jetzt auch gerne betrunken.","Mein Freund, ich wäre jetzt auch gerne betrunken.","Mein Freund, ich wäre jetzt auch gerne betrunken.",,,,,
gree_pozdrav_z_servus_mei_l2Vs,likely_foreign_phrase,16,11,Servus; mein; Freund; bist; betrunken; stimmt’s,"foreign-lexicon hit(s): mein, Freund | multiple preserved tokens | foreign lexicon visible in English display: freund, mein","Servus, mein Freund! Du bist betrunken, stimmt’s?","Servus, mein Freund! Du bist betrunken, stimmt’s?","Servus, mein Freund! Du bist betrunken, stimmt’s?","Servus, mein Freund! Du bist betrunken, stimmt’s?","Servus, mein Freund! Du bist betrunken, nicht wahr?","Servus, mein Freund! Du bist betrunken, stimmt’s?","!P Servus, mein Freund! Du bist betrunken, nicht wahr?","Servus, mein Freund! Du bist betrunken, stimmt’s?","Servus, mein Freund! Du bist betrunken, stimmt’s?","Servus, mein Freund! Du bist betrunken, stimmt’s?","Servus, mein Freund! Du bist betrunken, stimmt’s?","Servus, mein Freund! Du bist betrunken, stimmt’s?","Servus, mein Freund! Du bist betrunken, stimmt’s?","Servus, mein Freund! Du bist betrunken, stimmt's?","Servus, mein Freund! Du bist betrunken, stimmt’s?","Servus, mein Freund! Du bist betrunken, stimmt’s?","Servus, mein Freund! Du bist betrunken, stimmt’s?","Servus, mein Freund! Du bist betrunken, stimmt’s?","Servus, mein Freund! Du bist betrunken, stimmt’s?","Servus, mein Freund! Du bist betrunken, stimmt’s?","Servus, mein Freund! Du bist betrunken, stimmt’s?","Servus, mein Freund! Du bist betrunken, stimmt's?","Servus, mein Freund! Du bist betrunken, stimmt’s?","Servus, mein Freund! Du bist betrunken, stimmt’s?","Servus, mein Freund! Du bist betrunken, stimmt’s?","¡Servus, mein Freund! ¿Du bist betrunken, stimmt’s?","Servus, mein Freund! Du bist betrunken, stimmt’s?","Servus, mein Freund! Du bist betrunken, stimmt’s?","Servus, mein Freund! Du bist betrunken, stimmt’s?","Servus, mein Freund! Du bist betrunken, stimmt’s?","Servus, mein Freund! Du bist betrunken, stimmt’s?","Servus, mein Freund! Du bist betrunken, stimmt’s?",,,,,
muz__muz_prona_rad_sem_ti_e2J3,likely_foreign_phrase,16,11,Dankeschön; gute; Nacht; mein; Herr,"foreign-lexicon hit(s): mein, Herr | multiple preserved tokens | foreign lexicon visible in English display: herr, mein","Dankeschön und gute Nacht, mein Herr.","Dankeschön und gute Nacht, mein Herr.","Dankeschön und gute Nacht, mein Herr.","Dankeschön und gute Nacht, mein Herr.","Danke schön und gute Nacht, mein Herr.","Danke schön und gute Nacht, mein Herr.","!P Danke schön und gute Nacht, mein Herr.","Dankeschön und gute Nacht, mein Herr.","Dankeschön und gute Nacht, mein Herr.","Dankeschön und gute Nacht, mein Herr.","Dankeschön und gute Nacht, mein Herr.","/Dankeschön und gute Nacht, mein Herr.\","Dankeschön und gute Nacht, mein Herr.","Dankeschön und gute Nacht, mein Herr.","Dankeschön und gute Nacht, mein Herr.","Dankeschön und gute Nacht, mein Herr.","Dankeschön und gute Nacht, mein Herr.","Dankeschön und gute Nacht, mein Herr.","Dankeschön und gute Nacht, mein Herr.","Dankeschön und gute Nacht, mein Herr.","Dankeschön und gute Nacht, mein Herr.","Dankeschön und gute Nacht, mein Herr.","Dankeschön und gute Nacht, mein Herr.","Dankeschön und gute Nacht, mein Herr.","Dankeschön und gute Nacht, mein Herr.","Dankeschön und gute Nacht, mein Herr.","Dankeschön und gute Nacht, mein Herr.","Dankeschön und gute Nacht, mein Herr.","Dankeschön und gute Nacht, mein Herr.","Dankeschön und gute Nacht, mein Herr.","Dankeschön und gute Nacht, mein Herr.","Dankeschön und gute Nacht, mein Herr.",,,,,
neme_udo_aus_t_aber__herr_EcqX,likely_foreign_phrase,16,11,Aber; Herr; Gott; Geld,"foreign-lexicon hit(s): Herr, Gott | multiple preserved tokens | foreign lexicon visible in English display: gott, herr",Aber… Herr Gott! I have no Geld. How much did I drink?,Aber… Herr Gott!（但是…上帝啊 ！）我没有Geld（钱）。我喝了多少？,Aber… Herr Gott! I have no Geld. How much did I drink?,Aber… Herr Gott（但是……天啊）！我沒Geld（錢）了，我到底喝了多少？,Aber... Herr Gott! Já nemám geld. Kolik já toho už vypil?,Aber... Herr Gott! Já nemám geld. Kolik já toho už vypil?,Aber… Herr Gott! I have no geld. How much have I drunk?,Aber… Herr Gott! I have no Geld. How much did I drink?,Aber… Herr Gott! I have no Geld. How much did I drink?,Aber… Herr Gott ! Je n'ai plus de Geld. J'ai déjà tout bu ?,Aber… Herr Gott! I have no Geld. How much did I drink?,Aber … potzblitz! Ich hab kein Geld. Wie viel Bier hatte ich?,Aber… Herr Gott! I have no Geld. How much did I drink?,"Aber… Herr Gott! Gesù! Io niente Geld, soldi. Quanto ho bevuto?",Aber… Herr Gott! I have no Geld. How much did I drink?,だが…  なんてこった！  金がない  俺は<br/>いったいどれだけ飲んだんだ？,Aber… Herr Gott! I have no Geld. How much did I drink?,Aber... Herr Gott! Geld가 없잖아. 내가 얼마나 마신 거지?,Aber… Herr Gott! I have no Geld. How much did I drink?,Aber… Herr Gott! Nie mam geldu. Ile wypiłem?,Aber… Herr Gott! I have no Geld. How much did I drink?,Aber… Herr Gott! Não tenho Geld. Quanto eu bebi?,Aber… Herr Gott! I have no Geld. How much did I drink?,Aber… Herr Gott! Нет Geld. Сколько же я выпить?,Aber… Herr Gott! I have no Geld. How much did I drink?,Aber… ¡Herr Gott! No me queda Geld. ¿Cuánto he bebido?,Aber… Herr Gott! I have no Geld. How much did I drink?,Aber… Herr Gott! Bende Geld kalmamış. Ne kadar içtim ki?,Aber… Herr Gott! I have no Geld. How much did I drink?,Aber… Herr Gott! Не маю Geld. Скільки ж я випив?,Aber… Herr Gott! I have no Geld. How much did I drink?,Nhưng… Chúa ơi! Tôi không có tiền. Tôi đã uống bao nhiêu rồi?,,,,,
neme_udo_aus_t_aha__ale_m_bzaK,likely_foreign_phrase,16,11,Scheisse; meine; Frau; Warte; Tauber; Tabr-heim; Tau-se; Gott; verdammt; TAUBERBISCHOFSHEIM,"foreign-lexicon hit(s): Scheisse, Gott | multiple preserved tokens | foreign lexicon visible in English display: gott, scheisse","Scheisse, meine Frau…! Warte ab! My wife is far away in Tauber… bis… Tabr-heim… Tau-se… Gott verdammt! TAUBERBISCHOFSHEIM!","Scheisse, meine Frau（完蛋，我的妻子）…! Warte ab（等等）! 我老婆远在 Tauber（陶伯）… bis（比绍）… Tabr-heim（陶伯-海姆）… Tau-se（陶）… Gott verdammt（该死）! TAUBERBISCHOFSHEIM（陶伯比绍夫斯海姆）!","Scheisse, meine Frau…! Warte ab! My wife is far away in Tauber… bis… Tabr-heim… Tau-se… Gott verdammt! TAUBERBISCHOFSHEIM!",Scheisse（可惡），meine Frau（老婆）……！Warte ab（等等）！我的老婆遠在陶伯……比……塔伯、海姆……陶斯……Gott verdammt（該死的）！陶伯比紹夫斯海姆啦！！！,Aha... ale počkej... moje frau... moje frau taj je až v Tauber... bis... Tabr-hei-mu... Tau-se... SCHEISSE!  TAUBERBSIHOSHEIMU.,"Scheisse, meine Frau...! Warte ab! Moje žena je daleko v Tauber... bis... Tabr-heim... Tau-se... Gott verdammt! TAUBERBISCHOFSHEIM!",Aha… wait… mein frau… mein frau is all the way in Tauber… bis… Tabr-heim… Tau-se… SCHEISSE! TAUBERBISCHOFSHEIM!,"Scheisse, meine Frau…! Warte ab! My wife is far away in Tauber… bis… Tabr-heim… Tau-se… Gott verdammt! TAUBERBISCHOFSHEIM!","Scheisse, meine Frau…! Warte ab! My wife is far away in Tauber… bis… Tabr-heim… Tau-se… Gott verdammt! TAUBERBISCHOFSHEIM!","Scheisse, meine Frau… ! Warte ab ! Ma femme est très loin, à Tauber… Bis… Taber-heim… Tau-se… Gott verdammt ! TAUBERBISCHOFSHEIM !","Scheisse, meine Frau…! Warte ab! My wife is far away in Tauber… bis… Tabr-heim… Tau-se… Gott verdammt! TAUBERBISCHOFSHEIM!","Scheiße, meine Frau ist …! Moment! Meine Frau ist weit weg in Tauber… Piss… Taberheim… Tause… Gottverdammt! TAUBERBISCHOFSHEIM!","Scheisse, meine Frau…! Warte ab! My wife is far away in Tauber… bis… Tabr-heim… Tau-se… Gott verdammt! TAUBERBISCHOFSHEIM!","Scheiße, mia moglie…! Non qui! Mia moglie è lontana, in Tauber… Bis… Tabr-Heim… Tau-Se… Dannazione! TAUBERBISCHOFSHEIM!","Scheisse, meine Frau…! Warte ab! My wife is far away in Tauber… bis… Tabr-heim… Tau-se… Gott verdammt! TAUBERBISCHOFSHEIM!",くそ  女房か…！  待った！  俺の女房は<br/>遥か遠くの  タウバー…ビス…<br/>タウブハイム…  タウセ…  クソったれ！<br/>タウバービショフスハイムにいるんだぞ！,"Scheisse, meine Frau…! Warte ab! My wife is far away in Tauber… bis… Tabr-heim… Tau-se… Gott verdammt! TAUBERBISCHOFSHEIM!","Scheisse, meine Frau…! Warte ab! 아내는 저 멀리 타우베르...비스...타브르하임... 타우제... Gott verdammt! 타우베르비쇼프스하임에 있다고!","Scheisse, meine Frau…! Warte ab! My wife is far away in Tauber… bis… Tabr-heim… Tau-se… Gott verdammt! TAUBERBISCHOFSHEIM!","Scheisse, meine Frau! Warte ab! Moja żona jest daleko w Tauber… bis… Tabrheim… Tause… Gott verdammt! TAUBERBISCHOFSHEIM!","Scheisse, meine Frau…! Warte ab! My wife is far away in Tauber… bis… Tabr-heim… Tau-se… Gott verdammt! TAUBERBISCHOFSHEIM!","Scheisse, meine Frau…! Warte ab! Minha esposa tá longe em Tauber… bis… Tabr-heim… Tau-se… Gott verdammt! TAUBERBISCHOFSHEIM!","Scheisse, meine Frau…! Warte ab! My wife is far away in Tauber… bis… Tabr-heim… Tau-se… Gott verdammt! TAUBERBISCHOFSHEIM!","Scheisse, meine Frau!.. Warte ab! Моя жена есть далеко отсюда в Таубер... биш... Табр-хайм... Тау-зе... Gott verdammt! TAUBERBISCHOFSHEIM!","Scheisse, meine Frau…! Warte ab! My wife is far away in Tauber… bis… Tabr-heim… Tau-se… Gott verdammt! TAUBERBISCHOFSHEIM!","¡Scheiße, meine Frau…! ¡Warte ab! Mi esposa está lejos, in Tauber… bis… Tabr-heim… Tau-se… ¡Gott verdammt! ¡¡Tauberbischofsheim!!","Scheisse, meine Frau…! Warte ab! My wife is far away in Tauber… bis… Tabr-heim… Tau-se… Gott verdammt! TAUBERBISCHOFSHEIM!","Scheisse, meine Frau…! Warte ab! Karım uzakta Tauber... bis… Tabr-heim… Tau-se… Gott verdammt! TAUBERBISCHOFSHEIM!","Scheisse, meine Frau…! Warte ab! My wife is far away in Tauber… bis… Tabr-heim… Tau-se… Gott verdammt! TAUBERBISCHOFSHEIM!","Scheisse, meine Frau!.. Warte ab! Моя дружина далеко, в Tauber… bis… Tabr-heim… Tau-se… Gott verdammt! TAUBERBISCHOFSHEIM!","Scheisse, meine Frau…! Warte ab! My wife is far away in Tauber… bis… Tabr-heim… Tau-se… Gott verdammt! TAUBERBISCHOFSHEIM!","Chết tiệt, vợ tôi…! Chờ đã! Vợ tôi đang ở xa Tauber… đến… Tabr-heim… Tau-se… Chúa ơi! TAUBERBISCHOFSHEIM!",,,,,
o_zi_hejtman_f_mein_herr__wucU,likely_foreign_phrase,16,11,Mein; Herr; Peter; Lösegeld,"foreign-lexicon hit(s): Mein, Herr | multiple preserved tokens | foreign lexicon visible in English display: herr, mein","Mein Herr Peter, however, had to pay him a fat Lösegeld to leave us in peace.",然而，Mein Herr Peter（我的主人彼得，）不得不付他一笔高昂的Lösegeld（保护费），以保障这里的安宁。,"Mein Herr Peter, however, had to pay him a fat Lösegeld to leave us in peace.",但Mein Herr Peter（我的領主彼得）不得不支付一大筆Lösegeld（贖金），才讓他放過我們。,"Mein Herr Petr ale musel i tak zaplatit tučný Lösegeld, aby nám dali pokoj.","Mein Herr Petr, nicméně, musel i tak zaplatit tučný Lösegeld, aby nám dali pokoj.","!P Mein Herr Peter, however, had to pay him a fat Losegeld to leave us in peace.","Mein Herr Peter, however, had to pay him a fat Lösegeld to leave us in peace.","Mein Herr Peter, however, had to pay him a fat Lösegeld to leave us in peace.","Mein Herr Peter, cependant, a dû le payer cher en Lösegeld pour qu'il nous laisse en paix.","Mein Herr Peter, however, had to pay him a fat Lösegeld to leave us in peace.","Mein Herr Peter hat ihm ein fettes Lösegeld gezahlt, damit er uns in Ruhe lässt.","Mein Herr Peter, however, had to pay him a fat Lösegeld to leave us in peace.","Mein Herr Peter, però, ha dovuto pagargli un grosso Lösegeld per lasciarci in pace.","Mein Herr Peter, however, had to pay him a fat Lösegeld to leave us in peace.",だが我が主人であるピーター卿は  穏便に手を<br/>引かせるために奴に大金を払う羽目になった,"Mein Herr Peter, however, had to pay him a fat Lösegeld to leave us in peace.",하지만 Mein Herr Peter께서는 우릴 건드리지 않는 조건으로 Losegeld를 두둑하게 지불해야 했지.,"Mein Herr Peter, however, had to pay him a fat Lösegeld to leave us in peace.","Mein Herr Peter, musiał mu zapłacić sute Lösegeld, żeby dali nam spokój.","Mein Herr Peter, however, had to pay him a fat Lösegeld to leave us in peace.","Mein Herr Peter, no entanto, teve que pagar um gordo Lösegeld para ele nos deixar em paz.","Mein Herr Peter, however, had to pay him a fat Lösegeld to leave us in peace.","Mein Herr Peter, однако, вынужден был заплатить изрядный Lösegeld, чтобы нас оставили в покое.","Mein Herr Peter, however, had to pay him a fat Lösegeld to leave us in peace.",Aunque mein Herr Peter tuvo que pagarle un buen Lösegeld para que nos dejase en paz.,"Mein Herr Peter, however, had to pay him a fat Lösegeld to leave us in peace.","Mein Herr Peter, ancak, bizi rahat bırakması için ona yüklü bir Losegeld ödemek zorunda kaldı.","Mein Herr Peter, however, had to pay him a fat Lösegeld to leave us in peace.","Mein Herr Петро, утім, мусив заплатити йому жирнючий Lösegeld, щоб він нас облишив.","Mein Herr Peter, however, had to pay him a fat Lösegeld to leave us in peace.","Tuy nhiên, Mein Herr Peter (Chủ nhân Peter của tôi) đã phải trả cho hắn một khoản Lösegeld (tiền bảo kê) rất lớn để đảm bảo sự yên bình ở đây.",,,,,
opon_soldier_v_scheisse_d_bLaC,likely_foreign_phrase,16,11,Scheiße; Dafür; werde; dich; umbringen,"foreign-lexicon hit(s): Scheiße, dich | multiple preserved tokens | foreign lexicon visible in English display: dich, scheisse",Scheiße! Dafür werde ich dich umbringen!,Scheiße! Dafür werde ich dich umbringen! （操，我会杀了你！）,Scheiße! Dafür werde ich dich umbringen!,Scheiße! Dafür werde ich dich umbringen!（該死！我要殺了你！）,Scheisse! Dafür werde ich dich umbringen!,Scheiße! Dafür werde ich dich umbringen!,!P Scheisse! Dafür werde ich dich umbringen!,Scheiße! Dafür werde ich dich umbringen!,Scheiße! Dafür werde ich dich umbringen!,Scheiße! Dafür werde ich dich umbringen!,Scheiße! Dafür werde ich dich umbringen!,Scheiße! Dafür werde ich dich umbringen!,Scheiße! Dafür werde ich dich umbringen!,Scheiße! Dafür werde ich dich umbringen!,Scheiße! Dafür werde ich dich umbringen!,Scheiße! Dafür werde ich dich umbringen!,Scheiße! Dafür werde ich dich umbringen!,Scheiße! Dafür werde ich dich umbringen!,Scheiße! Dafür werde ich dich umbringen!,Scheiße! Dafür werde ich dich umbringen!,Scheiße! Dafür werde ich dich umbringen!,Scheiße! Dafür werde ich dich umbringen!,Scheiße! Dafür werde ich dich umbringen!,Scheiße! Dafür werde ich dich umbringen!,Scheiße! Dafür werde ich dich umbringen!,¡Scheiße! ¡Dafür werde ich dich umbringen!,Scheiße! Dafür werde ich dich umbringen!,Scheiße! Dafür werde ich dich umbringen!,Scheiße! Dafür werde ich dich umbringen!,Scheiße! Dafür werde ich dich umbringen!,Scheiße! Dafür werde ich dich umbringen!,Scheiße! Dafür werde ich dich umbringen!,,,,,
rozl_louceni_p_nich_viel__ILwf,likely_foreign_phrase,16,11,Nich; viel; Also; nächstes; wird; hoffentlich; besser; mein; Herr,"foreign-lexicon hit(s): mein, Herr | multiple preserved tokens | foreign lexicon visible in English display: herr, mein","Nich viel. Also nächstes mal wird es hoffentlich besser, mein Herr.","Nich viel. Also nächstes mal wird es hoffentlich besser, mein Herr.","Nich viel. Also nächstes mal wird es hoffentlich besser, mein Herr.","Nich viel. Also nächstes mal wird es hoffentlich besser, mein Herr.（算了吧，希望下次會更好，大人。）","Nich viel. Also nächstes mal wird es hoffentlich besser, mein Herr.","Nich viel. Also nächstes mal wird es hoffentlich besser, mein Herr.","!P Nich viel. Also nächstes mal wird es hoffentlich besser, mein Herr.","Nich viel. Also nächstes mal wird es hoffentlich besser, mein Herr.","Nich viel. Also nächstes mal wird es hoffentlich besser, mein Herr.","Nich viel. Also nächstes mal wird es hoffentlich besser, mein Herr.","Nich viel. Also nächstes mal wird es hoffentlich besser, mein Herr.","Nicht so wichtig. Also nächstes mal wird es hoffentlich besser, mein Herr.","Nich viel. Also nächstes mal wird es hoffentlich besser, mein Herr.","Nich viel. Also nächstes mal wird es hoffentlich besser, mein Herr.","Nich viel. Also nächstes mal wird es hoffentlich besser, mein Herr.","Nich viel. Also nächstes mal wird es hoffentlich besser, mein Herr.","Nich viel. Also nächstes mal wird es hoffentlich besser, mein Herr.","Nich viel. Also nächstes mal wird es hoffentlich besser, mein Herr.","Nich viel. Also nächstes mal wird es hoffentlich besser, mein Herr.","Nich viel. Also nächstes mal wird es hoffentlich besser, mein Herr.","Nich viel. Also nächstes mal wird es hoffentlich besser, mein Herr.","Nich viel. Also nächstes mal wird es hoffentlich besser, mein Herr.","Nich viel. Also nächstes mal wird es hoffentlich besser, mein Herr.","Nich viel. Also nächstes mal wird es hoffentlich besser, mein Herr.","Nich viel. Also nächstes mal wird es hoffentlich besser, mein Herr.","Nich viel. Also nächstes mal wird es hoffentlich besser, mein Herr.","Nich viel. Also nächstes mal wird es hoffentlich besser, mein Herr.","Nich viel. Also nächstes mal wird es hoffentlich besser, mein Herr.","Nich viel. Also nächstes mal wird es hoffentlich besser, mein Herr.","Nich viel. Also nächstes mal wird es hoffentlich besser, mein Herr.","Nich viel. Also nächstes mal wird es hoffentlich besser, mein Herr.","Nich viel. Also nächstes mal wird es hoffentlich besser, mein Herr.",,,,,
rozl_obchodnic_ausgezeich_EF9v,likely_foreign_phrase,16,11,Ausgezeichnet; hast; gutes; Geschäft; gemacht; mein; Herr; Lebe; wohl,"foreign-lexicon hit(s): mein, Herr | multiple preserved tokens | foreign lexicon visible in English display: herr, mein","Ausgezeichnet! Du hast ein gutes Geschäft gemacht, mein Herr! Lebe wohl!","Ausgezeichnet! Du hast ein gutes Geschäft gemacht, mein Herr! Lebe wohl!（太好了，先生！这真是笔好买卖！再见！）","Ausgezeichnet! Du hast ein gutes Geschäft gemacht, mein Herr! Lebe wohl!","Ausgezeichnet! Du hast ein gutes Geschäft gemacht, mein Herr! Lebe wohl!（太好了！你真是買對東西了，先生！再會啦！）","Ausgezeichnet! Du gemacht ein gutes Geschäft, mein Herr! Lebe wohl!","Ausgezeichnet! Du hast ein gutes Geschäft gemacht, mein Herr! Lebe wohl!","Ausgezeichnet! Du gemacht ein gutes Geschäft, mein Herr! Lebe wohl!","Ausgezeichnet! Du hast ein gutes Geschäft gemacht, mein Herr! Lebe wohl!","Ausgezeichnet! Du hast ein gutes Geschäft gemacht, mein Herr! Lebe wohl!","Ausgezeichnet! Du hast ein gutes Geschäft gemacht, mein Herr! Lebe wohl!","Ausgezeichnet! Du hast ein gutes Geschäft gemacht, mein Herr! Lebe wohl!","Ausgezeichnet! Du hast ein gutes Geschäft gemacht, mein Herr! Lebe wohl!","Ausgezeichnet! Du hast ein gutes Geschäft gemacht, mein Herr! Lebe wohl!","Ausgezeichnet! Du hast ein gutes Geschäft gemacht, mein Herr! Lebe wohl!","Ausgezeichnet! Du hast ein gutes Geschäft gemacht, mein Herr! Lebe wohl!","Ausgezeichnet! Du hast ein gutes Geschäft gemacht, mein Herr! Lebe wohl!","Ausgezeichnet! Du hast ein gutes Geschäft gemacht, mein Herr! Lebe wohl!","Ausgezeichnet! Du hast ein gutes Geschäft gemacht, mein Herr! Lebe wohl!","Ausgezeichnet! Du hast ein gutes Geschäft gemacht, mein Herr! Lebe wohl!","Ausgezeichnet! Du hast ein gutes Geschäft gemacht, mein Herr! Lebe wohl!","Ausgezeichnet! Du hast ein gutes Geschäft gemacht, mein Herr! Lebe wohl!","Ausgezeichnet! Du hast ein gutes Geschäft gemacht, mein Herr! Lebe wohl!","Ausgezeichnet! Du hast ein gutes Geschäft gemacht, mein Herr! Lebe wohl!","Ausgezeichnet! Du hast ein gutes Geschäft gemacht, mein Herr! Lebe wohl!","Ausgezeichnet! Du hast ein gutes Geschäft gemacht, mein Herr! Lebe wohl!","¡Ausgezeichnet! ¡Du hast ein gutes Geschäft gemacht, mein Herr! ¡Lebe wohl!","Ausgezeichnet! Du hast ein gutes Geschäft gemacht, mein Herr! Lebe wohl!","Ausgezeichnet! Du hast ein gutes Geschäft gemacht, mein Herr! Lebe wohl!","Ausgezeichnet! Du hast ein gutes Geschäft gemacht, mein Herr! Lebe wohl!","Ausgezeichnet! Du hast ein gutes Geschäft gemacht, mein Herr! Lebe wohl!","Ausgezeichnet! Du hast ein gutes Geschäft gemacht, mein Herr! Lebe wohl!","Ausgezeichnet! Du hast ein gutes Geschäft gemacht, mein Herr! Lebe wohl!",,,,,
rozl_obchodnic_ausgezeich_cgIJ,likely_foreign_phrase,16,11,Ausgezeichnet; hast; gutes; Geschäft; gemacht; mein; Freund; bald,"foreign-lexicon hit(s): mein, Freund | multiple preserved tokens | foreign lexicon visible in English display: freund, mein","Ausgezeichnet! Du hast ein gutes Geschäft gemacht, mein Freund! Bis bald!","Ausgezeichnet! Du hast ein gutes Geschäft gemacht, mein Freund! Bis bald!（太好了！这是笔好买卖，朋友！回见！）","Ausgezeichnet! Du hast ein gutes Geschäft gemacht, mein Freund! Bis bald!","Ausgezeichnet! Du hast ein gutes Geschäft gemacht, mein Freund! Bis bald!（太棒了！朋友，你真會挑！下次再見啦！）","Ausgezeichnet! Du gemacht ein gutes Geschäft, mein Freund! Bis bald!","Ausgezeichnet! Du hast ein gutes Geschäft gemacht, mein Freund! Bis bald!","Ausgezeichnet! Du gemacht ein gutes Geschäft, mein Freund! Bis bald!","Ausgezeichnet! Du hast ein gutes Geschäft gemacht, mein Freund! Bis bald!","Ausgezeichnet! Du hast ein gutes Geschäft gemacht, mein Freund! Bis bald!","Ausgezeichnet! Du hast ein gutes Geschäft gemacht, mein Freund! Bis bald!","Ausgezeichnet! Du hast ein gutes Geschäft gemacht, mein Freund! Bis bald!","Ausgezeichnet! Du hast ein gutes Geschäft gemacht, mein Freund! Bis bald!","Ausgezeichnet! Du hast ein gutes Geschäft gemacht, mein Freund! Bis bald!","Ausgezeichnet! Du hast ein gutes Geschäft gemacht, mein Freund! Bis bald!","Ausgezeichnet! Du hast ein gutes Geschäft gemacht, mein Freund! Bis bald!","Ausgezeichnet! Du hast ein gutes Geschäft gemacht, mein Freund! Bis bald!","Ausgezeichnet! Du hast ein gutes Geschäft gemacht, mein Freund! Bis bald!","Ausgezeichnet! Du hast ein gutes Geschäft gemacht, mein Freund! Bis bald!","Ausgezeichnet! Du hast ein gutes Geschäft gemacht, mein Freund! Bis bald!","Ausgezeichnet! Du hast ein gutes Geschäft gemacht, mein Freund! Bis bald!","Ausgezeichnet! Du hast ein gutes Geschäft gemacht, mein Freund! Bis bald!","Ausgezeichnet! Du hast ein gutes Geschäft gemacht, mein Freund! Bis bald!","Ausgezeichnet! Du hast ein gutes Geschäft gemacht, mein Freund! Bis bald!","Ausgezeichnet! Du hast ein gutes Geschäft gemacht, mein Freund! Bis bald!","Ausgezeichnet! Du hast ein gutes Geschäft gemacht, mein Freund! Bis bald!","¡Ausgezeichnet! ¡Du hast ein gutes Geschäft gemacht, mein Freund! ¡Bis bald!","Ausgezeichnet! Du hast ein gutes Geschäft gemacht, mein Freund! Bis bald!","Ausgezeichnet! Du hast ein gutes Geschäft gemacht, mein Freund! Bis bald!","Ausgezeichnet! Du hast ein gutes Geschäft gemacht, mein Freund! Bis bald!","Ausgezeichnet! Du hast ein gutes Geschäft gemacht, mein Freund! Bis bald!","Ausgezeichnet! Du hast ein gutes Geschäft gemacht, mein Freund! Bis bald!","Ausgezeichnet! Du hast ein gutes Geschäft gemacht, mein Freund! Bis bald!",,,,,
rozl_obchodnic_danke_das__iWvg,likely_foreign_phrase,16,11,Danke; gutes; Geschäft; mein; Herr,"foreign-lexicon hit(s): mein, Herr | multiple preserved tokens | foreign lexicon visible in English display: herr, mein","Danke. Das war ein gutes Geschäft, mein Herr!","Danke. Das war ein gutes Geschäft, mein Herr!（谢谢你先生，真是笔愉快的交易！）","Danke. Das war ein gutes Geschäft, mein Herr!","Danke. Das war ein gutes Geschäft, mein Herr!（先生謝謝你，這真是場愉快的交易！）","Danke. Das ist gutes Geschäft, mein Herr!","Danke. Das war ein gutes Geschäft, mein Herr!","Danke. Das ist gutes Geschäft, mein Herr!","Danke. Das war ein gutes Geschäft, mein Herr!","Danke. Das war ein gutes Geschäft, mein Herr!","Danke. Das war ein gutes Geschäft, mein Herr!","Danke. Das war ein gutes Geschäft, mein Herr!","Danke. Das war ein gutes Geschäft, mein Herr!","Danke. Das war ein gutes Geschäft, mein Herr!","Danke. Das war ein gutes Geschäft, mein Herr!","Danke. Das war ein gutes Geschäft, mein Herr!","Danke. Das war ein gutes Geschäft, mein Herr!","Danke. Das war ein gutes Geschäft, mein Herr!","Danke. Das war ein gutes Geschäft, mein Herr!","Danke. Das war ein gutes Geschäft, mein Herr!","Danke. Das war ein gutes Geschäft, mein Herr!","Danke. Das war ein gutes Geschäft, mein Herr!","Danke. Das war ein gutes Geschäft, mein Herr!","Danke. Das war ein gutes Geschäft, mein Herr!","Danke. Das war ein gutes Geschäft, mein Herr!","Danke. Das war ein gutes Geschäft, mein Herr!","Danke. ¡Das war ein gutes Geschäft, mein Herr!","Danke. Das war ein gutes Geschäft, mein Herr!","Danke. Das war ein gutes Geschäft, mein Herr!","Danke. Das war ein gutes Geschäft, mein Herr!","Danke. Das war ein gutes Geschäft, mein Herr!","Danke. Das war ein gutes Geschäft, mein Herr!","Danke. Das war ein gutes Geschäft, mein Herr!",,,,,
rozl_obchodnic_vielen_dan_Jbzx,likely_foreign_phrase,16,11,Vielen; Dank; eine; Freude; Geschäfte; machen; mein; Freund,"foreign-lexicon hit(s): mein, Freund | multiple preserved tokens | foreign lexicon visible in English display: freund, mein","Vielen Dank! Es war mir eine Freude, mit dir Geschäfte zu machen, mein Freund!","Vielen Dank! Es war mir eine Freude, mit dir Geschäfte zu machen, mein Freund!（非常感谢！很荣幸和你做生意，我的朋友！）","Vielen Dank! Es war mir eine Freude, mit dir Geschäfte zu machen, mein Freund!","Vielen Dank! Es war mir eine Freude, mit dir Geschäfte zu machen, mein Freund!（太感謝你了！很高興能與你做生意，朋友！）","Vielen Dank! Es war mir eine Freude, mit Dir Geschäfte zu machen, mein Freund!","Vielen Dank! Es war mir eine Freude, mit dir Geschäfte zu machen, mein Freund!","Vielen Dank! Es war mir eine Freude, mit Dir Geschäfte zu machen, mein Freund!","Vielen Dank! Es war mir eine Freude, mit dir Geschäfte zu machen, mein Freund!","Vielen Dank! Es war mir eine Freude, mit dir Geschäfte zu machen, mein Freund!","Vielen Dank! Es war mir eine Freude, mit dir Geschäfte zu machen, mein Freund!","Vielen Dank! Es war mir eine Freude, mit dir Geschäfte zu machen, mein Freund!","Vielen Dank! Es war mir eine Freude, mit dir Geschäfte zu machen, mein Freund!","Vielen Dank! Es war mir eine Freude, mit dir Geschäfte zu machen, mein Freund!","Vielen Dank! Es war mir eine Freude, mit dir Geschäfte zu machen, mein Freund!","Vielen Dank! Es war mir eine Freude, mit dir Geschäfte zu machen, mein Freund!","Vielen Dank! Es war mir eine Freude, mit dir Geschäfte zu machen, mein Freund!","Vielen Dank! Es war mir eine Freude, mit dir Geschäfte zu machen, mein Freund!","Vielen Dank! Es war mir eine Freude, mit dir Geschäfte zu machen, mein Freund!","Vielen Dank! Es war mir eine Freude, mit dir Geschäfte zu machen, mein Freund!","Vielen Dank! Es war mir eine Freude, mit dir Geschäfte zu machen, mein Freund!","Vielen Dank! Es war mir eine Freude, mit dir Geschäfte zu machen, mein Freund!","Vielen Dank! Es war mir eine Freude, mit dir Geschäfte zu machen, mein Freund!","Vielen Dank! Es war mir eine Freude, mit dir Geschäfte zu machen, mein Freund!","Vielen Dank! Es war mir eine Freude, mit dir Geschäfte zu machen, mein Freund!","Vielen Dank! Es war mir eine Freude, mit dir Geschäfte zu machen, mein Freund!","¡Vielen Dank! ¡Es war mir eine Freude, mit dir Geschäfte zu machen, mein Freund!","Vielen Dank! Es war mir eine Freude, mit dir Geschäfte zu machen, mein Freund!","Vielen Dank! Es war mir eine Freude, mit dir Geschäfte zu machen, mein Freund!","Vielen Dank! Es war mir eine Freude, mit dir Geschäfte zu machen, mein Freund!","Vielen Dank! Es war mir eine Freude, mit dir Geschäfte zu machen, mein Freund!","Vielen Dank! Es war mir eine Freude, mit dir Geschäfte zu machen, mein Freund!","Vielen Dank! Es war mir eine Freude, mit dir Geschäfte zu machen, mein Freund!",,,,,
rozl_obchodnic_vielen_dan_pTFA,likely_foreign_phrase,16,11,Vielen; Dank; eine; Freude; Geschäfte; machen; mein; Herr,"foreign-lexicon hit(s): mein, Herr | multiple preserved tokens | foreign lexicon visible in English display: herr, mein","Vielen Dank! Es war mir eine Freude, mit dir Geschäfte zu machen, mein Herr!","Vielen Dank! Es war mir eine Freude, mit dir Geschäfte zu machen, mein Herr!（十分感谢，先生！和你做生意真是荣幸！）","Vielen Dank! Es war mir eine Freude, mit dir Geschäfte zu machen, mein Herr!","Vielen Dank! Es war mir eine Freude, mit dir Geschäfte zu machen, mein Herr!（太感謝你了！很高興能與你做生意，先生！）","Vielen Dank! Es war mir eine Freude, mit Dir Geschäfte zu machen, mein Herr!","Vielen Dank! Es war mir eine Freude, mit dir Geschäfte zu machen, mein Herr!","Vielen Dank! Es war mir eine Freude, mit Dir Geschäfte zu machen, mein Herr!","Vielen Dank! Es war mir eine Freude, mit dir Geschäfte zu machen, mein Herr!","Vielen Dank! Es war mir eine Freude, mit dir Geschäfte zu machen, mein Herr!","Vielen Dank! Es war mir eine Freude, mit dir Geschäfte zu machen, mein Herr!","Vielen Dank! Es war mir eine Freude, mit dir Geschäfte zu machen, mein Herr!","Vielen Dank! Es war mir eine Freude, mit dir Geschäfte zu machen, mein Herr!","Vielen Dank! Es war mir eine Freude, mit dir Geschäfte zu machen, mein Herr!","Vielen Dank! Es war mir eine Freude, mit dir Geschäfte zu machen, mein Herr!","Vielen Dank! Es war mir eine Freude, mit dir Geschäfte zu machen, mein Herr!","Vielen Dank! Es war mir eine Freude, mit dir Geschäfte zu machen, mein Herr!","Vielen Dank! Es war mir eine Freude, mit dir Geschäfte zu machen, mein Herr!","Vielen Dank! Es war mir eine Freude, mit dir Geschäfte zu machen, mein Herr!","Vielen Dank! Es war mir eine Freude, mit dir Geschäfte zu machen, mein Herr!","Vielen Dank! Es war mir eine Freude, mit dir Geschäfte zu machen, mein Herr!","Vielen Dank! Es war mir eine Freude, mit dir Geschäfte zu machen, mein Herr!","Vielen Dank! Es war mir eine Freude, mit dir Geschäfte zu machen, mein Herr!","Vielen Dank! Es war mir eine Freude, mit dir Geschäfte zu machen, mein Herr!","Vielen Dank! Es war mir eine Freude, mit dir Geschäfte zu machen, mein Herr!","Vielen Dank! Es war mir eine Freude, mit dir Geschäfte zu machen, mein Herr!","¡Vielen Dank! ¡Es war mir eine Freude, mit dir Geschäfte zu machen, mein Herr!","Vielen Dank! Es war mir eine Freude, mit dir Geschäfte zu machen, mein Herr!","Vielen Dank! Es war mir eine Freude, mit dir Geschäfte zu machen, mein Herr!","Vielen Dank! Es war mir eine Freude, mit dir Geschäfte zu machen, mein Herr!","Vielen Dank! Es war mir eine Freude, mit dir Geschäfte zu machen, mein Herr!","Vielen Dank! Es war mir eine Freude, mit dir Geschäfte zu machen, mein Herr!","Vielen Dank! Es war mir eine Freude, mit dir Geschäfte zu machen, mein Herr!",,,,,
rozl_obchodnik_brillant_d_21ZX,likely_foreign_phrase,16,11,Ausgezeichnet; hast; gutes; Geschäft; gemacht; mein; Freund; bald,"foreign-lexicon hit(s): mein, Freund | multiple preserved tokens | foreign lexicon visible in English display: freund, mein","Ausgezeichnet! Du hast ein gutes Geschäft gemacht, mein Freund! Bis bald!","Ausgezeichnet! Du hast ein gutes Geschäft gemacht, mein Freund! Bis bald!（太好了！这是笔好买卖，朋友！回见！）","Ausgezeichnet! Du hast ein gutes Geschäft gemacht, mein Freund! Bis bald!","Ausgezeichnet! Du hast ein gutes Geschäft gemacht, mein Freund! Bis bald!（太棒了！朋友，你真會挑！下次再見啦！）","Ausgezeichnet! Du gemacht ein gutes Geschäft, mein Freund! Bis bald!","Ausgezeichnet! Du hast ein gutes Geschäft gemacht, mein Freund! Bis bald!","Ausgezeichnet! Du gemacht ein gutes Geschäft, mein Freund! Bis bald!","Ausgezeichnet! Du hast ein gutes Geschäft gemacht, mein Freund! Bis bald!","Ausgezeichnet! Du hast ein gutes Geschäft gemacht, mein Freund! Bis bald!","Ausgezeichnet! Du hast ein gutes Geschäft gemacht, mein Freund! Bis bald!","Ausgezeichnet! Du hast ein gutes Geschäft gemacht, mein Freund! Bis bald!","Ausgezeichnet! Du hast ein gutes Geschäft gemacht, mein Freund! Bis bald!","Ausgezeichnet! Du hast ein gutes Geschäft gemacht, mein Freund! Bis bald!","Ausgezeichnet! Du hast ein gutes Geschäft gemacht, mein Freund! Bis bald!","Ausgezeichnet! Du hast ein gutes Geschäft gemacht, mein Freund! Bis bald!","Ausgezeichnet! Du hast ein gutes Geschäft gemacht, mein Freund! Bis bald!","Ausgezeichnet! Du hast ein gutes Geschäft gemacht, mein Freund! Bis bald!","Ausgezeichnet! Du hast ein gutes Geschäft gemacht, mein Freund! Bis bald!","Ausgezeichnet! Du hast ein gutes Geschäft gemacht, mein Freund! Bis bald!","Ausgezeichnet! Du hast ein gutes Geschäft gemacht, mein Freund! Bis bald!","Ausgezeichnet! Du hast ein gutes Geschäft gemacht, mein Freund! Bis bald!","Ausgezeichnet! Du hast ein gutes Geschäft gemacht, mein Freund! Bis bald!","Ausgezeichnet! Du hast ein gutes Geschäft gemacht, mein Freund! Bis bald!","Ausgezeichnet! Du hast ein gutes Geschäft gemacht, mein Freund! Bis bald!","Ausgezeichnet! Du hast ein gutes Geschäft gemacht, mein Freund! Bis bald!","¡Ausgezeichnet! ¡Du hast ein gutes Geschäft gemacht, mein Freund! ¡Bis bald!","Ausgezeichnet! Du hast ein gutes Geschäft gemacht, mein Freund! Bis bald!","Ausgezeichnet! Du hast ein gutes Geschäft gemacht, mein Freund! Bis bald!","Ausgezeichnet! Du hast ein gutes Geschäft gemacht, mein Freund! Bis bald!","Ausgezeichnet! Du hast ein gutes Geschäft gemacht, mein Freund! Bis bald!","Ausgezeichnet! Du hast ein gutes Geschäft gemacht, mein Freund! Bis bald!","Ausgezeichnet! Du hast ein gutes Geschäft gemacht, mein Freund! Bis bald!",,,,,
rozl_obchodnik_brillant_d_YEds,likely_foreign_phrase,16,11,Ausgezeichnet; hast; gutes; Geschäft; gemacht; mein; Herr; Lebe; wohl,"foreign-lexicon hit(s): mein, Herr | multiple preserved tokens | foreign lexicon visible in English display: herr, mein","Ausgezeichnet! Du hast ein gutes Geschäft gemacht, mein Herr! Lebe wohl!","Ausgezeichnet! Du hast ein gutes Geschäft gemacht, mein Herr! Lebe wohl!（太好了，先生！这真是笔好买卖！再见！）","Ausgezeichnet! Du hast ein gutes Geschäft gemacht, mein Herr! Lebe wohl!","Ausgezeichnet! Du hast ein gutes Geschäft gemacht, mein Herr! Lebe wohl!（太好了！你真是買對東西了，先生！再會啦！）","Ausgezeichnet! Du gemacht ein gutes Geschäft, mein Herr! Lebe wohl!","Ausgezeichnet! Du hast ein gutes Geschäft gemacht, mein Herr! Lebe wohl!","Ausgezeichnet! Du gemacht ein gutes Geschäft, mein Herr! Lebe wohl!","Ausgezeichnet! Du hast ein gutes Geschäft gemacht, mein Herr! Lebe wohl!","Ausgezeichnet! Du hast ein gutes Geschäft gemacht, mein Herr! Lebe wohl!","Ausgezeichnet! Du hast ein gutes Geschäft gemacht, mein Herr! Lebe wohl!","Ausgezeichnet! Du hast ein gutes Geschäft gemacht, mein Herr! Lebe wohl!","Ausgezeichnet! Du hast ein gutes Geschäft gemacht, mein Herr! Lebe wohl!","Ausgezeichnet! Du hast ein gutes Geschäft gemacht, mein Herr! Lebe wohl!","Ausgezeichnet! Du hast ein gutes Geschäft gemacht, mein Herr! Lebe wohl!","Ausgezeichnet! Du hast ein gutes Geschäft gemacht, mein Herr! Lebe wohl!","Ausgezeichnet! Du hast ein gutes Geschäft gemacht, mein Herr! Lebe wohl!","Ausgezeichnet! Du hast ein gutes Geschäft gemacht, mein Herr! Lebe wohl!","Ausgezeichnet! Du hast ein gutes Geschäft gemacht, mein Herr! Lebe wohl!","Ausgezeichnet! Du hast ein gutes Geschäft gemacht, mein Herr! Lebe wohl!","Ausgezeichnet! Du hast ein gutes Geschäft gemacht, mein Herr! Lebe wohl!","Ausgezeichnet! Du hast ein gutes Geschäft gemacht, mein Herr! Lebe wohl!","Ausgezeichnet! Du hast ein gutes Geschäft gemacht, mein Herr! Lebe wohl!","Ausgezeichnet! Du hast ein gutes Geschäft gemacht, mein Herr! Lebe wohl!","Ausgezeichnet! Du hast ein gutes Geschäft gemacht, mein Herr! Lebe wohl!","Ausgezeichnet! Du hast ein gutes Geschäft gemacht, mein Herr! Lebe wohl!","¡Ausgezeichnet! ¡Du hast ein gutes Geschäft gemacht, mein Herr! ¡Lebe wohl!","Ausgezeichnet! Du hast ein gutes Geschäft gemacht, mein Herr! Lebe wohl!","Ausgezeichnet! Du hast ein gutes Geschäft gemacht, mein Herr! Lebe wohl!","Ausgezeichnet! Du hast ein gutes Geschäft gemacht, mein Herr! Lebe wohl!","Ausgezeichnet! Du hast ein gutes Geschäft gemacht, mein Herr! Lebe wohl!","Ausgezeichnet! Du hast ein gutes Geschäft gemacht, mein Herr! Lebe wohl!","Ausgezeichnet! Du hast ein gutes Geschäft gemacht, mein Herr! Lebe wohl!",,,,,
rozl_obchodnik_danke_das__xzBu,likely_foreign_phrase,16,11,Danke; gutes; Geschäft; mein; Herr,"foreign-lexicon hit(s): mein, Herr | multiple preserved tokens | foreign lexicon visible in English display: herr, mein","Danke. Das war ein gutes Geschäft, mein Herr!","Danke. Das war ein gutes Geschäft, mein Herr! （谢谢，跟你做生意真顺心，先生！）","Danke. Das war ein gutes Geschäft, mein Herr!","Danke. Das war ein gutes Geschäft, mein Herr!（先生謝謝你，這真是場愉快的交易！）","Danke. Das ist gutes Geschäft, mein Herr!","Danke. Das war ein gutes Geschäft, mein Herr!","Danke. Das ist gutes Geschäft, mein Herr!","Danke. Das war ein gutes Geschäft, mein Herr!","Danke. Das war ein gutes Geschäft, mein Herr!","Danke. Das war ein gutes Geschäft, mein Herr!","Danke. Das war ein gutes Geschäft, mein Herr!","Danke. Das war ein gutes Geschäft, mein Herr!","Danke. Das war ein gutes Geschäft, mein Herr!","Danke. Das war ein gutes Geschäft, mein Herr!","Danke. Das war ein gutes Geschäft, mein Herr!","Danke. Das war ein gutes Geschäft, mein Herr!","Danke. Das war ein gutes Geschäft, mein Herr!","Danke. Das war ein gutes Geschäft, mein Herr!","Danke. Das war ein gutes Geschäft, mein Herr!","Danke. Das war ein gutes Geschäft, mein Herr!","Danke. Das war ein gutes Geschäft, mein Herr!","Danke. Das war ein gutes Geschäft, mein Herr!","Danke. Das war ein gutes Geschäft, mein Herr!","Danke. Das war ein gutes Geschäft, mein Herr!","Danke. Das war ein gutes Geschäft, mein Herr!","Danke. ¡Das war ein gutes Geschäft, mein Herr!","Danke. Das war ein gutes Geschäft, mein Herr!","Danke. Das war ein gutes Geschäft, mein Herr!","Danke. Das war ein gutes Geschäft, mein Herr!","Danke. Das war ein gutes Geschäft, mein Herr!","Danke. Das war ein gutes Geschäft, mein Herr!","Danke. Das war ein gutes Geschäft, mein Herr!",,,,,
rozl_obchodnik_vielen_dan_QDLF,likely_foreign_phrase,16,11,Vielen; Dank; eine; Freude; Geschäfte; machen; mein; Herr,"foreign-lexicon hit(s): mein, Herr | multiple preserved tokens | foreign lexicon visible in English display: herr, mein","Vielen Dank! Es war mir eine Freude, mit dir Geschäfte zu machen, mein Herr!","Vielen Dank! Es war mir eine Freude, mit dir Geschäfte zu machen, mein Herr!（十分感谢，先生！和你做生意真是荣幸！）","Vielen Dank! Es war mir eine Freude, mit dir Geschäfte zu machen, mein Herr!","Vielen Dank! Es war mir eine Freude, mit dir Geschäfte zu machen, mein Herr!（太感謝你了！很高興能與你做生意，先生！）","Vielen Dank! Es war mir eine Freude, mit Dir Geschäfte zu machen, mein Herr!","Vielen Dank! Es war mir eine Freude, mit dir Geschäfte zu machen, mein Herr!","Vielen Dank! Es war mir eine Freude, mit Dir Geschäfte zu machen, mein Herr!","Vielen Dank! Es war mir eine Freude, mit dir Geschäfte zu machen, mein Herr!","Vielen Dank! Es war mir eine Freude, mit dir Geschäfte zu machen, mein Herr!","Vielen Dank! Es war mir eine Freude, mit dir Geschäfte zu machen, mein Herr!","Vielen Dank! Es war mir eine Freude, mit dir Geschäfte zu machen, mein Herr!","Vielen Dank! Es war mir eine Freude, mit dir Geschäfte zu machen, mein Herr!","Vielen Dank! Es war mir eine Freude, mit dir Geschäfte zu machen, mein Herr!","Vielen Dank! Es war mir eine Freude, mit dir Geschäfte zu machen, mein Herr!","Vielen Dank! Es war mir eine Freude, mit dir Geschäfte zu machen, mein Herr!","Vielen Dank! Es war mir eine Freude, mit dir Geschäfte zu machen, mein Herr!","Vielen Dank! Es war mir eine Freude, mit dir Geschäfte zu machen, mein Herr!","Vielen Dank! Es war mir eine Freude, mit dir Geschäfte zu machen, mein Herr!","Vielen Dank! Es war mir eine Freude, mit dir Geschäfte zu machen, mein Herr!","Vielen Dank! Es war mir eine Freude, mit dir Geschäfte zu machen, mein Herr!","Vielen Dank! Es war mir eine Freude, mit dir Geschäfte zu machen, mein Herr!","Vielen Dank! Es war mir eine Freude, mit dir Geschäfte zu machen, mein Herr!","Vielen Dank! Es war mir eine Freude, mit dir Geschäfte zu machen, mein Herr!","Vielen Dank! Es war mir eine Freude, mit dir Geschäfte zu machen, mein Herr!","Vielen Dank! Es war mir eine Freude, mit dir Geschäfte zu machen, mein Herr!","¡Vielen Dank! ¡Es war mir eine Freude, mit dir Geschäfte zu machen, mein Herr!","Vielen Dank! Es war mir eine Freude, mit dir Geschäfte zu machen, mein Herr!","Vielen Dank! Es war mir eine Freude, mit dir Geschäfte zu machen, mein Herr!","Vielen Dank! Es war mir eine Freude, mit dir Geschäfte zu machen, mein Herr!","Vielen Dank! Es war mir eine Freude, mit dir Geschäfte zu machen, mein Herr!","Vielen Dank! Es war mir eine Freude, mit dir Geschäfte zu machen, mein Herr!","Vielen Dank! Es war mir eine Freude, mit dir Geschäfte zu machen, mein Herr!",,,,,
rozl_obchodnik_vielen_dan_zax4,likely_foreign_phrase,16,11,Vielen; Dank; eine; Freude; Geschäfte; machen; mein; Freund,"foreign-lexicon hit(s): mein, Freund | multiple preserved tokens | foreign lexicon visible in English display: freund, mein","Vielen Dank! Es war mir eine Freude, mit dir Geschäfte zu machen, mein Freund!","Vielen Dank! Es war mir eine Freude, mit dir Geschäfte zu machen, mein Freund!（非常感谢！很荣幸和你做生意，我的朋友！）","Vielen Dank! Es war mir eine Freude, mit dir Geschäfte zu machen, mein Freund!","Vielen Dank! Es war mir eine Freude, mit dir Geschäfte zu machen, mein Freund!（太感謝你了！很高興能與你做生意，朋友！）","Vielen Dank! Es war mir eine Freude, mit Dir Geschäfte zu machen, mein Freund!","Vielen Dank! Es war mir eine Freude, mit dir Geschäfte zu machen, mein Freund!","Vielen Dank! Es war mir eine Freude, mit Dir Geschäfte zu machen, mein Freund!","Vielen Dank! Es war mir eine Freude, mit dir Geschäfte zu machen, mein Freund!","Vielen Dank! Es war mir eine Freude, mit dir Geschäfte zu machen, mein Freund!","Vielen Dank! Es war mir eine Freude, mit dir Geschäfte zu machen, mein Freund!","Vielen Dank! Es war mir eine Freude, mit dir Geschäfte zu machen, mein Freund!","Vielen Dank! Es war mir eine Freude, mit dir Geschäfte zu machen, mein Freund!","Vielen Dank! Es war mir eine Freude, mit dir Geschäfte zu machen, mein Freund!","Vielen Dank! Es war mir eine Freude, mit dir Geschäfte zu machen, mein Freund!","Vielen Dank! Es war mir eine Freude, mit dir Geschäfte zu machen, mein Freund!","Vielen Dank! Es war mir eine Freude, mit dir Geschäfte zu machen, mein Freund!","Vielen Dank! Es war mir eine Freude, mit dir Geschäfte zu machen, mein Freund!","Vielen Dank! Es war mir eine Freude, mit dir Geschäfte zu machen, mein Freund!","Vielen Dank! Es war mir eine Freude, mit dir Geschäfte zu machen, mein Freund!","Vielen Dank! Es war mir eine Freude, mit dir Geschäfte zu machen, mein Freund!","Vielen Dank! Es war mir eine Freude, mit dir Geschäfte zu machen, mein Freund!","Vielen Dank! Es war mir eine Freude, mit dir Geschäfte zu machen, mein Freund!","Vielen Dank! Es war mir eine Freude, mit dir Geschäfte zu machen, mein Freund!","Vielen Dank! Es war mir eine Freude, mit dir Geschäfte zu machen, mein Freund!","Vielen Dank! Es war mir eine Freude, mit dir Geschäfte zu machen, mein Freund!","¡Vielen Dank! ¡Es war mir eine Freude, mit dir Geschäfte zu machen, mein Freund!","Vielen Dank! Es war mir eine Freude, mit dir Geschäfte zu machen, mein Freund!","Vielen Dank! Es war mir eine Freude, mit dir Geschäfte zu machen, mein Freund!","Vielen Dank! Es war mir eine Freude, mit dir Geschäfte zu machen, mein Freund!","Vielen Dank! Es war mir eine Freude, mit dir Geschäfte zu machen, mein Freund!","Vielen Dank! Es war mir eine Freude, mit dir Geschäfte zu machen, mein Freund!","Vielen Dank! Es war mir eine Freude, mit dir Geschäfte zu machen, mein Freund!",,,,,
s_kl_cechmistr_mein_gott__3nm3,likely_foreign_phrase,16,11,Mein; Gott; Maleshov; Mesoles,"foreign-lexicon hit(s): Mein, Gott | multiple preserved tokens | foreign lexicon visible in English display: gott, mein","Mein Gott, I can’t remember what it’s called now, but you go there from Maleshov towards Mesoles.",Mein Gott（我的天），我现在怎么也想不起来叫什么了，但你从马列索夫往梅索莱斯走就能到。,"Mein Gott, I can’t remember what it’s called now, but you go there from Maleshov towards Mesoles.",Mein Gott（我的天啊），我突然想不起名字了，但從馬萊紹夫往梅索勒斯方向走會經過那裡。,"Mein Gott, teď si nevzpomenu jak se jmenuje, ale jede se tudy z Malešova do Mezholez.","Mein Gott, teď si nevzpomenu, jak se jmenuje, ale jede se tudy z Malešova do Mezholez.","Mein Gott, I can’t remember what it’s called now, but you go there from Malešov towards Mezholezy.","Mein Gott, I can’t remember what it’s called now, but you go there from Maleshov towards Mesoles.","Mein Gott, I can’t remember what it’s called now, but you go there from Maleshov towards Mesoles.","Mein Gott, impossible de me rappeler leur nom, mais tu les trouveras sur la route qui relie Malechov à Mesoles.","Mein Gott, I can’t remember what it’s called now, but you go there from Maleshov towards Mesoles.","Ach, ich erinnere mich nicht an den Namen, aber man kommt auf dem Weg von Maleschau nach Mesoles dran vorbei.","Mein Gott, I can’t remember what it’s called now, but you go there from Maleshov towards Mesoles.","Mein Gott, non ricordo più come si chiama il posto, ma ci si arriva da Maleshov andando verso Mesoles.","Mein Gott, I can’t remember what it’s called now, but you go there from Maleshov towards Mesoles.",ああ  ダメだ…  名前は思い出せない  だが<br/>マレショフからメゾレスへ向かう道のそばに<br/>あるはずだ,"Mein Gott, I can’t remember what it’s called now, but you go there from Maleshov towards Mesoles.","Mein Gott, 지금은 뭐라고 불리는지 기억이 나질 않는군. 하지만 말레쇼프에서 메졸레스 방향으로 가는 길에 있네.","Mein Gott, I can’t remember what it’s called now, but you go there from Maleshov towards Mesoles.","Mein Gott, nie pomnę teraz, jak się zwą, ale to po drodze z Maleszowa na Mezholezy.","Mein Gott, I can’t remember what it’s called now, but you go there from Maleshov towards Mesoles.","Mein Gott, não consigo lembrar o nome agora, mas fica no caminho de Maleshov a Mesoles.","Mein Gott, I can’t remember what it’s called now, but you go there from Maleshov towards Mesoles.","Mein Gott, я не помню, как это место зовется, но ты туда идешь от Малешова к Межолезам.","Mein Gott, I can’t remember what it’s called now, but you go there from Maleshov towards Mesoles.","Mein Gott, ahora mismo no recuerdo el nombre, pero están en el camino entre Malešov y Mesoles.","Mein Gott, I can’t remember what it’s called now, but you go there from Maleshov towards Mesoles.","Mein Gott, şimdi adını hatırlayamıyorum ama Maleshov’dan Mesoles’e giden yoldan gidiliyor.","Mein Gott, I can’t remember what it’s called now, but you go there from Maleshov towards Mesoles.","Mein Gott, не пригадую, як воно зараз називається, це десь на шляху з Малешова до Мезголез.","Mein Gott, I can’t remember what it’s called now, but you go there from Maleshov towards Mesoles.","Lạy Chúa tôi, tôi không nhớ tên nó là gì, nhưng đi từ Malešov về phía Mesoles là đến.",,,,,
zena_zena_pron_rada_sem_t_HzBg,likely_foreign_phrase,16,11,Dankeschön; gute; Nacht; mein; Herr,"foreign-lexicon hit(s): mein, Herr | multiple preserved tokens | foreign lexicon visible in English display: herr, mein","Dankeschön und gute Nacht, mein Herr.","Dankeschön und gute Nacht, mein Herr.","Dankeschön und gute Nacht, mein Herr.","Dankeschön und gute Nacht, mein Herr.","Danke schön und gute Nacht, mein Herr.","Danke schön und gute Nacht, mein Herr.","!P Danke schön und gute Nacht, mein Herr.","Dankeschön und gute Nacht, mein Herr.","Dankeschön und gute Nacht, mein Herr.","Dankeschön und gute Nacht, mein Herr.","Dankeschön und gute Nacht, mein Herr.","Dankeschön und gute Nacht, mein Herr.","Dankeschön und gute Nacht, mein Herr.","Dankeschön und gute Nacht, mein Herr.","Dankeschön und gute Nacht, mein Herr.","Dankeschön und gute Nacht, mein Herr.","Dankeschön und gute Nacht, mein Herr.","Dankeschön und gute Nacht, mein Herr.","Dankeschön und gute Nacht, mein Herr.","Dankeschön und gute Nacht, mein Herr.","Dankeschön und gute Nacht, mein Herr.","Dankeschön und gute Nacht, mein Herr.","Dankeschön und gute Nacht, mein Herr.","Dankeschön und gute Nacht, mein Herr.","Dankeschön und gute Nacht, mein Herr.","Dankeschön und gute Nacht, mein Herr.","Dankeschön und gute Nacht, mein Herr.","Dankeschön und gute Nacht, mein Herr.","Dankeschön und gute Nacht, mein Herr.","Dankeschön und gute Nacht, mein Herr.","Dankeschön und gute Nacht, mein Herr.","Dankeschön und gute Nacht, mein Herr.",,,,,
comb_hejtman_f_a_ted_si_t_6sEe,likely_foreign_phrase,15,10,jetzt; mein; Freund,"foreign-lexicon hit(s): mein, Freund | multiple preserved tokens | foreign lexicon visible in English display: freund, mein","Und jetzt … Come try it out a few times, mein Freund.",Und jetzt（那么现在）…来试试吧，多试几次，mein Freund（我的朋友）。,"Und jetzt … Come try it out a few times, mein Freund.",Und jetzt（現在）……換你來試幾次吧，mein Freund（老兄）。,"Und jetzt... si to pojď párkrát vyzkoušet, mein Freunde.","Und jetzt... si to pojď párkrát vyzkoušet, mein Freund.","!P Und jetzt... Come try it out a few times, mein Freunde.","Und jetzt … Come try it out a few times, mein Freund.","Und jetzt … Come try it out a few times, mein Freund.","Und jetzt… Viens essayer ça à plusieurs reprises, mein Freund.","Und jetzt … Come try it out a few times, mein Freund.","Und jetzt … Komm, mein Freund, versuch es ein paar Mal.","Und jetzt … Come try it out a few times, mein Freund.","Und jetzt… Provaci tu un paio di volte, junger Mann.","Und jetzt … Come try it out a few times, mein Freund.",さっそく試してみるといい  やってみろ,"Und jetzt … Come try it out a few times, mein Freund.","Und jetzt... 와서 몇 번 직접 해 보자고, mein Freund.","Und jetzt … Come try it out a few times, mein Freund.","Und jetzt... spróbuj parę razy, mein Freund.","Und jetzt … Come try it out a few times, mein Freund.","Und jetzt… Venha tentar umas vezes, mein Freund.","Und jetzt … Come try it out a few times, mein Freund.","Und jetzt… Теперь пробуй ты, mein Freund.","Und jetzt … Come try it out a few times, mein Freund.","Und jetzt… Probad unas cuantas veces, mein Freund.","Und jetzt … Come try it out a few times, mein Freund.","Und jetzt… Gelip birkaç kez dene, mein Freund.","Und jetzt … Come try it out a few times, mein Freund.","Und jetzt… спробуй повторити кілька разів, mein Freund.","Und jetzt … Come try it out a few times, mein Freund.",Cậu hãy thử ngay đi. Làm đi.,,,,,
endi_rozloucen_tschuss_me_QbOF,likely_foreign_phrase,15,10,Tschüss; mein; Freund,"foreign-lexicon hit(s): mein, Freund | multiple preserved tokens | foreign lexicon visible in English display: freund, mein","Tschüss, mein Freund!","Tschüss, mein Freund!","Tschüss, mein Freund!","Tschüss, mein Freund!","Tschüss, mein Freund!","Tschüss, mein Freund!","!P Tschuss, mein Freund!","Tschüss, mein Freund!","Tschüss, mein Freund!","Tschüss, mein Freund!","Tschüss, mein Freund!","Tschüss, mein Freund!","Tschüss, mein Freund!","Tschüss, mein Freund!","Tschüss, mein Freund!","Tschüss, mein Freund!","Tschüss, mein Freund!","Tschüss, mein Freund!","Tschüss, mein Freund!","Tschüss, mein Freund!","Tschüss, mein Freund!","Tschüss, mein Freund!","Tschüss, mein Freund!","Tschüss, mein Freund!","Tschüss, mein Freund!","¡Tschüss, mein Freund!","Tschüss, mein Freund!","Tschüss, mein Freund!","Tschüss, mein Freund!","Tschüss, mein Freund!","Tschüss, mein Freund!","Tschüss, mein Freund!",,,,,
endi_rozloucen_tschuss_me_voap,likely_foreign_phrase,15,10,Tschüss; mein; Freund,"foreign-lexicon hit(s): mein, Freund | multiple preserved tokens | foreign lexicon visible in English display: freund, mein","Tschüss, mein Freund!","Tschüss, mein Freund!","Tschüss, mein Freund!","Tschüss, mein Freund!","Tschüss, mein Freund!","Tschüss, mein Freund!","!P Tschuss, mein Freund!","Tschüss, mein Freund!","Tschüss, mein Freund!","Tschüss, mein Freund!","Tschüss, mein Freund!","Tschüss, mein Freund!","Tschüss, mein Freund!","Tschüss, mein Freund!","Tschüss, mein Freund!","Tschüss, mein Freund!","Tschüss, mein Freund!","Tschüss, mein Freund!","Tschüss, mein Freund!","Tschüss, mein Freund!","Tschüss, mein Freund!","Tschüss, mein Freund!","Tschüss, mein Freund!","Tschüss, mein Freund!","Tschüss, mein Freund!","¡Tschüss, mein Freund!","Tschüss, mein Freund!","Tschüss, mein Freund!","Tschüss, mein Freund!","Tschüss, mein Freund!","Tschüss, mein Freund!","Tschüss, mein Freund!",,,,,
gree_obchodnic_was_mochte_I2R2,likely_foreign_phrase,15,10,möchtest; mein; Herr,"foreign-lexicon hit(s): mein, Herr | multiple preserved tokens | foreign lexicon visible in English display: herr, mein","Was möchtest du, mein Herr?","Was möchtest du, mein Herr?（你想买什么，先生？）","Was möchtest du, mein Herr?","Was möchtest du, mein Herr?（先生，你想買什麼？）","Was möchten Sie, mein Herr?","Was möchtest du, mein Herr?","Was möchten Sie, mein Herr?","Was möchtest du, mein Herr?","Was möchtest du, mein Herr?","Was möchtest du, mein Herr?","Was möchtest du, mein Herr?","Was möchtest du, mein Herr?","Was möchtest du, mein Herr?","Was möchtest du, mein Herr?","Was möchtest du, mein Herr?","Was möchtest du, mein Herr?","Was möchtest du, mein Herr?","Was möchtest du, mein Herr?","Was möchtest du, mein Herr?","Was möchtest du, mein Herr?","Was möchtest du, mein Herr?","Was möchtest du, mein Herr?","Was möchtest du, mein Herr?","Was möchtest du, mein Herr?","Was möchtest du, mein Herr?","¿Was möchtest du, mein Herr?","Was möchtest du, mein Herr?","Was möchtest du, mein Herr?","Was möchtest du, mein Herr?","Was möchtest du, mein Herr?","Was möchtest du, mein Herr?","Was möchtest du, mein Herr?",,,,,
gree_obchodnic_was_mochte_U4AJ,likely_foreign_phrase,15,10,möchtest; mein; Freund,"foreign-lexicon hit(s): mein, Freund | multiple preserved tokens | foreign lexicon visible in English display: freund, mein","Was möchtest du, mein Freund?","Was möchtest du, mein Freund?（想买点什么，朋友？）","Was möchtest du, mein Freund?","Was möchtest du, mein Freund?（我的朋友，請問你想買什麼嗎？）","Was möchten Sie, mein Freund?","Was möchtest du, mein Freund?","Was möchten Sie, mein Freund?","Was möchtest du, mein Freund?","Was möchtest du, mein Freund?","Was möchtest du, mein Freund?","Was möchtest du, mein Freund?","Was möchtest du, mein Freund?","Was möchtest du, mein Freund?","Was möchtest du, mein Freund?","Was möchtest du, mein Freund?","Was möchtest du, mein Freund?","Was möchtest du, mein Freund?","Was möchtest du, mein Freund?","Was möchtest du, mein Freund?","Was möchtest du, mein Freund?","Was möchtest du, mein Freund?","Was möchtest du, mein Freund?","Was möchtest du, mein Freund?","Was möchtest du, mein Freund?","Was möchtest du, mein Freund?","¿Was möchtest du, mein Freund?","Was möchtest du, mein Freund?","Was möchtest du, mein Freund?","Was möchtest du, mein Freund?","Was möchtest du, mein Freund?","Was möchtest du, mein Freund?","Was möchtest du, mein Freund?",,,,,
gree_obchodnic_was_wunsch_x0F1,likely_foreign_phrase,15,10,wünschst; mein; Freund,"foreign-lexicon hit(s): mein, Freund | multiple preserved tokens | foreign lexicon visible in English display: freund, mein","Was wünschst du, mein Freund?","Was wünscht du, mein Freund?（朋友，想要点什么？）","Was wünschst du, mein Freund?","Was wünscht du, mein Freund?（我的朋友，你想買啥？）","Was wünscht du, mein Freund?","Was wünschst du, mein Freund?","Was wünscht du, mein Freund?","Was wünschst du, mein Freund?","Was wünschst du, mein Freund?","Was wünscht du, mein Freund?","Was wünschst du, mein Freund?","Was wünschst du, mein Freund?","Was wünschst du, mein Freund?","Was wünscht du, mein Freund?","Was wünschst du, mein Freund?","Was wünscht du, mein Freund?","Was wünschst du, mein Freund?","Was wünscht du, mein Freund?","Was wünschst du, mein Freund?","Was wünscht du, mein Freund?","Was wünschst du, mein Freund?","Was wünscht du, mein Freund?","Was wünschst du, mein Freund?","Was wünschst du, mein Freund?","Was wünschst du, mein Freund?","¿Was wünscht du, mein Freund?","Was wünschst du, mein Freund?","Was wünschst du, mein Freund?","Was wünschst du, mein Freund?","Was wünschst du, mein Freund?","Was wünschst du, mein Freund?","Was wünschst du, mein Freund?",,,,,
gree_obchodnik_was_mochte_FHwN,likely_foreign_phrase,15,10,möchtest; mein; Herr,"foreign-lexicon hit(s): mein, Herr | multiple preserved tokens | foreign lexicon visible in English display: herr, mein","Was möchtest du, mein Herr?","Was möchtest du, mein Herr?（你需要什么，先生？）","Was möchtest du, mein Herr?","Was möchten du, mein Herr?（先生，請問你想買什麼嗎？）","Was möchten Sie, mein Herr?","Was möchtest du, mein Herr?","Was möchten Sie, mein Herr?","Was möchtest du, mein Herr?","Was möchtest du, mein Herr?","Was möchtest du, mein Herr?","Was möchtest du, mein Herr?","Was möchtest du, mein Herr?","Was möchtest du, mein Herr?","Was möchtest du, mein Herr?","Was möchtest du, mein Herr?","Was möchtest du, mein Herr?","Was möchtest du, mein Herr?","Was möchtest du, mein Herr?","Was möchtest du, mein Herr?","Was möchtest du, mein Herr?","Was möchtest du, mein Herr?","Was möchtest du, mein Herr?","Was möchtest du, mein Herr?","Was möchtest du, mein Herr?","Was möchtest du, mein Herr?","¿Was möchtest du, mein Herr?","Was möchtest du, mein Herr?","Was möchtest du, mein Herr?","Was möchtest du, mein Herr?","Was möchtest du, mein Herr?","Was möchtest du, mein Herr?","Was möchtest du, mein Herr?",,,,,
gree_obchodnik_was_mochte_nAjn,likely_foreign_phrase,15,10,möchtest; mein; Freund,"foreign-lexicon hit(s): mein, Freund | multiple preserved tokens | foreign lexicon visible in English display: freund, mein","Was möchtest du, mein Freund?","Was möchtest du, mein Freund?（想买点什么，朋友？）","Was möchtest du, mein Freund?","Was möchtest du, mein Freund?（朋友，你想要買什麼？）","Was möchten Sie, mein Freund?","Was möchtest du, mein Freund?","Was möchten Sie, mein Freund?","Was möchtest du, mein Freund?","Was möchtest du, mein Freund?","Was möchtest du, mein Freund?","Was möchtest du, mein Freund?","Was möchtest du, mein Freund?","Was möchtest du, mein Freund?","Was möchtest du, mein Freund?","Was möchtest du, mein Freund?","Was möchtest du, mein Freund?","Was möchtest du, mein Freund?","Was möchtest du, mein Freund?","Was möchtest du, mein Freund?","Was möchtest du, mein Freund?","Was möchtest du, mein Freund?","Was möchtest du, mein Freund?","Was möchtest du, mein Freund?","Was möchtest du, mein Freund?","Was möchtest du, mein Freund?","¿Was möchtest du, mein Freund?","Was möchtest du, mein Freund?","Was möchtest du, mein Freund?","Was möchtest du, mein Freund?","Was möchtest du, mein Freund?","Was möchtest du, mein Freund?","Was möchtest du, mein Freund?",,,,,
gree_obchodnik_was_wunsch_1Vpa,likely_foreign_phrase,15,10,wünschst; mein; Freund,"foreign-lexicon hit(s): mein, Freund | multiple preserved tokens | foreign lexicon visible in English display: freund, mein","Was wünschst du, mein Freund?","Was wünschst du, mein Freund?（想要点什么，我的朋友？）","Was wünschst du, mein Freund?","Was wünschst du, mein Freund?（我的朋友，你想找什麼？）","Was wünscht du, mein Freund?","Was wünschst du, mein Freund?","Was wünscht du, mein Freund?","Was wünschst du, mein Freund?","Was wünschst du, mein Freund?","Was wünschst du, mein Freund?","Was wünschst du, mein Freund?","Was möchtest du, mein Freund?","Was wünschst du, mein Freund?","Was wünschst du, mein Freund?","Was wünschst du, mein Freund?","Was wünschst du, mein Freund?","Was wünschst du, mein Freund?","Was wünschst du, mein Freund?","Was wünschst du, mein Freund?","Was wünschst du, mein Freund?","Was wünschst du, mein Freund?","Was wünschst du, mein Freund?","Was wünschst du, mein Freund?","Was wünschst du, mein Freund?","Was wünschst du, mein Freund?","¿Was wünschst du, mein Freund?","Was wünschst du, mein Freund?","Was wünschst du, mein Freund?","Was wünschst du, mein Freund?","Was wünschst du, mein Freund?","Was wünschst du, mein Freund?","Was wünschst du, mein Freund?",,,,,
gree_obchodnik_was_wunsch_LXKv,likely_foreign_phrase,15,10,wünschst; mein; Herr,"foreign-lexicon hit(s): mein, Herr | multiple preserved tokens | foreign lexicon visible in English display: herr, mein","Was wünschst du, mein Herr?","Was wünschst du, mein Herr?（你想买些什么，先生？）","Was wünschst du, mein Herr?","Was wünschst du, mein Herr?（先生，請問你想買些什麼？）","Was wünscht du, mein Herr?","Was wünschst du, mein Herr?","Was wünscht du, mein Herr?","Was wünschst du, mein Herr?","Was wünschst du, mein Herr?","Was wünschst du, mein Herr?","Was wünschst du, mein Herr?","Was wünschst du, mein Herr?","Was wünschst du, mein Herr?","Was wünschst du, mein Herr?","Was wünschst du, mein Herr?","Was wünschst du, mein Herr?","Was wünschst du, mein Herr?","Was wünschst du, mein Herr?","Was wünschst du, mein Herr?","Was wünschst du, mein Herr?","Was wünschst du, mein Herr?","Was wünschst du, mein Herr?","Was wünschst du, mein Herr?","Was wünschst du, mein Herr?","Was wünschst du, mein Herr?","¿Was wünschst du, mein Herr?","Was wünschst du, mein Herr?","Was wünschst du, mein Herr?","Was wünschst du, mein Herr?","Was wünschst du, mein Herr?","Was wünschst du, mein Herr?","Was wünschst du, mein Herr?",,,,,
gree_pozdrav_n_gruss_du_s_Jdkc,likely_foreign_phrase,15,10,Mein; Gott; stinkst; ziemlich; weißt,"foreign-lexicon hit(s): Mein, Gott | multiple preserved tokens | foreign lexicon visible in English display: gott, mein",,"!P Mein Gott... Du stinkst ziemlich, weißt du das?",,"!P Mein Gott... Du stinkst ziemlich, weißt du das?","Mein Gott... Du stinkst ziemlich, weißt du das?","Mein Gott... Du stinkst ziemlich, weißt du das?","!P Mein Gott... Du stinkst ziemlich, weißt du das?","!P Mein Gott... Du stinkst ziemlich, weißt du das?",,"!P Mein Gott... Du stinkst ziemlich, weißt du das?",,"!P Mein Gott... Du stinkst ziemlich, weißt du das?",,"!P Mein Gott... Du stinkst ziemlich, weißt du das?",,"!P Mein Gott... Du stinkst ziemlich, weißt du das?",,"!P Mein Gott... Du stinkst ziemlich, weißt du das?",,"!P Mein Gott... Du stinkst ziemlich, weißt du das?",,"!P Mein Gott... Du stinkst ziemlich, weißt du das?",,"!P Mein Gott... Du stinkst ziemlich, weißt du das?",,"!P Mein Gott... Du stinkst ziemlich, weißt du das?",,"!P Mein Gott... Du stinkst ziemlich, weißt du das?",,"!P Mein Gott... Du stinkst ziemlich, weißt du das?",,"!P Mein Gott... Du stinkst ziemlich, weißt du das?",,,,,
gree_pozdrav_n_gruss_gott_O07K,likely_foreign_phrase,15,10,Grüß; Gott; Freund,"foreign-lexicon hit(s): Gott, Freund | multiple preserved tokens | foreign lexicon visible in English display: freund, gott","Grüß Gott, Freund!","Grüss Gott, Mann!","Grüß Gott, Freund!","Grüß Gott, Freund!","Grüss Gott, Mann!","Grüß Gott, Freund!","!P Grüss Gott, Mann!","Grüß Gott, Freund!","Grüß Gott, Freund!","Grüß Gott, Freund!","Grüß Gott, Freund!","Grüß Gott, Freund!","Grüß Gott, Freund!","Grüß Gott, Freund!","Grüß Gott, Freund!","Grüß Gott, Freund!","Grüß Gott, Freund!","Grüss Gott, Mann!","Grüß Gott, Freund!","Grüss Gott, Mann!","Grüß Gott, Freund!","Grüß Gott, Freund!","Grüß Gott, Freund!","Grüss Gott, Mann!","Grüß Gott, Freund!","¡Grüß Gott, Freund!","Grüß Gott, Freund!","Grüß Gott, Freund!","Grüß Gott, Freund!","Grüß Gott, Freund!","Grüß Gott, Freund!","Grüss Gott, Mann!",,,,,
gree_pozdrav_n_mein_gott__JSU5,likely_foreign_phrase,15,10,Mein; Gott; Womit; belästigst; mich,"foreign-lexicon hit(s): Mein, Gott | multiple preserved tokens | foreign lexicon visible in English display: gott, mein",,!P Mein Gott! Womit belästigst du mich?,,!P Mein Gott! Womit belästigst du mich?,Mein Gott! Womit belästigst du mich?,Mein Gott! Womit belästigst du mich?,!P Mein Gott! Womit belästigst du mich?,!P Mein Gott! Womit belästigst du mich?,,!P Mein Gott! Womit belästigst du mich?,,!P Mein Gott! Womit belästigst du mich?,,!P Mein Gott! Womit belästigst du mich?,,!P Mein Gott! Womit belästigst du mich?,,!P Mein Gott! Womit belästigst du mich?,,!P Mein Gott! Womit belästigst du mich?,,!P Mein Gott! Womit belästigst du mich?,,!P Mein Gott! Womit belästigst du mich?,,!P Mein Gott! Womit belästigst du mich?,,!P Mein Gott! Womit belästigst du mich?,,!P Mein Gott! Womit belästigst du mich?,,!P Mein Gott! Womit belästigst du mich?,,,,,
gree_pozdrav_n_mein_gott__fgHV,likely_foreign_phrase,15,10,Mein; Gott; stinkst; ziemlich; weißt,"foreign-lexicon hit(s): Mein, Gott | multiple preserved tokens | foreign lexicon visible in English display: gott, mein",,"!P Mein Gott... Du stinkst ziemlich, weißt du das?",,"!P Mein Gott... Du stinkst ziemlich, weißt du das?","Mein Gott... Du stinkst ziemlich, weißt du das?","Mein Gott... Du stinkst ziemlich, weißt du das?","!P Mein Gott... Du stinkst ziemlich, weißt du das?","!P Mein Gott... Du stinkst ziemlich, weißt du das?",,"!P Mein Gott... Du stinkst ziemlich, weißt du das?",,"!P Mein Gott... Du stinkst ziemlich, weißt du das?",,"!P Mein Gott... Du stinkst ziemlich, weißt du das?",,"!P Mein Gott... Du stinkst ziemlich, weißt du das?",,"!P Mein Gott... Du stinkst ziemlich, weißt du das?",,"!P Mein Gott... Du stinkst ziemlich, weißt du das?",,"!P Mein Gott... Du stinkst ziemlich, weißt du das?",,"!P Mein Gott... Du stinkst ziemlich, weißt du das?",,"!P Mein Gott... Du stinkst ziemlich, weißt du das?",,"!P Mein Gott... Du stinkst ziemlich, weißt du das?",,"!P Mein Gott... Du stinkst ziemlich, weißt du das?",,"!P Mein Gott... Du stinkst ziemlich, weißt du das?",,,,,
gree_pozdrav_n_mein_gott__fs7H,likely_foreign_phrase,15,10,Mein; Gott; Womit; belästigst; mich,"foreign-lexicon hit(s): Mein, Gott | multiple preserved tokens | foreign lexicon visible in English display: gott, mein",,!P Mein Gott! Womit belästigst du mich?,,!P Mein Gott! Womit belästigst du mich?,Mein Gott! Womit belästigst du mich?,Mein Gott! Womit belästigst du mich?,!P Mein Gott! Womit belästigst du mich?,!P Mein Gott! Womit belästigst du mich?,,!P Mein Gott! Womit belästigst du mich?,,!P Mein Gott! Womit belästigst du mich?,,!P Mein Gott! Womit belästigst du mich?,,!P Mein Gott! Womit belästigst du mich?,,!P Mein Gott! Womit belästigst du mich?,,!P Mein Gott! Womit belästigst du mich?,,!P Mein Gott! Womit belästigst du mich?,,!P Mein Gott! Womit belästigst du mich?,,!P Mein Gott! Womit belästigst du mich?,,!P Mein Gott! Womit belästigst du mich?,,!P Mein Gott! Womit belästigst du mich?,,!P Mein Gott! Womit belästigst du mich?,,,,,
gree_pozdrav_z_schonen_ta_JWHT,likely_foreign_phrase,15,10,Schönen; willst; mein; Herr,"foreign-lexicon hit(s): mein, Herr | multiple preserved tokens | foreign lexicon visible in English display: herr, mein",,"!P Schönen Tag, was willst du, mein Herr?",,"!P Schönen Tag, was willst du, mein Herr?","Schönen Tag, was willst du, mein Herr?","Schönen Tag, was willst du, mein Herr?","!P Schönen Tag, was willst du, mein Herr?","!P Schönen Tag, was willst du, mein Herr?",,"!P Schönen Tag, was willst du, mein Herr?",,"!P Schönen Tag, was willst du, mein Herr?",,"!P Schönen Tag, was willst du, mein Herr?",,"!P Schönen Tag, was willst du, mein Herr?",,"!P Schönen Tag, was willst du, mein Herr?",,"!P Schönen Tag, was willst du, mein Herr?",,"!P Schönen Tag, was willst du, mein Herr?",,"!P Schönen Tag, was willst du, mein Herr?",,"!P Schönen Tag, was willst du, mein Herr?",,"!P Schönen Tag, was willst du, mein Herr?",,"!P Schönen Tag, was willst du, mein Herr?",,"!P Schönen Tag, was willst du, mein Herr?",,,,,
gree_pozdrav_z_schonen_ta_Kvm0,likely_foreign_phrase,15,10,Schönen; willst; mein; Freund,"foreign-lexicon hit(s): mein, Freund | multiple preserved tokens | foreign lexicon visible in English display: freund, mein",,"!P Schönen Tag, was willst du, mein Freund?",,"!P Schönen Tag, was willst du, mein Freund?","Schönen Tag, was willst du, mein Freund?","Schönen Tag, was willst du, mein Freund?","!P Schönen Tag, was willst du, mein Freund?","!P Schönen Tag, was willst du, mein Freund?",,"!P Schönen Tag, was willst du, mein Freund?",,"!P Schönen Tag, was willst du, mein Freund?",,"!P Schönen Tag, was willst du, mein Freund?",,"!P Schönen Tag, was willst du, mein Freund?",,"!P Schönen Tag, was willst du, mein Freund?",,"!P Schönen Tag, was willst du, mein Freund?",,"!P Schönen Tag, was willst du, mein Freund?",,"!P Schönen Tag, was willst du, mein Freund?",,"!P Schönen Tag, was willst du, mein Freund?",,"!P Schönen Tag, was willst du, mein Freund?",,"!P Schönen Tag, was willst du, mein Freund?",,"!P Schönen Tag, was willst du, mein Freund?",,,,,
horn_pozdrav_h_gruss_gott_kZMq,likely_foreign_phrase,15,10,Grüß; Gott; Freund,"foreign-lexicon hit(s): Gott, Freund | multiple preserved tokens | foreign lexicon visible in English display: freund, gott","Grüß Gott, Freund!","Grüß Gott, Freund!","Grüß Gott, Freund!","Grüß Gott, Freund!","Grüss Gott, Mann!","Grüß Gott, Freund!","!P Grüss Gott, Mann!","Grüß Gott, Freund!","Grüß Gott, Freund!","Grüß Gott, Freund!","Grüß Gott, Freund!","*Grüß Gott, Freund!*","Grüß Gott, Freund!","Grüß Gott, Freund!","Grüß Gott, Freund!","Grüß Gott, Freund!","Grüß Gott, Freund!","Grüß Gott, Freund!","Grüß Gott, Freund!","Grüß Gott, Freund!","Grüß Gott, Freund!","Grüß Gott, Freund!","Grüß Gott, Freund!","Grüß Gott, Freund!","Grüß Gott, Freund!","¡Grüß Gott, Freund!","Grüß Gott, Freund!","Grüß Gott, Freund!","Grüß Gott, Freund!","Grüß Gott, Freund!","Grüß Gott, Freund!","Grüß Gott, Freund!",,,,,
hosp_hospodsky_mein_gott__gLQ3,likely_foreign_phrase,15,10,Mein; Gott; bloß,"foreign-lexicon hit(s): Mein, Gott | multiple preserved tokens | foreign lexicon visible in English display: gott, mein","Mein Gott, wo ist es bloß?","Mein Gott, wo ist es bloß?","Mein Gott, wo ist es bloß?","Mein Gott, wo ist es bloß?","Mein Gott, wo ist es?","Mein Gott, wo ist es bloß?","Mein Gott, wo ist es?","Mein Gott, wo ist es bloß?","Mein Gott, wo ist es bloß?","Mein Gott, wo ist es bloß?","Mein Gott, wo ist es bloß?","Mein Gott, wo ist es bloß?","Mein Gott, wo ist es bloß?","Mein Gott, wo ist es bloß?","Mein Gott, wo ist es bloß?","Mein Gott, wo ist es bloß?","Mein Gott, wo ist es bloß?","Mein Gott, wo ist es bloß?","Mein Gott, wo ist es bloß?","Mein Gott, wo ist es bloß?","Mein Gott, wo ist es bloß?","Mein Gott, wo ist es bloß?","Mein Gott, wo ist es bloß?","Mein Gott, wo ist es bloß?","Mein Gott, wo ist es bloß?","¿Mein Gott, wo ist es bloß?","Mein Gott, wo ist es bloß?","Mein Gott, wo ist es bloß?","Mein Gott, wo ist es bloß?","Mein Gott, wo ist es bloß?","Mein Gott, wo ist es bloß?","Mein Gott, wo ist es bloß?",,,,,
laze_lazebnice_entschuldi_1zgF,likely_foreign_phrase,15,10,Entschuldige; mein; Freund,"foreign-lexicon hit(s): mein, Freund | multiple preserved tokens | foreign lexicon visible in English display: freund, mein","Entschuldige, mein Freund …","Entschuldige, mein Freund …","Entschuldige, mein Freund …","Entschuldige, mein Freund …（很抱歉，我的朋友……）","Entschuldigung, mein Freund...","Entschuldigung, mein Freund...","Entschuldigung, mein Freund...","Entschuldige, mein Freund …","Entschuldige, mein Freund …","Entschuldige, mein Freund …","Entschuldige, mein Freund …","Entschuldige, mein Freund …","Entschuldige, mein Freund …","Entschuldige, mein Freund …","Entschuldige, mein Freund …","Entschuldige, mein Freund …","Entschuldige, mein Freund …","Entschuldige, mein Freund...","Entschuldige, mein Freund …","Entschuldige, mein Freund …","Entschuldige, mein Freund …","Entschuldige, mein Freund …","Entschuldige, mein Freund …","Entschuldige, mein Freund …","Entschuldige, mein Freund …","Entschuldige, mein Freund…","Entschuldige, mein Freund …","Entschuldige, mein Freund …","Entschuldige, mein Freund …","Entschuldige, mein Freund …","Entschuldige, mein Freund …","Entschuldige, mein Freund …",,,,,
laze_lazebnice_entschuldi_idyy,likely_foreign_phrase,15,10,Entschuldige; mein; Freund,"foreign-lexicon hit(s): mein, Freund | multiple preserved tokens | foreign lexicon visible in English display: freund, mein","Entschuldige, mein Freund …","Entschuldige, mein Freund …","Entschuldige, mein Freund …","Entschuldige, mein Freund …（很抱歉，我的朋友……）","Entschuldigung, mein Freund...","Entschuldigung, mein Freund...","Entschuldigung, mein Freund...","Entschuldige, mein Freund …","Entschuldige, mein Freund …","Entschuldige, mein Freund …","Entschuldige, mein Freund …","Entschuldige, mein Freund …","Entschuldige, mein Freund …","Entschuldige, mein Freund …","Entschuldige, mein Freund …","Entschuldige, mein Freund …","Entschuldige, mein Freund …","Entschuldige, mein Freund...","Entschuldige, mein Freund …","Entschuldige, mein Freund …","Entschuldige, mein Freund …","Entschuldige, mein Freund …","Entschuldige, mein Freund …","Entschuldige, mein Freund …","Entschuldige, mein Freund …","Entschuldige, mein Freund…","Entschuldige, mein Freund …","Entschuldige, mein Freund …","Entschuldige, mein Freund …","Entschuldige, mein Freund …","Entschuldige, mein Freund …","Entschuldige, mein Freund …",,,,,
laze_lazebnice_hm_es_ist__2Q0t,likely_foreign_phrase,15,8,nicht; schlecht; mein; Freund,"foreign-lexicon hit(s): nicht, mein, Freund | multiple preserved tokens | foreign lexicon visible in English display: freund, mein, nicht","Hm, nicht schlecht ... nicht schlecht, mein Freund.","Hm, nicht schlecht ... nicht schlecht, mein Freund.","Hm, nicht schlecht ... nicht schlecht, mein Freund.","Hm, nicht schlecht ... nicht schlecht, mein Freund.（嗯，還不錯……真不錯呢，朋友。）","Hm, es ist nicht schlecht... nicht schlecht, mein Freund.","Hm, es ist nicht schlecht... nicht schlecht, mein Freund.","Hm, es ist nicht schlecht... nicht schlecht, mein Freund.","Hm, nicht schlecht ... nicht schlecht, mein Freund.","Hm, nicht schlecht ... nicht schlecht, mein Freund.","Hm, nicht schlecht ... nicht schlecht, mein Freund.","Hm, nicht schlecht ... nicht schlecht, mein Freund.","Hm, nicht schlecht ... nicht schlecht, mein Freund.","Hm, nicht schlecht ... nicht schlecht, mein Freund.","Hm, nicht schlecht… nicht schlecht, mein Freund.","Hm, nicht schlecht ... nicht schlecht, mein Freund.","Hm, nicht schlecht ... nicht schlecht, mein Freund.","Hm, nicht schlecht ... nicht schlecht, mein Freund.","Hm, nicht schlecht... nicht schlecht, mein Freund.","Hm, nicht schlecht ... nicht schlecht, mein Freund.","Hm, nicht schlecht ... nicht schlecht, mein Freund.","Hm, nicht schlecht ... nicht schlecht, mein Freund.","Hm, nicht schlecht ... nicht schlecht, mein Freund.","Hm, nicht schlecht ... nicht schlecht, mein Freund.","Hm, nicht schlecht... nicht schlecht, mein Freund.","Hm, nicht schlecht ... nicht schlecht, mein Freund.","Hm, nicht schlecht… Nicht schlecht, mein Freund.","Hm, nicht schlecht ... nicht schlecht, mein Freund.","Hm, nicht schlecht ... nicht schlecht, mein Freund.","Hm, nicht schlecht ... nicht schlecht, mein Freund.","Hm, nicht schlecht ... nicht schlecht, mein Freund.","Hm, nicht schlecht ... nicht schlecht, mein Freund.","Hm, nicht schlecht ... nicht schlecht, mein Freund.",,,,,
lore_event_tab_was_ich_ve_zdSu,likely_foreign_phrase,15,10,verstehe; dich; überhaupt; nicht,"foreign-lexicon hit(s): dich, nicht | multiple preserved tokens | foreign lexicon visible in English display: dich, nicht",Was? Ich verstehe dich überhaupt nicht. I not understand.,Was（什么）？Ich verstehe dich überhaupt nicht（我听不懂）。我不明白。,Was? Ich verstehe dich überhaupt nicht. I not understand.,Was? Ich verstehe dich überhaupt nicht（什麼？我完全聽不懂你在說什麼）。我不懂。,Was? Ich verstehe dich überhaupt nicht? Já nerozumět.,Was? Ich verstehe dich überhaupt nicht. Já nerozumět.,Was? Ich verstehe dich überhaupt nicht. I not understand.,Was? Ich verstehe dich überhaupt nicht. I not understand.,Was? Ich verstehe dich überhaupt nicht. I not understand.,Was ? Ich verstehe dich überhaupt nicht. Je pas comprends.,Was? Ich verstehe dich überhaupt nicht. I not understand.,"Wie bitte? Ich verstehe nicht, was du meinst. Das stimmt doch gar nicht.",Was? Ich verstehe dich überhaupt nicht. I not understand.,Was? Ich verstehe dich überhaupt nicht. Io non capisco.,Was? Ich verstehe dich überhaupt nicht. I not understand.,何？  どういうことなんだ？  まったく理解できない,Was? Ich verstehe dich überhaupt nicht. I not understand.,Was? Ich verstehe dich überhaupt nicht. 못 알아듣겠어.,Was? Ich verstehe dich überhaupt nicht. I not understand.,Was? Ich verstehe dich überhaupt nicht. Ja nie rozumieć.,Was? Ich verstehe dich überhaupt nicht. I not understand.,Was? Ich verstehe dich überhaupt nicht. Não entendo.,Was? Ich verstehe dich überhaupt nicht. I not understand.,Was? Ich verstehe dich überhaupt nicht. Я не понимайт.,Was? Ich verstehe dich überhaupt nicht. I not understand.,¿Was? Ich verstehe dich überhaupt nicht. No entiendo…,Was? Ich verstehe dich überhaupt nicht. I not understand.,Was? Ich verstehe dich überhaupt nicht. Ben anlamıyor.,Was? Ich verstehe dich überhaupt nicht. I not understand.,Was? Ich verstehe dich überhaupt nicht. Я не розумію.,Was? Ich verstehe dich überhaupt nicht. I not understand.,Was? Ich verstehe dich überhaupt nicht. (Cái gì? Tôi hoàn toàn không hiểu cậu.) Tôi không hiểu.,,,,,
menh_menhart_z_na_ja_to_j_DOay,likely_foreign_phrase,15,10,Herr; Gott; sehr; Glücklich,"foreign-lexicon hit(s): Herr, Gott | multiple preserved tokens | foreign lexicon visible in English display: gott, herr","Na ja! You are right. Herr Gott, you must have been sehr Glücklich!",Na ja（是的）！没错。Herr Gott（上帝啊），你一定sehr Glücklich（很高兴）！,"Na ja! You are right. Herr Gott, you must have been sehr Glücklich!",Na ja!（好吧！）你說的對。天啊，你一定sehr Glücklich（非常高興）！,"Na ja, to je máš recht. Hergot, tos musel mit pořádná štěstí.","Na ja! To máš recht. Herr Gott, tos musel mit pořádná Glücklich!","Na ja! You are right. Herr Gott, you must have been sehr Glücklich!","Na ja! You are right. Herr Gott, you must have been sehr Glücklich!","Na ja! You are right. Herr Gott, you must have been sehr Glücklich!","Na ja ! Tu as raison. Herr Gott, tu as eu de la chance !","Na ja! You are right. Herr Gott, you must have been sehr Glücklich!","Na schön! Du hast recht. Herrgott, da hast du aber Glück gehabt!","Na ja! You are right. Herr Gott, you must have been sehr Glücklich!","Na ja! Giusto. Herr Gott, sei stato molto fortunato!","Na ja! You are right. Herr Gott, you must have been sehr Glücklich!",まあな！  そのとおりだ  まったく  あれから<br/>有頂天だな！,"Na ja! You are right. Herr Gott, you must have been sehr Glücklich!","Na ja! 그랬었지. 맙소사, 자네 정말 sehr Glücklich!","Na ja! You are right. Herr Gott, you must have been sehr Glücklich!","Na ja! Masz rację. Herr Gott, musiałeś być sehr Glücklich!","Na ja! You are right. Herr Gott, you must have been sehr Glücklich!","Na ja! Tem razão. Herr Gott, você deve ter sido sehr glücklich!","Na ja! You are right. Herr Gott, you must have been sehr Glücklich!","Na ja! Ты прав. Herr Gott, ты должен быть sehr Glücklich!","Na ja! You are right. Herr Gott, you must have been sehr Glücklich!","¡Na ja! Eso es cierto. ¡Qué suerte tuvisteis entonces, Herr Gott!","Na ja! You are right. Herr Gott, you must have been sehr Glücklich!","Na ja! Haklısın. Herr Gott, sehr Glücklich olmalısın!","Na ja! You are right. Herr Gott, you must have been sehr Glücklich!","Na ja! Твоя правда. Але, Herr Gott, ну тобі тоді й пощастило!","Na ja! You are right. Herr Gott, you must have been sehr Glücklich!","Na ja! Cậu nói đúng. Herr Gott, chắc lúc đó cậu sehr Glücklich!",,,,,
muz__hospodsky_ja_naturli_tXxh,likely_foreign_phrase,15,10,natürlich; mein; Herr,"foreign-lexicon hit(s): mein, Herr | multiple preserved tokens | foreign lexicon visible in English display: herr, mein","Ja, natürlich mein Herr.","Ja, natürlich mein Herr.","Ja, natürlich mein Herr.","Ja, natürlich mein Herr.","Ja, natürlich mein Herr.","Ja, natürlich mein Herr.","!P Ja, natürlich mein Herr.","Ja, natürlich mein Herr.","Ja, natürlich mein Herr.","Ja, natürlich mein Herr.","Ja, natürlich mein Herr.","*Ja, natürlich mein Herr.*","Ja, natürlich mein Herr.","Ja, natürlich mein Herr.","Ja, natürlich mein Herr.","Ja, natürlich mein Herr.","Ja, natürlich mein Herr.","Ja, natürlich mein Herr.","Ja, natürlich mein Herr.","Ja, natürlich, mein Herr.","Ja, natürlich mein Herr.","Ja, natürlich mein Herr.","Ja, natürlich mein Herr.","Ja, natürlich mein Herr.","Ja, natürlich mein Herr.","Ja, natürlich mein Herr.","Ja, natürlich mein Herr.","Ja, natürlich mein Herr.","Ja, natürlich mein Herr.","Ja, natürlich mein Herr.","Ja, natürlich mein Herr.","Ja, natürlich mein Herr.",,,,,
neme_udo_aus_t_hergot_mil_W9cG,likely_foreign_phrase,15,10,Herr; Gott; Kuttenberg,"foreign-lexicon hit(s): Herr, Gott | multiple preserved tokens | foreign lexicon visible in English display: gott, herr",Herr Gott! I love… Kuttenberg!,Herr Gott（上帝啊）！我爱…库滕堡！,Herr Gott! I love… Kuttenberg!,Herr Gott（天啊）！我愛死……庫滕貝格了！,Hergot! Miluju... Kutná Hora!,Herr Gott! Miluju... Kutná Hora!,Hergot! I love… Kuttenberg!,Herr Gott! I love… Kuttenberg!,Herr Gott! I love… Kuttenberg!,Herr Gott ! J'adore… Kuttenberg !,Herr Gott! I love… Kuttenberg!,Herrgott! Ich liebe … Kuttenberg!,Herr Gott! I love… Kuttenberg!,Herr Gott! Amo… Kuttenberg!,Herr Gott! I love… Kuttenberg!,信じられん！  クッテンバークは…  最高だ！,Herr Gott! I love… Kuttenberg!,Herr Gott! 나는... 쿠텐버그가 좋아!,Herr Gott! I love… Kuttenberg!,Herr Gott! Uwielbiam… Kuttenberg!,Herr Gott! I love… Kuttenberg!,Herr Gott! Eu amo… Kuttenberg!,Herr Gott! I love… Kuttenberg!,Herr Gott! Я обожать… Куттенберг!,Herr Gott! I love… Kuttenberg!,¡Herr Gott! ¡Adoro… Kutná Hora!,Herr Gott! I love… Kuttenberg!,Herr Gott! Seviyorum… Kuttenberg'i!,Herr Gott! I love… Kuttenberg!,Herr Gott! Як я люблю... Кутну Гору!,Herr Gott! I love… Kuttenberg!,Chúa ơi! Tôi yêu… Kuttenberg!,,,,,
o_zi_hagen_tro_entschuldi_YoEJ,likely_foreign_phrase,15,8,Entschuldigung; mein; Freund; Herr; Morgenstern,"foreign-lexicon hit(s): mein, Freund, Herr | multiple preserved tokens | foreign lexicon visible in English display: freund, herr, mein","Entschuldigung, mein Freund, but you'd better talk about that with Herr von Morgenstern.","Entschuldigung, mein Freund（抱歉，朋友），但你最好还是和 Herr（我的主人）冯·莫根斯特恩聊这个吧。","Entschuldigung, mein Freund, but you'd better talk about that with Herr von Morgenstern.","Entschuldigung, mein Freund（抱歉，朋友），但這你得去找mein Herr（我的主人）馮摩根斯坦談。","Entschuldigung, mein Freund, o tom si ale radši promluv s mein Herr von Morgenstern.","Entschuldigung, mein Freund, o tom si ale radši promluv s Herr von Morgenstern.","!P Entschuldigung, mein Freund, but you'd better talk about that with mein Herr von Morgenstern.","Entschuldigung, mein Freund, but you'd better talk about that with Herr von Morgenstern.","Entschuldigung, mein Freund, but you'd better talk about that with Herr von Morgenstern.","Entschuldigung, mein Freund, mais c'est plutôt avec Herr von Morgenstern qu'il faut parler de ça.","Entschuldigung, mein Freund, but you'd better talk about that with Herr von Morgenstern.","Entschuldige, mein Freund, aber darüber solltest du besser mit Herrn von Mogenstern sprechen.","Entschuldigung, mein Freund, but you'd better talk about that with Herr von Morgenstern.","Entschuldigung, mein Freund, ma di questo faresti meglio a parlarne con ser von Morgenstern.","Entschuldigung, mein Freund, but you'd better talk about that with Herr von Morgenstern.",俺たちの主人であるモルゲンシュテルン卿と<br/>話をしてくれ,"Entschuldigung, mein Freund, but you'd better talk about that with Herr von Morgenstern.","Entschuldigung, mein Freund, 하지만 그런 이야기는  Herr 폰 모르겐슈테른 경에게 묻는 게 나을 것이네.","Entschuldigung, mein Freund, but you'd better talk about that with Herr von Morgenstern.","Entschuldigung, mein Freund, ale o tym lepiej pomów z mein Herr von Morgenstern.","Entschuldigung, mein Freund, but you'd better talk about that with Herr von Morgenstern.","Entschuldigung, mein Freund, mas é melhor você falar sobre isso com Herr von Morgenstern.","Entschuldigung, mein Freund, but you'd better talk about that with Herr von Morgenstern.","Entschuldigung, mein Freund, но ты лучше о том говорить с Herr фон Моргенштерн.","Entschuldigung, mein Freund, but you'd better talk about that with Herr von Morgenstern.","Entschuldigung, mein Freund, pero mejor que eso lo habléis con Herr Von Morgenstern.","Entschuldigung, mein Freund, but you'd better talk about that with Herr von Morgenstern.","Entschuldigung, mein Freund, ama bu konuyu mein Herr von Morgenstern ile konuşsan daha iyi edersin.","Entschuldigung, mein Freund, but you'd better talk about that with Herr von Morgenstern.","Entschuldigung, mein Freund, але про це тобі краще поговорити з Herr von Morgenstern.","Entschuldigung, mein Freund, but you'd better talk about that with Herr von Morgenstern.","Entschuldigung, mein Freund, nhưng tốt hơn cậu nên nói chuyện này với Herr von Morgenstern.",,,,,
pozd_pozdrav_n_gott_segne_L3JS,likely_foreign_phrase,15,7,Gott; segne; dich; mein; Freund,"foreign-lexicon hit(s): Gott, dich, mein, Freund | multiple preserved tokens | foreign lexicon visible in English display: dich, freund, gott, mein","Gott segne dich, mein Freund!","Gott segne dich, mein Freund!","Gott segne dich, mein Freund!","Gott segne dich, mein Freund!（願上帝與你同在，朋友！）","Gott segne dich, mein Freund!","Gott segne dich, mein Freund!","Gott segne dich, mein Freund!","Gott segne dich, mein Freund!","Gott segne dich, mein Freund!","Gott segne dich, mein Freund !","Gott segne dich, mein Freund!","Gott segne dich, mein Freund!","Gott segne dich, mein Freund!","Gott segne dich, mein Freund!","Gott segne dich, mein Freund!","Gott segne dich, mein Freund!","Gott segne dich, mein Freund!","Gott segne dich, mein Freund!","Gott segne dich, mein Freund!","Gott segne dich, mein Freund!","Gott segne dich, mein Freund!","Gott segne dich, mein Freund!","Gott segne dich, mein Freund!","Gott segne dich, mein Freund!","Gott segne dich, mein Freund!","¡Gott segne dich, mein Freund!","Gott segne dich, mein Freund!","Gott segne dich, mein Freund!","Gott segne dich, mein Freund!","Gott segne dich, mein Freund!","Gott segne dich, mein Freund!","Gott segne dich, mein Freund!",,,,,
pozd_pozdrav_n_gott_segne_dfFz,likely_foreign_phrase,15,7,Gott; segne; dich; mein; Freund,"foreign-lexicon hit(s): Gott, dich, mein, Freund | multiple preserved tokens | foreign lexicon visible in English display: dich, freund, gott, mein","Gott segne dich, mein Freund!","Gott segne dich, mein Freund!","Gott segne dich, mein Freund!","Gott segne dich, mein Freund!（願上帝與你同在，朋友！）","Gott segne dich, mein Freund!","Gott segne dich, mein Freund!","Gott segne dich, mein Freund!","Gott segne dich, mein Freund!","Gott segne dich, mein Freund!","Gott segne dich, mein Freund !","Gott segne dich, mein Freund!","Gott segne dich, mein Freund!","Gott segne dich, mein Freund!","Gott segne dich, mein Freund!","Gott segne dich, mein Freund!","Gott segne dich, mein Freund!","Gott segne dich, mein Freund!","Gott segne dich, mein Freund!","Gott segne dich, mein Freund!","Gott segne dich, mein Freund!","Gott segne dich, mein Freund!","Gott segne dich, mein Freund!","Gott segne dich, mein Freund!","Gott segne dich, mein Freund!","Gott segne dich, mein Freund!","¡Gott segne dich, mein Freund!","Gott segne dich, mein Freund!","Gott segne dich, mein Freund!","Gott segne dich, mein Freund!","Gott segne dich, mein Freund!","Gott segne dich, mein Freund!","Gott segne dich, mein Freund!",,,,,
pozd_uctivy_po_gott_segne_WCSp,likely_foreign_phrase,15,7,Gott; segne; dich; mein; Herr,"foreign-lexicon hit(s): Gott, dich, mein, Herr | multiple preserved tokens | foreign lexicon visible in English display: dich, gott, herr, mein","Gott segne dich, mein Herr!","Gott segne dich, mein Herr!","Gott segne dich, mein Herr!","Gott segne dich, mein Herr!（願上帝與你同在，大人！）","Gott segne dich, mein Herr!","Gott segne dich, mein Herr!","Gott segne dich, mein Herr!","Gott segne dich, mein Herr!","Gott segne dich, mein Herr!","Gott segne dich, mein Herr!","Gott segne dich, mein Herr!","Gott segne dich, mein Herr!","Gott segne dich, mein Herr!","Gott segne dich, mein Herr!","Gott segne dich, mein Herr!","Gott segne dich, mein Herr!","Gott segne dich, mein Herr!","Gott segne dich, mein Herr!","Gott segne dich, mein Herr!","Gott segne dich, mein Herr!","Gott segne dich, mein Herr!","Gott segne dich, mein Herr!","Gott segne dich, mein Herr!","Gott segne dich, mein Herr!","Gott segne dich, mein Herr!","¡Gott segne dich, mein Herr!","Gott segne dich, mein Herr!","Gott segne dich, mein Herr!","Gott segne dich, mein Herr!","Gott segne dich, mein Herr!","Gott segne dich, mein Herr!","Gott segne dich, mein Herr!",,,,,
pozd_uctivy_po_gott_segne_ZYEh,likely_foreign_phrase,15,7,Gott; segne; dich; mein; Herr,"foreign-lexicon hit(s): Gott, dich, mein, Herr | multiple preserved tokens | foreign lexicon visible in English display: dich, gott, herr, mein","Gott segne dich, mein Herr!","Gott segne dich, mein Herr!","Gott segne dich, mein Herr!",Gott segne dich（願上帝與你同在，大人！）,"Gott segne dich, mein Herr!","Gott segne dich, mein Herr!","Gott segne dich, mein Herr!","Gott segne dich, mein Herr!","Gott segne dich, mein Herr!","Gott segne dich, mein Herr !","Gott segne dich, mein Herr!","Gott segne dich, mein Herr!","Gott segne dich, mein Herr!","Gott segne dich, mein Herr!","Gott segne dich, mein Herr!","Gott segne dich, mein Herr!","Gott segne dich, mein Herr!","Gott segne dich, mein Herr!","Gott segne dich, mein Herr!","Gott segne dich, mein Herr!","Gott segne dich, mein Herr!","Gott segne dich, mein Herr!","Gott segne dich, mein Herr!","Gott segne dich, mein Herr!","Gott segne dich, mein Herr!","¡Gott segne dich, mein Herr!","Gott segne dich, mein Herr!","Gott segne dich, mein Herr!","Gott segne dich, mein Herr!","Gott segne dich, mein Herr!","Gott segne dich, mein Herr!","Gott segne dich, mein Herr!",,,,,
priv_obchodnic_ich_grusse_Rplb,likely_foreign_phrase,15,10,gegrüßt; mein; Herr,"foreign-lexicon hit(s): mein, Herr | multiple preserved tokens | foreign lexicon visible in English display: herr, mein","Sei gegrüßt, mein Herr.","Sei gegrüßt, mein Herr.（您好，先生。）","Sei gegrüßt, mein Herr.","Sei gegrüßt, mein Herr.","Ich grüsse Sie, mein Herr.","Sei gegrüßt, mein Herr.","!P Ich grüsse Sie, mein Herr.","Sei gegrüßt, mein Herr.","Sei gegrüßt, mein Herr.","Sei gegrüßt, mein Herr.","Sei gegrüßt, mein Herr.","Sei gegrüßt, mein Herr.","Sei gegrüßt, mein Herr.","Sei gegrüßt, mein Herr.","Sei gegrüßt, mein Herr.","Sei gegrüßt, mein Herr.","Sei gegrüßt, mein Herr.","Sei gegrüßt, mein Herr.","Sei gegrüßt, mein Herr.","Sei gegrüßt, mein Herr.","Sei gegrüßt, mein Herr.","Sei gegrüßt, mein Herr.","Sei gegrüßt, mein Herr.","Sei gegrüßt, mein Herr.","Sei gegrüßt, mein Herr.","Sei gegrüßt, mein Herr.","Sei gegrüßt, mein Herr.","Sei gegrüßt, mein Herr.","Sei gegrüßt, mein Herr.","Sei gegrüßt, mein Herr.","Sei gegrüßt, mein Herr.","Sei gegrüßt, mein Herr.",,,,,
priv_obchodnik_ich_grusse_qguD,likely_foreign_phrase,15,10,gegrüßt; mein; Herr,"foreign-lexicon hit(s): mein, Herr | multiple preserved tokens | foreign lexicon visible in English display: herr, mein","Sei gegrüßt, mein Herr.","Sei gegrüßt, mein Herr.（您好，先生。）","Sei gegrüßt, mein Herr.","Sei gegrüßt, mein Herr.","Ich grüsse Sie, mein Herr.","Sei gegrüßt, mein Herr.","!P Ich grüsse Sie, mein Herr.","Sei gegrüßt, mein Herr.","Sei gegrüßt, mein Herr.","Sei gegrüßt, mein Herr.","Sei gegrüßt, mein Herr.","Sei gegrüßt, mein Herr.","Sei gegrüßt, mein Herr.","Sei gegrüßt, mein Herr.","Sei gegrüßt, mein Herr.","Sei gegrüßt, mein Herr.","Sei gegrüßt, mein Herr.","Sei gegrüßt, mein Herr.","Sei gegrüßt, mein Herr.","Sei gegrüßt, mein Herr.","Sei gegrüßt, mein Herr.","Sei gegrüßt, mein Herr.","Sei gegrüßt, mein Herr.","Sei gegrüßt, mein Herr.","Sei gegrüßt, mein Herr.","Sei gegrüßt, mein Herr.","Sei gegrüßt, mein Herr.","Sei gegrüßt, mein Herr.","Sei gegrüßt, mein Herr.","Sei gegrüßt, mein Herr.","Sei gegrüßt, mein Herr.","Sei gegrüßt, mein Herr.",,,,,
reak_soldier_k_oh_mein_go_SV0k,likely_foreign_phrase,15,10,mein; Gott; vorbei,"foreign-lexicon hit(s): mein, Gott | multiple preserved tokens | foreign lexicon visible in English display: gott, mein","Oh, mein Gott … es ist vorbei.","Oh, mein Gott … es ist vorbei. （天啊，终于结束了）","Oh, mein Gott … es ist vorbei.","Oh, mein Gott…es ist vorbei.（我的天啊……結束了。）","Oh, mein Gott... es ist vorbei.","Oh, mein Gott … es ist vorbei.","!P Oh, mein Gott... es ist vorbei.","Oh, mein Gott … es ist vorbei.","Oh, mein Gott … es ist vorbei.","Oh, mein Gott … es ist vorbei.","Oh, mein Gott … es ist vorbei.","Oh, mein Gott … Es ist vorbei.","Oh, mein Gott … es ist vorbei.","Oh, mein Gott … es ist vorbei.","Oh, mein Gott … es ist vorbei.","Oh, mein Gott … es ist vorbei.","Oh, mein Gott … es ist vorbei.","Oh, mein Gott … es ist vorbei.","Oh, mein Gott … es ist vorbei.","Oh, mein Gott… es ist vorbei.","Oh, mein Gott … es ist vorbei.","Oh, mein Gott… es ist vorbei.","Oh, mein Gott … es ist vorbei.","Oh, mein Gott… es ist vorbei.","Oh, mein Gott … es ist vorbei.","Oh, mein Gott … es ist vorbei.","Oh, mein Gott … es ist vorbei.","Oh, mein Gott … es ist vorbei.","Oh, mein Gott … es ist vorbei.","Oh, mein Gott … es ist vorbei.","Oh, mein Gott … es ist vorbei.","Oh, mein Gott … es ist vorbei.",,,,,
reak_soldier_k_oh_scheiss_kNgV,likely_foreign_phrase,15,10,Scheiße; blute; nicht,"foreign-lexicon hit(s): Scheiße, nicht | multiple preserved tokens | foreign lexicon visible in English display: nicht, scheisse","Oh, Scheiße, ich blute … das ist nicht gut.","Oh, Scheiße, ich blute … das ist nicht gut. （哦不，我在流血…靠，这可不太妙。）","Oh, Scheiße, ich blute … das ist nicht gut.","Oh, Scheiße, ich blute…das ist nicht gut.（喔不，我流血了……媽的，這不太妙。）","Oh, Scheisse, ich blute... das ist nicht gut.","Oh, Scheiße, ich blute... das ist nicht gut.","!P Oh, Scheisse, ich blute... das ist nicht gut.","Oh, Scheiße, ich blute … das ist nicht gut.","Oh, Scheiße, ich blute … das ist nicht gut.","Oh, Scheiße, ich blute … das ist nicht gut.","Oh, Scheiße, ich blute … das ist nicht gut.","Oh, Scheiße, ich blute … das ist nicht gut.","Oh, Scheiße, ich blute … das ist nicht gut.","Oh, Scheiße, ich blute … das ist nicht gut.","Oh, Scheiße, ich blute … das ist nicht gut.","Oh, Scheiße, ich blute … das ist nicht gut.","Oh, Scheiße, ich blute … das ist nicht gut.","Oh, Scheiße, ich blute … das ist nicht gut.","Oh, Scheiße, ich blute … das ist nicht gut.","Oh, Scheiße, ich blute… das ist nicht gut.","Oh, Scheiße, ich blute … das ist nicht gut.","Oh, Scheiße, ich blute… das ist nicht gut.","Oh, Scheiße, ich blute … das ist nicht gut.","Ох, Scheiße, ich blute… das ist nicht gut.","Oh, Scheiße, ich blute … das ist nicht gut.","Oh, Scheiße, ich blute… das ist nicht gut.","Oh, Scheiße, ich blute … das ist nicht gut.","Oh, Scheiße, ich blute … das ist nicht gut.","Oh, Scheiße, ich blute … das ist nicht gut.","Oh, Scheiße, ich blute … das ist nicht gut.","Oh, Scheiße, ich blute … das ist nicht gut.","Oh, Scheiße, ich blute … das ist nicht gut.",,,,,
reme_remeslnik_ich_kann_d_WP7p,likely_foreign_phrase,15,8,Mein; Gott; kann; nicht; mehr,"foreign-lexicon hit(s): Mein, Gott, nicht | multiple preserved tokens | foreign lexicon visible in English display: gott, mein, nicht","Mein Gott, ich kann nicht mehr.","Mein Gott, ich kann nicht mehr.","Mein Gott, ich kann nicht mehr.","Mein Gott, ich kann nicht mehr.（我的老天，我受夠了。）","Mein Gott, ich kann nicht mehr.","Mein Gott, ich kann nicht mehr.","!P Mein Gott, ich kann nicht mehr.","Mein Gott, ich kann nicht mehr.","Mein Gott, ich kann nicht mehr.","Mein Gott, ich kann nicht mehr.","Mein Gott, ich kann nicht mehr.","Mein Gott, ich kann nicht mehr.","Mein Gott, ich kann nicht mehr.","Mein Gott, ich kann nicht mehr.","Mein Gott, ich kann nicht mehr.","Mein Gott, ich kann nicht mehr.","Mein Gott, ich kann nicht mehr.","Mein Gott, ich kann nicht mehr.","Mein Gott, ich kann nicht mehr.","Mein Gott, ich kann nicht mehr.","Mein Gott, ich kann nicht mehr.","Mein Gott, ich kann nicht mehr.","Mein Gott, ich kann nicht mehr.","Mein Gott, ich kann nicht mehr.","Mein Gott, ich kann nicht mehr.","Mein Gott, ich kann nicht mehr.","Mein Gott, ich kann nicht mehr.","Mein Gott, ich kann nicht mehr.","Mein Gott, ich kann nicht mehr.","Mein Gott, ich kann nicht mehr.","Mein Gott, ich kann nicht mehr.","Mein Gott, ich kann nicht mehr. (Lạy Chúa, tôi chịu hết nổi rồi.)",,,,,
rozh_kupec_vel_tak_to_byc_GNwW,likely_foreign_phrase,15,10,Wiedersehen; mein; Freund,"foreign-lexicon hit(s): mein, Freund | multiple preserved tokens | foreign lexicon visible in English display: freund, mein","Well, that’s settled, auf Wiedersehen mein Freund.",好，就这样定了，auf Wiedersehen mein Freund（再见了我的朋友）。,"Well, that’s settled, auf Wiedersehen mein Freund.",好，那就這麼說定了，auf Wiedersehen mein Freund（非常好，朋友）。,"Tak to bychom měli, Auf Wiedersehen mein Freund.","Tak to bychom měli. Auf Wiedersehen, mein Freund.","Well, that’s settled, Auf Wiedersehen mein Freund.","Well, that’s settled, auf Wiedersehen mein Freund.","Well, that’s settled, auf Wiedersehen mein Freund.","Eh bien, voilà qui est réglé, auf Wiedersehen, mein Freund.","Well, that’s settled, auf Wiedersehen mein Freund.","Nun, das wäre geklärt. Leb wohl, mein Freund.","Well, that’s settled, auf Wiedersehen mein Freund.","Bene, siamo d'accordo. Auf Wiedersehen, mein Freund.","Well, that’s settled, auf Wiedersehen mein Freund.",これで話はまとまった  それではまたな,"Well, that’s settled, auf Wiedersehen mein Freund.","뭐, 이걸로 됐군. Auf Wiedersehen mein Freund.","Well, that’s settled, auf Wiedersehen mein Freund.","No to ustalone, auf Wiedersehen, mein Freund.","Well, that’s settled, auf Wiedersehen mein Freund.","Bem, combinado. Auf Wiedersehen, mein Freund.","Well, that’s settled, auf Wiedersehen mein Freund.",Тогда по рукам. Auf Wiedersehen mein Freund.,"Well, that’s settled, auf Wiedersehen mein Freund.","Muy bien, hecho, auf Wiedersehen, mein Freund.","Well, that’s settled, auf Wiedersehen mein Freund.","Eh, o iş halloldu, auf Wiedersehen, mein Freund.","Well, that’s settled, auf Wiedersehen mein Freund.",От і все. Auf Wiedersehen mein Freund.,"Well, that’s settled, auf Wiedersehen mein Freund.","Chà, vậy là xong, auf Wiedersehen mein Freund.",,,,,
rozl_obchodnic_danke_und__TBcu,likely_foreign_phrase,15,10,Danke; viel; Glück; Zukunft; mein; Freund,"foreign-lexicon hit(s): mein, Freund | multiple preserved tokens | foreign lexicon visible in English display: freund, mein","Danke und viel Glück für die Zukunft, mein Freund.","Danke und viel Glück für die Zukunft, mein Freund.（谢谢你，我的朋友。祝你好运！）","Danke und viel Glück für die Zukunft, mein Freund.","Danke und viel Glück für die Zukunft, mein Freund.（我的朋友，謝謝你，祝你好運！）","Danke und viel Glück für die Zukunft, mein Freund.","Danke und viel Glück für die Zukunft, mein Freund.","Danke und viel Glück für die Zukunft, mein Freund.","Danke und viel Glück für die Zukunft, mein Freund.","Danke und viel Glück für die Zukunft, mein Freund.","Danke und viel Glück für die Zukunft, mein Freund.","Danke und viel Glück für die Zukunft, mein Freund.","Danke und viel Glück für die Zukunft, mein Freund.","Danke und viel Glück für die Zukunft, mein Freund.","Danke und viel Glück für die Zukunft, mein Freund.","Danke und viel Glück für die Zukunft, mein Freund.","Danke und viel Glück für die Zukunft, mein Freund.","Danke und viel Glück für die Zukunft, mein Freund.","Danke und viel Glück für die Zukunft, mein Freund.","Danke und viel Glück für die Zukunft, mein Freund.","Danke und viel Glück für die Zukunft, mein Freund.","Danke und viel Glück für die Zukunft, mein Freund.","Danke und viel Glück für die Zukunft, mein Freund.","Danke und viel Glück für die Zukunft, mein Freund.","Danke und viel Glück für die Zukunft, mein Freund.","Danke und viel Glück für die Zukunft, mein Freund.","Danke und viel Glück für die Zukunft, mein Freund.","Danke und viel Glück für die Zukunft, mein Freund.","Danke und viel Glück für die Zukunft, mein Freund.","Danke und viel Glück für die Zukunft, mein Freund.","Danke und viel Glück für die Zukunft, mein Freund.","Danke und viel Glück für die Zukunft, mein Freund.","Danke und viel Glück für die Zukunft, mein Freund.",,,,,
rozl_obchodnic_danke_und__kmLF,likely_foreign_phrase,15,10,Danke; viel; Glück; Zukunft; mein; Herr,"foreign-lexicon hit(s): mein, Herr | multiple preserved tokens | foreign lexicon visible in English display: herr, mein","Danke und viel Glück für die Zukunft, mein Herr.","Danke und viel Glück für die Zukunft, mein Herr.（多谢先生，祝你好运！）","Danke und viel Glück für die Zukunft, mein Herr.","Danke und viel Glück für die Zukunft, mein Herr.（先生，謝謝你，祝你好運！）","Danke und viel Glück für die Zukunft, mein Herr.","Danke und viel Glück für die Zukunft, mein Herr.","Danke und viel Glück für die Zukunft, mein Herr.","Danke und viel Glück für die Zukunft, mein Herr.","Danke und viel Glück für die Zukunft, mein Herr.","Danke und viel Glück für die Zukunft, mein Herr.","Danke und viel Glück für die Zukunft, mein Herr.","Danke und viel Glück für die Zukunft, mein Herr.","Danke und viel Glück für die Zukunft, mein Herr.","Danke und viel Glück für die Zukunft, mein Herr.","Danke und viel Glück für die Zukunft, mein Herr.","Danke und viel Glück für die Zukunft, mein Herr.","Danke und viel Glück für die Zukunft, mein Herr.","Danke und viel Glück für die Zukunft, mein Herr.","Danke und viel Glück für die Zukunft, mein Herr.","Danke und viel Glück für die Zukunft, mein Herr.","Danke und viel Glück für die Zukunft, mein Herr.","Danke und viel Glück für die Zukunft, mein Herr.","Danke und viel Glück für die Zukunft, mein Herr.","Danke und viel Glück für die Zukunft, mein Herr.","Danke und viel Glück für die Zukunft, mein Herr.","Danke und viel Glück für die Zukunft, mein Herr.","Danke und viel Glück für die Zukunft, mein Herr.","Danke und viel Glück für die Zukunft, mein Herr.","Danke und viel Glück für die Zukunft, mein Herr.","Danke und viel Glück für die Zukunft, mein Herr.","Danke und viel Glück für die Zukunft, mein Herr.","Danke und viel Glück für die Zukunft, mein Herr.",,,,,
rozl_obchodnik_danke_und__3hA2,likely_foreign_phrase,15,10,Danke; viel; Glück; Zukunft; mein; Herr,"foreign-lexicon hit(s): mein, Herr | multiple preserved tokens | foreign lexicon visible in English display: herr, mein","Danke und viel Glück für die Zukunft, mein Herr.","Danke und viel Glück für die Zukunft, mein Herr.（多谢先生，祝你好运！）","Danke und viel Glück für die Zukunft, mein Herr.","Danke und viel Glück für die Zukunft, mein Herr.（先生，謝謝你，祝你好運！）","Danke und viel Glück für die Zukunft, mein Herr.","Danke und viel Glück für die Zukunft, mein Herr.","Danke und viel Glück für die Zukunft, mein Herr.","Danke und viel Glück für die Zukunft, mein Herr.","Danke und viel Glück für die Zukunft, mein Herr.","Danke und viel Glück für die Zukunft, mein Herr.","Danke und viel Glück für die Zukunft, mein Herr.","Danke und viel Glück für die Zukunft, mein Herr.","Danke und viel Glück für die Zukunft, mein Herr.","Danke und viel Glück für die Zukunft, mein Herr.","Danke und viel Glück für die Zukunft, mein Herr.","Danke und viel Glück für die Zukunft, mein Herr.","Danke und viel Glück für die Zukunft, mein Herr.","Danke und viel Glück für die Zukunft, mein Herr.","Danke und viel Glück für die Zukunft, mein Herr.","Danke und viel Glück für die Zukunft, mein Herr.","Danke und viel Glück für die Zukunft, mein Herr.","Danke und viel Glück für die Zukunft, mein Herr.","Danke und viel Glück für die Zukunft, mein Herr.","Danke und viel Glück für die Zukunft, mein Herr.","Danke und viel Glück für die Zukunft, mein Herr.","Danke und viel Glück für die Zukunft, mein Herr.","Danke und viel Glück für die Zukunft, mein Herr.","Danke und viel Glück für die Zukunft, mein Herr.","Danke und viel Glück für die Zukunft, mein Herr.","Danke und viel Glück für die Zukunft, mein Herr.","Danke und viel Glück für die Zukunft, mein Herr.","Danke und viel Glück für die Zukunft, mein Herr.",,,,,
rozl_obchodnik_danke_und__UWAN,likely_foreign_phrase,15,10,Danke; viel; Glück; Zukunft; mein; Freund,"foreign-lexicon hit(s): mein, Freund | multiple preserved tokens | foreign lexicon visible in English display: freund, mein","Danke und viel Glück für die Zukunft, mein Freund.","Danke und viel Glück für die Zukunft, mein Freund.（谢谢你，我的朋友。祝你好运！）","Danke und viel Glück für die Zukunft, mein Freund.","Danke und viel Glück für die Zukunft, mein Freund.（我的朋友，謝謝你，祝你好運！）","Danke und viel Glück für die Zukunft, mein Freund.","Danke und viel Glück für die Zukunft, mein Freund.","Danke und viel Glück für die Zukunft, mein Freund.","Danke und viel Glück für die Zukunft, mein Freund.","Danke und viel Glück für die Zukunft, mein Freund.","Danke und viel Glück für die Zukunft, mein Freund.","Danke und viel Glück für die Zukunft, mein Freund.","Danke und viel Glück für die Zukunft, mein Freund.","Danke und viel Glück für die Zukunft, mein Freund.","Danke und viel Glück für die Zukunft, mein Freund.","Danke und viel Glück für die Zukunft, mein Freund.","Danke und viel Glück für die Zukunft, mein Freund.","Danke und viel Glück für die Zukunft, mein Freund.","Danke und viel Glück für die Zukunft, mein Freund.","Danke und viel Glück für die Zukunft, mein Freund.","Danke und viel Glück für die Zukunft, mein Freund.","Danke und viel Glück für die Zukunft, mein Freund.","Danke und viel Glück für die Zukunft, mein Freund.","Danke und viel Glück für die Zukunft, mein Freund.","Danke und viel Glück für die Zukunft, mein Freund.","Danke und viel Glück für die Zukunft, mein Freund.","Danke und viel Glück für die Zukunft, mein Freund.","Danke und viel Glück für die Zukunft, mein Freund.","Danke und viel Glück für die Zukunft, mein Freund.","Danke und viel Glück für die Zukunft, mein Freund.","Danke und viel Glück für die Zukunft, mein Freund.","Danke und viel Glück für die Zukunft, mein Freund.","Danke und viel Glück für die Zukunft, mein Freund.",,,,,
rozl_rozloucen_gott_sei_m_OlDe,likely_foreign_phrase,15,8,Gott; Euch; mein; Herr,"foreign-lexicon hit(s): Gott, mein, Herr | multiple preserved tokens | foreign lexicon visible in English display: gott, herr, mein","Gott sei mit Euch, mein Herr.","Gott sei mit Euch, mein Herr.","Gott sei mit Euch, mein Herr.","Gott sei mit Euch, mein Herr.","Gott sei mit dir, mein Herr.","Gott sei mit Euch, mein Herr.","!P Gott sei mit dir, mein Herr.","Gott sei mit Euch, mein Herr.","Gott sei mit Euch, mein Herr.","Gott sei mit Euch, mein Herr.","Gott sei mit Euch, mein Herr.","Gott sei mit Euch, mein Herr.","Gott sei mit Euch, mein Herr.","Gott sei mit Euch, mein Herr.","Gott sei mit Euch, mein Herr.","Gott sei mit Euch, mein Herr.","Gott sei mit Euch, mein Herr.","Gott sei mit Euch, mein Herr.","Gott sei mit Euch, mein Herr.","Gott sei mit Euch, mein Herr.","Gott sei mit Euch, mein Herr.","Gott sei mit Euch, mein Herr.","Gott sei mit Euch, mein Herr.","Gott sei mit Euch, mein Herr.","Gott sei mit Euch, mein Herr.","Gott sei mit Euch, mein Herr.","Gott sei mit Euch, mein Herr.","Gott sei mit Euch, mein Herr.","Gott sei mit Euch, mein Herr.","Gott sei mit Euch, mein Herr.","Gott sei mit Euch, mein Herr.","Gott sei mit Euch, mein Herr.",,,,,
rozl_rozloucen_gott_sei_m_UmNQ,likely_foreign_phrase,15,8,Gott; Euch; mein; Herr,"foreign-lexicon hit(s): Gott, mein, Herr | multiple preserved tokens | foreign lexicon visible in English display: gott, herr, mein","Gott sei mit Euch, mein Herr.","Gott sei mit Euch, mein Herr.","Gott sei mit Euch, mein Herr.","Gott sei mit Euch, mein Herr.","Gott sei mit dir, mein Herr.","Gott sei mit Euch, mein Herr.","!P Gott sei mit dir, mein Herr.","Gott sei mit Euch, mein Herr.","Gott sei mit Euch, mein Herr.","Gott sei mit Euch, mein Herr.","Gott sei mit Euch, mein Herr.","Gott sei mit Euch, mein Herr.","Gott sei mit Euch, mein Herr.","Gott sei mit Euch, mein Herr.","Gott sei mit Euch, mein Herr.","Gott sei mit Euch, mein Herr.","Gott sei mit Euch, mein Herr.","Gott sei mit Euch, mein Herr.","Gott sei mit Euch, mein Herr.","Gott sei mit Euch, mein Herr.","Gott sei mit Euch, mein Herr.","Gott sei mit Euch, mein Herr.","Gott sei mit Euch, mein Herr.","Gott sei mit Euch, mein Herr.","Gott sei mit Euch, mein Herr.","Gott sei mit Euch, mein Herr.","Gott sei mit Euch, mein Herr.","Gott sei mit Euch, mein Herr.","Gott sei mit Euch, mein Herr.","Gott sei mit Euch, mein Herr.","Gott sei mit Euch, mein Herr.","Gott sei mit Euch, mein Herr.",,,,,
s_el_puskar_el_ja_vedel_z_ze1g,likely_foreign_phrase,15,10,Vielen; Dank; mein; Freund; Henry,"foreign-lexicon hit(s): mein, Freund | multiple preserved tokens | foreign lexicon visible in English display: freund, mein","Vielen Dank, mein Freund! I knew you wouldn’t let me down, Henry!",Vielen Dank（非常感谢），mein Freund（我的朋友）！亨利，我就知道你不会让我失望的！,"Vielen Dank, mein Freund! I knew you wouldn’t let me down, Henry!","Vielen Dank, mein Freund（非常感謝你，我的朋友）！就知道你不會讓我失望，亨利！","Vielen Dank, mein Freund! Já věděl že ty nezklameš, Jindřich!","Vielen Dank, mein Freund! Já věděla že ty nezklamala, Jindřich!","Vielen Dank, mein Freund! I knew you wouldn’t let me down, Henry!","Vielen Dank, mein Freund! I knew you wouldn’t let me down, Henry!","Vielen Dank, mein Freund! I knew you wouldn’t let me down, Henry!","Vielen Dank, mein Freund ! Je savais que tu ne me laisserais pas en plan, Henry !","Vielen Dank, mein Freund! I knew you wouldn’t let me down, Henry!","Vielen Dank, mein Freund! Ich wusste, du lässt mich nicht hängen, Heinrich!","Vielen Dank, mein Freund! I knew you wouldn’t let me down, Henry!","Vielen Dank, mein Freund! Sapevo che non mi avresti deluso, Henry!","Vielen Dank, mein Freund! I knew you wouldn’t let me down, Henry!",いやあ  ありがとう！<br/>あんたに任せて正解だったよ  ヘンリー！,"Vielen Dank, mein Freund! I knew you wouldn’t let me down, Henry!","Vielen Dank, mein Freund! 실망시키지 않을 줄 알았소, 헨리!","Vielen Dank, mein Freund! I knew you wouldn’t let me down, Henry!","Vielen Dank, mein Freund! Wiedziałem, że mnie nie zawiedziesz, Henryku!","Vielen Dank, mein Freund! I knew you wouldn’t let me down, Henry!","Vielen Dank, mein Freund! Eu sabia que você não ia me deixar na mão, Henry!","Vielen Dank, mein Freund! I knew you wouldn’t let me down, Henry!","Vielen Dank, mein Freund! Я сразу понимать, что ты можно верить, Хайнрих!","Vielen Dank, mein Freund! I knew you wouldn’t let me down, Henry!","¡Vielen Dank, mein Freund! Sabía que no me defraudaríais, Henry.","Vielen Dank, mein Freund! I knew you wouldn’t let me down, Henry!","Vielen Dank, mein Freund! Beni yüzüstü bırakmayacağını biliyordum, Henry!","Vielen Dank, mein Freund! I knew you wouldn’t let me down, Henry!","Vielen Dank, mein Freund! Я знав, що на тебе можна покластися, Індржиху!","Vielen Dank, mein Freund! I knew you wouldn’t let me down, Henry!","Vielen Dank, mein Freund! Tôi biết cậu sẽ không làm tôi thất vọng, Henry!",,,,,
spol_utok_na_m_mein_gott__H7X0,likely_foreign_phrase,15,10,Mein; Gott; Heinrich,"foreign-lexicon hit(s): Mein, Gott | multiple preserved tokens | foreign lexicon visible in English display: gott, mein","Mein Gott, Heinrich… What are you doing?","Mein Gott, Heinrich（我的天哪，亨利）……你在干什么？","Mein Gott, Heinrich… What are you doing?","Mein Gott, Heinrich（我的天啊，亨利）……你在幹什麼？",Mein Gott Heinrich... Co to děláš?,"Mein Gott, Heinrich... co to děláš?","!P Mein Gott, Heinrich… What are you doing?","Mein Gott, Heinrich… What are you doing?","Mein Gott, Heinrich… What are you doing?","Mein Gott, Heinrich… Qu'est-ce que tu fais ?","Mein Gott, Heinrich… What are you doing?","Mein Gott, Heinrich ... Was machst du nur?","Mein Gott, Heinrich… What are you doing?","Mein Gott, Heinrich… Ma che fai?","Mein Gott, Heinrich… What are you doing?",おい  ハインリッヒ…  何をしてる？,"Mein Gott, Heinrich… What are you doing?","Mein Gott, Heinrich… 대체 무슨 짓이야?","Mein Gott, Heinrich… What are you doing?","Mein Gott, Heinrich… Co ty wyprawiasz?","Mein Gott, Heinrich… What are you doing?","Mein Gott, Heinrich… O que você está fazendo?","Mein Gott, Heinrich… What are you doing?","Mein Gott, Хайнрих… Что ты творить?","Mein Gott, Heinrich… What are you doing?","Mein Gott, Heinrich… ¿Qué hacéis?","Mein Gott, Heinrich… What are you doing?","Mein Gott, Heinrich… Ne yapıyorsun?","Mein Gott, Heinrich… What are you doing?","Mein Gott, Індржиху… Що ти робиш?","Mein Gott, Heinrich… What are you doing?","Này, Heinrich… Cậu đang làm gì vậy?",,,,,
utik_soldier_u_oh_mein_go_U921,likely_foreign_phrase,15,10,mein; Gott; Jungs,"foreign-lexicon hit(s): mein, Gott | multiple preserved tokens | foreign lexicon visible in English display: gott, mein","Oh, mein Gott, Jungs …","Oh, mein Gott, Jungs …（我的天啊，各位…)","Oh, mein Gott, Jungs …","Oh, mein Gott, Jungs…（我的天啊，各位……）","Oh, mein Gott, Jungs...","Oh, mein Gott, Jungs …","!P Oh, mein Gott, Jungs...","Oh, mein Gott, Jungs …","Oh, mein Gott, Jungs …","Oh, mein Gott, Jungs …","Oh, mein Gott, Jungs …","Oh mein Gott, Jungs …","Oh, mein Gott, Jungs …","Oh, mein Gott, Jungs …","Oh, mein Gott, Jungs …","Oh, mein Gott, Jungs …","Oh, mein Gott, Jungs …","Oh, mein Gott, Jungs …","Oh, mein Gott, Jungs …","Oh, mein Gott, Jungs…","Oh, mein Gott, Jungs …","Oh, mein Gott, Jungs…","Oh, mein Gott, Jungs …","Ох, mein Gott, Jungs…","Oh, mein Gott, Jungs …","Oh, mein Gott, Jungs …","Oh, mein Gott, Jungs …","Oh, mein Gott, Jungs …","Oh, mein Gott, Jungs …","Oh, mein Gott, Jungs …","Oh, mein Gott, Jungs …","Oh, mein Gott, Jungs …",,,,,
vyhe_dlc2_stre_bis_bald_m_JCkF,likely_foreign_phrase,15,7,bald; mein; Freund; Gott; segne; dich,"foreign-lexicon hit(s): mein, Freund, Gott, dich | multiple preserved tokens | foreign lexicon visible in English display: dich, freund, gott, mein","Bis bald, mein Freund! Gott segne dich.","Bis bald, mein Freund（再见，我的朋友）！Gott segne dich（愿上帝保佑你）。","Bis bald, mein Freund! Gott segne dich.","Bis bald, mein Freund! Gott segne dich.","Bis bald, mein Freund! Gott segne dich.","Bis bald, mein Freund! Gott segne dich.","Bis bald, mein Freund! Gott segne dich.","Bis bald, mein Freund! Gott segne dich.","Bis bald, mein Freund! Gott segne dich.","Bis bald, mein Freund ! Gott segne dich.","Bis bald, mein Freund! Gott segne dich.","Bis bald, mein Freund! Gott segne dich.","Bis bald, mein Freund! Gott segne dich.","Bis bald, mein Freund! Gott segne dich.","Bis bald, mein Freund! Gott segne dich.",また会おう  友よ！  神のご加護を,"Bis bald, mein Freund! Gott segne dich.","Bis bald, mein Freund! Gott segne dich.","Bis bald, mein Freund! Gott segne dich.","Bis bald, mein Freund! Gott segne dich.","Bis bald, mein Freund! Gott segne dich.","Bis bald, mein Freund! Gott segne dich.","Bis bald, mein Freund! Gott segne dich.","Bis bald, mein Freund! Gott segne dich.","Bis bald, mein Freund! Gott segne dich.","¡Bis bald, mein Freund! Gott segne dich.","Bis bald, mein Freund! Gott segne dich.","Bis bald, mein Freund! Gott segne dich.","Bis bald, mein Freund! Gott segne dich.","Bis bald, mein Freund! Gott segne dich.","Bis bald, mein Freund! Gott segne dich.","Bis bald, mein Freund! Gott segne dich. Hẹn gặp lại sớm nhé, bạn tôi! Cầu Chúa ban phước cho cậu.",,,,,
zena_hospodska_ja_naturli_M9br,likely_foreign_phrase,15,10,natürlich; mein; Herr,"foreign-lexicon hit(s): mein, Herr | multiple preserved tokens | foreign lexicon visible in English display: herr, mein","Ja, natürlich mein Herr.","Ja, natürlich mein Herr.","Ja, natürlich mein Herr.","Ja, natürlich mein Herr.","Ja, natürlich mein Herr.","Ja, natürlich mein Herr.","!P Ja, natürlich mein Herr.","Ja, natürlich mein Herr.","Ja, natürlich mein Herr.","Ja, natürlich mein Herr.","Ja, natürlich mein Herr.","Ja, natürlich mein Herr.","Ja, natürlich mein Herr.","Ja, natürlich mein Herr.","Ja, natürlich mein Herr.","Ja, natürlich mein Herr.","Ja, natürlich mein Herr.","Ja, natürlich mein Herr.","Ja, natürlich mein Herr.","Ja, natürlich, mein Herr.","Ja, natürlich mein Herr.","Ja, natürlich mein Herr.","Ja, natürlich mein Herr.","Ja, natürlich mein Herr.","Ja, natürlich mein Herr.","Ja, natürlich mein Herr.","Ja, natürlich mein Herr.","Ja, natürlich mein Herr.","Ja, natürlich mein Herr.","Ja, natürlich mein Herr.","Ja, natürlich mein Herr.","Ja, natürlich mein Herr.",,,,,
arne_arne_nemec_to_nesnad_qY0U,likely_foreign_phrase,14,11,nicht; einfach; also; Stoffe; Geld; Unterricht; Menhard,foreign-lexicon hit(s): nicht | multiple preserved tokens | foreign lexicon visible in English display: nicht,"Das ist nicht einfach, also... I have some Stoffe stolen. To have Geld to pay für Unterricht... lessons... bei Menhard.",Das ist nicht einfach（赚钱很难），另外…我有一些偷来的Stoffe （东西）。 To have Geld to pay für Unterricht... lessons... bei Meinhard.（为了攒足够的钱支付学费…课程…给门哈德）。,"Das ist nicht einfach, also... I have some Stoffe stolen. To have Geld to pay für Unterricht... lessons... bei Menhard.",Das ist nicht einfach（這不容易），所以……我偷了一些Stoffe（布料），才有 Geld（錢）付曼哈德的für Unterricht……課程。,"To nesnadná věc, so ja ab und zu nějaká Tuche krádež, aby peníze mít a začít se u Menhart učit.","To nesnadná věc… so ja ab und zu nějaká Tuche krádež, aby peníze mít… a začít se… u Menhart učit.","That is not easy, so I stole some fabrics to get money to pay Menhard for lessons. Das ist nicht einfach, also... I have some Stoffe stolen. To have Geld to pay für Unterricht... lessons... bei Meinhard.","Das ist nicht einfach, also... I have some Stoffe stolen. To have Geld to pay für Unterricht... lessons... bei Menhard.","Das ist nicht einfach, also... I have some Stoffe stolen. To have Geld to pay für Unterricht... lessons... bei Menhard.","Das ist nicht einfach, also… J'ai dû voler des Stoffe. Pour gagner du Geld pour payer les Unterricht… leçons… de Menhard.","Das ist nicht einfach, also... I have some Stoffe stolen. To have Geld to pay für Unterricht... lessons... bei Menhard.","Das ist nicht einfach, also ... habe ich ‘ne Kiste voll Stoff geklaut. Um den Unterricht bei Menhart zu bezahlen.","Das ist nicht einfach, also... I have some Stoffe stolen. To have Geld to pay für Unterricht... lessons... bei Menhard.","Das ist nicht einfach, also… Ho rubato… Per avere soldi per Unterricht… Lezioni di Menhard.","Das ist nicht einfach, also... I have some Stoffe stolen. To have Geld to pay für Unterricht... lessons... bei Menhard.",簡単なことじゃなくてな…  盗みをした<br/>布を盗んで売り  その金でメンハルトに<br/>稽古の金を…  払った,"Das ist nicht einfach, also... I have some Stoffe stolen. To have Geld to pay für Unterricht... lessons... bei Menhard.","Das ist nicht einfach, also... 내가 Stoffe를 조금 훔쳤어. 멘하르트의 Unterricht... 수업... 비용을 낼 Geld가 필요했거든.","Das ist nicht einfach, also... I have some Stoffe stolen. To have Geld to pay für Unterricht... lessons... bei Menhard.","Das ist nicht einfach, also... ukradłem część Stoffe. Żeby mieć Geld für Unterricht... lekcje... bei Meinhard.","Das ist nicht einfach, also... I have some Stoffe stolen. To have Geld to pay für Unterricht... lessons... bei Menhard.","Das ist nicht einfach, também… eu roubei uns Stoffe. Para ter Geld pra pagar für Unterricht… aulas… bei Menhard.","Das ist nicht einfach, also... I have some Stoffe stolen. To have Geld to pay für Unterricht... lessons... bei Menhard.","Das ist nicht einfach, also... я немного Stoffe украсть. Чтобы иметь Geld заплатить für Unterricht... за уроки... с Менхард.","Das ist nicht einfach, also... I have some Stoffe stolen. To have Geld to pay für Unterricht... lessons... bei Menhard.","Das ist nicht einfach, also… Tuve que robar Stoffe alguna vez. Para pagar por las lecciones… Con Menhard, precisamente.","Das ist nicht einfach, also... I have some Stoffe stolen. To have Geld to pay für Unterricht... lessons... bei Menhard.","Das ist nicht einfach, ayrıca… Benim Stoffe çalındı. Geld olması für Unterricht... dersler... ödemek için bei Menhard.","Das ist nicht einfach, also... I have some Stoffe stolen. To have Geld to pay für Unterricht... lessons... bei Menhard.","Das ist nicht einfach, тож... Я вкрав трохи Stoffe. Хотів продати за Geld, щоб платити für Unterricht... навчання... у Менгарда.","Das ist nicht einfach, also... I have some Stoffe stolen. To have Geld to pay für Unterricht... lessons... bei Menhard.","Chuyện này không dễ đâu, nên… tôi đã ăn cắp vài cuộn Stoffe, để có Geld trả tiền Unterricht… học với Menhard.",,,,,
chat_event_tab_guten_tag__qFbf,likely_foreign_phrase,14,11,Guten; Pilger; Geht; hier; nicht; weiter; Straßen; sind; schlecht; gefährlich,foreign-lexicon hit(s): nicht | multiple preserved tokens | foreign lexicon visible in English display: nicht,"Guten Tag, Pilger! Geht hier nicht weiter, die Straßen sind schlecht und gefährlich.","Guten Tag, Pilger! Geht hier nicht weiter, die Straßen sind schlecht und gefährlich.","Guten Tag, Pilger! Geht hier nicht weiter, die Straßen sind schlecht und gefährlich.","Guten Tag, Pilger! Geht hier nicht weiter, die Straßen sind schlecht und gefährlich.","Guten Tag, Pilger! Hör auf hier, die Straßen sind schlecht und gefährlich.","Guten Tag, Pilger! Geht hier nicht weiter, die Straßen sind schlecht und gefährlich.","Guten Tag, Pilger! Hör auf hier, die Straßen sind schlecht und gefährlich.","Guten Tag, Pilger! Geht hier nicht weiter, die Straßen sind schlecht und gefährlich.","Guten Tag, Pilger! Geht hier nicht weiter, die Straßen sind schlecht und gefährlich.","Guten Tag, Pilger! Geht hier nicht weiter, die Straßen sind schlecht und gefährlich.","Guten Tag, Pilger! Geht hier nicht weiter, die Straßen sind schlecht und gefährlich.","Guten Tag, Pilger! Geht hier nicht weiter, die Straßen sind schlecht und gefährlich.","Guten Tag, Pilger! Geht hier nicht weiter, die Straßen sind schlecht und gefährlich.","Guten Tag, Pilger! Geht hier nicht weiter, die Straßen sind schlecht und gefährlich.","Guten Tag, Pilger! Geht hier nicht weiter, die Straßen sind schlecht und gefährlich.","Guten Tag, Pilger! Geht hier nicht weiter, die Straßen sind schlecht und gefährlich.","Guten Tag, Pilger! Geht hier nicht weiter, die Straßen sind schlecht und gefährlich.","Guten Tag, Pilger! Geht hier nicht weiter, die Straßen sind schlecht und gefährlich.","Guten Tag, Pilger! Geht hier nicht weiter, die Straßen sind schlecht und gefährlich.","Guten Tag, Pilger! Geht hier nicht weiter, die Straßen sind schlecht und gefährlich.","Guten Tag, Pilger! Geht hier nicht weiter, die Straßen sind schlecht und gefährlich.","Guten Tag, Pilger! Geht hier nicht weiter, die Straßen sind schlecht und gefährlich.","Guten Tag, Pilger! Geht hier nicht weiter, die Straßen sind schlecht und gefährlich.","Guten Tag, Pilger! Geht hier nicht weiter, die Straßen sind schlecht und gefährlich.","Guten Tag, Pilger! Geht hier nicht weiter, die Straßen sind schlecht und gefährlich.","Guten Tag, Pilger! Geht hier nicht weiter, die Straßen sind schlecht und gefährlich.","Guten Tag, Pilger! Geht hier nicht weiter, die Straßen sind schlecht und gefährlich.","Guten Tag, Pilger! Geht hier nicht weiter, die Straßen sind schlecht und gefährlich.","Guten Tag, Pilger! Geht hier nicht weiter, die Straßen sind schlecht und gefährlich.","Guten Tag, Pilger! Geht hier nicht weiter, die Straßen sind schlecht und gefährlich.","Guten Tag, Pilger! Geht hier nicht weiter, die Straßen sind schlecht und gefährlich.","Guten Tag, Pilger! Geht hier nicht weiter, die Straßen sind schlecht und gefährlich.",,,,,
dial_musa_z_ma_hergot_hm__6K65,likely_foreign_phrase,14,9,Herr; Gott,"foreign-lexicon hit(s): Herr, Gott | multiple preserved tokens | foreign lexicon visible in English display: gott, herr",Herr Gott? Hmm… I see some German words have caught on in Italy.,Mein Gott（我的上帝）？嗯…看来有些德语词在意大利也流行起来了。,Herr Gott? Hmm… I see some German words have caught on in Italy.,Mein Gott（我的老天）？嗯……看來有些德意志單詞在義大利很流行呢。,"Hergot? Hm... koukám, že ve Vlašské zemi se uchytila německá slova.","Hergot? Hm... Vidím, že ve Vlaších se uchytila německá slova.",!P Mein Gott? Hmm… I see some German words have caught on in Italy.,Herr Gott? Hmm… I see some German words have caught on in Italy.,Herr Gott? Hmm… I see some German words have caught on in Italy.,Herr Gott? Hmm. Video in Italia vocabulis Theodiscis utantur.,Herr Gott? Hmm… I see some German words have caught on in Italy.,Kurva? Hmm ... In Italien spricht man wohl auch etwas Tschechisch.,Herr Gott? Hmm… I see some German words have caught on in Italy.,Mein Gott? Hmm… Vedo in Italia il tedesco ha attecchito bene.,Herr Gott? Hmm… I see some German words have caught on in Italy.,（ゼア・グート？  ふむ…  イタリアでは<br/>ドイツ語が流行っているのでしょうか）,Herr Gott? Hmm… I see some German words have caught on in Italy.,Mein Gott? 흠... 요즘은 이탈리아에서도 독일어를 많이 쓰나 봅니다.,Herr Gott? Hmm… I see some German words have caught on in Italy.,"Mein Gott? Hmm... widzę, że we Włoszech podłapałeś trochę niemieckiego.",Herr Gott? Hmm… I see some German words have caught on in Italy.,Mein Gott? Hmm… Vejo que algumas palavras germânicas se popularizaram na Itália.,Herr Gott? Hmm… I see some German words have caught on in Italy.,Mein Gott? Хм... Я вижу в Италии теперь много говорят по-немецки.,Herr Gott? Hmm… I see some German words have caught on in Italy.,¿Herr Gott? Hmm… Veo que algunas palabras alemanas se han puesto de moda en Italia.,Herr Gott? Hmm… I see some German words have caught on in Italy.,Mein Gott? Hımm… Bakıyorum da İtalya'da bazı Almanca sözler yaygınlaşmış.,Herr Gott? Hmm… I see some German words have caught on in Italy.,"Mein Gott? Гм-м... Бачу, деякі німецькі слова дійшли аж до Італії.",Herr Gott? Hmm… I see some German words have caught on in Italy.,Herr Gott? Hừm… Ở Ý giờ chuộng tiếng Đức à?,,,,,
dlc2_pozdrav_c_gruss_gott_mHo6,likely_foreign_phrase,14,11,Grüß; Gott; Bruder; Schmied,foreign-lexicon hit(s): Gott | multiple preserved tokens | foreign lexicon visible in English display: gott,"Grüß Gott, Bruder Schmied!",愿上帝保佑你，铁匠兄弟！,"Grüß Gott, Bruder Schmied!","Grüß Gott, Bruder Schmied!","Gruss Gott, Bruder Schmied!","Gruss Gott, Bruder Schmied!","Gruss Gott, Bruder Schmied!","Grüß Gott, Bruder Schmied!","Grüß Gott, Bruder Schmied!","Grüss Gott, Bruder Schmied !","Grüß Gott, Bruder Schmied!","Grüß Gott, Bruder Schmied.","Grüß Gott, Bruder Schmied!","Grüß Gott, Bruder Schmied!","Grüß Gott, Bruder Schmied!","Grüß Gott, Bruder Schmied!","Grüß Gott, Bruder Schmied!","Grüß Gott, Bruder Schmied!","Grüß Gott, Bruder Schmied!","Grüß Gott, Bruder Schmied!","Grüß Gott, Bruder Schmied!","Grüß Gott, Bruder Schmied!","Grüß Gott, Bruder Schmied!","Grüß Gott, Bruder Schmied!","Grüß Gott, Bruder Schmied!","¡Grüß Gott, Bruder Schmied!","Grüß Gott, Bruder Schmied!","Grüß Gott, Bruder Schmied!","Grüß Gott, Bruder Schmied!","Grüß Gott, Bruder Schmied!","Grüß Gott, Bruder Schmied!","Grüß Gott, Bruder Schmied!",,,,,
dlc2_pozdrav_m_gruss_gott_48YB,mixed_or_ambiguous,14,11,Grüß; Gott; Meister; Heinrich,foreign-lexicon hit(s): Gott | multiple preserved tokens | foreign lexicon visible in English display: gott,"Grüß Gott, Meister Heinrich!",愿主保佑你，亨利师傅！,"Grüß Gott, Meister Heinrich!","Grüß Gott, Meister Heinrich!","Grüss Gott, Meister Heinrich!","Grüss Gott, Meister Heinrich!","Grüss Gott, Meister Heinrich!","Grüß Gott, Meister Heinrich!","Grüß Gott, Meister Heinrich!","Grüß Gott, Meister Heinrich!","Grüß Gott, Meister Heinrich!","Grüß Gott, Meister Heinrich!","Grüß Gott, Meister Heinrich!","Grüß Gott, Meister Heinrich!","Grüß Gott, Meister Heinrich!","Grüß Gott, Meister Heinrich!","Grüß Gott, Meister Heinrich!","Grüß Gott, Meister Heinrich!","Grüß Gott, Meister Heinrich!","Grüß Gott, Meister Heinrich!","Grüß Gott, Meister Heinrich!","Grüß Gott, Meister Heinrich!","Grüß Gott, Meister Heinrich!","Grüß Gott, Meister Heinrich!","Grüß Gott, Meister Heinrich!","Grüß Gott, Meister Heinrich!","Grüß Gott, Meister Heinrich!","Grüß Gott, Meister Heinrich!","Grüß Gott, Meister Heinrich!","Grüß Gott, Meister Heinrich!","Grüß Gott, Meister Heinrich!","Grüß Gott, Meister Heinrich!",,,,,
eich_cechmistr_podivej_se_OX2O,likely_foreign_phrase,14,9,mein; Freund; Boris,"foreign-lexicon hit(s): mein, Freund | multiple preserved tokens | foreign lexicon visible in English display: freund, mein","Ah, listen, mein Freund… Boris could not tell you everything…",啊，听着，mein Freund（我的朋友）……布里斯没全都告诉你......,"Ah, listen, mein Freund… Boris could not tell you everything…",啊，聽我說，mein Freund（我的朋友）……伯里斯沒把事情一五一十告訴你……,"Poslouchej, mein Freund, Zbořek ti samozřejmě nemohl říct všechno...","Poslouchej, mein Freund, Zbořek ti samozřejmě nemohl říct všechno...","Ah, listen, mein Freund… Boris could not tell you everything…","Ah, listen, mein Freund… Boris could not tell you everything…","Ah, listen, mein Freund… Boris could not tell you everything…","Ah, écoute, mein Freund… Boris n'a pas pu tout te dire…","Ah, listen, mein Freund… Boris could not tell you everything…","Hör zu, mein Freund ... Boris konnte dir nicht alles sagen ...","Ah, listen, mein Freund… Boris could not tell you everything…","Ah, ascolta, mein Freund… Boris non poteva dirti tutto…","Ah, listen, mein Freund… Boris could not tell you everything…",よく聞け…<br/>ボリスはお前にすべてを話したわけじゃない…,"Ah, listen, mein Freund… Boris could not tell you everything…","아, 그래, mein Freund... 보리스가 다 말해줄 수는 없었을 테니...","Ah, listen, mein Freund… Boris could not tell you everything…","Słuchaj, mein Freund... Borys nie mógł powiedzieć ci wszystkiego...","Ah, listen, mein Freund… Boris could not tell you everything…","Ah, escute, mein Freund… O Bóris não podia te contar tudo…","Ah, listen, mein Freund… Boris could not tell you everything…","А. Я объясню, Freund… Зборжек не все тебе мог рассказать...","Ah, listen, mein Freund… Boris could not tell you everything…","Ah, escuchadme, mein Freund… Boris no os lo podía relatar todo.","Ah, listen, mein Freund… Boris could not tell you everything…","Ah, dinle, mein Freund… Boris sana her şeyi anlatamadı…","Ah, listen, mein Freund… Boris could not tell you everything…","Послухай, mein Freund… Зборжек не міг сказати тобі всього…","Ah, listen, mein Freund… Boris could not tell you everything…","À, nghe này, bạn tôi… Boris không thể kể hết cho cậu…",,,,,
eldr_puskar_el_gott_sei_d_vLJo,likely_foreign_phrase,14,11,Gott; Dank; meinem; Pferd,foreign-lexicon hit(s): Gott | multiple preserved tokens | foreign lexicon visible in English display: gott,Gott sei Dank! Hopefully nothing’s happened to him - or meinem Pferd!,Gott sei Dank（感谢上帝）！希望他没出意外——还有meinem Pferd（我的马）也没出意外!,Gott sei Dank! Hopefully nothing’s happened to him - or meinem Pferd!,Gott sei Dank（謝天謝地）！希望他別出什麼事，還有meinem Pferd（我的馬）也是！,Gott sei Dank! Snad se jemu ani meinem Pferd nic nestalo...,"Gott sei Dank! Snad se jemu ani meinem Pferd, koňovi, nic nestalo...",Gott sei Dank! Hopefully nothing’s happened to him — or meinem Pferd!,Gott sei Dank! Hopefully nothing’s happened to him - or meinem Pferd!,Gott sei Dank! Hopefully nothing’s happened to him - or meinem Pferd!,Gott sei Dank ! Espérons qu'il ne lui est rien arrivé… ou meinem Pferd !,Gott sei Dank! Hopefully nothing’s happened to him - or meinem Pferd!,Gott sei Dank! Hoffentlich ist ihm nichts zugestoßen – oder meinem Pferd!,Gott sei Dank! Hopefully nothing’s happened to him - or meinem Pferd!,"Gott sei Dank! Spero non sia accaduto nulla a lui, né al cavallo… Meinem Pferd!",Gott sei Dank! Hopefully nothing’s happened to him - or meinem Pferd!,ありがとう！  妙なことに<br/>巻き込まれてないといいが…  私の馬もな,Gott sei Dank! Hopefully nothing’s happened to him - or meinem Pferd!,Gott sei Dank! 녀석에게 별일이 없어야 할 텐데. Meinem Pferd에게도!,Gott sei Dank! Hopefully nothing’s happened to him - or meinem Pferd!,"Gott sei Dank! Mam nadzieję, że nic mu się nie stało – albo meinem Pferd!",Gott sei Dank! Hopefully nothing’s happened to him - or meinem Pferd!,"Gott sei Dank! Espero que não tenha acontecido nada com ele, ou com meinem Pferd!",Gott sei Dank! Hopefully nothing’s happened to him - or meinem Pferd!,"Gott sei Dank! Я стану надеяться, что он все карашо – и meinem Pferd тоже!",Gott sei Dank! Hopefully nothing’s happened to him - or meinem Pferd!,¡Gott sei Dank! Espero que no le haya ocurrido nada… ¡Y a meinem Pferd tampoco!,Gott sei Dank! Hopefully nothing’s happened to him - or meinem Pferd!,Gott sei Dank! Umarım başına bir şey gelmemiştir — or meinem Pferd!,Gott sei Dank! Hopefully nothing’s happened to him - or meinem Pferd!,"Gott sei Dank! Сподіваюся, з ним нічого не сталося або з meinem Pferd!",Gott sei Dank! Hopefully nothing’s happened to him - or meinem Pferd!,Gott sei Dank! Hy vọng không có chuyện gì xảy ra với nó - hoặc con ngựa của tôi!,,,,,
endi_rozloucen_auf_wieder_jbrq,likely_foreign_phrase,14,11,Wiedersehen; einen; guten; Abend; dich,foreign-lexicon hit(s): dich | multiple preserved tokens | foreign lexicon visible in English display: dich,Auf Wiedersehen und einen guten Abend für dich!,Auf Wiedersehen und einen guten Abend für dich!,Auf Wiedersehen und einen guten Abend für dich!,Auf Wiedersehen und einen guten Abend für dich!,Auf Wiedersehen und Guten Abend!,Auf Wiedersehen und einen guten Abend für dich!,!P Auf Wiedersehen und Guten Abend!,Auf Wiedersehen und einen guten Abend für dich!,Auf Wiedersehen und einen guten Abend für dich!,Auf Wiedersehen und einen guten Abend für dich!,Auf Wiedersehen und einen guten Abend für dich!,Auf Wiedersehen und einen guten Abend für dich!,Auf Wiedersehen und einen guten Abend für dich!,Auf Wiedersehen und einen guten Abend für dich!,Auf Wiedersehen und einen guten Abend für dich!,Auf Wiedersehen und einen guten Abend für dich!,Auf Wiedersehen und einen guten Abend für dich!,Auf Wiedersehen und einen guten Abend für dich!,Auf Wiedersehen und einen guten Abend für dich!,Auf Wiedersehen und einen guten Abend für dich!,Auf Wiedersehen und einen guten Abend für dich!,Auf Wiedersehen und einen guten Abend für dich!,Auf Wiedersehen und einen guten Abend für dich!,Auf Wiedersehen und einen guten Abend für dich!,Auf Wiedersehen und einen guten Abend für dich!,¡Auf Wiedersehen und einen guten Abend für dich!,Auf Wiedersehen und einen guten Abend für dich!,Auf Wiedersehen und einen guten Abend für dich!,Auf Wiedersehen und einen guten Abend für dich!,Auf Wiedersehen und einen guten Abend für dich!,Auf Wiedersehen und einen guten Abend für dich!,Auf Wiedersehen und Guten Abend!,,,,,
endi_rozloucen_auf_wieder_sj0d,likely_foreign_phrase,14,11,Wiedersehen; einen; guten; Abend; dich,foreign-lexicon hit(s): dich | multiple preserved tokens | foreign lexicon visible in English display: dich,Auf Wiedersehen und einen guten Abend für dich!,Auf Wiedersehen und einen guten Abend für dich!,Auf Wiedersehen und einen guten Abend für dich!,Auf Wiedersehen und einen guten Abend für dich!,Auf Wiedersehen und Guten Abend!,Auf Wiedersehen und einen guten Abend für dich!,!P Auf Wiedersehen und Guten Abend!,Auf Wiedersehen und einen guten Abend für dich!,Auf Wiedersehen und einen guten Abend für dich!,Auf Wiedersehen und einen guten Abend für dich!,Auf Wiedersehen und einen guten Abend für dich!,Auf Wiedersehen und einen guten Abend für dich!,Auf Wiedersehen und einen guten Abend für dich!,Auf Wiedersehen und einen guten Abend für dich!,Auf Wiedersehen und einen guten Abend für dich!,Auf Wiedersehen und einen guten Abend für dich!,Auf Wiedersehen und einen guten Abend für dich!,Auf Wiedersehen und einen guten Abend für dich!,Auf Wiedersehen und einen guten Abend für dich!,Auf Wiedersehen und einen guten Abend für dich!,Auf Wiedersehen und einen guten Abend für dich!,Auf Wiedersehen und einen guten Abend für dich!,Auf Wiedersehen und einen guten Abend für dich!,Auf Wiedersehen und einen guten Abend für dich!,Auf Wiedersehen und einen guten Abend für dich!,¡Auf Wiedersehen und einen guten Abend für dich!,Auf Wiedersehen und einen guten Abend für dich!,Auf Wiedersehen und einen guten Abend für dich!,Auf Wiedersehen und einen guten Abend für dich!,Auf Wiedersehen und einen guten Abend für dich!,Auf Wiedersehen und einen guten Abend für dich!,Auf Wiedersehen und Guten Abend!,,,,,
endi_rozloucen_bis_bald_u_TkzD,likely_foreign_phrase,14,11,bald; einen; guten; Abend; dich,foreign-lexicon hit(s): dich | multiple preserved tokens | foreign lexicon visible in English display: dich,Bis bald und einen guten Abend für dich!,Bis bald und einen guten Abend für dich!,Bis bald und einen guten Abend für dich!,Bis bald und einen guten Abend für dich!,Bis bald und Guten Abend!,Bis bald und einen guten Abend für dich!,!P Bis bald und Guten Abend!,Bis bald und einen guten Abend für dich!,Bis bald und einen guten Abend für dich!,Bis bald und einen guten Abend für dich!,Bis bald und einen guten Abend für dich!,Bis bald und einen guten Abend für dich!,Bis bald und einen guten Abend für dich!,Bis bald und einen guten Abend für dich!,Bis bald und einen guten Abend für dich!,Bis bald und einen guten Abend für dich!,Bis bald und einen guten Abend für dich!,Bis bald und einen guten Abend für dich!,Bis bald und einen guten Abend für dich!,Bis bald und einen guten Abend für dich!,Bis bald und einen guten Abend für dich!,Bis bald und einen guten Abend für dich!,Bis bald und einen guten Abend für dich!,Bis bald und einen guten Abend für dich!,Bis bald und einen guten Abend für dich!,¡Bis bald und einen guten Abend für dich!,Bis bald und einen guten Abend für dich!,Bis bald und einen guten Abend für dich!,Bis bald und einen guten Abend für dich!,Bis bald und einen guten Abend für dich!,Bis bald und einen guten Abend für dich!,Bis bald und Guten Abend!,,,,,
endi_rozloucen_bis_bald_u_kcUz,likely_foreign_phrase,14,11,bald; einen; guten; Abend; dich,foreign-lexicon hit(s): dich | multiple preserved tokens | foreign lexicon visible in English display: dich,Bis bald und einen guten Abend für dich!,Bis bald und einen guten Abend für dich!,Bis bald und einen guten Abend für dich!,Bis bald und einen guten Abend für dich!,Bis bald und Guten Abend!,Bis bald und einen guten Abend für dich!,!P Bis bald und Guten Abend!,Bis bald und einen guten Abend für dich!,Bis bald und einen guten Abend für dich!,Bis bald und einen guten Abend für dich!,Bis bald und einen guten Abend für dich!,Bis bald und einen guten Abend für dich!,Bis bald und einen guten Abend für dich!,Bis bald und einen guten Abend für dich!,Bis bald und einen guten Abend für dich!,Bis bald und einen guten Abend für dich!,Bis bald und einen guten Abend für dich!,Bis bald und einen guten Abend für dich!,Bis bald und einen guten Abend für dich!,Bis bald und einen guten Abend für dich!,Bis bald und einen guten Abend für dich!,Bis bald und einen guten Abend für dich!,Bis bald und einen guten Abend für dich!,Bis bald und einen guten Abend für dich!,Bis bald und einen guten Abend für dich!,¡Bis bald und einen guten Abend für dich!,Bis bald und einen guten Abend für dich!,Bis bald und einen guten Abend für dich!,Bis bald und einen guten Abend für dich!,Bis bald und einen guten Abend für dich!,Bis bald und einen guten Abend für dich!,Bis bald und Guten Abend!,,,,,
endi_rozloucen_gott_mit_d_aMhC,likely_foreign_phrase,14,7,Gott; mein; Herr,"foreign-lexicon hit(s): Gott, mein, Herr | multiple preserved tokens | foreign lexicon visible in English display: gott, herr, mein","Gott sei mit dir, mein Herr!","Gott sei mit dir, mein Herr!","Gott sei mit dir, mein Herr!","Gott sei mit dir, mein Herr!","Gott mit dir, Mein Herr!","Gott sei mit dir, mein Herr!","!P Gott mit dir, Mein Herr!","Gott sei mit dir, mein Herr!","Gott sei mit dir, mein Herr!","Gott sei mit dir, mein Herr!","Gott sei mit dir, mein Herr!","Gott sei mit dir, mein Herr!","Gott sei mit dir, mein Herr!","Gott sei mit dir, mein Herr!","Gott sei mit dir, mein Herr!","Gott sei mit dir, mein Herr!","Gott sei mit dir, mein Herr!","Gott sei mit dir, mein Herr!","Gott sei mit dir, mein Herr!","Gott sei mit dir, mein Herr!","Gott sei mit dir, mein Herr!","Gott sei mit dir, mein Herr!","Gott sei mit dir, mein Herr!","Gott sei mit dir, mein Herr.","Gott sei mit dir, mein Herr!","¡Gott sei mit dir, mein Herr!","Gott sei mit dir, mein Herr!","Gott sei mit dir, mein Herr!","Gott sei mit dir, mein Herr!","Gott sei mit dir, mein Herr!","Gott sei mit dir, mein Herr!","Gott mit dir, Mein Herr!",,,,,
endi_rozloucen_gott_mit_d_ffjt,likely_foreign_phrase,14,7,Gott; mein; Herr,"foreign-lexicon hit(s): Gott, mein, Herr | multiple preserved tokens | foreign lexicon visible in English display: gott, herr, mein","Gott sei mit dir, mein Herr!","Gott sei mit dir, mein Herr!","Gott sei mit dir, mein Herr!","Gott sei mit dir, mein Herr!","Gott mit dir, Mein Herr!","Gott sei mit dir, mein Herr!","!P Gott mit dir, Mein Herr!","Gott sei mit dir, mein Herr!","Gott sei mit dir, mein Herr!","Gott sei mit dir, mein Herr!","Gott sei mit dir, mein Herr!","Gott sei mit dir, mein Herr!","Gott sei mit dir, mein Herr!","Gott sei mit dir, mein Herr!","Gott sei mit dir, mein Herr!","Gott sei mit dir, mein Herr!","Gott sei mit dir, mein Herr!","Gott sei mit dir, mein Herr!","Gott sei mit dir, mein Herr!","Gott sei mit dir, mein Herr!","Gott sei mit dir, mein Herr!","Gott sei mit dir, mein Herr!","Gott sei mit dir, mein Herr!","Gott sei mit dir, mein Herr.","Gott sei mit dir, mein Herr!","¡Gott sei mit dir, mein Herr!","Gott sei mit dir, mein Herr!","Gott sei mit dir, mein Herr!","Gott sei mit dir, mein Herr!","Gott sei mit dir, mein Herr!","Gott sei mit dir, mein Herr!","Gott sei mit dir, mein Herr!",,,,,
goss_gossip_na_mein_gott_wBag,likely_foreign_phrase,14,9,Mein; Gott,"foreign-lexicon hit(s): Mein, Gott | multiple preserved tokens | foreign lexicon visible in English display: gott, mein",Mein Gott …,Mein Gott...,Mein Gott …,Mein Gott…（我的天啊……）,Mein gott...,Mein Gott...,Mein gott...,Mein Gott …,Mein Gott …,Mein Gott…,Mein Gott …,Mein Gott …,Mein Gott …,Mein Gott …,Mein Gott …,Mein Gott …,Mein Gott …,Mein Gott...,Mein Gott …,Mein Gott...,Mein Gott …,Mein Gott…,Mein Gott …,Mein Gott…,Mein Gott …,Mein Gott …,Mein Gott …,Mein Gott...,Mein Gott …,Mein Gott…,Mein Gott …,Mein Gott …,,,,,
goss_gossip_na_mmmmmm_agu7,likely_foreign_phrase,14,11,Könnt; jetzt; schon; eigentlich; deinem; Bette; freilich; dich; schützen; Gespenstern,foreign-lexicon hit(s): dich | multiple preserved tokens | foreign lexicon visible in English display: dich,"""...Könnt' ich jetzt schon eigentlich von deinem Bette freilich dich schützen vor Gespenstern.""","""...Könnt' ich jetzt schon eigentlich von deinem Bette freilich dich schützen vor Gespenstern.""","""...Könnt' ich jetzt schon eigentlich von deinem Bette freilich dich schützen vor Gespenstern.""","""...Könnt' ich jetzt schon eigentlich von deinem Bette freilich dich schützen vor Gespenstern.""","""...Könnt' ich jetzt schon eigentlich von deinem Bette freilich dich schützen vor Gespenstern.""",„... Könnt' ich jetzt schon eigentlich von deinem Bette freilich dich schützen vor Gespenstern.“,Könnt' ich jetzt schon eigentlich von deinem Bette freilich dich schützen vor Gespenstern,"""...Könnt' ich jetzt schon eigentlich von deinem Bette freilich dich schützen vor Gespenstern.""","""...Könnt' ich jetzt schon eigentlich von deinem Bette freilich dich schützen vor Gespenstern.""","""…Könnt' ich jetzt schon eigentlich von deinem Bette freilich dich schützen vor Gespenstern.""","""...Könnt' ich jetzt schon eigentlich von deinem Bette freilich dich schützen vor Gespenstern.""","""… Könnt ich jetzt schon eigentlich von deinem Bette freilich dich schützen vor Gespenstern.""","""...Könnt' ich jetzt schon eigentlich von deinem Bette freilich dich schützen vor Gespenstern.""","""…Könnt' ich jetzt schon eigentlich von deinem Bette freilich dich schützen vor Gespenstern.""","""...Könnt' ich jetzt schon eigentlich von deinem Bette freilich dich schützen vor Gespenstern.""","""...Könnt' ich jetzt schon eigentlich von deinem Bette freilich dich schützen vor Gespenstern.""","""...Könnt' ich jetzt schon eigentlich von deinem Bette freilich dich schützen vor Gespenstern.""","""...Könnt' ich jetzt schon eigentlich von deinem Bette freilich dich schützen vor Gespenstern.""","""...Könnt' ich jetzt schon eigentlich von deinem Bette freilich dich schützen vor Gespenstern.""",„...Könnt' ich jetzt schon eigentlich von deinem Bette freilich dich schützen vor Gespenstern”.,"""...Könnt' ich jetzt schon eigentlich von deinem Bette freilich dich schützen vor Gespenstern.""","""…Könnt' ich jetzt schon eigentlich von deinem Bette freilich dich schützen vor Gespenstern.""","""...Könnt' ich jetzt schon eigentlich von deinem Bette freilich dich schützen vor Gespenstern.""",«...Könnt' ich jetzt schon eigentlich von deinem Bette freilich dich schützen vor Gespenstern.»,"""...Könnt' ich jetzt schon eigentlich von deinem Bette freilich dich schützen vor Gespenstern.""","""…Könnt' ich jetzt schon eigentlich von deinem Bette freilich dich schützen vor Gespenstern.""","""...Könnt' ich jetzt schon eigentlich von deinem Bette freilich dich schützen vor Gespenstern.""","“...Könnt' ich jetzt schon eigentlich von deinem Bette freilich dich schützen vor Gespenstern.""","""...Könnt' ich jetzt schon eigentlich von deinem Bette freilich dich schützen vor Gespenstern.""",«...Könnt' ich jetzt schon eigentlich von deinem Bette freilich dich schützen vor Gespenstern.»,"""...Könnt' ich jetzt schon eigentlich von deinem Bette freilich dich schützen vor Gespenstern.""",...Könnt' ich jetzt schon eigentlich von deinem Bette freilich dich schützen vor Gespenstern.',,,,,
goss_gossip_na_mmmmmmmmmmm_Lw1W,likely_foreign_phrase,14,11,Insobald; mich; besuchst; vergangen; seine; Wanderslust; sich; nicht; Flecke; rühret,foreign-lexicon hit(s): nicht | multiple preserved tokens | foreign lexicon visible in English display: nicht,"""...Insobald du mich besuchst vergangen seine Wanderslust sich nicht vom Flecke rühret.""","""...Insobald du mich besuchst vergangen seine Wanderslust sich nicht vom Flecke rühret.""","""...Insobald du mich besuchst vergangen seine Wanderslust sich nicht vom Flecke rühret.""","""...Insobald du mich besuchst vergangen seine Wanderslust sich nicht vom Flecke rühret.""",Sobald du mich besuchst vergangen seine Wanderslust sich nicht vom Flecke rühret,„... Insobald du mich besuchst vergangen seine Wanderslust sich nicht vom Flecke rühret.“,Sobald du mich besuchst vergangen seine Wanderslust sich nicht vom Flecke rühret,"""...Insobald du mich besuchst vergangen seine Wanderslust sich nicht vom Flecke rühret.""","""...Insobald du mich besuchst vergangen seine Wanderslust sich nicht vom Flecke rühret.""","""…Insobald du mich besuchst vergangen seine Wanderslust sich nicht vom Flecke rühret.""","""...Insobald du mich besuchst vergangen seine Wanderslust sich nicht vom Flecke rühret.""","""… Insobald du mich besuchst vergangen seine Wanderslust sich nicht vom Flecke rühret.""","""...Insobald du mich besuchst vergangen seine Wanderslust sich nicht vom Flecke rühret.""","""…Insobald du mich besuchst vergangen seine Wanderslust sich nicht vom Flecke rühret.""","""...Insobald du mich besuchst vergangen seine Wanderslust sich nicht vom Flecke rühret.""","""...Insobald du mich besuchst vergangen seine Wanderslust sich nicht vom Flecke rühret.""","""...Insobald du mich besuchst vergangen seine Wanderslust sich nicht vom Flecke rühret.""","""...Insobald du mich besuchst vergangen seine Wanderslust sich nicht vom Flecke rühret.""","""...Insobald du mich besuchst vergangen seine Wanderslust sich nicht vom Flecke rühret.""",„...Insobald du mich besuchst vergangen seine Wanderslust sich nicht vom Flecke rühret”.,"""...Insobald du mich besuchst vergangen seine Wanderslust sich nicht vom Flecke rühret.""","""…Insobald du mich besuchst vergangen seine Wanderslust sich nicht vom Flecke rühret.""","""...Insobald du mich besuchst vergangen seine Wanderslust sich nicht vom Flecke rühret.""",«...Insobald du mich besuchst vergangen seine Wanderslust sich nicht vom Flecke rühret.»,"""...Insobald du mich besuchst vergangen seine Wanderslust sich nicht vom Flecke rühret.""","""…Insobald du mich besuchst vergangen seine Wanderslust sich nicht vom Flecke rühret.""","""...Insobald du mich besuchst vergangen seine Wanderslust sich nicht vom Flecke rühret.""","“...Insobald du mich besuchst vergangen seine Wanderslust sich nicht vom Flecke rühret.""","""...Insobald du mich besuchst vergangen seine Wanderslust sich nicht vom Flecke rühret.""",«...Insobald du mich besuchst vergangen seine Wanderslust sich nicht vom Flecke rühret».,"""...Insobald du mich besuchst vergangen seine Wanderslust sich nicht vom Flecke rühret.""",...Insobald du mich besuchst vergangen seine Wanderslust sich nicht vom Flecke rühret.',,,,,
gree_pozdrav_m_ein_bad_wu_wECU,likely_foreign_phrase,14,11,würde; nicht; schaden; Schmutzfink,foreign-lexicon hit(s): nicht | multiple preserved tokens | foreign lexicon visible in English display: nicht,"Ein Bad würde dir nicht schaden, du Schmutzfink!","Ein Bad würde dir nicht schaden, du Schmutzfink!","Ein Bad würde dir nicht schaden, du Schmutzfink!","Ein Bad würde dir nicht schaden, du Schmutzfink!","Ein Bad würde dir nicht schaden, Schmutzer!","Koupel by ti neuškodila, du Schmutzfink!","Ein Bad würde dir nicht schaden, Schmutzer!","Ein Bad würde dir nicht schaden, du Schmutzfink!","Ein Bad würde dir nicht schaden, du Schmutzfink!","Ein Bad würde dir nicht schaden, du Schmutzfink !","Ein Bad würde dir nicht schaden, du Schmutzfink!","Ein Bad würde dir nicht schaden, du Schmutzfink!","Ein Bad würde dir nicht schaden, du Schmutzfink!","Ein Bad würde dir nicht schaden, du Schmutzfink!","Ein Bad würde dir nicht schaden, du Schmutzfink!","Ein Bad würde dir nicht schaden, du Schmutzfink!","Ein Bad würde dir nicht schaden, du Schmutzfink!","Ein Bad würde dir nicht schaden, du Schmutzfink!","Ein Bad würde dir nicht schaden, du Schmutzfink!","Ein Bad würde dir nicht schaden, du Schmutzfink!","Ein Bad würde dir nicht schaden, du Schmutzfink!","Ein Bad würde dir nicht schaden, du Schmutzfink!","Ein Bad würde dir nicht schaden, du Schmutzfink!","Ein Bad würde dir nicht schaden, du Schmutzfink!","Ein Bad würde dir nicht schaden, du Schmutzfink!","¡Ein Bad würde dir nicht schaden, du Schmutzfink!","Ein Bad würde dir nicht schaden, du Schmutzfink!","Ein Bad würde dir nicht schaden, du Schmutzfink!","Ein Bad würde dir nicht schaden, du Schmutzfink!","Ein Bad würde dir nicht schaden, du Schmutzfink!","Ein Bad würde dir nicht schaden, du Schmutzfink!","Ein Bad würde dir nicht schaden, du Schmutzfink!",,,,,
gree_pozdrav_m_gru_dich_a_qepG,likely_foreign_phrase,14,11,Grüß; dich; Aber; bist; voller; Blut,foreign-lexicon hit(s): dich | multiple preserved tokens | foreign lexicon visible in English display: dich,Grüß dich … Aber du bist ja voller Blut!,Grüß dich … Aber du bist ja voller Blut!,Grüß dich … Aber du bist ja voller Blut!,Grüß dich … Aber du bist ja voller Blut!,Grüß dich... aber du bist voller Blut!,Grüß dich … Aber du bist ja voller Blut!,Grüß dich... aber du bist voller Blut!,Grüß dich … Aber du bist ja voller Blut!,Grüß dich … Aber du bist ja voller Blut!,Grüß dich … Aber du bist ja voller Blut !,Grüß dich … Aber du bist ja voller Blut!,*Grüß dich … Aber du bist ja voller Blut!*,Grüß dich … Aber du bist ja voller Blut!,Grüß dich… Aber du bist ja voller Blut!,Grüß dich … Aber du bist ja voller Blut!,どうも…  って、血だらけじゃないか！,Grüß dich … Aber du bist ja voller Blut!,Grüß dich… Aber du bist ja voller Blut!,Grüß dich … Aber du bist ja voller Blut!,Grüß dich... Aber du bist ja voller Blut!,Grüß dich … Aber du bist ja voller Blut!,Grüß dich … Aber du bist ja voller Blut!,Grüß dich … Aber du bist ja voller Blut!,Grüß dich… Aber du bist ja voller Blut!,Grüß dich … Aber du bist ja voller Blut!,¡Grüß dich… aber du bist ja voller Blut!,Grüß dich … Aber du bist ja voller Blut!,Grüß dich … Aber du bist ja voller Blut!,Grüß dich … Aber du bist ja voller Blut!,Grüß dich … Aber du bist ja voller Blut!,Grüß dich … Aber du bist ja voller Blut!,Grüß dich … Aber du bist ja voller Blut!,,,,,
gree_pozdrav_m_gru_dich_w_aXJ8,likely_foreign_phrase,14,11,Grüß; dich; willst; denn; nachts; noch,foreign-lexicon hit(s): dich | multiple preserved tokens | foreign lexicon visible in English display: dich,Grüß dich! Was willst du denn nachts noch?,Grüß dich! Was willst du denn nachts noch?,Grüß dich! Was willst du denn nachts noch?,Grüß dich! Was willst du denn nachts noch?,Grüß dich! Was willst du nachts so?,Grüß dich! Was willst du denn nachts noch?,Grüß dich! Was willst du nachts so?,Grüß dich! Was willst du denn nachts noch?,Grüß dich! Was willst du denn nachts noch?,Grüß dich ! Was willst du denn nachts noch ?,Grüß dich! Was willst du denn nachts noch?,Grüß dich! Was willst du denn nachts noch?,Grüß dich! Was willst du denn nachts noch?,Grüß dich! Was willst du denn nachts noch?,Grüß dich! Was willst du denn nachts noch?,どうも！  今晩はどうする？,Grüß dich! Was willst du denn nachts noch?,Grüß dich! Was willst du denn nachts noch?,Grüß dich! Was willst du denn nachts noch?,Grüß dich! Was willst du denn nachts noch?,Grüß dich! Was willst du denn nachts noch?,Grüß dich! Was willst du denn nachts noch?,Grüß dich! Was willst du denn nachts noch?,Grüß dich! Was willst du denn nachts noch?,Grüß dich! Was willst du denn nachts noch?,¡Grüß dich! ¿Was willst du denn nachts noch?,Grüß dich! Was willst du denn nachts noch?,Grüß dich! Was willst du denn nachts noch?,Grüß dich! Was willst du denn nachts noch?,Grüß dich! Was willst du denn nachts noch?,Grüß dich! Was willst du denn nachts noch?,Grüß dich! Was willst du denn nachts noch?,,,,,
gree_pozdrav_m_gru_gott_w_a2kX,likely_foreign_phrase,14,11,Grüß; Gott; willst; denn; nachts; noch,foreign-lexicon hit(s): Gott | multiple preserved tokens | foreign lexicon visible in English display: gott,Grüß Gott! Was willst du denn nachts noch?,Grüß Gott! Was willst du denn nachts noch?,Grüß Gott! Was willst du denn nachts noch?,Grüß Gott! Was willst du denn nachts noch?,Grüß Gott! Was willst du nachts so?,Grüß Gott! Was willst du denn nachts noch?,Grüß Gott! Was willst du nachts so?,Grüß Gott! Was willst du denn nachts noch?,Grüß Gott! Was willst du denn nachts noch?,Grüß Gott ! Was willst du denn nachts noch ?,Grüß Gott! Was willst du denn nachts noch?,*Grüß Gott! Was willst du denn nachts noch?*,Grüß Gott! Was willst du denn nachts noch?,Grüß Gott! Was willst du denn nachts noch?,Grüß Gott! Was willst du denn nachts noch?,Grüß Gott! Was willst du denn nachts noch?,Grüß Gott! Was willst du denn nachts noch?,Grüß Gott! Was willst du denn nachts noch?,Grüß Gott! Was willst du denn nachts noch?,Grüß Gott! Was willst du denn nachts noch?,Grüß Gott! Was willst du denn nachts noch?,Grüß Gott! Was willst du denn nachts noch?,Grüß Gott! Was willst du denn nachts noch?,Grüß Gott! Was willst du denn nachts noch?,Grüß Gott! Was willst du denn nachts noch?,¡Grüß Gott! ¿Was willst du denn nachts noch?,Grüß Gott! Was willst du denn nachts noch?,Grüß Gott! Was willst du denn nachts noch?,Grüß Gott! Was willst du denn nachts noch?,Grüß Gott! Was willst du denn nachts noch?,Grüß Gott! Was willst du denn nachts noch?,Grüß Gott! Was willst du denn nachts noch?,,,,,
gree_pozdrav_m_gru_gott_w_imjE,mixed_or_ambiguous,14,11,Grüß; Gott; brauchst; Heinrich,foreign-lexicon hit(s): Gott | multiple preserved tokens | foreign lexicon visible in English display: gott,"Grüß Gott! Was brauchst du, Heinrich?","Grüß Gott! Was brauchst du, Heinrich?","Grüß Gott! Was brauchst du, Heinrich?","Grüß Gott! Was brauchst du, Heinrich?","Grüß Gott! Was du brauchst, Heinrich?","Grüß Gott! Was brauchst du, Heinrich?","Grüß Gott! Was du brauchst, Heinrich?","Grüß Gott! Was brauchst du, Heinrich?","Grüß Gott! Was brauchst du, Heinrich?","Grüß Gott! Was brauchst du, Heinrich?","Grüß Gott! Was brauchst du, Heinrich?","Grüß Gott! Was brauchst du, Heinrich?","Grüß Gott! Was brauchst du, Heinrich?","Grüß Gott! Was brauchst du, Heinrich?","Grüß Gott! Was brauchst du, Heinrich?","Grüß Gott! Was brauchst du, Heinrich?","Grüß Gott! Was brauchst du, Heinrich?","Grüß Gott! Was brauchst du, Heinrich?","Grüß Gott! Was brauchst du, Heinrich?","Grüß Gott! Was brauchst du, Heinrich?","Grüß Gott! Was brauchst du, Heinrich?","Grüß Gott! Was brauchst du, Heinrich?","Grüß Gott! Was brauchst du, Heinrich?","Grüß Gott! Was brauchst du, Хайнрих?","Grüß Gott! Was brauchst du, Heinrich?","¡Grüß Gott! ¿Was brauchst du, Heinrich?","Grüß Gott! Was brauchst du, Heinrich?","Grüß Gott! Was brauchst du, Heinrich?","Grüß Gott! Was brauchst du, Heinrich?","Grüß Gott! Was brauchst du, Heinrich?","Grüß Gott! Was brauchst du, Heinrich?","Grüß Gott! Was brauchst du, Heinrich?",,,,,
gree_pozdrav_n_du_hast_da_F1OR,likely_foreign_phrase,14,11,hast; Kampf; gegen; Nüchternheit; wohl; gewonnen; Freund,foreign-lexicon hit(s): Freund | multiple preserved tokens | foreign lexicon visible in English display: freund,"Du hast den Kampf gegen die Nüchternheit wohl gewonnen, Freund!","Du hast das Match gewonnen mit Nüchternheit, mein Freund!","Du hast den Kampf gegen die Nüchternheit wohl gewonnen, Freund!","Du hast den Kampf gegen die Nüchternheit wohl gewonnen, Freund!","Du hast das Match gewonnen mit Nüchternheit, mein Freund!","Du hast den Kampf gegen die Nüchternheit wohl gewonnen, Freund!","!P Du hast das Match gewonnen mit Nüchternheit, mein Freund!","Du hast den Kampf gegen die Nüchternheit wohl gewonnen, Freund!","Du hast den Kampf gegen die Nüchternheit wohl gewonnen, Freund!","Du hast den Kampf gegen die Nüchternheit wohl gewonnen, Freund!","Du hast den Kampf gegen die Nüchternheit wohl gewonnen, Freund!","Du hast den Kampf gegen die Nüchternheit wohl gewonnen, Freund!","Du hast den Kampf gegen die Nüchternheit wohl gewonnen, Freund!","Du hast den Kampf gegen die Nüchternheit wohl gewonnen, Freund!","Du hast den Kampf gegen die Nüchternheit wohl gewonnen, Freund!","Du hast den Kampf gegen die Nüchternheit wohl gewonnen, Freund!","Du hast den Kampf gegen die Nüchternheit wohl gewonnen, Freund!","Du hast das Match gewonnen mit Nüchternheit, mein Freund!","Du hast den Kampf gegen die Nüchternheit wohl gewonnen, Freund!","Du hast das Match gewonnen mit Nüchternheit, mein Freund!","Du hast den Kampf gegen die Nüchternheit wohl gewonnen, Freund!","Du hast den Kampf gegen die Nüchternheit wohl gewonnen, Freund!","Du hast den Kampf gegen die Nüchternheit wohl gewonnen, Freund!","Du hast das Match gewonnen mit Nüchternheit, mein Freund!","Du hast den Kampf gegen die Nüchternheit wohl gewonnen, Freund!","¡Du hast den Kampf gegen die Nüchternheit wohl gewonnen, Freund!","Du hast den Kampf gegen die Nüchternheit wohl gewonnen, Freund!","Du hast den Kampf gegen die Nüchternheit wohl gewonnen, Freund!","Du hast den Kampf gegen die Nüchternheit wohl gewonnen, Freund!","Du hast den Kampf gegen die Nüchternheit wohl gewonnen, Freund!","Du hast den Kampf gegen die Nüchternheit wohl gewonnen, Freund!","Du hast das Match gewonnen mit Nüchternheit, mein Freund!",,,,,
gree_pozdrav_n_eh_mein_go_nBA6,likely_foreign_phrase,14,9,Mein; Gott,"foreign-lexicon hit(s): Mein, Gott | multiple preserved tokens | foreign lexicon visible in English display: gott, mein",Äh … Mein Gott?,Eh... Mein Gott?,Äh … Mein Gott?,Äh … Mein Gott?,Eh... Mein Gott?,Äh … Mein Gott?,!P Eh... Mein Gott?,Äh … Mein Gott?,Äh … Mein Gott?,Äh … Mein Gott?,Äh … Mein Gott?,Äh … Mein Gott?,Äh … Mein Gott?,Äh… Mein Gott?,Äh … Mein Gott?,Äh … Mein Gott?,Äh … Mein Gott?,Eh... Mein Gott?,Äh … Mein Gott?,Eh... Mein Gott?,Äh … Mein Gott?,Äh… Mein Gott?,Äh … Mein Gott?,Eh... Mein Gott?,Äh … Mein Gott?,Äh… ¿Mein Gott?,Äh … Mein Gott?,Äh … Mein Gott?,Äh … Mein Gott?,Äh … Mein Gott?,Äh … Mein Gott?,Eh... Mein Gott?,,,,,
gree_pozdrav_n_eh_wasch_d_89RQ,likely_foreign_phrase,14,11,Wasch; dich; siehst; schrecklich,foreign-lexicon hit(s): dich | multiple preserved tokens | foreign lexicon visible in English display: dich,Äh … Wasch dich! Du siehst schrecklich aus.,Eh... Wasch dich! Du siehst schrecklich aus.,Äh … Wasch dich! Du siehst schrecklich aus.,Äh … Wasch dich! Du siehst schrecklich aus.,Eh... Wasch dich! Du siehst schrecklich aus.,Äh … Wasch dich! Du siehst schrecklich aus.,!P Eh... Wasch dich! Du siehst schrecklich aus.,Äh … Wasch dich! Du siehst schrecklich aus.,Äh … Wasch dich! Du siehst schrecklich aus.,Äh … Wasch dich! Du siehst schrecklich aus.,Äh … Wasch dich! Du siehst schrecklich aus.,Äh … Wasch dich! Du siehst schrecklich aus.,Äh … Wasch dich! Du siehst schrecklich aus.,Äh… Wasch dich! Du siehst schrecklich aus.,Äh … Wasch dich! Du siehst schrecklich aus.,Äh … Wasch dich! Du siehst schrecklich aus.,Äh … Wasch dich! Du siehst schrecklich aus.,Eh... Wasch dich! Du siehst schrecklich aus.,Äh … Wasch dich! Du siehst schrecklich aus.,Eh... Wasch dich! Du siehst schrecklich aus.,Äh … Wasch dich! Du siehst schrecklich aus.,Äh… Wasch dich! Du siehst schrecklich aus.,Äh … Wasch dich! Du siehst schrecklich aus.,Eh... Wasch dich! Du siehst schrecklich aus.,Äh … Wasch dich! Du siehst schrecklich aus.,Äh… ¡Wasch dich! Du siehst schrecklich aus.,Äh … Wasch dich! Du siehst schrecklich aus.,Äh … Wasch dich! Du siehst schrecklich aus.,Äh … Wasch dich! Du siehst schrecklich aus.,Äh … Wasch dich! Du siehst schrecklich aus.,Äh … Wasch dich! Du siehst schrecklich aus.,Eh... Tắm rửa đi! Cậu trông thật khủng khiếp.,,,,,
gree_pozdrav_n_mein_freun_KxnG,likely_foreign_phrase,14,7,Mein; Freund; beneide; dich; total; deine; Trunkenheit,"foreign-lexicon hit(s): Mein, Freund, dich | multiple preserved tokens | foreign lexicon visible in English display: dich, freund, mein",,"!P Mein Freund, ich beneide dich total um deine Trunkenheit.",,"!P Mein Freund, ich beneide dich total um deine Trunkenheit.","Mein Freund, ich beneide dich total um deine Trunkenheit.","Mein Freund, ich beneide dich total um deine Trunkenheit.","!P Mein Freund, ich beneide dich total um deine Trunkenheit.","!P Mein Freund, ich beneide dich total um deine Trunkenheit.",,"!P Mein Freund, ich beneide dich total um deine Trunkenheit.",,"!P Mein Freund, ich beneide dich total um deine Trunkenheit.",,"!P Mein Freund, ich beneide dich total um deine Trunkenheit.",,"!P Mein Freund, ich beneide dich total um deine Trunkenheit.",,"!P Mein Freund, ich beneide dich total um deine Trunkenheit.",,"!P Mein Freund, ich beneide dich total um deine Trunkenheit.",,"!P Mein Freund, ich beneide dich total um deine Trunkenheit.",,"!P Mein Freund, ich beneide dich total um deine Trunkenheit.",,"!P Mein Freund, ich beneide dich total um deine Trunkenheit.",,"!P Mein Freund, ich beneide dich total um deine Trunkenheit.",,"!P Mein Freund, ich beneide dich total um deine Trunkenheit.",,"!P Mein Freund, ich beneide dich total um deine Trunkenheit.",,,,,
gree_pozdrav_n_mein_freun_nrPi,likely_foreign_phrase,14,7,Mein; Freund; beneide; dich; total; deine; Trunkenheit,"foreign-lexicon hit(s): Mein, Freund, dich | multiple preserved tokens | foreign lexicon visible in English display: dich, freund, mein",,"!P Mein Freund, ich beneide dich total um deine Trunkenheit.",,"!P Mein Freund, ich beneide dich total um deine Trunkenheit.","Mein Freund, ich beneide dich total um deine Trunkenheit.","Mein Freund, ich beneide dich total um deine Trunkenheit.","!P Mein Freund, ich beneide dich total um deine Trunkenheit.","!P Mein Freund, ich beneide dich total um deine Trunkenheit.",,"!P Mein Freund, ich beneide dich total um deine Trunkenheit.",,"!P Mein Freund, ich beneide dich total um deine Trunkenheit.",,"!P Mein Freund, ich beneide dich total um deine Trunkenheit.",,"!P Mein Freund, ich beneide dich total um deine Trunkenheit.",,"!P Mein Freund, ich beneide dich total um deine Trunkenheit.",,"!P Mein Freund, ich beneide dich total um deine Trunkenheit.",,"!P Mein Freund, ich beneide dich total um deine Trunkenheit.",,"!P Mein Freund, ich beneide dich total um deine Trunkenheit.",,"!P Mein Freund, ich beneide dich total um deine Trunkenheit.",,"!P Mein Freund, ich beneide dich total um deine Trunkenheit.",,"!P Mein Freund, ich beneide dich total um deine Trunkenheit.",,"!P Mein Freund, ich beneide dich total um deine Trunkenheit.",,,,,
gree_pozdrav_n_servus_und_d5dJ,likely_foreign_phrase,14,11,Servus; Habe; dich; schon; Weitem; gerochen,foreign-lexicon hit(s): dich | multiple preserved tokens | foreign lexicon visible in English display: dich,Servus … Habe dich schon von Weitem gerochen!,Servus... und ich fühle dich auch!,Servus … Habe dich schon von Weitem gerochen!,Servus … Habe dich schon von Weitem gerochen!,Servus... und ich fühle dich auch!,Servus … Habe dich schon von Weitem gerochen!,!P Servus... und ich fühle dich auch!,Servus … Habe dich schon von Weitem gerochen!,Servus … Habe dich schon von Weitem gerochen!,Servus … Habe dich schon von Weitem gerochen!,Servus … Habe dich schon von Weitem gerochen!,Servus … Habe dich schon von Weitem gerochen!,Servus … Habe dich schon von Weitem gerochen!,Servus… Habe dich schon von Weitem gerochen!,Servus … Habe dich schon von Weitem gerochen!,Servus … Habe dich schon von Weitem gerochen!,Servus … Habe dich schon von Weitem gerochen!,Servus... und ich fühle dich auch!,Servus … Habe dich schon von Weitem gerochen!,Servus... und ich fühle dich auch!,Servus … Habe dich schon von Weitem gerochen!,Servus… Habe dich schon von Weitem gerochen!,Servus … Habe dich schon von Weitem gerochen!,Servus... und ich fühle dich auch!,Servus … Habe dich schon von Weitem gerochen!,Servus… ¡Habe dich schon von Weitem gerochen!,Servus … Habe dich schon von Weitem gerochen!,Servus … Habe dich schon von Weitem gerochen!,Servus … Habe dich schon von Weitem gerochen!,Servus … Habe dich schon von Weitem gerochen!,Servus … Habe dich schon von Weitem gerochen!,Servus … Habe dich schon von Weitem gerochen!,,,,,
gree_pozdrav_z_eh_wasch_d_uq6G,likely_foreign_phrase,14,11,Wasch; dich; siehst; schrecklich,foreign-lexicon hit(s): dich | multiple preserved tokens | foreign lexicon visible in English display: dich,Äh … Wasch dich! Du siehst schrecklich aus.,Äh … Wasch dich! Du siehst schrecklich aus.,Äh … Wasch dich! Du siehst schrecklich aus.,Äh … Wasch dich! Du siehst schrecklich aus.,Eh... Wasch dich! Du siehst schrecklich aus.,Äh … Wasch dich! Du siehst schrecklich aus.,!P Eh... Wasch dich! Du siehst schrecklich aus.,Äh … Wasch dich! Du siehst schrecklich aus.,Äh … Wasch dich! Du siehst schrecklich aus.,Äh… Wasch dich! Du siehst schrecklich aus.,Äh … Wasch dich! Du siehst schrecklich aus.,Äh … Wasch dich! Du siehst schrecklich aus.,Äh … Wasch dich! Du siehst schrecklich aus.,Äh… Wasch dich! Du siehst schrecklich aus.,Äh … Wasch dich! Du siehst schrecklich aus.,Äh … Wasch dich! Du siehst schrecklich aus.,Äh … Wasch dich! Du siehst schrecklich aus.,Äh … Wasch dich! Du siehst schrecklich aus.,Äh … Wasch dich! Du siehst schrecklich aus.,Äh … Wasch dich! Du siehst schrecklich aus.,Äh … Wasch dich! Du siehst schrecklich aus.,Äh… Wasch dich! Du siehst schrecklich aus.,Äh … Wasch dich! Du siehst schrecklich aus.,Äh… Wasch dich! Du siehst schrecklich aus.,Äh … Wasch dich! Du siehst schrecklich aus.,Äh… ¡Wasch dich! Du siehst schrecklich aus.,Äh … Wasch dich! Du siehst schrecklich aus.,Äh … Wasch dich! Du siehst schrecklich aus.,Äh … Wasch dich! Du siehst schrecklich aus.,Äh … Wasch dich! Du siehst schrecklich aus.,Äh … Wasch dich! Du siehst schrecklich aus.,Äh … Wasch dich! Du siehst schrecklich aus.,,,,,
gree_pozdrav_z_ein_bad_wu_ruHk,likely_foreign_phrase,14,11,würde; nicht; schaden; Schmutzfink,foreign-lexicon hit(s): nicht | multiple preserved tokens | foreign lexicon visible in English display: nicht,"Ein Bad würde dir nicht schaden, du Schmutzfink!","Ein Bad würde dir nicht schaden, du Schmutzfink!","Ein Bad würde dir nicht schaden, du Schmutzfink!","Ein Bad würde dir nicht schaden, du Schmutzfink!","Ein Bad würde dir nicht schaden, Schmutzer!","Ein Bad würde dir nicht schaden, du Schmutzfink!","!P Ein Bad würde dir nicht schaden, Schmutzer!","Ein Bad würde dir nicht schaden, du Schmutzfink!","Ein Bad würde dir nicht schaden, du Schmutzfink!","Ein Bad würde dir nicht schaden, du Schmutzfink!","Ein Bad würde dir nicht schaden, du Schmutzfink!","Ein Bad würde dir nicht schaden, du Schmutzfink!","Ein Bad würde dir nicht schaden, du Schmutzfink!","Ein Bad würde dir nicht schaden, du Schmutzfink!","Ein Bad würde dir nicht schaden, du Schmutzfink!","Ein Bad würde dir nicht schaden, du Schmutzfink!","Ein Bad würde dir nicht schaden, du Schmutzfink!","Ein Bad würde dir nicht schaden, du Schmutzfink!","Ein Bad würde dir nicht schaden, du Schmutzfink!","Ein Bad würde dir nicht schaden, du Schmutzfink!","Ein Bad würde dir nicht schaden, du Schmutzfink!","Ein Bad würde dir nicht schaden, du Schmutzfink!","Ein Bad würde dir nicht schaden, du Schmutzfink!","Ein Bad würde dir nicht schaden, du Schmutzfink!","Ein Bad würde dir nicht schaden, du Schmutzfink!","¡Ein Bad würde dir nicht schaden, du Schmutzfink!","Ein Bad würde dir nicht schaden, du Schmutzfink!","Ein Bad würde dir nicht schaden, du Schmutzfink!","Ein Bad würde dir nicht schaden, du Schmutzfink!","Ein Bad würde dir nicht schaden, du Schmutzfink!","Ein Bad würde dir nicht schaden, du Schmutzfink!","Ein Bad würde dir nicht schaden, du Schmutzfink!",,,,,
gree_pozdrav_z_gru_dich_a_pT7X,likely_foreign_phrase,14,11,Grüß; dich; aber; bist; voller; Blut,foreign-lexicon hit(s): dich | multiple preserved tokens | foreign lexicon visible in English display: dich,Grüß dich … aber du bist ja voller Blut!,Grüß dich … aber du bist ja voller Blut!,Grüß dich … aber du bist ja voller Blut!,Grüß dich … aber du bist ja voller Blut!,Grüß dich... aber du bist voller Blut!,Grüß dich … aber du bist ja voller Blut!,!P Grüß dich... aber du bist voller Blut!,Grüß dich … aber du bist ja voller Blut!,Grüß dich … aber du bist ja voller Blut!,Grüß dich… aber du bist ja voller Blut!,Grüß dich … aber du bist ja voller Blut!,Grüß dich … aber du bist ja voller Blut!,Grüß dich … aber du bist ja voller Blut!,Grüß dich… Aber du bist ja voller Blut!,Grüß dich … aber du bist ja voller Blut!,どうも…  って、血だらけじゃない！,Grüß dich … aber du bist ja voller Blut!,Grüß dich … aber du bist ja voller Blut!,Grüß dich … aber du bist ja voller Blut!,Grüß dich … aber du bist ja voller Blut!,Grüß dich … aber du bist ja voller Blut!,Grüß dich… aber du bist ja voller Blut!,Grüß dich … aber du bist ja voller Blut!,Grüß dich... aber du bist voller Blut!,Grüß dich … aber du bist ja voller Blut!,¡Grüß dich… aber du bist ja voller Blut!,Grüß dich … aber du bist ja voller Blut!,Grüß dich … aber du bist ja voller Blut!,Grüß dich … aber du bist ja voller Blut!,Grüß dich … aber du bist ja voller Blut!,Grüß dich … aber du bist ja voller Blut!,Grüß dich … aber du bist ja voller Blut!,,,,,
gree_pozdrav_z_gru_dich_w_Qobd,likely_foreign_phrase,14,11,Grüß; dich; kann; helfen,foreign-lexicon hit(s): dich | multiple preserved tokens | foreign lexicon visible in English display: dich,Grüß dich! Wie kann ich dir helfen?,Grüß dich! Wie kann ich dir helfen?,Grüß dich! Wie kann ich dir helfen?,Grüß dich! Wie kann ich dir helfen?,Grüß dich! Wie kann ich dir helfen?,Grüß dich! Wie kann ich dir helfen?,!P Grüß dich! Wie kann ich dir helfen?,Grüß dich! Wie kann ich dir helfen?,Grüß dich! Wie kann ich dir helfen?,Grüß dich ! Wie kann ich dir helfen ?,Grüß dich! Wie kann ich dir helfen?,Grüß dich! Wie kann ich dir helfen?,Grüß dich! Wie kann ich dir helfen?,Grüß dich! Wie kann ich dir helfen?,Grüß dich! Wie kann ich dir helfen?,どうも！  何か力になれることは？,Grüß dich! Wie kann ich dir helfen?,Grüß dich! Wie kann ich dir helfen?,Grüß dich! Wie kann ich dir helfen?,Grüß dich! Wie kann ich dir helfen?,Grüß dich! Wie kann ich dir helfen?,Grüß dich! Wie kann ich dir helfen?,Grüß dich! Wie kann ich dir helfen?,Grüß dich! Wie kann ich dir helfen?,Grüß dich! Wie kann ich dir helfen?,¡Grüß dich! ¿Wie kann ich dir helfen?,Grüß dich! Wie kann ich dir helfen?,Grüß dich! Wie kann ich dir helfen?,Grüß dich! Wie kann ich dir helfen?,Grüß dich! Wie kann ich dir helfen?,Grüß dich! Wie kann ich dir helfen?,Grüß dich! Wie kann ich dir helfen?,,,,,
gree_pozdrav_z_gru_dich_w_Sxr5,likely_foreign_phrase,14,11,Grüß; dich; willst; denn; nachts; noch,foreign-lexicon hit(s): dich | multiple preserved tokens | foreign lexicon visible in English display: dich,Grüß dich! Was willst du denn nachts noch?,Grüß dich! Was willst du denn nachts noch?,Grüß dich! Was willst du denn nachts noch?,Grüß dich! Was willst du denn nachts noch?,Grüß dich! Was willst du nachts so?,Grüß dich! Was willst du denn nachts noch?,!P Grüß dich! Was willst du nachts so?,Grüß dich! Was willst du denn nachts noch?,Grüß dich! Was willst du denn nachts noch?,Grüß dich ! Was willst du denn nachts noch ?,Grüß dich! Was willst du denn nachts noch?,Grüß dich! Was willst du denn nachts noch?,Grüß dich! Was willst du denn nachts noch?,Grüß dich! Was willst du denn nachts noch?,Grüß dich! Was willst du denn nachts noch?,どうも！  今晩はどうする？,Grüß dich! Was willst du denn nachts noch?,Grüß dich! Was willst du denn nachts noch?,Grüß dich! Was willst du denn nachts noch?,Grüß dich! Was willst du denn nachts noch?,Grüß dich! Was willst du denn nachts noch?,Grüß dich! Was willst du denn nachts noch?,Grüß dich! Was willst du denn nachts noch?,Grüß dich! Was willst du denn nachts noch?,Grüß dich! Was willst du denn nachts noch?,¡Grüß dich! ¿Was willst du denn nachts noch?,Grüß dich! Was willst du denn nachts noch?,Grüß dich! Was willst du denn nachts noch?,Grüß dich! Was willst du denn nachts noch?,Grüß dich! Was willst du denn nachts noch?,Grüß dich! Was willst du denn nachts noch?,Grüß dich! Was willst du denn nachts noch?,,,,,
gree_pozdrav_z_gru_gott_w_3QeF,mixed_or_ambiguous,14,11,Grüß; Gott; brauchst; Heinrich,foreign-lexicon hit(s): Gott | multiple preserved tokens | foreign lexicon visible in English display: gott,"Grüß Gott! Was du brauchst, Heinrich?","Grüß Gott! Was du brauchst, Heinrich?","Grüß Gott! Was du brauchst, Heinrich?","Grüß Gott! Was du brauchst, Heinrich?","Grüß Gott! Was du brauchst, Heinrich?","Grüß Gott! Was du brauchst, Heinrich?","!P Grüß Gott! Was du brauchst, Heinrich?","Grüß Gott! Was du brauchst, Heinrich?","Grüß Gott! Was du brauchst, Heinrich?","Grüß Gott ! Was brauchst du, Heinrich ?","Grüß Gott! Was du brauchst, Heinrich?","Grüß Gott! Was brauchst du, Heinrich?","Grüß Gott! Was du brauchst, Heinrich?","Grüß Gott! Was du brauchst, Heinrich?","Grüß Gott! Was du brauchst, Heinrich?","Grüß Gott! Was du brauchst, Heinrich?","Grüß Gott! Was du brauchst, Heinrich?","Grüß Gott! Was du brauchst, Heinrich?","Grüß Gott! Was du brauchst, Heinrich?","Grüß Gott! Was du brauchst, Heinrich?","Grüß Gott! Was du brauchst, Heinrich?","Grüß Gott! Was du brauchst, Heinrich?","Grüß Gott! Was du brauchst, Heinrich?","Grüß Gott! Was du brauchst, Хайнрих?","Grüß Gott! Was du brauchst, Heinrich?","¡Grüß Gott! ¿Was du brauchst, Heinrich?","Grüß Gott! Was du brauchst, Heinrich?","Grüß Gott! Was du brauchst, Heinrich?","Grüß Gott! Was du brauchst, Heinrich?","Grüß Gott! Was du brauchst, Heinrich?","Grüß Gott! Was du brauchst, Heinrich?","Grüß Gott! Was du brauchst, Heinrich?",,,,,
gree_pozdrav_z_gru_gott_w_k8Ur,likely_foreign_phrase,14,11,Grüß; Gott; willst; denn; nachts; noch,foreign-lexicon hit(s): Gott | multiple preserved tokens | foreign lexicon visible in English display: gott,Grüß Gott! Was willst du denn nachts noch?,Grüß Gott! Was willst du denn nachts noch?,Grüß Gott! Was willst du denn nachts noch?,Grüß dich! Was willst du denn nachts noch?,Grüß Gott! Was willst du nachts so?,Grüß Gott! Was willst du denn nachts noch?,!P Grüß Gott! Was willst du nachts so?,Grüß Gott! Was willst du denn nachts noch?,Grüß Gott! Was willst du denn nachts noch?,Grüß Gott! Was willst du denn nachts noch?,Grüß Gott! Was willst du denn nachts noch?,Grüß Gott! Was willst du denn nachts noch?,Grüß Gott! Was willst du denn nachts noch?,Grüß Gott! Was willst du denn nachts noch?,Grüß Gott! Was willst du denn nachts noch?,Grüß Gott! Was willst du denn nachts noch?,Grüß Gott! Was willst du denn nachts noch?,Grüß Gott! Was willst du denn nachts noch?,Grüß Gott! Was willst du denn nachts noch?,Grüß Gott! Was willst du denn nachts noch?,Grüß Gott! Was willst du denn nachts noch?,Grüß Gott! Was willst du denn nachts noch?,Grüß Gott! Was willst du denn nachts noch?,Grüß Gott! Was willst du denn nachts noch?,Grüß Gott! Was willst du denn nachts noch?,¡Grüß Gott! ¿Was willst du denn nachts noch?,Grüß Gott! Was willst du denn nachts noch?,Grüß Gott! Was willst du denn nachts noch?,Grüß Gott! Was willst du denn nachts noch?,Grüß Gott! Was willst du denn nachts noch?,Grüß Gott! Was willst du denn nachts noch?,Grüß Gott! Was willst du denn nachts noch?,,,,,
gree_pozdrav_z_gut_pracht_LYzL,likely_foreign_phrase,14,9,prächtig; mein; Freund,"foreign-lexicon hit(s): mein, Freund | multiple preserved tokens | foreign lexicon visible in English display: freund, mein",,"!P Gut, prächtig, mein Freund.",,"!P Gut, prächtig, mein Freund.","Gut, prächtig, mein Freund.","Gut, prächtig, mein Freund.","!P Gut, prächtig, mein Freund.","!P Gut, prächtig, mein Freund.",,"!P Gut, prächtig, mein Freund.",,"!P Gut, prächtig, mein Freund.",,"!P Gut, prächtig, mein Freund.",,"!P Gut, prächtig, mein Freund.",,"!P Gut, prächtig, mein Freund.",,"!P Gut, prächtig, mein Freund.",,"!P Gut, prächtig, mein Freund.",,"!P Gut, prächtig, mein Freund.",,"!P Gut, prächtig, mein Freund.",,"!P Gut, prächtig, mein Freund.",,"!P Gut, prächtig, mein Freund.",,"!P Gut, prächtig, mein Freund.",,,,,
hosp_hospodyne_beruhige_d_Wove,likely_foreign_phrase,14,11,Ganz; ruhig; mein; Mädchen,foreign-lexicon hit(s): mein | multiple preserved tokens | foreign lexicon visible in English display: mein,"Ganz ruhig, mein Mädchen …","Ganz ruhig, mein Mädchen …","Ganz ruhig, mein Mädchen …","Ganz ruhig, mein Mädchen...","Beruhige dich Mädchen, beruhige...","Ganz ruhig, mein Mädchen …","!P Beruhige dich Madchen, beruhige...","Ganz ruhig, mein Mädchen …","Ganz ruhig, mein Mädchen …","Ganz ruhig, mein Mädchen …","Ganz ruhig, mein Mädchen …","Ganz ruhig, mein Mädchen …","Ganz ruhig, mein Mädchen …","Ganz ruhig, mein Mädchen …","Ganz ruhig, mein Mädchen …","Ganz ruhig, mein Mädchen …","Ganz ruhig, mein Mädchen …","Ganz ruhig, mein Mädchen …","Ganz ruhig, mein Mädchen …","Ganz ruhig, mein Mädchen...","Ganz ruhig, mein Mädchen …","Ganz ruhig, mein Mädchen…","Ganz ruhig, mein Mädchen …","Ganz ruhig, mein Mädchen…","Ganz ruhig, mein Mädchen …","Ganz ruhig, mein Mädchen …","Ganz ruhig, mein Mädchen …","Ganz ruhig, mein Mädchen …","Ganz ruhig, mein Mädchen …","Ganz ruhig, mein Mädchen…","Ganz ruhig, mein Mädchen …","Ganz ruhig, mein Mädchen …",,,,,
kost_kostky_pa_mein_gott_y4Ci,likely_foreign_phrase,14,9,Mein; Gott,"foreign-lexicon hit(s): Mein, Gott | multiple preserved tokens | foreign lexicon visible in English display: gott, mein",Mein Gott…,Mein Gott …,Mein Gott…,Mein Gott...（我的老天……）,Mein Gott...,Mein Gott...,Mein Gott...,Mein Gott…,Mein Gott…,Mein Gott…,Mein Gott…,Mein Gott …,Mein Gott…,Mein Gott…,Mein Gott…,Mein Gott …,Mein Gott…,Mein Gott …,Mein Gott…,Mein Gott…,Mein Gott…,Mein Gott…,Mein Gott…,Mein Gott…,Mein Gott…,Mein Gott…,Mein Gott…,Mein Gott …,Mein Gott…,Mein Gott…,Mein Gott…,Mein Gott…,,,,,
lore_event_tab_ja_ja_das__EplN,likely_foreign_phrase,14,11,eine; schwere; Zeit; Zoll; Gebühren; Schmiergelder; dieses; Land; beschissen; aber; kann; nicht; verstehen,foreign-lexicon hit(s): nicht | multiple preserved tokens | foreign lexicon visible in English display: nicht,"Ja, ja, das ist eine schwere Zeit. Zoll, Gebühren, Schmiergelder, dieses Land ist beschissen, aber das kann man nicht verstehen.","Ja, ja, das ist eine schwere Zeit. Zoll, Gebühren, Schmiergelder, dieses Land ist beschissen, aber das kann man nicht verstehen.","Ja, ja, das ist eine schwere Zeit. Zoll, Gebühren, Schmiergelder, dieses Land ist beschissen, aber das kann man nicht verstehen.","Ja, ja, das ist eine schwere Zeit. Zoll, Gebühren, Schmiergelder, dieses Land ist beschissen, aber das kann man nicht verstehen.","Ja, ja das ist schwere Zeit. Pflichten, Gebühren, Schmiergeld, dieses Land ist beschissen, aber das kann man nicht verstehen.","Ja, ja, das ist eine schwere Zeit. Zoll, Gebühren, Schmiergelder, dieses Land ist beschissen, aber das kann man nicht verstehen.","Ja, ja, das ist eine schwere Zeit. Pflichten, Gebühren, Schmiergelder, dieses Land ist beschissen, aber das kann man nicht verstehen.","Ja, ja, das ist eine schwere Zeit. Zoll, Gebühren, Schmiergelder, dieses Land ist beschissen, aber das kann man nicht verstehen.","Ja, ja, das ist eine schwere Zeit. Zoll, Gebühren, Schmiergelder, dieses Land ist beschissen, aber das kann man nicht verstehen.","Ja, ja, das ist eine schwere Zeit. Zoll, Gebühren, Schmiergelder, dieses Land ist beschissen, aber das kann man nicht verstehen.","Ja, ja, das ist eine schwere Zeit. Zoll, Gebühren, Schmiergelder, dieses Land ist beschissen, aber das kann man nicht verstehen.","Nun, das ist eine schwere Zeit. Zoll, Gebühren, Schmiergelder, dieses Land ist beschissen, aber was soll man machen.","Ja, ja, das ist eine schwere Zeit. Zoll, Gebühren, Schmiergelder, dieses Land ist beschissen, aber das kann man nicht verstehen.","Ja, ja, das ist eine schwere Zeit. Zoll, Gebühren, Schmiergelder, dieses Land ist beschissen, aber das kann man nicht verstehen.","Ja, ja, das ist eine schwere Zeit. Zoll, Gebühren, Schmiergelder, dieses Land ist beschissen, aber das kann man nicht verstehen.","Ja, ja, das ist eine schwere Zeit. Zoll, Gebühren, Schmiergelder, dieses Land ist beschissen, aber das kann man nicht verstehen.","Ja, ja, das ist eine schwere Zeit. Zoll, Gebühren, Schmiergelder, dieses Land ist beschissen, aber das kann man nicht verstehen.","Ja, ja, das ist eine schwere Zeit. Zoll, Gebühren, Schmiergelder, dieses Land ist beschissen, aber das kann man nicht verstehen.","Ja, ja, das ist eine schwere Zeit. Zoll, Gebühren, Schmiergelder, dieses Land ist beschissen, aber das kann man nicht verstehen.","Ja, ja, das ist eine schwere Zeit. Zoll, Gebühren, Schmiergelder, dieses Land ist beschissen, aber das kann man nicht verstehen.","Ja, ja, das ist eine schwere Zeit. Zoll, Gebühren, Schmiergelder, dieses Land ist beschissen, aber das kann man nicht verstehen.","Ja, ja, das ist eine schwere Zeit. Zoll, Gebühren, Schmiergelder, dieses Land ist beschissen, aber das kann man nicht verstehen.","Ja, ja, das ist eine schwere Zeit. Zoll, Gebühren, Schmiergelder, dieses Land ist beschissen, aber das kann man nicht verstehen.","Ja, ja, das ist eine schwere Zeit. Zoll, Gebühren, Schmiergelder, dieses Land ist beschissen, aber das kann man nicht verstehen.","Ja, ja, das ist eine schwere Zeit. Zoll, Gebühren, Schmiergelder, dieses Land ist beschissen, aber das kann man nicht verstehen.","Ja, ja, das ist eine schwere Zeit. Zoll, Gebühren, Schmiergelder, dieses Land ist beschissen, aber das kann man nicht verstehen.","Ja, ja, das ist eine schwere Zeit. Zoll, Gebühren, Schmiergelder, dieses Land ist beschissen, aber das kann man nicht verstehen.","Ja, ja, das ist eine schwere Zeit. Zoll, Gebühren, Schmiergelder, dieses Land ist beschissen, aber das kann man nicht verstehen.","Ja, ja, das ist eine schwere Zeit. Zoll, Gebühren, Schmiergelder, dieses Land ist beschissen, aber das kann man nicht verstehen.","Ja, ja, das ist eine schwere Zeit. Zoll, Gebühren, Schmiergelder, dieses Land ist beschissen, aber das kann man nicht verstehen.","Ja, ja, das ist eine schwere Zeit. Zoll, Gebühren, Schmiergelder, dieses Land ist beschissen, aber das kann man nicht verstehen.","Ja, ja, das ist eine schwere Zeit. Zoll, Gebühren, Schmiergelder, dieses Land ist beschissen, aber das kann man nicht verstehen. (Vâng, vâng, đây là một thời kỳ khó khăn. Thuế quan, phí, tiền hối lộ, đất nước này thật tồi tệ, nhưng điều đó không thể hiểu được.)",,,,,
mist_cechmistr_mein_gott__uIot,likely_foreign_phrase,14,9,Mein; Gott,"foreign-lexicon hit(s): Mein, Gott | multiple preserved tokens | foreign lexicon visible in English display: gott, mein","Oh… Mein Gott, is this really all the documents?",Oh… Mein Gott（我的天），就只剩这些了？,"Oh… Mein Gott, is this really all the documents?",唉……Mein Gott（我的老天），就只有這些嗎？,"Ech... Mein Gott, vážně tam jiné dokumenty nebyly?","Ech... Mein Gott, vážně tam jiné dokumenty nebyly?","Ech… Mein Gott, is this really all the documents?","Oh… Mein Gott, is this really all the documents?","Oh… Mein Gott, is this really all the documents?","Ech… Mein Gott, c'est vraiment tout ce que tu as trouvé ?","Oh… Mein Gott, is this really all the documents?","Ach ... Mein Gott, sind das wirklich alle Schriftstücke?","Oh… Mein Gott, is this really all the documents?","Ech… Mein Gott, sono davvero tutti qui i documenti?","Oh… Mein Gott, is this really all the documents?",ああ…  なんてことだ！  書類は本当にこれだけか？,"Oh… Mein Gott, is this really all the documents?",Ech… Mein Gott. 정말 이게 문서의 전부인가?,"Oh… Mein Gott, is this really all the documents?","Och... Mein Gott, naprawdę więcej nie było?","Oh… Mein Gott, is this really all the documents?","Ech… Mein Gott, esses são todos os documentos?","Oh… Mein Gott, is this really all the documents?","Mein Gott, и это есть все документы?","Oh… Mein Gott, is this really all the documents?","Oh… Mein Gott, ¿en verdad son todos los documentos?","Oh… Mein Gott, is this really all the documents?","Ech… Mein Gott, belgelerin hepsi gerçekten bunlar mı?","Oh… Mein Gott, is this really all the documents?","О… Mein Gott, це справді всі документи?","Oh… Mein Gott, is this really all the documents?","Oh… Mein Gott, đây là tất cả tài liệu đấy sao?",,,,,
neco_soldier_n_achtung_ic_vU03,likely_foreign_phrase,14,11,Achtung; kann; nicht; schießen,foreign-lexicon hit(s): nicht | multiple preserved tokens | foreign lexicon visible in English display: nicht,Achtung! Ich kann nicht schießen!,Achtung! Ich kann nicht schießen! （小心！我没法放箭！）,Achtung! Ich kann nicht schießen!,Achtung! Ich kann nicht schießen!（小心！我射不到！）,Achtung! Ich kann nicht schießen!,Achtung! Ich kann nicht schießen!,!P Achtung! Ich kann nicht schießen!,Achtung! Ich kann nicht schießen!,Achtung! Ich kann nicht schießen!,Achtung! Ich kann nicht schießen!,Achtung! Ich kann nicht schießen!,Achtung! Ich kann nicht schießen!,Achtung! Ich kann nicht schießen!,Achtung! Ich kann nicht schießen!,Achtung! Ich kann nicht schießen!,Achtung! Ich kann nicht schießen!,Achtung! Ich kann nicht schießen!,Achtung! Ich kann nicht schießen!,Achtung! Ich kann nicht schießen!,Achtung! Ich kann nicht schießen!,Achtung! Ich kann nicht schießen!,Achtung! Ich kann nicht schießen!,Achtung! Ich kann nicht schießen!,Achtung! Ich kann nicht schießen!,Achtung! Ich kann nicht schießen!,¡Achtung! ¡Ich kann nicht schießen!,Achtung! Ich kann nicht schießen!,Achtung! Ich kann nicht schießen!,Achtung! Ich kann nicht schießen!,Achtung! Ich kann nicht schießen!,Achtung! Ich kann nicht schießen!,Achtung! Ich kann nicht schießen!,,,,,
neme_udo_aus_t_himmel_sem_678G,likely_foreign_phrase,14,11,Gott; Himmel; Tuber; nein; Taube; Tauber; Hofissam,foreign-lexicon hit(s): Gott | multiple preserved tokens | foreign lexicon visible in English display: gott,"Gott im Himmel! I have already told you… Aus Tuber, ah nein, Taube… Tauber… Bis… Hofissam.","Gott im Himmel（天父在上）! 我已经告诉过你了… Aus Tuber（从图博）, ah nein（不是）, Taube（陶伯）… Tauber（陶伯）… Bis（比绍）… Hofissam（夫斯海姆）.","Gott im Himmel! I have already told you… Aus Tuber, ah nein, Taube… Tauber… Bis… Hofissam.",Gott im Himmel（天父在上）！我已經告訴過你了…… Aus（來自）圖伯，nein（不對），是陶波……陶伯……比斯……霍菲薩姆。,"Himmel, sem řikal už... Aus Tuber, ah nein, Taube... Tauber... Bis... Hofissam.","Gott im Himmel! Už sem ti to říkal... aus Tuber, ah nein, Taube... Tauber... Bis... Hofissam.","Himmel, I told you already… Aus Tuber, ah nein, Taube… Tauber… Bis… Hofissam.","Gott im Himmel! I have already told you… Aus Tuber, ah nein, Taube… Tauber… Bis… Hofissam.","Gott im Himmel! I have already told you… Aus Tuber, ah nein, Taube… Tauber… Bis… Hofissam.","Gott im Himmel ! Je vous ai déjà dit… de Tuber, non, Taube… Tauber… Bis… Hofissam.","Gott im Himmel! I have already told you… Aus Tuber, ah nein, Taube… Tauber… Bis… Hofissam.","Potztausend! Das hab ich doch gesagt … Aus Taube, äh ne, Taube, Taube … Tauber … Bisshof … Ho…hofischam.","Gott im Himmel! I have already told you… Aus Tuber, ah nein, Taube… Tauber… Bis… Hofissam.","Gott im Himmel! Gesù, ve l'ho già detto… Da Tuber, ah nein, Taube… Tauber… Bis… Hofissam.","Gott im Himmel! I have already told you… Aus Tuber, ah nein, Taube… Tauber… Bis… Hofissam.",何言ってやがる！  さっき教えただろ…<br/>テューバー…  違う  タウブ…  あー<br/>タウバー…  ビス…  ホフィサムだ,"Gott im Himmel! I have already told you… Aus Tuber, ah nein, Taube… Tauber… Bis… Hofissam.","Gott im Himmel! 아까 말했잖아... 아우스 투베르, 으, 아니, 타우베...타우베르...비스...호피스삼.","Gott im Himmel! I have already told you… Aus Tuber, ah nein, Taube… Tauber… Bis… Hofissam.","Gott im Himmel! Już ci mówiłem… Z Tuber… nein, Taube… Tauber… Bis… Hofissam.","Gott im Himmel! I have already told you… Aus Tuber, ah nein, Taube… Tauber… Bis… Hofissam.","Gott im Himmel! Eu já disse… Aus Tuber, ah nein, Taube… Tauber… Bis… Hofissam.","Gott im Himmel! I have already told you… Aus Tuber, ah nein, Taube… Tauber… Bis… Hofissam.","Gott im Himmel! Я же тебе уже говорить... Aus Тубер, ah nein, Таубе... Таубер... Биш... Хоффисам.","Gott im Himmel! I have already told you… Aus Tuber, ah nein, Taube… Tauber… Bis… Hofissam.","¡Gott im Himmel! Ya os lo había dicho. Aus Tuber…, ah, nein. Taube… Tauber… Bis… Hofissam.","Gott im Himmel! I have already told you… Aus Tuber, ah nein, Taube… Tauber… Bis… Hofissam.","Gott im Himmel! Sana zaten söylemiştim… Aus Tuber, ah nein, Taube… Tauber… Bis… Hofissam.","Gott im Himmel! I have already told you… Aus Tuber, ah nein, Taube… Tauber… Bis… Hofissam.","Gott im Himmel! Я вже казав тобі... Aus Tuber, a, nein, Taube… Tauber… Bis… Hofissam.","Gott im Himmel! I have already told you… Aus Tuber, ah nein, Taube… Tauber… Bis… Hofissam.","Chúa trên trời! Tôi đã nói với cậu… Từ Tuber, à không, Taube… Tauber… Bis… Hofissam.",,,,,
neme_udo_aus_t_ja_sem__ud_b1PU,likely_foreign_phrase,14,11,Taubisch; nein; Tauberhofs; heim; Scheisse; TAUBER; BISCHOFS; HEIM,foreign-lexicon hit(s): Scheisse | multiple preserved tokens | foreign lexicon visible in English display: scheisse,"I am Udo… from Taubisch… nein, Tauberhofs… heim… Scheisse! Aus TAUBER… BISCHOFS… HEIM!","我是乌多…来自陶比希… nein, Tauberhofs（不，陶伯霍夫）… heim（海姆）… Scheisse!（该死！） Aus TAUBER（来自陶伯）… BISCHOFS（比绍夫斯）… HEIM（海姆）!","I am Udo… from Taubisch… nein, Tauberhofs… heim… Scheisse! Aus TAUBER… BISCHOFS… HEIM!",我是來自陶比施……nein（不對），是陶伯比霍夫斯……海姆……Scheisse（該死）！是aus（來自）……陶伯……比紹夫斯……海姆……的烏多！！！,Já sem... Udo... z Tabehoeim... ne. Taube... heim... ne... Taubshohim... kurva... TAUBERBISHOFSHEIM!,"Já jsem Udo… z Taubisch… nein, Tauberhofs… heim… Scheisse!  Aus TAUBER… BISCHOFS… HEIM!",I'm… Udo… from Tabehoeim… no. Taube… heim… no… Taubshohim… fuck… TAUBERBISCHOFSHEIM!,"I am Udo… from Taubisch… nein, Tauberhofs… heim… Scheisse! Aus TAUBER… BISCHOFS… HEIM!","I am Udo… from Taubisch… nein, Tauberhofs… heim… Scheisse! Aus TAUBER… BISCHOFS… HEIM!","Et moi Udo… de Taubisch… nein, Tauberhofs… heim… Scheisse ! De TAUBER… BISCHOFS… HEIM !","I am Udo… from Taubisch… nein, Tauberhofs… heim… Scheisse! Aus TAUBER… BISCHOFS… HEIM!",Ich bin Udo … Aus Taubisch… Ne. Tauberhofs… Heim … Scheiße! Aus TAUBER… BISCHOFS… HEIM!,"I am Udo… from Taubisch… nein, Tauberhofs… heim… Scheisse! Aus TAUBER… BISCHOFS… HEIM!","Sono Udo… Di Taubisch… Nein, Tauberhofs… Heim… Scheiße! Di TAUBER… BISCHOFS… HEIM!","I am Udo… from Taubisch… nein, Tauberhofs… heim… Scheisse! Aus TAUBER… BISCHOFS… HEIM!",俺は…  タウビシュ…  違う  タウバーホフス…<br/>ハイム…  クソ！  タウバー… ビショフス…<br/>ハイムのウドだ！,"I am Udo… from Taubisch… nein, Tauberhofs… heim… Scheisse! Aus TAUBER… BISCHOFS… HEIM!","내 이름은 우도... 타우비슈 출신… 아니, 타우베르호프...하임... 아 젠장! 아우스 타우베르...비쇼프스...하임 출신일세!","I am Udo… from Taubisch… nein, Tauberhofs… heim… Scheisse! Aus TAUBER… BISCHOFS… HEIM!","Jestem Udo… z Taubisch… nein, Tauberhofs… heim… Scheisse! Z TAUBER… BISCHOFS… HEIM!","I am Udo… from Taubisch… nein, Tauberhofs… heim… Scheisse! Aus TAUBER… BISCHOFS… HEIM!","Sou Udo… de Taubisch… nein, Tauberhofs… heim… Scheisse! Aus TAUBER… BISCHOFS… HEIM!","I am Udo… from Taubisch… nein, Tauberhofs… heim… Scheisse! Aus TAUBER… BISCHOFS… HEIM!","А я Удо... из Taubisch… nein, Tauberhofs... heim... Scheisse! Aus TAUBER… BISCHOFS… HEIM!","I am Udo… from Taubisch… nein, Tauberhofs… heim… Scheisse! Aus TAUBER… BISCHOFS… HEIM!","Yo soy Udo…, de Taubisch… Nein, de Tauberhofs… heim… ¡Scheiße! ¡Aus Tauber… bischofs… heim!","I am Udo… from Taubisch… nein, Tauberhofs… heim… Scheisse! Aus TAUBER… BISCHOFS… HEIM!","Ben Udo… Taubisch'dan… nein, Tauberhofs… heim… Scheisse! Aus TAUBER… BISCHOFS… HEIM!","I am Udo… from Taubisch… nein, Tauberhofs… heim… Scheisse! Aus TAUBER… BISCHOFS… HEIM!","Я Удо... з Taubisch… nein, Tauberhofs… heim… Scheisse! Aus TAUBER… BISCHOFS… HEIM!","I am Udo… from Taubisch… nein, Tauberhofs… heim… Scheisse! Aus TAUBER… BISCHOFS… HEIM!","Tôi là Udo… từ Taubisch… không, Tauberhofs… heim… chết tiệt! Từ TAUBER… BISCHOFS… HEIM!",,,,,
neme_udo_aus_t_no_prave_i_lB5y,likely_foreign_phrase,14,11,Exakt; auch; nicht; also; lange,foreign-lexicon hit(s): nicht | multiple preserved tokens | foreign lexicon visible in English display: nicht,"Exakt! Ich auch nicht, also lange… Very long…",没错！Ich auch nicht（我也不知道）…十分漫长…,"Exakt! Ich auch nicht, also lange… Very long…","Exakt（沒錯）！Ich auch nicht, also lange…（我也不明白，不過很久以前……）非常長……","No právě! Ich taky nicht, darum dlouhý...","Exakt! Ich auch nicht, taky lange... velmi dlouhý...","Exactly! Ich auch nicht, darum long…","Exakt! Ich auch nicht, also lange… Very long…","Exakt! Ich auch nicht, also lange… Very long…","Exactement ! Moi non plus, also lange… Très long…","Exakt! Ich auch nicht, also lange… Very long…","Exakt! Ich auch nicht, also lange … Sehr lange …","Exakt! Ich auch nicht, also lange… Very long…","Esatto! Neanche io, lange… Molto lungo…","Exakt! Ich auch nicht, also lange… Very long…",そのとおり！  俺もだ  長い…<br/>すごくすごーく長い…,"Exakt! Ich auch nicht, also lange… Very long…","Exakt! Ich auch nicht, also lange... 너무 길어...","Exakt! Ich auch nicht, also lange… Very long…","Exakt! Ich auch nicht, also lange… Bardzo długie…","Exakt! Ich auch nicht, also lange… Very long…","Exakt! Ich auch nicht, também lange… Muito longo…","Exakt! Ich auch nicht, also lange… Very long…","Exakt! Ich auch nicht, also lange… Очень долго...","Exakt! Ich auch nicht, also lange… Very long…","¡Exakt! Ich auch nicht, also lange… Muy largo…","Exakt! Ich auch nicht, also lange… Very long…","Exakt! Ich auch nicht, ayrıca lange… Çok uzun…","Exakt! Ich auch nicht, also lange… Very long…","Exakt! Ich auch nicht, also lange… Дуже довгий...","Exakt! Ich auch nicht, also lange… Very long…","Exakt! Ich auch nicht, also lange... Lâu lắm rồi...",,,,,
nepr_soldier_n_scheisse_d_KaAf,likely_foreign_phrase,14,11,Scheiße; Biest; mich; gebissen,foreign-lexicon hit(s): Scheiße | multiple preserved tokens | foreign lexicon visible in English display: scheisse,Scheiße! Das Biest hat mich gebissen!,Scheiße! Das Biest hat mich gebissen! （妈的！那条狗咬我！）,Scheiße! Das Biest hat mich gebissen!,Scheiße! Das Biest hat mich gebissen!（媽的！那條狗咬我！）,Scheisse! Die Bestie hat mich gebissen!,Scheiße! Das Biest hat mich gebissen!,!P Scheisse! Die Bestie hat mich gebissen!,Scheiße! Das Biest hat mich gebissen!,Scheiße! Das Biest hat mich gebissen!,Scheiße! Das Biest hat mich gebissen!,Scheiße! Das Biest hat mich gebissen!,Scheiße! Das Biest hat mich gebissen!,Scheiße! Das Biest hat mich gebissen!,Scheiße! Das Biest hat mich gebissen!,Scheiße! Das Biest hat mich gebissen!,Scheiße! Das Biest hat mich gebissen!,Scheiße! Das Biest hat mich gebissen!,Scheiße! Das Biest hat mich gebissen!,Scheiße! Das Biest hat mich gebissen!,Scheiße! Das Biest hat mich gebissen!,Scheiße! Das Biest hat mich gebissen!,Scheiße! Das Biest hat mich gebissen!,Scheiße! Das Biest hat mich gebissen!,Scheiße! Das Biest hat mich gebissen!,Scheiße! Das Biest hat mich gebissen!,¡Scheiße! ¡Das Biest hat mich gebissen!,Scheiße! Das Biest hat mich gebissen!,Scheiße! Das Biest hat mich gebissen!,Scheiße! Das Biest hat mich gebissen!,Scheiße! Das Biest hat mich gebissen!,Scheiße! Das Biest hat mich gebissen!,Scheiße! Das Biest hat mich gebissen!,,,,,
npc__npc_cilen_co_sem_kom_0XJq,likely_foreign_phrase,14,9,Mein; Gott,"foreign-lexicon hit(s): Mein, Gott | multiple preserved tokens | foreign lexicon visible in English display: gott, mein",What did I do to anyone?! Mein Gott…,我惹着谁了？我的上帝…,What did I do to anyone?! Mein Gott…,Mein Gott（我的天）……我又招惹誰了啊？,Co sem komu provedla!? Mein Gott...,Co jsem komu provedla!? Mein Gott...,!P What did I do to anyone?! Mein Gott…,What did I do to anyone?! Mein Gott…,What did I do to anyone?! Mein Gott…,Qu'est-ce que j'ai fait de mal ? Mein Gott…,What did I do to anyone?! Mein Gott…,Womit habe ich das verdient?! Mein Gott ...,What did I do to anyone?! Mein Gott…,Cosa ho fatto di male?! Mein Gott…,What did I do to anyone?! Mein Gott…,私が何をしたっていうの！？ 酷い…,What did I do to anyone?! Mein Gott…,내가 대체 무슨 죄를 지었기에? Mein Gott…,What did I do to anyone?! Mein Gott…,Co jak komu zrobiłam? Mein Gott…,What did I do to anyone?! Mein Gott…,O que fiz para merecer isso?! Mein Gott…,What did I do to anyone?! Mein Gott…,Да что же я кому плохого сделала?! Mein Gott…,What did I do to anyone?! Mein Gott…,¿Qué le he hecho yo a nadie? Mein Gott…,What did I do to anyone?! Mein Gott…,Ben kime ne yaptım?! Mein Gott ...,What did I do to anyone?! Mein Gott…,What did I do to anyone?! Mein Gott…,What did I do to anyone?! Mein Gott…,Tôi có làm gì hại ai đâu?! Mein Gott…,,,,,
npc__npc_vidi__proc_je_od_KJxo,likely_foreign_phrase,14,9,Mein; Gott,"foreign-lexicon hit(s): Mein, Gott | multiple preserved tokens | foreign lexicon visible in English display: gott, mein",Why's this unlocked! Mein Gott…,为什么锁开了！我的上帝…,Why's this unlocked! Mein Gott…,這怎麼打開了！Mein Gott（我的天）……,Proč je odemčeno? Mein Gott...,Proč je odemčeno? Mein Gott...,!P Why's this unlocked! Mein Gott…,Why's this unlocked! Mein Gott…,Why's this unlocked! Mein Gott…,Pourquoi est-ce ouvert ? Mein Gott…,Why's this unlocked! Mein Gott…,Warum ist das offen?,Why's this unlocked! Mein Gott…,Perché è aperta? Mein Gott…,Why's this unlocked! Mein Gott…,なぜ開いてるの！ 最悪だわ…,Why's this unlocked! Mein Gott…,이게 왜 열려 있는 거람? Mein Gott…,Why's this unlocked! Mein Gott…,Dlaczego jest otwarte? Mein Gott…,Why's this unlocked! Mein Gott…,Por que está destrancada? Mein Gott…,Why's this unlocked! Mein Gott…,Почему тут не заперто! Mein Gott…,Why's this unlocked! Mein Gott…,¿Por qué está abierta? Mein Gott…,Why's this unlocked! Mein Gott…,Bu neden kilitli değil!,Why's this unlocked! Mein Gott…,Why's this unlocked! Mein Gott…,Why's this unlocked! Mein Gott…,Sao lại mở thế này! Tệ thật...,,,,,
o_zi_kupec_tro_eh_jenze_v_p7M1,likely_foreign_phrase,14,11,Herr; Otto; Ulrich; lassen,foreign-lexicon hit(s): Herr | multiple preserved tokens | foreign lexicon visible in English display: herr,"Eh, but Herr Otto spends more time in Prague than here, and Chamberlain Ulrich…  Ach, lassen wir das.","嗯，但奥托大人在布拉格的时间比在这里更长，管家乌尔里希… Ach, lassen wir das.（没有那个必要）。","Eh, but Herr Otto spends more time in Prague than here, and Chamberlain Ulrich…  Ach, lassen wir das.","唉，不過Herr Otto（奧托大人）待在布拉格的時間比這裡還久，而烏利其總管……Ach, lassen wir das.（一點用都沒有。）","Eh, jenže von Herr Otto je víc v Praze, než tady a komoří Ulrich... Das ist unnötig.","Eh, jenže von Herr Otto je víc v Praze, než tady a komoří Ulrich... Das ist unnötig.","!P Eh, but Herr Otto spends more time in Prague than here, and Chamberlain Ulrich… Das ist unnötig.","Eh, but Herr Otto spends more time in Prague than here, and Chamberlain Ulrich…  Ach, lassen wir das.","Eh, but Herr Otto spends more time in Prague than here, and Chamberlain Ulrich…  Ach, lassen wir das.","Ah, mais Herr Otto passe plus de temps à Prague qu'ici et le chambellan Ulrich… Ach, lassen wir das.","Eh, but Herr Otto spends more time in Prague than here, and Chamberlain Ulrich…  Ach, lassen wir das.","Oh, aber Herr Otto verbringt seine Zeit viel lieber in Prag und der Kämmerer Ulrich … Ach, lassen wir das.","Eh, but Herr Otto spends more time in Prague than here, and Chamberlain Ulrich…  Ach, lassen wir das.","Eh, ma Herr Otto passa più tempo a Praga che qui, e il ciambellano Ulrich… Ach, lassen wir das.","Eh, but Herr Otto spends more time in Prague than here, and Chamberlain Ulrich…  Ach, lassen wir das.",だが彼はここよりプラハにいることのほうが多い<br/>そして侍従長のウルリッヒは…  その話は<br/>いいだろう,"Eh, but Herr Otto spends more time in Prague than here, and Chamberlain Ulrich…  Ach, lassen wir das.","음, 하지만 오토 경은 여기보다 프라하에 더 오래 있으니까. 그리고 울리히 집사는… Ach, lassen wir das.","Eh, but Herr Otto spends more time in Prague than here, and Chamberlain Ulrich…  Ach, lassen wir das.","Eh, ale Herr Otto spędza więcej czasu w Pradze niż tutaj, a podkomorzy Ulrych... Ach, lassen wir das.","Eh, but Herr Otto spends more time in Prague than here, and Chamberlain Ulrich…  Ach, lassen wir das.","Eh, mas Herr Otto passa mais tempo em Praga do que aqui, e o camareiro Ulrich… Ach, lassen wir das.","Eh, but Herr Otto spends more time in Prague than here, and Chamberlain Ulrich…  Ach, lassen wir das.","А. Но герр Отто много бывайт в Праге, чем здесь, а камергер Ульрих… Das ist unnötig.","Eh, but Herr Otto spends more time in Prague than here, and Chamberlain Ulrich…  Ach, lassen wir das.","Eh, pero Herr Otto pasa más tiempo en Praga que aquí, y el chambelán Ulrich… Ach, lassen wir das.","Eh, but Herr Otto spends more time in Prague than here, and Chamberlain Ulrich…  Ach, lassen wir das.","Eh, ama Her Otto buradan ziyade Prag'da vakit geçirir, Kâhya Ulrich ise... Ach, lassen wir das.","Eh, but Herr Otto spends more time in Prague than here, and Chamberlain Ulrich…  Ach, lassen wir das.","Ех, але він проводить більше часу в Празі, ніж тут, тоді як коморник Ульріх… Ach, lassen wir das.","Eh, but Herr Otto spends more time in Prague than here, and Chamberlain Ulrich…  Ach, lassen wir das.","Eh, nhưng Herr Otto dành nhiều thời gian ở Prague hơn ở đây, và Tổng quản Ulrich... Ach, lassen wir das.",,,,,
o_zi_kupec_tro_ja_das_ist_DjPk,mixed_or_ambiguous,14,11,kann; wohl; sagen; Herr; Bergow,foreign-lexicon hit(s): Herr | multiple preserved tokens | foreign lexicon visible in English display: herr,"Ja, das kann man wohl sagen. Herr von Bergow should do something about it at last…","Ja, das kann man wohl sagen（是的，这种情况很棘手）。冯·波尔高大人最终应该采取一些措施来解决这个问题…","Ja, das kann man wohl sagen. Herr von Bergow should do something about it at last…","Ja, das kann man wohl sagen.（是啊，這就是擾人的地方。）Herr von Bergow（馮伯格大人）該出手處理這件事才對……","Ja, das ist ein schwieriger Fall. Herr Bergov už by s tím měl konečně něco udělat...","Ja, das ist ein schwieriger Fall. Herr Bergov už by s tím měl konečně něco udělat...","!P Ja, das ist ein schwieriger Fall. Herr von Bergow should finally do something about it…","Ja, das kann man wohl sagen. Herr von Bergow should do something about it at last…","Ja, das kann man wohl sagen. Herr von Bergow should do something about it at last…","Ja, das kann man wohl sagen. Il serait temps que Herr von Bergow fasse quelque chose…","Ja, das kann man wohl sagen. Herr von Bergow should do something about it at last…","Ja, das kann man wohl sagen. Herr von Bergow sollte sich dieser Sache eigentlich annehmen …","Ja, das kann man wohl sagen. Herr von Bergow should do something about it at last…","Ja, das kann man wohl sagen. Herr von Bergow dovrebbe fare qualcosa…","Ja, das kann man wohl sagen. Herr von Bergow should do something about it at last…",ああ  困ったものだよ  フォン・ベルゴー卿は<br/>何か手を打つべきだ…,"Ja, das kann man wohl sagen. Herr von Bergow should do something about it at last…","Ja, das kann man wohl sagen. 폰 베르고프 경이 뭔가 조치를 취해야 할 텐데...","Ja, das kann man wohl sagen. Herr von Bergow should do something about it at last…","Ja, das kann man wohl sagen. Herr von Bergow powinien w końcu coś z tym zrobić...","Ja, das kann man wohl sagen. Herr von Bergow should do something about it at last…","Ja, das kann man wohl sagen. Herr von Bergow devia fazer algo sobre isso…","Ja, das kann man wohl sagen. Herr von Bergow should do something about it at last…","Ja, das kann man wohl sagen Герр Бергов должен с этим что-нибудь делать...","Ja, das kann man wohl sagen. Herr von Bergow should do something about it at last…","Ja, das kann man wohl sagen. Herr Von Bergow debería hacer algo al respecto de una vez…","Ja, das kann man wohl sagen. Herr von Bergow should do something about it at last…","Ja, das kann man wohl sagen. Herr von Bergow, artık bu konuda bir şeyler yapmalı...","Ja, das kann man wohl sagen. Herr von Bergow should do something about it at last…","Ja, das kann man wohl sagen. Herr von Бергов має щось із тим нарешті вдіяти…","Ja, das kann man wohl sagen. Herr von Bergow should do something about it at last…","Ja, das kann man wohl sagen. Herr Von Bergow cũng nên làm gì đó với chuyện này...",,,,,
o_zi_kupec_tro_zum_gluck__vIiW,mixed_or_ambiguous,14,11,Glück; nicht; junger; Mann; Trosky,foreign-lexicon hit(s): nicht | multiple preserved tokens | foreign lexicon visible in English display: nicht,"Zum Glück nicht, junger Mann. I am the only merchant here around Trosky.","Zum Glück nicht, junger Mann（幸运的是，年轻人）。我是特罗斯基这一带唯一的商人。","Zum Glück nicht, junger Mann. I am the only merchant here around Trosky.","Zum Glück nicht, junger Mann（幸好沒有，年輕人），我是特羅斯基附近唯一的商人。","Zum Glück nicht, junger Mann. Já sem jedinej kupec tady pod Troskama.","Zum Glück nicht, junger Mann. Já sem jedinej kupec tady pod Troskama.","!P Zum Glück nicht, junger Mann. I am the only merchant here below Trosky.","Zum Glück nicht, junger Mann. I am the only merchant here around Trosky.","Zum Glück nicht, junger Mann. I am the only merchant here around Trosky.","Zum Glück nicht, junger Mann. Il n'y a pas d'autre marchand que moi à Trosky.","Zum Glück nicht, junger Mann. I am the only merchant here around Trosky.","Zum Glück nicht, junger Mann. Ich bin der einzige Händler in der Nähe von Trosky.","Zum Glück nicht, junger Mann. I am the only merchant here around Trosky.","Zum Glück nicht, junger Mann. Sono l'unico mercante qui nei paraggi di Trosky.","Zum Glück nicht, junger Mann. I am the only merchant here around Trosky.",いや  トロスキー近辺じゃ俺が唯一の商人だ,"Zum Glück nicht, junger Mann. I am the only merchant here around Trosky.","Zum Glück nicht, junger Mann. 내가 트로스키의 유일한 상인이야.","Zum Glück nicht, junger Mann. I am the only merchant here around Trosky.","Zum Glück nicht, junger Mann. Jestem jedynym kupcem w okolicach Trosk.","Zum Glück nicht, junger Mann. I am the only merchant here around Trosky.","Zum Glück nicht, junger Mann. Sou o único comerciante aqui em Trosky.","Zum Glück nicht, junger Mann. I am the only merchant here around Trosky.","Zum Glück nicht, junger Mann. Я есть один продавальщик на все Троски.","Zum Glück nicht, junger Mann. I am the only merchant here around Trosky.","Zum Glück nicht, junger Mann. Soy el único que comercia por Trosky.","Zum Glück nicht, junger Mann. I am the only merchant here around Trosky.","Zum Glück nicht, junger Mann. Trosky civarındaki tek tüccar benim.","Zum Glück nicht, junger Mann. I am the only merchant here around Trosky.","Zum Glück nicht, junger Mann. Я в Тросках єдиний купець.","Zum Glück nicht, junger Mann. I am the only merchant here around Trosky.","Zum Glück nicht, junger Mann. Tôi là thương nhân duy nhất quanh Trosky.",,,,,
o_zi_mistr_fab_nun_sonst__0syU,likely_foreign_phrase,14,11,sonst; wäre; nicht; hier,foreign-lexicon hit(s): nicht | multiple preserved tokens | foreign lexicon visible in English display: nicht,"Nun, sonst wäre ich ja nicht hier. What would you like?","Nun, sonst wäre ich ja nicht hier（是啊，这就是我在这里的理由）。你想说什么？","Nun, sonst wäre ich ja nicht hier. What would you like?","Nun, sonst wäre ich ja nicht hier（嗯，不然我也不會在這裡）。有什麼事嗎？","Nun, sonst wäre ich nicht hier. Co potřebuješ?","Nun, sonst wäre ich ja nicht hier. Co bys chtěl?","!P Nun, sonst ware ich nicht hier. What would you like?","Nun, sonst wäre ich ja nicht hier. What would you like?","Nun, sonst wäre ich ja nicht hier. What would you like?","Nun, sonst wäre ich ja nicht hier. Que veux-tu savoir ?","Nun, sonst wäre ich ja nicht hier. What would you like?","Nun, sonst wäre ich ja nicht hier. Was möchtest du?","Nun, sonst wäre ich ja nicht hier. What would you like?","Nun, sonst wäre ich ja nicht hier. Cosa desideri?","Nun, sonst wäre ich ja nicht hier. What would you like?",そうでなければここにはいない  何か用か？,"Nun, sonst wäre ich ja nicht hier. What would you like?","Nun, sonst ware ja ich nicht hier. 무슨 일이지?","Nun, sonst wäre ich ja nicht hier. What would you like?","Nun, sonst wäre ich ja nicht hier. Czego ci trzeba?","Nun, sonst wäre ich ja nicht hier. What would you like?","Nun, sonst wäre ich ja nicht hier. O que você quer?","Nun, sonst wäre ich ja nicht hier. What would you like?","Nun, sonst wäre ich ja nicht hier. Ты что хотеть?","Nun, sonst wäre ich ja nicht hier. What would you like?","Nun, sonst wäre ich ja nicht hier. ¿Qué deseáis?","Nun, sonst wäre ich ja nicht hier. What would you like?","Nun, sonst wäre ich ja nicht hier. Ne istersin?","Nun, sonst wäre ich ja nicht hier. What would you like?","Nun, sonst wäre ich ja nicht hier. Що тобі треба?","Nun, sonst wäre ich ja nicht hier. What would you like?","Nun, sonst wäre ich ja nicht hier. Vậy cậu muốn gì?",,,,,
o_zi_urso_von__moje_kumpa_1PtK,likely_foreign_phrase,14,11,Meine; Truppe; nicht; groß,foreign-lexicon hit(s): nicht | multiple preserved tokens | foreign lexicon visible in English display: nicht,"Meine Truppe ist nicht groß, but for your purposes I think it will suffice.",Meine Truppe ist nicht groß（不是很多），但对你们的目标而言我认为已足够了。,"Meine Truppe ist nicht groß, but for your purposes I think it will suffice.",Meine Truppe ist nicht groß（我的人手不多），但對你來說應該夠了。,"Meine Gesellschaft ist nicht groß, ale pro vaše účely myslím postačí.","Meine Truppe ist nicht groß, ale myslím, že vám to bude bohatě stačit.","!P Meine Gesellschaft ist nicht groß, but for your purposes I think it will suffice.","Meine Truppe ist nicht groß, but for your purposes I think it will suffice.","Meine Truppe ist nicht groß, but for your purposes I think it will suffice.","Meine Truppe ist nicht groß, mais pour ce que vous voulez faire, cela devrait suffire.","Meine Truppe ist nicht groß, but for your purposes I think it will suffice.","Meine Truppe ist nicht groß, aber für euer Vorhaben sollte sie genügen.","Meine Truppe ist nicht groß, but for your purposes I think it will suffice.","Meine Truppe ist nicht groß, ma per i vostri scopi credo sia sufficiente.","Meine Truppe ist nicht groß, but for your purposes I think it will suffice.",私の仲間はそれほど多くないが  君の目的を<br/>果たすには十分だろう,"Meine Truppe ist nicht groß, but for your purposes I think it will suffice.","Meine Truppe ist nicht groß, 하지만 자네들의 목적을 위해서라면 충분할 것이라 생각되네.","Meine Truppe ist nicht groß, but for your purposes I think it will suffice.","Meine Truppe ist nicht groß, ale na wasze potrzeby powinno starczyć.","Meine Truppe ist nicht groß, but for your purposes I think it will suffice.","Meine Truppe ist nicht groß, mas para o seu propósito, creio que será suficiente.","Meine Truppe ist nicht groß, but for your purposes I think it will suffice.","Meine Truppe ist nicht groß, но для твоих потребностей достаточно.","Meine Truppe ist nicht groß, but for your purposes I think it will suffice.","Meine Truppe ist nicht groß, pero creo que bastará para vuestro propósito.","Meine Truppe ist nicht groß, but for your purposes I think it will suffice.","Meine Truppe ist nicht groß, ama senin amaçların doğrultusunda sanırım yeterli olur.","Meine Truppe ist nicht groß, but for your purposes I think it will suffice.","Meine Truppe ist nicht groß, але для ваших цілей, гадаю, їх вистачить.","Meine Truppe ist nicht groß, but for your purposes I think it will suffice.","Meine Truppe ist nicht groß, nhưng cho mục tiêu của cậu thì thế là đủ.",,,,,
opti_hospodsky_naturlich__9pPp,likely_foreign_phrase,14,11,Natürlich; warum; auch; nicht,foreign-lexicon hit(s): nicht | multiple preserved tokens | foreign lexicon visible in English display: nicht,"Natürlich, warum auch nicht? Nobody's a saint, right?","Natürlich, warum auch nicht? （当然，为什么不呢）？没人是圣人，对吧？","Natürlich, warum auch nicht? Nobody's a saint, right?",Natürlich（當然），畢竟人非聖賢，warum auch nicht（不買白不買）。,"Natürlich und warum nicht? Nikdo z nás není svatej, ne?","Natürlich, warum auch nicht? Nikdo z nás neni svatej, ne?","Natürlich und warum nicht? Nobody's a saint, right?","Natürlich, warum auch nicht? Nobody's a saint, right?","Natürlich, warum auch nicht? Nobody's a saint, right?","Natürlich, warum auch nicht? Personne n'est un saint, pas vrai ?","Natürlich, warum auch nicht? Nobody's a saint, right?","Natürlich, warum auch nicht? Niemand ist ein Heiliger, hab ich recht?","Natürlich, warum auch nicht? Nobody's a saint, right?","Natürlich, warum auch nicht? Nessuno è un santo, giusto?","Natürlich, warum auch nicht? Nobody's a saint, right?",もちろんだ  この世界に聖人なんていやしない<br/>そうだろ？,"Natürlich, warum auch nicht? Nobody's a saint, right?","Natürlich, warum auch nicht? 세상에 성인은 없으니까. 안 그래?","Natürlich, warum auch nicht? Nobody's a saint, right?","Natürlich, warum auch nicht? Nikt nie jest święty, nie?","Natürlich, warum auch nicht? Nobody's a saint, right?","Natürlich, warum auch nicht? Ninguém é santo, certo?","Natürlich, warum auch nicht? Nobody's a saint, right?",Natürlich und warum nicht? Кто из нас есть без греха?,"Natürlich, warum auch nicht? Nobody's a saint, right?","Natürlich, ¿warum auch nicht? Ni que fuera un santo, ¿eh?","Natürlich, warum auch nicht? Nobody's a saint, right?","Natürlich, warum auch nicht? Kimse aziz değildir, değil mi?","Natürlich, warum auch nicht? Nobody's a saint, right?","Natürlich, warum auch nicht? Серед нас святих немає, чи не так?","Natürlich, warum auch nicht? Nobody's a saint, right?","Natürlich, warum auch nicht? Làm gì có ai là thánh nhân, đúng không?",,,,,
pozd_pozdrav_n_gru_gott_m_9RUG,likely_foreign_phrase,14,11,Grüß; Gott; meine; Damen,foreign-lexicon hit(s): Gott | multiple preserved tokens | foreign lexicon visible in English display: gott,"Grüß Gott, meine Damen!","Grüß Gott, meine Damen!","Grüß Gott, meine Damen!","Grüss Gott, meine Damen!","Grüss Gott, meine Damen!","Grüss Gott, meine Damen!","!P Grüss Gott, meine Damen!","Grüß Gott, meine Damen!","Grüß Gott, meine Damen!","Grüß Gott, meine Frau !","Grüß Gott, meine Damen!","Grüß Gott, meine Damen!","Grüß Gott, meine Damen!","Grüß Gott, meine Frau!","Grüß Gott, meine Damen!","Grüß Gott, meine Damen!","Grüß Gott, meine Damen!","Grüss Gott, meine Damen!","Grüß Gott, meine Damen!","Grüss Gott, meine Damen!","Grüß Gott, meine Damen!","Grüss Gott, meine Damen!","Grüß Gott, meine Damen!","Grüss Gott, meine Damen!","Grüß Gott, meine Damen!","¡Grüß Gott, meine Frau!","Grüß Gott, meine Damen!","Grüss Gott, meine Damen!","Grüß Gott, meine Damen!","Grüss Gott, meine Damen!","Grüß Gott, meine Damen!","Grüß Gott, meine Damen!",,,,,
pozd_pozdrav_n_schon_dich_hWyv,likely_foreign_phrase,14,11,Schön; dich; sehen; meine; Dame,foreign-lexicon hit(s): dich | multiple preserved tokens | foreign lexicon visible in English display: dich,"Schön dich zu sehen, meine Dame!","Schön dich zu sehen, meine Damen!","Schön dich zu sehen, meine Dame!","Schön dich zu sehen, meine Damen!","Schön dich zu sehen, meine Damen!","Schön dich zu sehen, meine Dame!","!P Schon dich zu sehen, meine Damen!","Schön dich zu sehen, meine Dame!","Schön dich zu sehen, meine Dame!","Schön dich zu sehen, meine Frau !","Schön dich zu sehen, meine Dame!","Schön, dich zu sehen, gute Frau!","Schön dich zu sehen, meine Dame!","Schön dich zu sehen, meine Damen!","Schön dich zu sehen, meine Dame!","Schön dich zu sehen, meine Frau!","Schön dich zu sehen, meine Dame!","Schön dich zu sehen, meine Damen!","Schön dich zu sehen, meine Dame!","Schön dich zu sehen, meine Damen!","Schön dich zu sehen, meine Dame!","Schön dich zu sehen, meine Dame!","Schön dich zu sehen, meine Dame!","Schön dich zu sehen, meine Dame!","Schön dich zu sehen, meine Dame!","¡Schön dich zu sehen, meine Frau!","Schön dich zu sehen, meine Dame!","Schön dich zu sehen, meine Damen!","Schön dich zu sehen, meine Dame!","Schön dich zu sehen, meine Dame!","Schön dich zu sehen, meine Dame!","Schön dich zu sehen, meine Damen!",,,,,
pozd_uctivy_po_gru_gott_m_f0Sp,likely_foreign_phrase,14,11,Grüß; Gott; meine; Herrin,foreign-lexicon hit(s): Gott | multiple preserved tokens | foreign lexicon visible in English display: gott,"Grüß Gott, meine Herrin!","Grüss Gott, meine Frau!","Grüß Gott, meine Herrin!","Grüß Gott, meine Herrin!","Grüss Gott, meine Herrin!","Grüß Gott, meine Herrin!","!P Gruss Gott, meine Herrin!","Grüß Gott, meine Herrin!","Grüß Gott, meine Herrin!","Grüß Gott, meine Frau!","Grüß Gott, meine Herrin!","Grüß Gott, meine Herrin!","Grüß Gott, meine Herrin!","Grüß Gott, meine Frau!","Grüß Gott, meine Herrin!","Gruß Gott, meine Herrin!","Grüß Gott, meine Herrin!","Grüß Gott, meine Herrin!","Grüß Gott, meine Herrin!","Grüß Gott, meine Herrin!","Grüß Gott, meine Herrin!","Grüß Gott, meine Herrin!","Grüß Gott, meine Herrin!","Grüß Gott, meine Herrin!","Grüß Gott, meine Herrin!","¡Grüß Gott, meine Frau!","Grüß Gott, meine Herrin!","Grüß Gott, meine Herrin!","Grüß Gott, meine Herrin!","Grüß Gott, meine Herrin!","Grüß Gott, meine Herrin!","Grüß Gott, meine Herrin!",,,,,
pozd_uctivy_po_gru_gott_m_ykpG,likely_foreign_phrase,14,11,Grüß; Gott; gute; Frau,foreign-lexicon hit(s): Gott | multiple preserved tokens | foreign lexicon visible in English display: gott,"Grüß Gott, gute Frau!","Grüß Gott, gute Frau!","Grüß Gott, gute Frau!","Grüß Gott, gute Frau!","Grüss Gott, meine Herrin!","Grüß Gott, gute Frau!","Gruss Gott, meine Herrin!","Grüß Gott, gute Frau!","Grüß Gott, gute Frau!","Grüß Gott, gute Frau!","Grüß Gott, gute Frau!","Grüß Gott, gute Frau!","Grüß Gott, gute Frau!","Grüß Gott, gute Frau!","Grüß Gott, gute Frau!","Grüß Gott, gute Frau!","Grüß Gott, gute Frau!","Grüß Gott, gute Frau!","Grüß Gott, gute Frau!","Grüß Gott, gute Frau!","Grüß Gott, gute Frau!","Grüß Gott, gute Frau!","Grüß Gott, gute Frau!","Grüß Gott, gute Frau!","Grüß Gott, gute Frau!","¡Grüß Gott, gute Frau!","Grüß Gott, gute Frau!","Grüß Gott, gute Frau!","Grüß Gott, gute Frau!","Grüß Gott, gute Frau!","Grüß Gott, gute Frau!","Grüß Gott, gute Frau!",,,,,
prat_pratelsky_komm_schon_f5a1,likely_foreign_phrase,14,11,Komm; schon; kannst; nicht; ändern,foreign-lexicon hit(s): nicht | multiple preserved tokens | foreign lexicon visible in English display: nicht,"Komm schon, du kannst es nicht ändern.","Komm schon, du kannst es nicht ändern.","Komm schon, du kannst es nicht ändern.","Komm schon, du kannst es nicht ändern.（來吧，你無法改變發生的事。）","Komm schon, du kannst es nicht ändern.","Komm schon, du kannst es nicht ändern.","!P Komm schon, du kannst es nicht ändern.","Komm schon, du kannst es nicht ändern.","Komm schon, du kannst es nicht ändern.","Komm schon, du kannst es nicht ändern.","Komm schon, du kannst es nicht ändern.","Komm schon, du kannst es nicht ändern.","Komm schon, du kannst es nicht ändern.","Komm schon, du kannst es nicht ändern.","Komm schon, du kannst es nicht ändern.","Komm schon, du kannst es nicht ändern.","Komm schon, du kannst es nicht ändern.","Komm schon, du kannst es nicht ändern.","Komm schon, du kannst es nicht ändern.","Komm schon, du kannst es nicht ändern.","Komm schon, du kannst es nicht ändern.","Komm schon, du kannst es nicht ändern.","Komm schon, du kannst es nicht ändern.","Komm schon, du kannst es nicht ändern.","Komm schon, du kannst es nicht ändern.","Komm schon, du kannst es nicht ändern.","Komm schon, du kannst es nicht ändern.","Komm schon, du kannst es nicht ändern.","Komm schon, du kannst es nicht ändern.","Komm schon, du kannst es nicht ändern.","Komm schon, du kannst es nicht ändern.","Komm schon, du kannst es nicht ändern.",,,,,
prat_pratelsky_mein_gott_VcBF,likely_foreign_phrase,14,9,Mein; Gott,"foreign-lexicon hit(s): Mein, Gott | multiple preserved tokens | foreign lexicon visible in English display: gott, mein",Mein Gott …,Mein Gott …,Mein Gott …,Mein Gott...（我的老天……）,Mein Gott...,Mein Gott...,!P Mein Gott...,Mein Gott …,Mein Gott …,Mein Gott …,Mein Gott …,Mein Gott …,Mein Gott …,Mein Gott …,Mein Gott …,Mein Gott …,Mein Gott …,Mein Gott…,Mein Gott …,Mein Gott …,Mein Gott …,Mein Gott…,Mein Gott …,Mein Gott …,Mein Gott …,Mein Gott …,Mein Gott …,Mein Gott …,Mein Gott …,Mein Gott …,Mein Gott …,Mein Gott …,,,,,
pusk_puskar_el_je_to_ostu_tmGi,likely_foreign_phrase,14,11,eine; Schande; Herr; König,foreign-lexicon hit(s): Herr | multiple preserved tokens | foreign lexicon visible in English display: herr,It is eine Schande when outlaws have better weapons than the city garrison! And Herr König surely knows this too!,如果不法分子的武器都好过城市守卫部队，这就是ein Schande（奇耻大辱）！Herr König（国王）也知道这一点！,It is eine Schande when outlaws have better weapons than the city garrison! And Herr König surely knows this too!,城裡駐軍的武器竟然遠不及罪犯，這難道不是eine Schande（一種恥辱）嗎？就連Herr König （國王陛下）都曉得這件事！,"Je to ein Schande, když mají lapkové lepší zbraně než městská hotovost! A herr König o tom už určitě ví!","Je to ein Schande, když mají lapkové lepší zbraně než městská hotovost! A herr König už o tom určitě ví!","!P It is ein Schande, when outlaws have better weapons than the city garrison! And Herr König also knows of this too!",It is eine Schande when outlaws have better weapons than the city garrison! And Herr König surely knows this too!,It is eine Schande when outlaws have better weapons than the city garrison! And Herr König surely knows this too!,C'est eine Schande quand des hors-la-loi sont mieux armés que la garnison de la ville ! Et Herr König le sait assurément aussi !,It is eine Schande when outlaws have better weapons than the city garrison! And Herr König surely knows this too!,"Es ist wirklich eine Schande, wenn Gesetzlose bessere Waffen besitzen als die Stadtgarnison! Und der Herr König weiß das!",It is eine Schande when outlaws have better weapons than the city garrison! And Herr König surely knows this too!,È eine Schande quando i fuorilegge hanno armi migliori della guarnigione! E questo lo sa anche Herr König!,It is eine Schande when outlaws have better weapons than the city garrison! And Herr König surely knows this too!,なんたる屈辱だ  町の守備隊よりならず者ども<br/>のほうがいい武器を持っているなど！<br/>しかも王もこのことをご存じとは！,It is eine Schande when outlaws have better weapons than the city garrison! And Herr König surely knows this too!,무법자들이 도시 경비병들보다 더 좋은 무기를 들고 있다는 것 자체가 부끄러운 일이오! Herr König께서도 이미 알고 계시오!,It is eine Schande when outlaws have better weapons than the city garrison! And Herr König surely knows this too!,"To eine Schande, kiedy łotry mają lepsze uzbrojenie niż miejski garnizon! I Herr König też o tym wie!",It is eine Schande when outlaws have better weapons than the city garrison! And Herr König surely knows this too!,É eine Schande quando os bandidos têm armas melhores do que a guarnição! E Herr König com certeza sabe disso!,It is eine Schande when outlaws have better weapons than the city garrison! And Herr König surely knows this too!,"Это eine Schande, когда разбойники вооружены лучше, чем гарнизон! И Herr König, уверен, это знать!",It is eine Schande when outlaws have better weapons than the city garrison! And Herr König surely knows this too!,¡Es eine Schande cuando los forajidos tienen mejores armas que la guarnición local! ¡Y Herr König lo sabe!,It is eine Schande when outlaws have better weapons than the city garrison! And Herr König surely knows this too!,Kanun kaçaklarının şehir garnizonundan daha iyi silahlara sahip olması eine Schande! Herr König de bunu biliyor!,It is eine Schande when outlaws have better weapons than the city garrison! And Herr König surely knows this too!,"Це eine Schande, коли розбійники мають кращу зброю, аніж міський гарнізон! І Herr König, безсумнівно, теж про це знає!",It is eine Schande when outlaws have better weapons than the city garrison! And Herr König surely knows this too!,"Nếu vũ khí của những kẻ ngoài vòng pháp luật còn tốt hơn đội quân bảo vệ thành phố, thì đó là một sự sỉ nhục lớn! Và Herr König chắc chắn cũng biết điều này!",,,,,
reak_soldier_k_es_ist_vor_L2xk,likely_foreign_phrase,14,11,vorbei; aber; nicht; blute,foreign-lexicon hit(s): nicht | multiple preserved tokens | foreign lexicon visible in English display: nicht,"Es ist vorbei, aber das ist nicht gut … Ich blute.","Es ist vorbei, aber das ist nicht gut … Ich blute. （完事了，但情况不妙……我还在流血。）","Es ist vorbei, aber das ist nicht gut … Ich blute.","Es ist vorbei, aber das ist nicht gut…Ich blute.（結束了，但還沒脫險呢……我流血了。）","Es ist vorbei, aber das ist nicht gut... Ich blute.","Es ist vorbei, aber das ist nicht gut … Ich blute.","!P Es ist vorbei, aber das ist nicht gut... Ich blute.","Es ist vorbei, aber das ist nicht gut … Ich blute.","Es ist vorbei, aber das ist nicht gut … Ich blute.","Es ist vorbei, aber das ist nicht gut … Ich blute.","Es ist vorbei, aber das ist nicht gut … Ich blute.","Es ist vorbei, aber das ist nicht gut … Ich blute.","Es ist vorbei, aber das ist nicht gut … Ich blute.","Es ist vorbei, aber das ist nicht gut … Ich blute.","Es ist vorbei, aber das ist nicht gut … Ich blute.","Es ist vorbei, aber das ist nicht gut … Ich blute.","Es ist vorbei, aber das ist nicht gut … Ich blute.","Es ist vorbei, aber das ist nicht gut … Ich blute.","Es ist vorbei, aber das ist nicht gut … Ich blute.","Es ist vorbei, aber das ist nicht gut… Ich blute.","Es ist vorbei, aber das ist nicht gut … Ich blute.","Es ist vorbei, aber das ist nicht gut… Ich blute.","Es ist vorbei, aber das ist nicht gut … Ich blute.","Es ist vorbei, aber das ist nicht gut… Ich blute.","Es ist vorbei, aber das ist nicht gut … Ich blute.","Es ist vorbei, aber das ist nicht gut … Ich blute.","Es ist vorbei, aber das ist nicht gut … Ich blute.","Es ist vorbei, aber das ist nicht gut … Ich blute.","Es ist vorbei, aber das ist nicht gut … Ich blute.","Es ist vorbei, aber das ist nicht gut … Ich blute.","Es ist vorbei, aber das ist nicht gut … Ich blute.","Es ist vorbei, aber das ist nicht gut … Ich blute.",,,,,
reak_soldier_k_gott_es_wa_LDxy,likely_foreign_phrase,14,11,Gott; wäre; fast; schiefgegangen,foreign-lexicon hit(s): Gott | multiple preserved tokens | foreign lexicon visible in English display: gott,"Gott, es wäre fast schiefgegangen.","Gott, es wäre fast schiefgegangen. （天啊，差点完蛋了）","Gott, es wäre fast schiefgegangen.","Gott, es wäre fast schiefgegangen.（天啊，差點就完蛋了。）","Gott, es wäre fast schiefgegangen.","Gott, es wäre fast schiefgegangen.","!P Gott, es wäre fast schiefgegangen.","Gott, es wäre fast schiefgegangen.","Gott, es wäre fast schiefgegangen.","Gott, es wäre fast schiefgegangen.","Gott, es wäre fast schiefgegangen.","Gott, es wäre fast schiefgegangen.","Gott, es wäre fast schiefgegangen.","Gott, es wäre fast schiefgegangen.","Gott, es wäre fast schiefgegangen.","Gott, es wäre fast schiefgegangen.","Gott, es wäre fast schiefgegangen.","Gott, es wäre fast schiefgegangen.","Gott, es wäre fast schiefgegangen.","Gott, es wäre fast schiefgegangen.","Gott, es wäre fast schiefgegangen.","Gott, es wäre fast schiefgegangen.","Gott, es wäre fast schiefgegangen.","Gott, es wäre fast schiefgegangen.","Gott, es wäre fast schiefgegangen.","Gott, es wäre fast schiefgegangen.","Gott, es wäre fast schiefgegangen.","Gott, es wäre fast schiefgegangen.","Gott, es wäre fast schiefgegangen.","Gott, es wäre fast schiefgegangen.","Gott, es wäre fast schiefgegangen.","Gott, es wäre fast schiefgegangen.",,,,,
rozh_kupec_vel_ale_jiste__9oTJ,likely_foreign_phrase,14,11,Natürlich; warum; auch; nicht; junger; Mann,foreign-lexicon hit(s): nicht | multiple preserved tokens | foreign lexicon visible in English display: nicht,"Natürlich, warum auch nicht. Go ahead and look around, so you know what awaits you, junger Mann.","Natürlich, warum auch nicht（当然，为什么不呢）。进来随便看看吧，这样你就有概念了，年轻人。","Natürlich, warum auch nicht. Go ahead and look around, so you know what awaits you, junger Mann.","Natürlich, warum auch nicht（當然，有何不可呢）。隨意看看吧，至少能當個參考，junger Mann（年輕人）。","Natürlich, warum auch nicht. Klidně si to tady projdi, ať víš co tě čeká, junge Mann.","Natürlich, warum auch nicht. Klidně si to tady projdi, ať víš, co tě čeká, junge Mann.","Natürlich, warum auch nicht. Go ahead and look around, so you know what awaits you, junge Mann.","Natürlich, warum auch nicht. Go ahead and look around, so you know what awaits you, junger Mann.","Natürlich, warum auch nicht. Go ahead and look around, so you know what awaits you, junger Mann.","Natürlich, warum auch nicht. Allez-y, regardez, pour savoir ce qui vous attend, junge Mann.","Natürlich, warum auch nicht. Go ahead and look around, so you know what awaits you, junger Mann.","Natürlich, warum nicht? Sieh dich um und mach dich auf das gefasst, was auf dich zukommt, junger Mann.","Natürlich, warum auch nicht. Go ahead and look around, so you know what awaits you, junger Mann.","Natürlich, warum auch nicht. Dai pure un'occhiata in giro. Così saprai cosa ti aspetta, junge Mann.","Natürlich, warum auch nicht. Go ahead and look around, so you know what awaits you, junger Mann.",もちろんだとも  自由に見て回るといい<br/>好きなだけ参考にしていってくれ  若者よ,"Natürlich, warum auch nicht. Go ahead and look around, so you know what awaits you, junger Mann.","Natürlich, warum auch nicht. 가서 둘러봐. 그래야 앞으로 할 일이 짐작이 될 테니 말이야, junger Mann.","Natürlich, warum auch nicht. Go ahead and look around, so you know what awaits you, junger Mann.","Natürlich, warum auch nicht. Śmiało, popatrz sobie, żebyś wiedział, co cię czeka, junger Mann.","Natürlich, warum auch nicht. Go ahead and look around, so you know what awaits you, junger Mann.","Natürlich, warum auch nicht. Entre, dê uma olhada, para saber o que o lhe aguarda, junger Mann.","Natürlich, warum auch nicht. Go ahead and look around, so you know what awaits you, junger Mann.","Natürlich, warum auch nicht, junger Mann. Ходи, смотри. Будешь знать, какой работа тебя ждать.","Natürlich, warum auch nicht. Go ahead and look around, so you know what awaits you, junger Mann.","Natürlich, warum auch nicht. Pasad y observad lo que os depara el futuro, junger Mann.","Natürlich, warum auch nicht. Go ahead and look around, so you know what awaits you, junger Mann.","Natürlich, warum auch nicht. Haydi bak bakalım, bak da seni nelerin beklediğini gör, junger Mann.","Natürlich, warum auch nicht. Go ahead and look around, so you know what awaits you, junger Mann.","Natürlich, warum auch nicht. Заходь, подивися — знатимеш, що тебе чекає, junger Mann.","Natürlich, warum auch nicht. Go ahead and look around, so you know what awaits you, junger Mann.","Natürlich, warum auch nicht. Cứ tự nhiên xem xung quanh, để cậu biết những gì đang chờ đợi cậu, junger Mann.",,,,,
rozh_kupec_vel_tak_to_nej_47He,likely_foreign_phrase,14,11,bist; nicht; Erste; Leck; mich; Arsch,foreign-lexicon hit(s): nicht | multiple preserved tokens | foreign lexicon visible in English display: nicht,"Du bist nicht der Erste, but I’ll tell you the same as the last one… Leck mich am Arsch!",Du bist nicht der Erste（你不是第一个问的），但我也告诉你同样的话……Leck mich am Arsch（吃屎吧你）！,"Du bist nicht der Erste, but I’ll tell you the same as the last one… Leck mich am Arsch!",Du bist nicht der Erste（你不是第一個來問的），但我的答案還是一樣……Leck mich am Arsch（吃我的屌吧）！,"Sie sind nicht der Erste, ale řeknu ti to samý, co tomu před tebou... Leck mich am Arsch damit!","Sie sind nicht der Erste, ale řeknu ti to samý, co tomu před tebou… Leck mich am Arsch damit!","Sie sind nicht der Erste, but I’ll tell you the same as the last one… Leck mich am Arsch damit!","Du bist nicht der Erste, but I’ll tell you the same as the last one… Leck mich am Arsch!","Du bist nicht der Erste, but I’ll tell you the same as the last one… Leck mich am Arsch!","Du bist nicht der Erste, mais je vous dirai la même chose qu'à l'autre… Leck mich am Arsch damit !","Du bist nicht der Erste, but I’ll tell you the same as the last one… Leck mich am Arsch!","Du bist nicht der Erste, der danach fragt, aber kriegst dasselbe zu hören: Leck mich am Arsch!","Du bist nicht der Erste, but I’ll tell you the same as the last one… Leck mich am Arsch!","Du bist nicht der Erste, e ti darò la stessa risposta che ho dato all'altro tizio… Leck mich am Arsch damit!","Du bist nicht der Erste, but I’ll tell you the same as the last one… Leck mich am Arsch!",この前も  同じことを言ってきた奴がいたが<br/>私の意志は変わらん…  出直して来い！,"Du bist nicht der Erste, but I’ll tell you the same as the last one… Leck mich am Arsch!","Du bist nicht der Erste, 하지만 지난 번과 같은 답을 해주지… Leck mich am Arsch damit!","Du bist nicht der Erste, but I’ll tell you the same as the last one… Leck mich am Arsch!","Du bist nicht der Erste, ale powiem ci to samo, co poprzedniemu... Leck mich am Arsch!","Du bist nicht der Erste, but I’ll tell you the same as the last one… Leck mich am Arsch!","Du bist nicht der Erste, mas vou te dizer o mesmo que disse ao último… Leck mich am Arsch damit!","Du bist nicht der Erste, but I’ll tell you the same as the last one… Leck mich am Arsch!","Du bist nicht der Erste, но я говорить тебе то же, что и прошлый... Leck mich am Arsch!","Du bist nicht der Erste, but I’ll tell you the same as the last one… Leck mich am Arsch!","Du bist nicht der Erste, mas os diré lo mismo que al último…: ¡Leck mich am Arsch damit!","Du bist nicht der Erste, but I’ll tell you the same as the last one… Leck mich am Arsch!","Du bist nicht der Erste, ama sana da son gelen kişiye dediğimi diyeceğim… Leck mich am Arsch!","Du bist nicht der Erste, but I’ll tell you the same as the last one… Leck mich am Arsch!","Du bist nicht der Erste, але скажу тобі те ж, що й попередньому… Leck mich am Arsch!","Du bist nicht der Erste, but I’ll tell you the same as the last one… Leck mich am Arsch!","Du bist nicht der Erste, Mày không phải thằng đầu tiên đâu, nhưng tao cũng nói với mày y như đã nói với thằng trước… Cút mẹ mày đi! Leck mich am Arsch!",,,,,
rozl_rozloucen_gott_sei_m_PXzA,likely_foreign_phrase,14,7,Gott; mein; Herr,"foreign-lexicon hit(s): Gott, mein, Herr | multiple preserved tokens | foreign lexicon visible in English display: gott, herr, mein","Gott sei mit dir, mein Herr.","Gott sei mit Euch, mein Herr.","Gott sei mit dir, mein Herr.","Gott sei mit dir, mein Herr.","Gott sei mit Euch, mein Herr.","Gott sei mit Euch, mein Herr.","!P Gott sei mit Euch, mein Herr.","Gott sei mit dir, mein Herr.","Gott sei mit dir, mein Herr.","Gott sei mit dir, mein Herr.","Gott sei mit dir, mein Herr.","Gott sei mit dir, mein Herr.","Gott sei mit dir, mein Herr.","Gott sei mit dir, mein Herr.","Gott sei mit dir, mein Herr.","Gott sei mit dir, mein Herr.","Gott sei mit dir, mein Herr.","Gott sei mit dir, mein Herr.","Gott sei mit dir, mein Herr.","Gott sei mit dir, mein Herr.","Gott sei mit dir, mein Herr.","Gott sei mit dir, mein Herr.","Gott sei mit dir, mein Herr.","Gott sei mit dir, mein Herr.","Gott sei mit dir, mein Herr.","Gott sei mit dir, mein Herr.","Gott sei mit dir, mein Herr.","Gott sei mit dir, mein Herr.","Gott sei mit dir, mein Herr.","Gott sei mit dir, mein Herr.","Gott sei mit dir, mein Herr.","Gott sei mit dir, mein Herr.",,,,,
rudo_rudokupec_sancta_pet_ehIs,likely_foreign_phrase,14,11,Sancta; Petronilla; Weiß; nicht,foreign-lexicon hit(s): nicht | multiple preserved tokens | foreign lexicon visible in English display: nicht,Sancta Petronilla? Hmm… Weiß nicht.,Sancta Petronilla（圣佩特罗尼拉）？嗯…Weiß nicht（不记得了）。,Sancta Petronilla? Hmm… Weiß nicht.,Sancta Petronilla（聖彼得羅妮莉雅節）？嗯……Weiß nicht（不知道）。,Sancta Petronilla? Hm... Weiss nicht.,Sancta Petronilla? Hm... Weiss nicht.,!P Sancta Petronilla? Hmm… Weiss nicht.,Sancta Petronilla? Hmm… Weiß nicht.,Sancta Petronilla? Hmm… Weiß nicht.,Sancta Petronilla? Hmm… Weiß nicht.,Sancta Petronilla? Hmm… Weiß nicht.,Fest der heiligen Petronilla? Hmm … Weiß nicht.,Sancta Petronilla? Hmm… Weiß nicht.,Sancta Petronilla? Hmm… Weiß nicht.,Sancta Petronilla? Hmm… Weiß nicht.,聖ペトロニラ？  うーん…  わからん,Sancta Petronilla? Hmm… Weiß nicht.,성 베드로닐라의 축일? 음... Weiß nicht.,Sancta Petronilla? Hmm… Weiß nicht.,Sancta Petronilla? Hmm… Weiß nicht.,Sancta Petronilla? Hmm… Weiß nicht.,Sancta Petronilla? Hmm… Weiß nicht.,Sancta Petronilla? Hmm… Weiß nicht.,Sancta Petronilla? Хм-м... Weiß nicht.,Sancta Petronilla? Hmm… Weiß nicht.,Sancta Petronilla? Hmm… Weiß nicht.,Sancta Petronilla? Hmm… Weiß nicht.,x,Sancta Petronilla? Hmm… Weiß nicht.,Sancta Petronilla? Гм-м… Weiß nicht.,Sancta Petronilla? Hmm… Weiß nicht.,Thánh Petronilla à? Ừm… Tôi không biết.,,,,,
s_ho_hospodsky_protoze_se_37sC,mixed_or_ambiguous,14,11,Sigismund; weiß; Gott; Recht,foreign-lexicon hit(s): Gott | multiple preserved tokens | foreign lexicon visible in English display: gott,"Pah… because even though they are certainly deserters, they still wear Hungarian colours and the people here are scared to death of Sigismund... und weiß Gott zu Recht!",呸……因为尽管他们是逃兵，但他们还是穿着匈牙利的制服。这里的人对西格斯蒙德怕的要命……und weiß Gott zu Recht（上帝知道这是正确的事）！,"Pah… because even though they are certainly deserters, they still wear Hungarian colours and the people here are scared to death of Sigismund... und weiß Gott zu Recht!",哼……因為就算那些人是逃兵沒錯，但身上還戴著匈牙利軍徽，再說這裡的人都怕西吉斯蒙德怕得要死……und weiß Gott zu Recht（連上帝也曉得）！,"Pche... protože, i když to jsou určitě zběhové, tak maj pořád na sobě uherský barvy a Zikmunda se tady lidi sakra bojej... und weiß Gott zu Recht!","Pche... protože, i když to jsou určitě zběhové, tak maj pořád na sobě uherský barvy a Zikmunda se tady lidi k smrti bojej... und weiß Gott zu Recht!","!P Pah… because even though they are certainly deserters, they still wear Hungarian colours and the people here are scared to death of Sigismund... und weiß Gott zu Recht!","Pah… because even though they are certainly deserters, they still wear Hungarian colours and the people here are scared to death of Sigismund... und weiß Gott zu Recht!","Pah… because even though they are certainly deserters, they still wear Hungarian colours and the people here are scared to death of Sigismund... und weiß Gott zu Recht!","Pah… parce que même si ce sont à coup sûr des déserteurs, ils portent encore les couleurs de la Hongrie, et les gens d'ici ont une peur bleue de Sigismond… und weiß Gott zu Recht !","Pah… because even though they are certainly deserters, they still wear Hungarian colours and the people here are scared to death of Sigismund... und weiß Gott zu Recht!","Pah … weil sie immer noch ungarische Farben tragen, auch als Deserteure, und die Leute hier haben eine Todesangst vor Sigismund … und weiß Gott zu recht!","Pah… because even though they are certainly deserters, they still wear Hungarian colours and the people here are scared to death of Sigismund... und weiß Gott zu Recht!","Bah… Perché, anche se sono disertori, hanno ancora i colori ungheresi e tutti hanno una paura matta di Sigismondo… und weiß Gott zu Recht!","Pah… because even though they are certainly deserters, they still wear Hungarian colours and the people here are scared to death of Sigismund... und weiß Gott zu Recht!",フン…  あいつらは脱走兵だが  ハンガリーの<br/>紋章を身につけてる  ここの人間はシギスムント<br/>が死ぬほど怖いんだ…  だが神は見ているぞ！,"Pah… because even though they are certainly deserters, they still wear Hungarian colours and the people here are scared to death of Sigismund... und weiß Gott zu Recht!",하... 그놈들이 탈영병이기는 하지만 헝가리 문장을 달고 있으니까 그렇지. 여기 사람들은 지기스문트를 죽도록 무서워하니까... und weiß Gott zu Recht!,"Pah… because even though they are certainly deserters, they still wear Hungarian colours and the people here are scared to death of Sigismund... und weiß Gott zu Recht!","Phi... bo choć to z pewnością dezerterzy, to wciąż są w węgierskich barwach, a ludzie tu śmiertelnie boją się Zygmunta... und weiß Gott zu Recht!","Pah… because even though they are certainly deserters, they still wear Hungarian colours and the people here are scared to death of Sigismund... und weiß Gott zu Recht!","Hunf… Porque, embora devam ser desertores, ainda são húngaros, e as pessoas aqui morrem de medo de Sigismundo… und weiß Gott zu Recht!","Pah… because even though they are certainly deserters, they still wear Hungarian colours and the people here are scared to death of Sigismund... und weiß Gott zu Recht!","Pah… Потому как они есть венгрские солдаты, хоть и очень даже беглые, а народ здесь боится Сигизмунда... und weiß Gott zu Recht!","Pah… because even though they are certainly deserters, they still wear Hungarian colours and the people here are scared to death of Sigismund... und weiß Gott zu Recht!","Bah… Porque, aunque sean desertores, siguen luciendo los colores húngaros, y por estos lares la gente teme a Segismundo más que al diablo. ¡Und weiß Gott zu Recht!","Pah… because even though they are certainly deserters, they still wear Hungarian colours and the people here are scared to death of Sigismund... und weiß Gott zu Recht!",Peh… Çünkü kesinlikle firari olsalar da hâlâ Macar renklerini taşıyorlar ve buradaki insanlar Sigismund’dan ölümüne korkuyor… und weiß Gott zu Recht!,"Pah… because even though they are certainly deserters, they still wear Hungarian colours and the people here are scared to death of Sigismund... und weiß Gott zu Recht!","Пхе... Бо хоча вони й дезертири, та все ще носять угорські барви, а люди бояться Сигізмунда більше, ніж смерті... und weiß Gott zu Recht!","Pah… because even though they are certainly deserters, they still wear Hungarian colours and the people here are scared to death of Sigismund... und weiß Gott zu Recht!","Hừm… Đám đó là lính đào ngũ, nhưng vẫn đeo huy hiệu Hungary. Dân ở đây sợ Sigismund đến chết… und weiß Gott zu Recht!",,,,,
situ_situace_p_ich_hoffe__Ghog,likely_foreign_phrase,14,11,hoffe; hängen; dich; nächstes; Mistkerl,foreign-lexicon hit(s): dich | multiple preserved tokens | foreign lexicon visible in English display: dich,"Ich hoffe, sie hängen dich nächstes Mal auf, du Mistkerl!","Ich hoffe, sie hängen dich nächstes Mal auf, du Mistkerl!（希望下次直接把你吊死，混账！）","Ich hoffe, sie hängen dich nächstes Mal auf, du Mistkerl!","Ich hoffe, sie hängen dich nächstes Mal auf, du Mistkerl!（希望你下次被吊死，混帳！）","Ich hoffe, sie hängen dich das nächstemal, Bastard!","Ich hoffe, sie hängen dich nächstes Mal auf, du Mistkerl!","Ich hoffe, sie hängen dich das nächstemal, Bastard!","Ich hoffe, sie hängen dich nächstes Mal auf, du Mistkerl!","Ich hoffe, sie hängen dich nächstes Mal auf, du Mistkerl!","Ich hoffe, sie hängen dich nächstes Mal auf, du Mistkerl!","Ich hoffe, sie hängen dich nächstes Mal auf, du Mistkerl!","Ich hoffe, sie hängen dich nächstes Mal auf, du Mistkerl!","Ich hoffe, sie hängen dich nächstes Mal auf, du Mistkerl!","Ich hoffe, sie hängen dich nächstes Mal auf, du Mistkerl!","Ich hoffe, sie hängen dich nächstes Mal auf, du Mistkerl!","Ich hoffe, sie hängen dich nächstes Mal auf, du Mistkerl!","Ich hoffe, sie hängen dich nächstes Mal auf, du Mistkerl!","Ich hoffe, sie hängen dich nächstes Mal auf, du Mistkerl!","Ich hoffe, sie hängen dich nächstes Mal auf, du Mistkerl!","Ich hoffe, sie hängen dich nächstes Mal auf, du Mistkerl!","Ich hoffe, sie hängen dich nächstes Mal auf, du Mistkerl!","Ich hoffe, sie hängen dich nächstes Mal auf, du Mistkerl!","Ich hoffe, sie hängen dich nächstes Mal auf, du Mistkerl!","Ich hoffe, sie hängen dich nächstes Mal auf, du Mistkerl!","Ich hoffe, sie hängen dich nächstes Mal auf, du Mistkerl!","¡Ich hoffe, sie hängen dich nächstes Mal auf, du Mistkerl!","Ich hoffe, sie hängen dich nächstes Mal auf, du Mistkerl!","Ich hoffe, sie hängen dich nächstes Mal auf, du Mistkerl!","Ich hoffe, sie hängen dich nächstes Mal auf, du Mistkerl!","Ich hoffe, sie hängen dich nächstes Mal auf, du Mistkerl!","Ich hoffe, sie hängen dich nächstes Mal auf, du Mistkerl!","Ich hoffe, sie hängen dich nächstes Mal auf, du Mistkerl!",,,,,
situ_situace_p_ich_hoffe__K11w,likely_foreign_phrase,14,11,hoffe; hängen; dich; nächstes; Mistkerl,foreign-lexicon hit(s): dich | multiple preserved tokens | foreign lexicon visible in English display: dich,"Ich hoffe, sie hängen dich nächstes Mal auf, du Mistkerl!","Ich hoffe, sie hängen dich nächstes Mal auf, du Mistkerl!（希望下次直接把你吊死，混账！）","Ich hoffe, sie hängen dich nächstes Mal auf, du Mistkerl!","Ich hoffe, sie hängen dich nächstes Mal auf, du Mistkerl!（希望你下次被吊死，混帳！）","Ich hoffe, sie hängen dich das nächstemal, Bastard!","Doufám, že tě příště pověsej, du Mistkerl!","Ich hoffe, sie hängen dich das nächstemal, Bastard!","Ich hoffe, sie hängen dich nächstes Mal auf, du Mistkerl!","Ich hoffe, sie hängen dich nächstes Mal auf, du Mistkerl!","Ich hoffe, sie hängen dich nächstes Mal auf, du Mistkerl!","Ich hoffe, sie hängen dich nächstes Mal auf, du Mistkerl!","Ich hoffe, sie hängen dich nächstes Mal auf, du Mistkerl!","Ich hoffe, sie hängen dich nächstes Mal auf, du Mistkerl!","Ich hoffe, sie hängen dich nächstes Mal auf, du Mistkerl!","Ich hoffe, sie hängen dich nächstes Mal auf, du Mistkerl!","Ich hoffe, sie hängen dich nächstes Mal auf, du Mistkerl!","Ich hoffe, sie hängen dich nächstes Mal auf, du Mistkerl!","Ich hoffe, sie hängen dich nächstes Mal auf, du Mistkerl!","Ich hoffe, sie hängen dich nächstes Mal auf, du Mistkerl!","Ich hoffe, sie hängen dich nächstes Mal auf, du Mistkerl!","Ich hoffe, sie hängen dich nächstes Mal auf, du Mistkerl!","Ich hoffe, sie hängen dich nächstes Mal auf, du Mistkerl!","Ich hoffe, sie hängen dich nächstes Mal auf, du Mistkerl!","Ich hoffe, sie hängen dich nächstes Mal auf, du Mistkerl!","Ich hoffe, sie hängen dich nächstes Mal auf, du Mistkerl!","¡Ich hoffe, sie hängen dich nächstes Mal auf, du Mistkerl!","Ich hoffe, sie hängen dich nächstes Mal auf, du Mistkerl!","Ich hoffe, sie hängen dich nächstes Mal auf, du Mistkerl!","Ich hoffe, sie hängen dich nächstes Mal auf, du Mistkerl!","Ich hoffe, sie hängen dich nächstes Mal auf, du Mistkerl!","Ich hoffe, sie hängen dich nächstes Mal auf, du Mistkerl!","Ich hoffe, sie hängen dich nächstes Mal auf, du Mistkerl!",,,,,
slec_aktivita__a_nesetril_klG9,likely_foreign_phrase,14,11,Mein; Nachbar; könnte; Neid; platzen,foreign-lexicon hit(s): Mein | multiple preserved tokens | foreign lexicon visible in English display: mein,And no hold back on decoration! Sword must shine like gold in sun. Mein Nachbar könnte vor Neid platzen!,别吝啬装饰！这把剑要像阳光下的金子一样闪亮。Mein Nachbar könnte vor Neid platzen（把我那帮邻居都给馋死）！,And no hold back on decoration! Sword must shine like gold in sun. Mein Nachbar könnte vor Neid platzen!,裝飾部分也別吝嗇！這把劍要像太陽一樣耀眼。Mein Nachbar könnte vor Neid platzen（我的鄰居肯定會很羨慕）！,A nešetřila na výzdoba! Meč se muset blýskat na slunce jako zlato. Ať soused třeba pukne závist!,A nešetřila na výzdoba! Meč se musela blýskat na slunce jako zlato. Ať soused pukla od závist!,!P And no hold back on decoration! Sword must shine like gold in sun. Mein Nachbar könnte vor Neid platzen!,And no hold back on decoration! Sword must shine like gold in sun. Mein Nachbar könnte vor Neid platzen!,And no hold back on decoration! Sword must shine like gold in sun. Mein Nachbar könnte vor Neid platzen!,Et pas lésiner sur décoration ! Épée doit briller comme or au soleil. Mein Nachbar könnte vor Neid platzen !,And no hold back on decoration! Sword must shine like gold in sun. Mein Nachbar könnte vor Neid platzen!,Und keine Zurückhaltung! Das Schwert muss glänzen wie Gold in der Sonne. Mein Nachbar soll vor Neid platzen!,And no hold back on decoration! Sword must shine like gold in sun. Mein Nachbar könnte vor Neid platzen!,E non lesinare sulle decorazioni! La spada deve brillare come l'oro al sole. Mein Nachbar könnte vor Neid platzen!,And no hold back on decoration! Sword must shine like gold in sun. Mein Nachbar könnte vor Neid platzen!,それと装飾は派手にやってくれ！  日の光を浴びて<br/>黄金のように輝き  隣人が嫉妬する剣を頼むぞ！,And no hold back on decoration! Sword must shine like gold in sun. Mein Nachbar könnte vor Neid platzen!,그리고 장식을 아끼지 마세요! 태양빛 아래에서 황금빛으로 빛나는 검이어야 합니다. Mein Nachbar könnte vor Neid platzen!,And no hold back on decoration! Sword must shine like gold in sun. Mein Nachbar könnte vor Neid platzen!,I nie szczędźcie ozdób! Miecz ma lśnić jak złoto na słońcu! Mein Nachbar könnte vor Neid platzen!,And no hold back on decoration! Sword must shine like gold in sun. Mein Nachbar könnte vor Neid platzen!,E não economizar decoração! Espada deve brilhar como ouro em sol. Mein Nachbar könnte vor Neid platzen!,And no hold back on decoration! Sword must shine like gold in sun. Mein Nachbar könnte vor Neid platzen!,"И чтоб не жалеть украшений! Меч должен сиять, как золото на солнце. Mein Nachbar könnte vor Neid platzen!",And no hold back on decoration! Sword must shine like gold in sun. Mein Nachbar könnte vor Neid platzen!,¡Y no escatiméis en ornatos! La espada debe resplandecer cual oro al sol. ¡Mein Nachbar könnte vor Neid platzen!,And no hold back on decoration! Sword must shine like gold in sun. Mein Nachbar könnte vor Neid platzen!,Süslerken hiç çekinme! Kılıç güneşte altın gibi parlamalı. Mein Nachbar könnte vor Neid platzen!,And no hold back on decoration! Sword must shine like gold in sun. Mein Nachbar könnte vor Neid platzen!,"І не скупися на оздоплення! Меч має блищати, як золото на зонці. Mein Nachbar könnte vor Neid platzen!",And no hold back on decoration! Sword must shine like gold in sun. Mein Nachbar könnte vor Neid platzen!,Và đừng tiếc phần trang trí! Thanh kiếm phải sáng như vàng dưới nắng! Mein Nachbar könnte vor Neid platzen!,,,,,
spec_menhart_z_mistr_umi__gJGE,likely_foreign_phrase,14,9,Entschuldige; mein; Freund,"foreign-lexicon hit(s): mein, Freund | multiple preserved tokens | foreign lexicon visible in English display: freund, mein","Entschuldige, mein Freund… a master knows how to estimate his strength and condition.","Entschuldige, mein Freund（抱歉，我的朋友）…大师知道如何衡量自己的力量和状况。","Entschuldige, mein Freund… a master knows how to estimate his strength and condition.","Entschuldige, mein Freund（抱歉，朋友）……要成為一名大師，得先學會評估自身的能力和狀態。","Entschuldigen Freund, mistr musí umět odhadnout svou sílu a zdraví.","Entschuldige, mein freund… mistr musí umět odhadnout svou sílu a zdraví.",A Master knows how to estimate his strength and condition and knows when to prepare for battle and when not.,"Entschuldige, mein Freund… a master knows how to estimate his strength and condition.","Entschuldige, mein Freund… a master knows how to estimate his strength and condition.","Entschuldige, mein Freund… un maître sait estimer sa force et sa forme.","Entschuldige, mein Freund… a master knows how to estimate his strength and condition.","Entschuldige, mein Freund … ein Meister weiß um seine Stärke und seine Verfassung.","Entschuldige, mein Freund… a master knows how to estimate his strength and condition.","Entschuldige, mein Freund… Un maestro sa valutare la propria forza e condizione fisica.","Entschuldige, mein Freund… a master knows how to estimate his strength and condition.",友よ…  達人なら  己の体力や状態を見極める術は<br/>心得ている,"Entschuldige, mein Freund… a master knows how to estimate his strength and condition.","Entschuldige, mein Freund… 달인이라면 자신의 역량과 상태를 잘 파악해야 하네.","Entschuldige, mein Freund… a master knows how to estimate his strength and condition.","Entschuldige, mein Freund… Mistrz potrafi ocenić swoje siły i kondycję.","Entschuldige, mein Freund… a master knows how to estimate his strength and condition.","Entschuldige, mein Freund… Um mestre sabe estimar a própria força e condição.","Entschuldige, mein Freund… a master knows how to estimate his strength and condition.","Entschuldige, mein Freund… хороший фехтмейстер уметь оценивайт сфои силы.","Entschuldige, mein Freund… a master knows how to estimate his strength and condition.","Entschuldige, mein Freund… Un maestro sabe cómo estimular su fortaleza y condición.","Entschuldige, mein Freund… a master knows how to estimate his strength and condition.","Entschuldige, mein Freund… bir usta gücünü ve kondisyonunu nasıl tahmin edeceğini bilir.","Entschuldige, mein Freund… a master knows how to estimate his strength and condition.","Entschuldige, mein Freund… Майстер уміє правильно розцінювати власні сили й здоров'я.","Entschuldige, mein Freund… a master knows how to estimate his strength and condition.","Xin lỗi nhé, anh bạn… Một cao thủ thì phải biết lượng sức mình và tình trạng của bản thân.",,,,,
svat_quest_tip_nevim_o_co_4WOi,likely_foreign_phrase,14,11,weiß; nicht; worum; geht,foreign-lexicon hit(s): nicht | multiple preserved tokens | foreign lexicon visible in English display: nicht,"Ich weiß nicht, worum es geht, but I hear it has something to do with their traditional archery competition.","Ich weiß nicht, worum es geht（我不知道是什么原因），但我听说这与他们的传统射击比赛有关系。","Ich weiß nicht, worum es geht, but I hear it has something to do with their traditional archery competition.","Ich weiß nicht, worum es geht（我不知道詳情），但據說跟他們的傳統射箭比賽有關。","... Ich weiß nicht, was los ist, ale prej to souvisí s jejich tradičním střeleckým štercem.","Ich weiß nicht, worum es geht, ale prej to souvisí s jejich tradičním střeleckým štercem.","... Ich weiß nicht, was los ist, but I hear it has something to do with their traditional archery competition.","Ich weiß nicht, worum es geht, but I hear it has something to do with their traditional archery competition.","Ich weiß nicht, worum es geht, but I hear it has something to do with their traditional archery competition.","Ich weiß nicht, worum es geht, mais j'ai entendu dire que ça avait un rapport avec leur concours d'archerie.","Ich weiß nicht, worum es geht, but I hear it has something to do with their traditional archery competition.","Ich weiß nicht, worum es geht, aber angeblich hat es was mit dem traditionellen Bogenschießwettbewerb zu tun.","Ich weiß nicht, worum es geht, but I hear it has something to do with their traditional archery competition.","Ich weiß nicht, worum es geht. Ma di sicuro c'entra la loro tradizionale gara di tiro con l'arco.","Ich weiß nicht, worum es geht, but I hear it has something to do with their traditional archery competition.",詳しい話は知らないけど  伝統の射撃大会が<br/>絡んでる  とかなんとか,"Ich weiß nicht, worum es geht, but I hear it has something to do with their traditional archery competition.","Ich weiß nicht, worum es geht, 무슨 유서 깊은 활쏘기 대회에 관한 문제라나 뭐라나.","Ich weiß nicht, worum es geht, but I hear it has something to do with their traditional archery competition.","Ich weiß nicht, worum es geht, ale ponoć ma to coś wspólnego z ich zawodami strzeleckimi.","Ich weiß nicht, worum es geht, but I hear it has something to do with their traditional archery competition.","Ich weiß nicht, worum es geht, mas ouvi dizer que tem algo a ver com a competição anual de tiro ao alvo.","Ich weiß nicht, worum es geht, but I hear it has something to do with their traditional archery competition.","Ich weiß nicht, worum es geht, но я слыхайт, вроде как там разговор про их состязание лучников.","Ich weiß nicht, worum es geht, but I hear it has something to do with their traditional archery competition.","Ich weiß nicht, worum es geht, pero se conoce que tiene que ver con su competición de tiro con arco tradicional.","Ich weiß nicht, worum es geht, but I hear it has something to do with their traditional archery competition.","Ich weiß nicht, worum es geht ama onların geleneksel okçuluk yarışması ile ilgiliymiş diye duydum.","Ich weiß nicht, worum es geht, but I hear it has something to do with their traditional archery competition.","Ich weiß nicht, worum es geht, але я чуф, що це якось стосується їхнього традиційного змагання зі стрільби з лука.","Ich weiß nicht, worum es geht, but I hear it has something to do with their traditional archery competition.","Tôi không biết chi tiết, nhưng hình như có liên quan đến giải thi bắn truyền thống gì đó.",,,,,
ulri_event_tab_gut_gut_es_bBId,likely_foreign_phrase,14,11,nicht; wichtig; doch; saßen; einem; Stein; schlugen; Bein; über; andre,foreign-lexicon hit(s): nicht | multiple preserved tokens | foreign lexicon visible in English display: nicht,"Gut, gut, es ist nicht wichtig, doch wir saßen auf einem Stein, und schlugen ein Bein über das andre Bein …","Gut, gut, es ist nicht wichtig, doch wir saßen auf einem Stein, und schlugen ein Bein über das andre Bein …","Gut, gut, es ist nicht wichtig, doch wir saßen auf einem Stein, und schlugen ein Bein über das andre Bein …","Gut, gut, es ist nicht wichtig, doch wir saßen auf einem Stein, und schlugen ein Bein über das andre Bein …","Gut, gut, es ist nicht wichtig, doch Wir saß auf einem Felsenstein, und schlug ein Bein über das andre Bein...","Gut, gut, es ist nicht wichtig, doch wir saßen auf einem Stein, und schlugen ein Bein über das andre Bein …","Gut, gut, es ist nicht wichtig, doch Wir saß auf einem Felsenstein, und schlug ein Bein über das andre Bein...","Gut, gut, es ist nicht wichtig, doch wir saßen auf einem Stein, und schlugen ein Bein über das andre Bein …","Gut, gut, es ist nicht wichtig, doch wir saßen auf einem Stein, und schlugen ein Bein über das andre Bein …","Gut, gut, es ist nicht wichtig, doch wir saßen auf einem Stein, und schlugen ein Bein über das andre Bein …","Gut, gut, es ist nicht wichtig, doch wir saßen auf einem Stein, und schlugen ein Bein über das andre Bein …","Gut, gut, es ist nicht wichtig, doch wir saßen auf einem Stein, und schlugen ein Bein über das andre Bein …","Gut, gut, es ist nicht wichtig, doch wir saßen auf einem Stein, und schlugen ein Bein über das andre Bein …","Gut, gut, es ist nicht wichtig, doch wir saßen auf einem Stein, und schlugen ein Bein über das andre Bein …","Gut, gut, es ist nicht wichtig, doch wir saßen auf einem Stein, und schlugen ein Bein über das andre Bein …","Gut, gut, es ist nicht wichtig, doch wir saßen auf einem Stein, und schlugen ein Bein über das andre Bein …","Gut, gut, es ist nicht wichtig, doch wir saßen auf einem Stein, und schlugen ein Bein über das andre Bein …","Gut, gut, es ist nicht wichtig, doch wir saßen auf einem Stein, und schlugen ein Bein über das andre Bein…","Gut, gut, es ist nicht wichtig, doch wir saßen auf einem Stein, und schlugen ein Bein über das andre Bein …","Gut, gut, es ist nicht wichtig, doch wir saßen auf einem Stein, und schlugen ein Bein über das andre Bein…","Gut, gut, es ist nicht wichtig, doch wir saßen auf einem Stein, und schlugen ein Bein über das andre Bein …","Gut, gut, es ist nicht wichtig, doch wir saßen auf einem Stein, und schlugen ein Bein über das andre Bein…","Gut, gut, es ist nicht wichtig, doch wir saßen auf einem Stein, und schlugen ein Bein über das andre Bein …","Gut, gut, es ist nicht wichtig, doch wir saßen auf einem Stein, und schlugen ein Bein über das andre Bein…","Gut, gut, es ist nicht wichtig, doch wir saßen auf einem Stein, und schlugen ein Bein über das andre Bein …","Gut, gut, es ist nicht wichtig, doch wir saßen auf einem Stein, und schlugen ein Bein über das andre Bein…","Gut, gut, es ist nicht wichtig, doch wir saßen auf einem Stein, und schlugen ein Bein über das andre Bein …","Gut, gut, es ist nicht wichtig, doch wir saßen auf einem Stein, und schlugen ein Bein über das andre Bein …","Gut, gut, es ist nicht wichtig, doch wir saßen auf einem Stein, und schlugen ein Bein über das andre Bein …","Gut, gut, es ist nicht wichtig, doch wir saßen auf einem Stein, und schlugen ein Bein über das andre Bein …","Gut, gut, es ist nicht wichtig, doch wir saßen auf einem Stein, und schlugen ein Bein über das andre Bein …","(Tốt, tốt, không quan trọng, nhưng chúng ta đã ngồi trên một tảng đá, và vắt chân này lên chân kia…)",,,,,
utik_soldier_u_nein_das_w_fq6Z,likely_foreign_phrase,14,11,Nein; wird; nicht; passieren,foreign-lexicon hit(s): nicht | multiple preserved tokens | foreign lexicon visible in English display: nicht,"Nein, das wird nicht passieren …","Nein, das wird nicht passieren … （这下完蛋了…)","Nein, das wird nicht passieren …","Nein, das wird nicht passieren…（再打下去可能不太妙……）","Nein, das wird nicht passieren...","Nein, das wird nicht passieren …","!P Nein, das wird nicht passieren...","Nein, das wird nicht passieren …","Nein, das wird nicht passieren …","Nein, das wird nicht passieren …","Nein, das wird nicht passieren …","Nein, das wird nicht passieren …","Nein, das wird nicht passieren …","Nein, das wird nicht passieren …","Nein, das wird nicht passieren …","Nein, das wird nicht passieren …","Nein, das wird nicht passieren …","Nein, das wird nicht passieren …","Nein, das wird nicht passieren …","Nein, das wird nicht passieren…","Nein, das wird nicht passieren …","Nein, das wird nicht passieren…","Nein, das wird nicht passieren …","Nein, das wird nicht passieren…","Nein, das wird nicht passieren …","Nein, das wird nicht passieren …","Nein, das wird nicht passieren …","Nein, das wird nicht passieren …","Nein, das wird nicht passieren …","Nein, das wird nicht passieren …","Nein, das wird nicht passieren …","Nein, das wird nicht passieren …",,,,,
zaka_zakaznik__ich_hatte__O5hP,likely_foreign_phrase,14,11,hätte; mein; Fleisch; gern; durchgebraten,foreign-lexicon hit(s): mein | multiple preserved tokens | foreign lexicon visible in English display: mein,Ich hätte mein Fleisch gern durchgebraten!,Ich hätte mein Fleisch gern durchgebraten!（我的肉要全熟！）,Ich hätte mein Fleisch gern durchgebraten!,Ich hätte mein Fleisch gern durchgebraten!（我的肉要全熟！）,Ich hätte mein Fleisch gern durch!,Ich hätte mein Fleisch gern durchgebraten!,Ich hätte mein Fleisch gern durch!,Ich hätte mein Fleisch gern durchgebraten!,Ich hätte mein Fleisch gern durchgebraten!,Ich hätte mein Fleisch gern durchgebraten!,Ich hätte mein Fleisch gern durchgebraten!,Ich hätte mein Fleisch gern durchgebraten!,Ich hätte mein Fleisch gern durchgebraten!,Ich hätte mein Fleisch gern durchgebraten!,Ich hätte mein Fleisch gern durchgebraten!,Ich hätte mein Fleisch gern durchgebraten!,Ich hätte mein Fleisch gern durchgebraten!,Ich hätte mein Fleisch gern durchgebraten!,Ich hätte mein Fleisch gern durchgebraten!,Ich hätte mein Fleisch gern durchgebraten!,Ich hätte mein Fleisch gern durchgebraten!,Ich hätte mein Fleisch gern durchgebraten!,Ich hätte mein Fleisch gern durchgebraten!,Ich hätte mein Fleisch gern durchgebraten!,Ich hätte mein Fleisch gern durchgebraten!,¡Ich hätte mein Fleisch gern durchgebraten!,Ich hätte mein Fleisch gern durchgebraten!,Ich hätte mein Fleisch gern durchgebraten!,Ich hätte mein Fleisch gern durchgebraten!,Ich hätte mein Fleisch gern durchgebraten!,Ich hätte mein Fleisch gern durchgebraten!,Ich hätte mein Fleisch gern durchgebraten!,,,,,
zaka_zakaznik__mein_gott__DBlx,likely_foreign_phrase,14,9,Mein; Gott; spät,"foreign-lexicon hit(s): Mein, Gott | multiple preserved tokens | foreign lexicon visible in English display: gott, mein","Mein Gott, es ist spät!","Mein Gott, es ist spät!","Mein Gott, es ist spät!","Mein Gott, es ist spät!（我的天啊，這麼晚了！）","Mein Gott, es ist spät!","Mein Gott, es ist spät!","Mein Gott, es ist spät!","Mein Gott, es ist spät!","Mein Gott, es ist spät!","Mein Gott, es ist spät !","Mein Gott, es ist spät!","Mein Gott, ist das spät!","Mein Gott, es ist spät!","Mein Gott, es ist spät!","Mein Gott, es ist spät!","Mein Gott, es ist spät!","Mein Gott, es ist spät!","Mein Gott, es ist spät!","Mein Gott, es ist spät!","Mein Gott, es ist spät!","Mein Gott, es ist spät!","Mein Gott, es ist spät!","Mein Gott, es ist spät!","Mein Gott, es ist spät!","Mein Gott, es ist spät!","¡Mein Gott, es ist spät!","Mein Gott, es ist spät!","Mein Gott, es ist spät!","Mein Gott, es ist spät!","Mein Gott, es ist spät!","Mein Gott, es ist spät!","Mein Gott, es ist spät!",,,,,
blac_cechmistr_to_se_teda_5bwa,likely_foreign_phrase,13,10,überhaupt; nicht; geklappt,foreign-lexicon hit(s): nicht | multiple preserved tokens | foreign lexicon visible in English display: nicht,Das hat überhaupt nicht geklappt!,Das hat überhaupt nicht geklappt!（全搞砸了！）,Das hat überhaupt nicht geklappt!,Das hat überhaupt nicht geklappt!,To se teda vůbec nepovedlo!,To se teda vůbec nepovedlo!,!P Das hat überhaupt nicht geklappt!,Das hat überhaupt nicht geklappt!,Das hat überhaupt nicht geklappt!,Das hat überhaupt nicht geklappt !,Das hat überhaupt nicht geklappt!,Das war ein völliger Reinfall!,Das hat überhaupt nicht geklappt!,Das hat überhaupt nicht geklappt!,Das hat überhaupt nicht geklappt!,Das hat überhaupt nicht geklappt!,Das hat überhaupt nicht geklappt!,Das hat überhaupt nicht geklappt!,Das hat überhaupt nicht geklappt!,Das hat überhaupt nicht geklappt!,Das hat überhaupt nicht geklappt!,Das hat überhaupt nicht geklappt!,Das hat überhaupt nicht geklappt!,Das hat überhaupt nicht geklappt!,Das hat überhaupt nicht geklappt!,¡Das hat überhaupt nicht geklappt!,Das hat überhaupt nicht geklappt!,Das hat überhaupt nicht geklappt!,Das hat überhaupt nicht geklappt!,Das hat überhaupt nicht geklappt!,Das hat überhaupt nicht geklappt!,Cái đó hỏng hoàn toàn!,,,,,
comb_hejtman_f_hm_ale_jo__hfqM,likely_foreign_phrase,13,10,Aber; warum; nicht,foreign-lexicon hit(s): nicht | multiple preserved tokens | foreign lexicon visible in English display: nicht,"Hmm … Aber ja, warum nicht?","唔……Aber ja, warum nicht（好吧，有何不可呢）？","Hmm … Aber ja, warum nicht?","Hmm... Aber ja, warum nicht?","Hm... Aber ja, warum nicht?","Hm... Aber ja, warum nicht?","!P Hmm... Aber ja, warum nicht?","Hmm … Aber ja, warum nicht?","Hmm … Aber ja, warum nicht?","Mmm… Aber ja, warum nicht ?","Hmm … Aber ja, warum nicht?","Hmm … Aber ja, warum nicht?","Hmm … Aber ja, warum nicht?","Uhm… Aber ja, warum nicht?","Hmm … Aber ja, warum nicht?","Ja, warum nicht?","Hmm … Aber ja, warum nicht?","Hmm... Aber ja, warum nicht?","Hmm … Aber ja, warum nicht?","Hmm... Aber ja, warum nicht?","Hmm … Aber ja, warum nicht?","Hmm… Aber ja, warum nicht?","Hmm … Aber ja, warum nicht?","Хмм… Aber ja, warum nicht?","Hmm … Aber ja, warum nicht?","Mmm… Aber ja, ¿warum nicht?","Hmm … Aber ja, warum nicht?","Hmm … Aber ja, warum nicht?","Hmm … Aber ja, warum nicht?","Hmm … Aber ja, warum nicht?","Hmm … Aber ja, warum nicht?","Được, tại sao không?",,,,,
comb_hejtman_s_hm_ale_jo__odQd,likely_foreign_phrase,13,10,Aber; warum; nicht,foreign-lexicon hit(s): nicht | multiple preserved tokens | foreign lexicon visible in English display: nicht,"Hmm … Aber ja, warum nicht?","唔……Aber ja, warum nicht（好吧，有何不可呢）？","Hmm … Aber ja, warum nicht?","Hmm... Aber ja, warum nicht?","Hm... Aber ja, warum nicht?","Hm... Aber ja, warum nicht?","!P Hmm... Aber ja, warum nicht?","Hmm … Aber ja, warum nicht?","Hmm … Aber ja, warum nicht?","Mmm… Aber ja, warum nicht?","Hmm … Aber ja, warum nicht?","Hmm … Aber ja, warum nicht?","Hmm … Aber ja, warum nicht?","Uhm… Aber ja, warum nicht?","Hmm … Aber ja, warum nicht?","Ja, warum nicht?","Hmm … Aber ja, warum nicht?","Hmm... Aber ja, warum nicht?","Hmm … Aber ja, warum nicht?","Hmm... Aber ja, warum nicht?","Hmm … Aber ja, warum nicht?","Hmm… Aber ja, warum nicht?","Hmm … Aber ja, warum nicht?","М-м-м… Aber ja, warum nicht?","Hmm … Aber ja, warum nicht?","Mmm… Aber ja, ¿warum nicht?","Hmm … Aber ja, warum nicht?","Hmm … Aber ja, warum nicht?","Hmm … Aber ja, warum nicht?","Hmm … Aber ja, warum nicht?","Hmm … Aber ja, warum nicht?","Được, tại sao không?",,,,,
dial_stalker_ja_laska_ona_dPF3,likely_foreign_phrase,13,10,szerelmes; hajadon; Nicht; mann; erős; szép; schön,foreign-lexicon hit(s): Nicht | multiple preserved tokens | foreign lexicon visible in English display: nicht,"Én, szerelmes. Ő hajadon. Nicht mann. Én erős. Ő szép. So schön...",Én，szerelmes。O hajadon。Nicht mann。Én eros。O szép。So schon……,"Én, szerelmes. Ő hajadon. Nicht mann. Én erős. Ő szép. So schön...","Én, szerelmes. O hajadon. Nicht mann. Én eros. O szép. So schon...","Já, láska. Ona svobodná. Nicht mann. Já silný. Ona krásná. So schön...","Én, szerelmes. Ő hajadon. Nicht mann. Én erős. Ő szép. So schön...","Én, szerelmes. Ő hajadon. Nicht mann. Én erős. Ő szép. So schön...","Én, szerelmes. Ő hajadon. Nicht mann. Én erős. Ő szép. So schön...","Én, szerelmes. Ő hajadon. Nicht mann. Én erős. Ő szép. So schön...","Én, szerelmes. Ő hajadon. Nicht mann. Én erős. Ő szép. So schön…","Én, szerelmes. Ő hajadon. Nicht mann. Én erős. Ő szép. So schön...","Én, szerelmes. Ő hajadon. Kein Mann. Én erős. Ő szép. So schön ...","Én, szerelmes. Ő hajadon. Nicht mann. Én erős. Ő szép. So schön...","Én, szerelmes. Ő hajadon. Nicht mann. Én erős. Ő szép. So schön…","Én, szerelmes. Ő hajadon. Nicht mann. Én erős. Ő szép. So schön...",（恋をしてる  向こうは独身  夫はいない  俺は<br/>強い  彼女は美人で  すごく優しい…）,"Én, szerelmes. Ő hajadon. Nicht mann. Én erős. Ő szép. So schön...","Én, szerelmes. Ő hajadon. Nicht mann. Én erős. Ő szép. So schön...","Én, szerelmes. Ő hajadon. Nicht mann. Én erős. Ő szép. So schön...","Én, szerelmes. Ő hajadon. Nicht mann. Én erős. Ő szép. So schön...","Én, szerelmes. Ő hajadon. Nicht mann. Én erős. Ő szép. So schön...","Én, szerelmes. Ő hajadon. Nicht mann. Én erős. Ő szép. So schön…","Én, szerelmes. Ő hajadon. Nicht mann. Én erős. Ő szép. So schön...","Én, szerelmes. Ő hajadon. Nicht mann. Én erős. Ő szép. So schön...","Én, szerelmes. Ő hajadon. Nicht mann. Én erős. Ő szép. So schön...","Én, szerelmes. Ő hajadon. Nicht mann. Én erős. Ő szép. So schön…","Én, szerelmes. Ő hajadon. Nicht mann. Én erős. Ő szép. So schön...","Én, szerelmes. Ő hajadon. Kein Mann. Én erős. Ő szép. So schön …","Én, szerelmes. Ő hajadon. Nicht mann. Én erős. Ő szép. So schön...","Én, szerelmes. Ő hajadon. Nicht mann. Én erős. Ő szép. So schön...","Én, szerelmes. Ő hajadon. Nicht mann. Én erős. Ő szép. So schön...","Én, szerelmes. Ő hajadon. Nicht mann. Én erős. Ő szép. So schön...",,,,,
dial_stalker_to_jsem_neve_hlLi,likely_foreign_phrase,13,10,tudtam; Nicht; wissen; Bocsánat; Békén; hagyom,foreign-lexicon hit(s): Nicht | multiple preserved tokens | foreign lexicon visible in English display: nicht,Ezt nem tudtam... Nicht wissen! Bocsánat. I sorry. Békén hagyom.,Ezt nem tudtam（我不知道）……Nicht wissen（不知道）！ Bocsánat（很抱歉）。我很抱歉。Békén hagyom（我会离开的）。,Ezt nem tudtam... Nicht wissen! Bocsánat. I sorry. Békén hagyom.,Ezt nem tudtam（我不知道）……Nicht wissen（我不知道）！Bocsánat（抱歉）……我對不起。Békén hagyom（我會遠離她）。,To jsem nevěděl... Nicht wissen! Promiň. Omluvila ja. Nechám ji bejt...,Ezt nem tudtam... nicht wissen! Bocsánat. Promiň. Békén hagyom.,Ezt nem tudtam... Nicht wissen! Bocsánat. I sorry. Békén hagyom.,Ezt nem tudtam... Nicht wissen! Bocsánat. I sorry. Békén hagyom.,Ezt nem tudtam... Nicht wissen! Bocsánat. I sorry. Békén hagyom.,Ezt nem tudtam… Nicht wissen ! Bocsánat. Je pardon. Békén hagyom.,Ezt nem tudtam... Nicht wissen! Bocsánat. I sorry. Békén hagyom.,Ezt nem tudtam ... Nicht wissen! Bocsánat. Verzeihung. Békén hagyom.,Ezt nem tudtam... Nicht wissen! Bocsánat. I sorry. Békén hagyom.,Ezt nem tudtam… Nicht wissen! Bocsánat. Io dispiace. Békén hagyom.,Ezt nem tudtam... Nicht wissen! Bocsánat. I sorry. Békén hagyom.,（それは知らなかった…  知らなかったんだ！<br/>すまん  悪かった  もう手を出さない）,Ezt nem tudtam... Nicht wissen! Bocsánat. I sorry. Békén hagyom.,Ezt nem tudtam... Nicht wissen! Bocsánat. 미안. Békén hagyom.,Ezt nem tudtam... Nicht wissen! Bocsánat. I sorry. Békén hagyom.,Ezt nem tudtam... Nicht wissen! Bocsánat. Przepraszać. Békén hagyom.,Ezt nem tudtam... Nicht wissen! Bocsánat. I sorry. Békén hagyom.,Ezt nem tudtam… Nicht wissen! Bocsánat. Desculpa. Békén hagyom.,Ezt nem tudtam... Nicht wissen! Bocsánat. I sorry. Békén hagyom.,Ezt nem tudtam... Nicht wissen! Bocsánat. Прости. Békén hagyom.,Ezt nem tudtam... Nicht wissen! Bocsánat. I sorry. Békén hagyom.,Ezt nem tudtam… ¡Nicht wissen! Bocsánat. Sentir. Békén hagyom.,Ezt nem tudtam... Nicht wissen! Bocsánat. I sorry. Békén hagyom.,Ezt nem tudtam... Nicht wissen! Bocsánat. Üzgün ben. Békén hagyom.,Ezt nem tudtam... Nicht wissen! Bocsánat. I sorry. Békén hagyom.,Ezt nem tudtam... Nicht wissen! Bocsánat. Вибач. Békén hagyom.,Ezt nem tudtam... Nicht wissen! Bocsánat. I sorry. Békén hagyom.,Ezt nem tudtam... Nicht wissen! Bocsánat. I sorry. Békén hagyom.,,,,,
dlc2_pozdrav_c_schon_dich_uPBk,likely_foreign_phrase,13,10,Schön; dich; sehen; Gildenbruder,foreign-lexicon hit(s): dich | multiple preserved tokens | foreign lexicon visible in English display: dich,"Schön, dich zu sehen, Gildenbruder!",很高兴见到你，公会兄弟！,"Schön, dich zu sehen, Gildenbruder!","Schön, dich zu sehen, Gildenbruder!","Schön, dich zu sehen, Gildenbruder!","Schön, dich zu sehen, Gildenbruder!","Schön, dich zu sehen, Gildenbruder!","Schön, dich zu sehen, Gildenbruder!","Schön, dich zu sehen, Gildenbruder!","Schön, dich zu sehen, Gildenbruder !","Schön, dich zu sehen, Gildenbruder!","Schön, dich zu sehen, Gildenbruder!","Schön, dich zu sehen, Gildenbruder!","Schön, dich zu sehen, Gildenbruder!","Schön, dich zu sehen, Gildenbruder!","Schön, dich zu sehen, Gildenbruder!","Schön, dich zu sehen, Gildenbruder!","Schön, dich zu sehen, Gildenbruder!","Schön, dich zu sehen, Gildenbruder!","Schön, dich zu sehen, Gildenbruder!","Schön, dich zu sehen, Gildenbruder!","Schön, dich zu sehen, Gildenbruder!","Schön, dich zu sehen, Gildenbruder!","Schön, dich zu sehen, Gildenbruder!","Schön, dich zu sehen, Gildenbruder!","¡Schön, dich zu sehen, Gildenbruder!","Schön, dich zu sehen, Gildenbruder!","Schön, dich zu sehen, Gildenbruder!","Schön, dich zu sehen, Gildenbruder!","Schön, dich zu sehen, Gildenbruder!","Schön, dich zu sehen, Gildenbruder!","Schön, dich zu sehen, Gildenbruder!",,,,,
endi_rozloucen_gott_mit_d_pQiV,likely_foreign_phrase,13,10,Möge; Gott; sein,foreign-lexicon hit(s): Gott | multiple preserved tokens | foreign lexicon visible in English display: gott,Möge Gott mit dir sein.,Möge Gott mit dir sein.,Möge Gott mit dir sein.,Möge Gott mit dir sein.,Gott mit dir.,Möge Gott mit dir sein.,!P Gott mit dir.,Möge Gott mit dir sein.,Möge Gott mit dir sein.,Möge Gott mit dir sein.,Möge Gott mit dir sein.,*Möge Gott mit dir sein.*,Möge Gott mit dir sein.,Möge Gott mit dir sein.,Möge Gott mit dir sein.,Möge Gott mit dir sein.,Möge Gott mit dir sein.,Möge Gott mit dir sein.,Möge Gott mit dir sein.,Möge Gott mit dir sein.,Möge Gott mit dir sein.,Möge Gott mit dir sein.,Möge Gott mit dir sein.,Möge Gott mit dir sein.,Möge Gott mit dir sein.,Möge Gott mit dir sein.,Möge Gott mit dir sein.,Möge Gott mit dir sein.,Möge Gott mit dir sein.,Möge Gott mit dir sein.,Möge Gott mit dir sein.,Möge Gott mit dir sein.,,,,,
goss_gossip_ob_ich_weiss__VKfz,likely_foreign_phrase,13,10,weiß; nicht; Rathaus,foreign-lexicon hit(s): nicht | multiple preserved tokens | foreign lexicon visible in English display: nicht,Ich weiß nicht. He went crawling to the Rathaus today to beg for a pardon. We'll see.,Ich weiß nicht（我不知道）。他今天连滚带爬地跑去市政厅求他们原谅了。我们就等着看接下来的发展吧。,Ich weiß nicht. He went crawling to the Rathaus today to beg for a pardon. We'll see.,Ich weiß nicht（我不知道），他今天連滾帶爬地跑去市政廳求他們原諒了，我們就等著看接下來的發展吧。,"Ich weiss nicht. Dneska šel na rathaus se plazit, aby mu dali pardon. Tak uvidíme.","Ich weiß nicht. Dneska se šel plazit na rathaus, aby mu dali pardon. Tak uvidíme.",Ich weiss nicht. Today he went crawling to the Rathaus to beg for a pardon. We'll see.,Ich weiß nicht. He went crawling to the Rathaus today to beg for a pardon. We'll see.,Ich weiß nicht. He went crawling to the Rathaus today to beg for a pardon. We'll see.,Ich weiß nicht. Il est allé à l'hôtel de ville implorer leur pardon la queue entre les jambes. Nous verrons bien.,Ich weiß nicht. He went crawling to the Rathaus today to beg for a pardon. We'll see.,"Ich weiß nicht. Er ist zum Rathaus gekrochen, um einen Straferlass zu erbitten. Wir werden sehen.",Ich weiß nicht. He went crawling to the Rathaus today to beg for a pardon. We'll see.,Ich weiß nicht. Oggi è andato strisciando al Rathaus per chiedere perdono. Vedremo.,Ich weiß nicht. He went crawling to the Rathaus today to beg for a pardon. We'll see.,わからない  お目こぼしを請うために今日旦那が<br/>役場へ向かったわ  どうなるかしらね,Ich weiß nicht. He went crawling to the Rathaus today to beg for a pardon. We'll see.,"Ich weiß nicht. 오늘 시청에 봐달라고 굽실거리러 갔으니까, 어떻게 되나 한번 보자고.",Ich weiß nicht. He went crawling to the Rathaus today to beg for a pardon. We'll see.,"Ich weiß nicht. Poszedł dzisiaj do ratusza błagać o wybaczenie. Pożyjemy, zobaczymy.",Ich weiß nicht. He went crawling to the Rathaus today to beg for a pardon. We'll see.,Ich weiß nicht. Hoje foi rastejando pra câmara municipal implorar perdão. Veremos.,Ich weiß nicht. He went crawling to the Rathaus today to beg for a pardon. We'll see.,"Ich weiß nicht. Он ходить в Rathaus и умоляйт об отсрочка. Мы смотреть, что будет.",Ich weiß nicht. He went crawling to the Rathaus today to beg for a pardon. We'll see.,Ich weiß nicht. Hoy fue a pedir perdón a la casa consistorial. Veremos cómo acaba todo.,Ich weiß nicht. He went crawling to the Rathaus today to beg for a pardon. We'll see.,Ich weiß nicht. Bugün af dilenmek için sürüne sürüne Belediye Binası'na gitti. Göreceğiz.,Ich weiß nicht. He went crawling to the Rathaus today to beg for a pardon. We'll see.,"Ich weiß nicht. Пішов сьогодні плазувати до ратуші, може, вимолить відстрочку. Побачимо.",Ich weiß nicht. He went crawling to the Rathaus today to beg for a pardon. We'll see.,Ich weiß nicht. Hắn vừa bò đến Rathaus sáng nay để xin tha tội. Cứ chờ xem sao.,,,,,
goss_gossip_sp_neuklidil__cDL5,likely_foreign_phrase,13,10,Nein; hast; nicht,foreign-lexicon hit(s): nicht | multiple preserved tokens | foreign lexicon visible in English display: nicht,"Nein, hast du nicht! The place was a pig sty, bones on the floor, apple core under the table…",不，肯定没有。那地方就像个猪圈，地上有骨头，桌子下有苹果核…,"Nein, hast du nicht! The place was a pig sty, bones on the floor, apple core under the table…","Nein, sicher nicht.（並沒有。）這裡髒得跟豬窩沒兩樣，到處都是吃剩的骨頭和果核……","Nein, sicher nicht. Byl tady hotovej chlívek, kosti na zemi, vohryzek pod stolem...","Nein, hast du nicht! Byl tady hotovej chlívek, kosti na zemi, vohryzek pod stolem...","!P Nein, sicher nicht. The place was a pig sty, bones on the floor, apple core under the table…","Nein, hast du nicht! The place was a pig sty, bones on the floor, apple core under the table…","Nein, hast du nicht! The place was a pig sty, bones on the floor, apple core under the table…","Menteur ! L'endroit était pire qu'une porcherie, avec des os par terre, des trognons de pommes sous la table…","Nein, hast du nicht! The place was a pig sty, bones on the floor, apple core under the table…","Nein, hast du nicht! Hier sah’s aus wie im Schweinestall: Knochen auf dem Boden, Apfelreste unterm Tisch ...","Nein, hast du nicht! The place was a pig sty, bones on the floor, apple core under the table…","Nein, hast du nicht! Hai lasciato un porcile. Ossicini per terra, torsoli di mela sotto il tavolo…","Nein, hast du nicht! The place was a pig sty, bones on the floor, apple core under the table…",いいえ してないわよ まるで豚小屋だったわ 床に骨は落ちてるし テーブルの下にリンゴの芯は転がってるし…,"Nein, hast du nicht! The place was a pig sty, bones on the floor, apple core under the table…","Nein, hast du nicht. 무슨 돼지우리도 아니고 바닥에 뼈다귀가 굴러다니질 않나 탁자 밑엔 사과씨까지...","Nein, hast du nicht! The place was a pig sty, bones on the floor, apple core under the table…","Nein, hast du nicht! Był tu istny chlew. Kości na ziemi, ogryzek pod stołem...","Nein, hast du nicht! The place was a pig sty, bones on the floor, apple core under the table…","Nein, hast du nicht! O lugar estava um chiqueiro, ossos pelo chão, maçã comida embaixo da mesa…","Nein, hast du nicht! The place was a pig sty, bones on the floor, apple core under the table…","Nein, hast du nicht! Тут есть свинарник – кости на полу, яблочные огрызки под столом…","Nein, hast du nicht! The place was a pig sty, bones on the floor, apple core under the table…","¡Nein, hast du nicht! Era una pocilga, os lo aseguro: huesos por el suelo, mondas bajo la mesa…","Nein, hast du nicht! The place was a pig sty, bones on the floor, apple core under the table…","Nein, hast du nicht! Ortalık domuz ahırına dönmüştü, yerde kemikler, masanın altında elma çöpü vardı…","Nein, hast du nicht! The place was a pig sty, bones on the floor, apple core under the table…","Nein, hast du nicht! The place was a pig sty, bones on the floor, apple core under the table…","Nein, hast du nicht! The place was a pig sty, bones on the floor, apple core under the table…","Không hề! Cái chỗ đó nhìn như cái chuồng heo! Xương rải đầy sàn, lõi táo lăn lóc dưới gầm bàn!",,,,,
goss_situace_z_ich_wurde__3WDa,likely_foreign_phrase,13,10,würde; nicht; wagen,foreign-lexicon hit(s): nicht | multiple preserved tokens | foreign lexicon visible in English display: nicht,Das würde ich nicht wagen!,Das würde ich nicht wagen!（不敢了！）,Das würde ich nicht wagen!,Das würde ich nicht wagen!（不敢了！）,Ich würde es nicht wagen!,Das würde ich nicht wagen!,Ich würde es nicht wagen!,Das würde ich nicht wagen!,Das würde ich nicht wagen!,Das würde ich nicht wagen!,Das würde ich nicht wagen!,Das würde ich nicht wagen!,Das würde ich nicht wagen!,Das würde ich nicht wagen!,Das würde ich nicht wagen!,Das würde ich nicht wagen!,Das würde ich nicht wagen!,Das würde ich nicht wagen!,Das würde ich nicht wagen!,Das würde ich nicht wagen!,Das würde ich nicht wagen!,Das würde ich nicht wagen!,Das würde ich nicht wagen!,Das würde ich nicht wagen!,Das würde ich nicht wagen!,¡Das würde ich nicht wagen!,Das würde ich nicht wagen!,Das würde ich nicht wagen!,Das würde ich nicht wagen!,Das würde ich nicht wagen!,Das würde ich nicht wagen!,Das würde ich nicht wagen!,,,,,
gree_pozdrav_m_gru_dich_w_KvFt,likely_foreign_phrase,13,10,Grüß; dich; kann; helfen,foreign-lexicon hit(s): dich | multiple preserved tokens | foreign lexicon visible in English display: dich,,Grüß dich! Wie kann ich dir helfen?,,Grüß dich! Wie kann ich dir helfen?,Grüß dich! Wie kann ich dir helfen?,Grüß dich! Wie kann ich dir helfen?,Grüß dich! Wie kann ich dir helfen?,Grüß dich! Wie kann ich dir helfen?,,Grüß dich! Wie kann ich dir helfen?,,/[Grüß dich! Wie kann ich dir helfen?]\,,Grüß dich! Wie kann ich dir helfen?,,Grüß dich! Wie kann ich dir helfen?,,Grüß dich! Wie kann ich dir helfen?,,Grüß dich! Wie kann ich dir helfen?,,Grüß dich! Wie kann ich dir helfen?,,Grüß dich! Wie kann ich dir helfen?,,Grüß dich! Wie kann ich dir helfen?,,Grüß dich! Wie kann ich dir helfen?,,Grüß dich! Wie kann ich dir helfen?,,Grüß dich! Wie kann ich dir helfen?,,,,,
gree_pozdrav_m_gru_dich_w_jk1D,likely_foreign_phrase,13,10,Grüß; dich; wünschst,foreign-lexicon hit(s): dich | multiple preserved tokens | foreign lexicon visible in English display: dich,Grüß dich! Was wünschst du?,Grüß dich! Was wünschst du?,Grüß dich! Was wünschst du?,Grüß dich! Was wünschst du?,Grüss dich! Was wünschst du?,Grüß dich! Was wünschst du?,Grüss dich! Was wünschst du?,Grüß dich! Was wünschst du?,Grüß dich! Was wünschst du?,Grüß dich ! Was wünschst du ?,Grüß dich! Was wünschst du?,*Grüß dich! Was wünschst du?*,Grüß dich! Was wünschst du?,Grüß dich! Was wünschst du?,Grüß dich! Was wünschst du?,（どうも！  何をお望みかな？）,Grüß dich! Was wünschst du?,Grüß dich! Was wünschst du?,Grüß dich! Was wünschst du?,Grüß dich! Was wünschst du?,Grüß dich! Was wünschst du?,Grüß dich! Was wünschst du?,Grüß dich! Was wünschst du?,Grüß dich! Was wünschst du?,Grüß dich! Was wünschst du?,¡Grüß dich! ¿Was wünschst du?,Grüß dich! Was wünschst du?,Grüß dich! Was wünschst du?,Grüß dich! Was wünschst du?,Grüß dich! Was wünschst du?,Grüß dich! Was wünschst du?,Grüß dich! Was wünschst du?,,,,,
gree_pozdrav_m_gru_gott_w_cqFd,likely_foreign_phrase,13,10,Grüß; Gott; brauchst,foreign-lexicon hit(s): Gott | multiple preserved tokens | foreign lexicon visible in English display: gott,Grüß Gott! Was brauchst du?,Grüß Gott! Was brauchst du?,Grüß Gott! Was brauchst du?,Grüß Gott! Was brauchst du?,Grüß Gott! Was du brauchst?,Grüß Gott! Was brauchst du?,Grüß Gott! Was du brauchst?,Grüß Gott! Was brauchst du?,Grüß Gott! Was brauchst du?,Grüß Gott ! Was brauchst du ?,Grüß Gott! Was brauchst du?,*Grüß Gott! Was brauchst du?*,Grüß Gott! Was brauchst du?,Grüß Gott! Was brauchst du?,Grüß Gott! Was brauchst du?,Grüß Gott! Was brauchst du?,Grüß Gott! Was brauchst du?,Grüß Gott! Was brauchst du?,Grüß Gott! Was brauchst du?,Grüß Gott! Was brauchst du?,Grüß Gott! Was brauchst du?,Grüß Gott! Was brauchst du?,Grüß Gott! Was brauchst du?,Grüß Gott! Was brauchst du?,Grüß Gott! Was brauchst du?,¡Grüß Gott! ¿Was brauchst du?,Grüß Gott! Was brauchst du?,Grüß Gott! Was brauchst du?,Grüß Gott! Was brauchst du?,Grüß Gott! Was brauchst du?,Grüß Gott! Was brauchst du?,Grüß Gott! Was brauchst du?,,,,,
gree_pozdrav_m_servus_und_YMs9,likely_foreign_phrase,13,10,Servus; fühle; dich; auch,foreign-lexicon hit(s): dich | multiple preserved tokens | foreign lexicon visible in English display: dich,,Servus... und ich fühle dich auch!,,Servus... und ich fühle dich auch!,Servus... und ich fühle dich auch!,Servus... und ich fühle dich auch!,Servus... und ich fühle dich auch!,Servus... und ich fühle dich auch!,,Servus... und ich fühle dich auch!,,/[Servus... und ich fühle dich auch!]\,,Servus... und ich fühle dich auch!,,Servus... und ich fühle dich auch!,,Servus... und ich fühle dich auch!,,Servus... und ich fühle dich auch!,,Servus... und ich fühle dich auch!,,Servus... und ich fühle dich auch!,,Servus... und ich fühle dich auch!,,Servus... und ich fühle dich auch!,,Servus... und ich fühle dich auch!,,Servus... und ich fühle dich auch!,,,,,
gree_pozdrav_m_willkommen_KJnB,likely_foreign_phrase,13,10,Grüß; Gott; willst,foreign-lexicon hit(s): Gott | multiple preserved tokens | foreign lexicon visible in English display: gott,Grüß Gott! Was willst du?,Grüß Gott! Was willst du?,Grüß Gott! Was willst du?,Grüß Gott! Was willst du?,Grüss Gott! Was willst du?,Grüß Gott! Was willst du?,Grüss Gott! Was willst du?,Grüß Gott! Was willst du?,Grüß Gott! Was willst du?,Grüß Gott ! Was willst du ?,Grüß Gott! Was willst du?,Grüß Gott! Was willst du?,Grüß Gott! Was willst du?,Grüß Gott! Was willst du?,Grüß Gott! Was willst du?,Grüß Gott! Was willst du?,Grüß Gott! Was willst du?,Grüß Gott! Was willst du?,Grüß Gott! Was willst du?,Grüß Gott! Was willst du?,Grüß Gott! Was willst du?,Grüß Gott! Was willst du?,Grüß Gott! Was willst du?,Grüß Gott! Was willst du?,Grüß Gott! Was willst du?,¡Grüß Gott! ¿Was willst du?,Grüß Gott! Was willst du?,Grüß Gott! Was willst du?,Grüß Gott! Was willst du?,Grüß Gott! Was willst du?,Grüß Gott! Was willst du?,Grüß Gott! Was willst du?,,,,,
gree_pozdrav_n_gruss_gott_2pj0,likely_foreign_phrase,13,10,Gott; Gruße; willst,foreign-lexicon hit(s): Gott | multiple preserved tokens | foreign lexicon visible in English display: gott,Gott zum Gruße! Was willst du von mir?,Grüss Gott! Was willst du von mir?,Gott zum Gruße! Was willst du von mir?,Gott zum Gruße! Was willst du von mir?,Grüss Gott! Was willst du von mir?,Gott zum Gruße! Was willst du von mir?,!P Grüss Gott! Was willst du von mir?,Gott zum Gruße! Was willst du von mir?,Gott zum Gruße! Was willst du von mir?,Gott zum Gruße! Was willst du von mir?,Gott zum Gruße! Was willst du von mir?,Gott zum Gruße! Was willst du von mir?,Gott zum Gruße! Was willst du von mir?,Gott zum Gruße! Was willst du von mir?,Gott zum Gruße! Was willst du von mir?,Gott zum Gruße! Was willst du von mir?,Gott zum Gruße! Was willst du von mir?,Gott zum Gruße! Was willst du von mir?,Gott zum Gruße! Was willst du von mir?,Grüss Gott! Was willst du von mir?,Gott zum Gruße! Was willst du von mir?,Gott zum Gruße! Was willst du von mir?,Gott zum Gruße! Was willst du von mir?,Grüss Gott! Was willst du von mir?,Gott zum Gruße! Was willst du von mir?,¡Gott zum Gruße! ¿Was willst du von mir?,Gott zum Gruße! Was willst du von mir?,Gott zum Gruße! Was willst du von mir?,Gott zum Gruße! Was willst du von mir?,Gott zum Gruße! Was willst du von mir?,Gott zum Gruße! Was willst du von mir?,Chào cậu! Cậu muốn gì từ tôi?,,,,,
gree_pozdrav_n_gruss_gott_STTM,mixed_or_ambiguous,13,10,Grüß; Gott; Heinrich,foreign-lexicon hit(s): Gott | multiple preserved tokens | foreign lexicon visible in English display: gott,"Grüß Gott, Heinrich!","Grüss Gott, Heinrich!","Grüß Gott, Heinrich!","Grüß Gott, Heinrich!","Grüss Gott, Heinrich!","Grüß Gott, Heinrich!","!P Grüss Gott, Heinrich!","Grüß Gott, Heinrich!","Grüß Gott, Heinrich!","Grüß Gott, Heinrich!","Grüß Gott, Heinrich!","Grüß Gott, Heinrich!","Grüß Gott, Heinrich!","Grüß Gott, Heinrich!","Grüß Gott, Heinrich!","Grüß Gott, Heinrich!","Grüß Gott, Heinrich!","Grüß Gott, Heinrich!","Grüß Gott, Heinrich!","Grüss Gott, Heinrich!","Grüß Gott, Heinrich!","Grüß Gott, Heinrich!","Grüß Gott, Heinrich!","Grüss Gott, Heinrich!","Grüß Gott, Heinrich!","¡Grüß Gott, Heinrich!","Grüß Gott, Heinrich!","Grüß Gott, Heinrich!","Grüß Gott, Heinrich!","Grüß Gott, Heinrich!","Grüß Gott, Heinrich!","Grüss Gott, Heinrich!",,,,,
gree_pozdrav_n_gruss_gott_uNzk,mixed_or_ambiguous,13,10,Grüß; Gott; Heinrich,foreign-lexicon hit(s): Gott | multiple preserved tokens | foreign lexicon visible in English display: gott,"Grüß Gott, Heinrich!","Grüss Gott, Heinrich!","Grüß Gott, Heinrich!","Grüß Gott, Heinrich!","Grüss Gott, Heinrich!","Grüß Gott, Heinrich!","!P Grüss Gott, Heinrich!","Grüß Gott, Heinrich!","Grüß Gott, Heinrich!","Grüß Gott, Heinrich!","Grüß Gott, Heinrich!","Grüß Gott, Heinrich!","Grüß Gott, Heinrich!","Grüß Gott, Heinrich!","Grüß Gott, Heinrich!","Grüß Gott, Heinrich!","Grüß Gott, Heinrich!","Grüss Gott, Heinrich!","Grüß Gott, Heinrich!","Grüss Gott, Heinrich!","Grüß Gott, Heinrich!","Grüß Gott, Heinrich!","Grüß Gott, Heinrich!","Grüss Gott, Heinrich!","Grüß Gott, Heinrich!","¡Grüß Gott, Heinrich!","Grüß Gott, Heinrich!","Grüß Gott, Heinrich!","Grüß Gott, Heinrich!","Grüß Gott, Heinrich!","Grüß Gott, Heinrich!","Grüss Gott, Heinrich!",,,,,
gree_pozdrav_z_schon_hein_taJT,mixed_or_ambiguous,13,10,Schön; Heinrich; schön; hast; getrunken; nicht; wahr,foreign-lexicon hit(s): nicht | multiple preserved tokens | foreign lexicon visible in English display: nicht,,"!P Schön Heinrich, schön! Du hast getrunken, nicht wahr?",,"!P Schön Heinrich, schön! Du hast getrunken, nicht wahr?","Schön Heinrich, schön! Du hast getrunken, nicht wahr?","Schön Heinrich, schön! Du hast getrunken, nicht wahr?","!P Schön Heinrich, schön! Du hast getrunken, nicht wahr?","!P Schön Heinrich, schön! Du hast getrunken, nicht wahr?",,"!P Schön Heinrich, schön! Du hast getrunken, nicht wahr?",,"!P Schön Heinrich, schön! Du hast getrunken, nicht wahr?",,"!P Schön Heinrich, schön! Du hast getrunken, nicht wahr?",,"!P Schön Heinrich, schön! Du hast getrunken, nicht wahr?",,"!P Schön Heinrich, schön! Du hast getrunken, nicht wahr?",,"!P Schön Heinrich, schön! Du hast getrunken, nicht wahr?",,"!P Schön Heinrich, schön! Du hast getrunken, nicht wahr?",,"!P Schön Heinrich, schön! Du hast getrunken, nicht wahr?",,"!P Schön Heinrich, schön! Du hast getrunken, nicht wahr?",,"!P Schön Heinrich, schön! Du hast getrunken, nicht wahr?",,"!P Schön Heinrich, schön! Du hast getrunken, nicht wahr?",,"!P Schön Heinrich, schön! Du hast getrunken, nicht wahr?",,,,,
gree_pozdrav_z_servus_und_guyD,likely_foreign_phrase,13,10,Servus; fühle; dich; auch,foreign-lexicon hit(s): dich | multiple preserved tokens | foreign lexicon visible in English display: dich,,!P Servus... und ich fühle dich auch!,,!P Servus... und ich fühle dich auch!,Servus... und ich fühle dich auch!,Servus... und ich fühle dich auch!,!P Servus... und ich fühle dich auch!,!P Servus... und ich fühle dich auch!,,!P Servus... und ich fühle dich auch!,,!P Servus... und ich fühle dich auch!,,!P Servus... und ich fühle dich auch!,,!P Servus... und ich fühle dich auch!,,!P Servus... und ich fühle dich auch!,,!P Servus... und ich fühle dich auch!,,!P Servus... und ich fühle dich auch!,,!P Servus... und ich fühle dich auch!,,!P Servus... und ich fühle dich auch!,,!P Servus... und ich fühle dich auch!,,!P Servus... und ich fühle dich auch!,,!P Servus... und ich fühle dich auch!,,,,,
