representative_key,family_size,source_score,signal_languages,strong_preserved_tokens,very_strong_content_ratio,strong_content_ratio,English_display,English_reference,translation_status,source_language,verified_meaning,notes
gree_obchodnik_solem_0KZs,25,24,,sholem,1.000,1.000,Sholem!,Sholem!,NEEDS_TRANSLATION,,,
endi_rozloucen_auf_wieder_T6YC,18,46,german,auf; wiedersehen,1.000,1.000,Auf Wiedersehen!,!P Auf Wiedersehen!,NEEDS_TRANSLATION,,,
bark_henry_tak_kudy_CI5K,15,23,,sakra,1.000,1.000,Sakra!,Sakra!,NEEDS_TRANSLATION,,,
pozd_npc_zdrav_gru_gott_9KrT,14,41,german,grüss; gott,1.000,1.000,Grüß Gott!,Grüß Gott!,NEEDS_TRANSLATION,,,
gree_obchodnik_was_ist_lo_AJJT,13,41,german,ist; los,1.000,1.000,Was ist los?,Was ist los?,NEEDS_TRANSLATION,,,
gree_pozdrav_n_co_chces_MZtE,13,26,,need,1.000,1.000,What do you need?,What do you need?,NEEDS_TRANSLATION,,,
hosp_hospodska_uf_borech__Rrni,12,45,yiddish_hebrew,borekh; ha-shem,1.000,1.000,Borekh ha-shem!,"!P Uf, Borech ha-shem!",NEEDS_TRANSLATION,,,
rozl_rozloucen_tschuss_CM0e,12,32,,tschüss,1.000,1.000,Tschüss!,!P Tschuss!,NEEDS_TRANSLATION,,,
gree_pozdrav_n_guten_tag_P7yn,11,44,,guten; tag,1.000,1.000,Guten Tag!,!P Guten Tag!,NEEDS_TRANSLATION,,,
hosp_hospodsky_chomec_ben_VFuF,11,42,,khometz; ben-yayen,1.000,1.000,Khometz ben-yayen!,!P Chometz ben yayen!,NEEDS_TRANSLATION,,,
bezn_npc_reagu_vos_machst_W5F6,10,44,,vos; makhst,1.000,1.000,Vos makhst du?,Vos machst du?,NEEDS_TRANSLATION,,,
endi_rozloucen_zaj_gezunt_5XCA,10,43,,zay; gezunt,1.000,1.000,Zay gezunt!,!P Greetings!,NEEDS_TRANSLATION,,,
goss_gossip_na_och_BiC6,10,41,german,mein; gott,1.000,1.000,Mein Gott!,Mein gott!,NEEDS_TRANSLATION,,,
endi_rozloucen_salom_alej_41QQ,10,40,,sholem; aleykhem,1.000,1.000,Sholem aleykhem!,!P Shalom alejchem!,NEEDS_TRANSLATION,,,
gree_pozdrav_m_co_ches_Op8L,10,26,,want,1.000,1.000,What do you want?,What do you want?,NEEDS_TRANSLATION,,,
endi_rozloucen_bachtalo_t_5LpY,9,56,,bakhtalo; tiro; drom,1.000,1.000,Bakhtalo tiro drom!,!T Bakhtalo tiro drom!,NEEDS_TRANSLATION,,,
gree_pozdrav_n_servus_mann_9uX4,9,45,german,grüss; dich,1.000,1.000,Grüß dich!,!P Gruss dich!,NEEDS_TRANSLATION,,,
pozd_pozdrav_n_gott_segne_4flq,8,53,german,gott; segne; dich,1.000,1.000,Gott segne dich!,Gott segne dich!,NEEDS_TRANSLATION,,,
endi_rozloucen_bis_bald_di7o,8,44,,bis; bald,1.000,1.000,Bis bald!,!P Bis bald!,NEEDS_TRANSLATION,,,
gree_pozdrav_m_pal_soste__ZGx2,7,56,,pal; soste; djal,1.000,1.000,Pal soste djal?,!T Pal soste djal?,NEEDS_TRANSLATION,,,
gree_pozdrav_m_devla_miro_HNhD,7,44,,devla; miro,1.000,1.000,Devla miro!,!T Devla miro!,NEEDS_TRANSLATION,,,
pozd_sousedsky_zaj_gezunt_N3nm,7,43,,zay; gezunt,1.000,1.000,Zay gezunt.,Mazel tov.,NEEDS_TRANSLATION,,,
gree_pozdrav_m_guten_aben_Qxwg,7,39,,guten; abend,1.000,1.000,Guten Abend!,Guten Abend!,NEEDS_TRANSLATION,,,
gree_obchodnik_salom_KAfl,7,30,,sholem,1.000,1.000,Sholem…,Shalom…,NEEDS_TRANSLATION,,,
assa_pratelske_scheisse_I25T,7,27,,scheisse,1.000,1.000,Scheiße!,Scheisse!,NEEDS_TRANSLATION,,,
chat_event_kap_hmmm_sIMW,7,21,,sakra,1.000,1.000,Sakra...,Sakra...,NEEDS_TRANSLATION,,,
gree_pozdrav_m_del_tume_o_3t8H,6,69,,del; tuke; lachi; rat,1.000,1.000,Mi del o Del tuke lachi rat.,!T Mi del o Del tuke lachi rat.,NEEDS_TRANSLATION,,,
gree_pozdrav_m_kames_vare_GMEq,6,44,,kames; vareso,1.000,1.000,Kames vareso?,!T Kames vareso?,NEEDS_TRANSLATION,,,
muz__hospodsky_sehr_gut_ZNBj,6,44,,sehr; gut,1.000,1.000,Sehr gut.,!P Sehr gut.,NEEDS_TRANSLATION,,,
gree_pozdrav_n_mein_gott__USlZ,6,44,,soll; das,1.000,1.000,Was soll das?,!P Was heisst das?,NEEDS_TRANSLATION,,,
gree_pozdrav_m_ma_nisma_xFHi,6,42,,sholem; fraynd,1.000,1.000,"Sholem, fraynd!","!P Šolem, Frajnd!",NEEDS_TRANSLATION,,,
endi_rozloucen_taves_bach_m1tL,6,41,,aves; bakhtalo,1.000,1.000,Te aves bakhtalo!,!T Te aves bakhtalo!,NEEDS_TRANSLATION,,,
muz__muz_prona_warum__SoWG,6,32,,warum,1.000,1.000,Warum?,!P Warum?,NEEDS_TRANSLATION,,,
npc__npc_vidi__halt_prest_JFuH,6,32,,machst,1.000,1.000,Was machst du?,!P Was machst du?,NEEDS_TRANSLATION,,,
hosp_hospodyne_pejres_9axW,6,30,,peyresh,1.000,1.000,Peyresh!,!P Pejresh!,NEEDS_TRANSLATION,,,
bff__hrac_pochvalen_bud_n_Nj1A,6,25,,servus,1.000,1.000,Servus!,Servus!,NEEDS_TRANSLATION,,,
henr_zarlivy_k_svou_sanci_0TvR,5,55,,andre; bul; djas,1.000,1.000,Andre bul te djas!,!T Andre bul te djas!,NEEDS_TRANSLATION,,,
lega_jindrich__tvuj_klobo_74Ax,5,55,,buona; sera; signori,1.000,1.000,"Buona sera, signori.","!P Buona sera, signori.",NEEDS_TRANSLATION,,,
kost_kostky_pa_ich_fajfe__KwS3,5,54,,ikh; fayfe; daroyf,1.000,1.000,Ikh fayfe daroyf.,Ich fajfe darojf.,NEEDS_TRANSLATION,,,
gree_pozdrav_m_vos_machst_FTay,5,51,,vos; makhst; mamzer,0.667,1.000,"Vos makhst du, mamzer?","!P Vos machst du, Mamzer?",NEEDS_TRANSLATION,,,
chat_ptacek_audentes_fort_vocC,5,49,,audentes; fortuna; iuvat,1.000,1.000,Audentes fortuna iuvat!,Audentes fortuna iuvat!,NEEDS_TRANSLATION,,,
endi_rozloucen_but_bacht__pnpV,5,44,,bakht; sastyipen,1.000,1.000,"But bakht, sastyipen!","!T But bakht, sastyipen!",NEEDS_TRANSLATION,,,
npc__npc_utika_karno_beej_W1fF,5,44,,karno; be-eynekha,1.000,1.000,Karno be-eynekha!,Karno be-ejnecha!,NEEDS_TRANSLATION,,,
gree_pozdrav_n_mein_gott_RIZ2,5,41,german,mein; gott,1.000,1.000,!P Mein Gott!,!P Mein Gott!,NEEDS_TRANSLATION,,,
kost_kostky_he_vos_glots__HKoh,5,39,,vos; glots,1.000,1.000,Vos glots du?,Vos glots du?,NEEDS_TRANSLATION,,,
kost_kibic_fac_was_ist_das_wEZV,5,39,german,ist; das,1.000,1.000,Was ist das?,Was ist das?,NEEDS_TRANSLATION,,,
gree_pozdrav_n_co_bys_rad_YGJO,5,38,,would; like,1.000,1.000,What would you like?,What would you like?,NEEDS_TRANSLATION,,,
gree_pozdrav_m_so_rodes_0XJK,5,32,,rodes,1.000,1.000,So rodes?,!T So rodes?,NEEDS_TRANSLATION,,,
gree_obchodnic_was_willst_1SG8,5,27,,willst,1.000,1.000,Was willst du?,Was willst du?,NEEDS_TRANSLATION,,,
gree_pozdrav_m_mein_freun_Mx1F,4,113,german,mein; freund; trunkenheit; ist; eine; sünde; übertreibe; nicht,1.000,1.000,"Mein Freund, Trunkenheit ist eine Sünde. Übertreibe es nicht!","Mein Freund, Trunkenheit ist eine Sünde. Übertreibe es nicht!",NEEDS_TRANSLATION,,,
gree_pozdrav_m_guten_morg_5U15,4,89,german,guten; morgen; und; einen; gesegneten; tag,1.000,1.000,Guten Morgen und einen gesegneten Tag.,Guten Morgen und einen gesegneten Tag.,NEEDS_TRANSLATION,,,
rozl_rozloucen_auf_wieder_50wK,4,80,,gut; kannst; jetzt; gehen; wiedersehen,1.000,1.000,Gut. Du kannst jetzt gehen. Wiedersehen.,!P Gut. Du kannst jetzt gehen. Wiedersehen.,NEEDS_TRANSLATION,,,
npc__npc_bylo__geh_zum_te_W9Su,4,70,german,scher; dich; zum; teufel,1.000,1.000,Scher dich zum Teufel!,!P Geh zum Teufel!,NEEDS_TRANSLATION,,,
gree_obchodnic_wie_gehts__Ucov,4,65,german,wie; geht's; mein; freund,1.000,1.000,"Wie geht's, mein Freund?","Wie geht's, mein Freund?",NEEDS_TRANSLATION,,,
gree_pozdrav_n_willkommen_7MSG,4,58,german,willkommen; mein; freund,1.000,1.000,"Willkommen, mein Freund!","!P Willkommen, mein Freund!",NEEDS_TRANSLATION,,,
gree_pozdrav_z_laso_dejs__2Gyt,4,57,,del; lacho; dyives,1.000,1.000,Mi del o Del lacho dyives!,Mi del o Del lačho ďives!,NEEDS_TRANSLATION,,,
odmi_npc_odmit_nein_so_et_ICFB,4,56,,nein; bestimmt; nicht,1.000,1.000,"Nein, bestimmt nicht!","Nein, so etwas nicht.",NEEDS_TRANSLATION,,,
npc__npc_vidi__vos_machst_0EFt,4,56,,vos; makhst; khamer,1.000,1.000,"Vos makhst du, khamer?","Vos machst du, Chamr?",NEEDS_TRANSLATION,,,
gree_pozdrav_n_was_brauch_4wvJ,4,56,,brauchst; von; mir,1.000,1.000,Was brauchst du von mir?,!P Was brauchst du von mir?,NEEDS_TRANSLATION,,,
comb_hans_plum_sie_wollen_Hbnw,4,55,,willst; mir; zeigen,1.000,1.000,Willst du es mir zeigen?,!P Sie wollen es zeigen?,NEEDS_TRANSLATION,,,
inga_bohuta_pl_kyrie_elei_M1GZ,4,44,,kyrie; eleison,1.000,1.000,Kyrie eleison.,!P Kyrie eleison.,NEEDS_TRANSLATION,,,
endi_rozloucen_dzan_devle_PAYU,4,43,,djan; devleha,1.000,1.000,Djan Devleha!,Džan Devleha!,NEEDS_TRANSLATION,,,
gree_pozdrav_n_was_ist_lo_0GF3,4,41,german,ist; los,1.000,1.000,"!P Was ist los, Heinrich?","!P Was ist los, Heinrich?",NEEDS_TRANSLATION,,,
menh_menhart_z_verstehen_FQjz,4,40,german,ich; verstehe,1.000,1.000,Ich verstehe.,Ich verstehe.,NEEDS_TRANSLATION,,,
hosp_hospodska_nicht_viel_nJz2,4,40,german,nicht; viel,1.000,1.000,Nicht viel.,Nicht viel.,NEEDS_TRANSLATION,,,
endi_rozloucen_salom_alej_fKdq,4,40,,sholem; aleykhem,1.000,1.000,"Sholem aleykhem, Henry!","!P Shalom alejchem, Henry!",NEEDS_TRANSLATION,,,
goss_gossip_na_scheisse_Qtgr,4,39,,scheiss; drauf,1.000,1.000,Scheiß drauf!,scheiß drauf!,NEEDS_TRANSLATION,,,
gree_pozdrav_m_so_rodes_AWtN,4,39,,rodes; goro,1.000,1.000,"So rodes, goro?","So rodes, goro?",NEEDS_TRANSLATION,,,
gree_obchodnic_was_willst_EwdU,4,39,,willst; fremder,1.000,1.000,"Was willst du, Fremder?","Was willst du, Fremder?",NEEDS_TRANSLATION,,,
gree_pozdrav_m_sar_dzives_Z6eZ,4,33,yiddish_hebrew,devla,1.000,1.000,Oy Devla!,!T Oy Devla!,NEEDS_TRANSLATION,,,
muz__hospodsky_ja_gut_jn1Z,4,32,,gut,1.000,1.000,"Ja, gut.","!P Ja, gut.",NEEDS_TRANSLATION,,,
npc__muz_samom_oy_gevalt_p7Zi,4,32,yiddish_hebrew,gevalt,1.000,1.000,Oy gevalt?!,!P Oy Gevalt?!,NEEDS_TRANSLATION,,,
endi_rozloucen_salom_jind_YSUv,4,28,,sholem,1.000,1.000,"Sholem, Henry!","!P Shalom, Henry!",NEEDS_TRANSLATION,,,
dial_lacek_doprdele_ty_se_5vXu,4,27,,sakra,1.000,1.000,Sakra…!,Sakra...,NEEDS_TRANSLATION,,,
alsi_alsik_tyvole_nymx,4,27,,vole,1.000,1.000,Ty vole!,Jesus…,NEEDS_TRANSLATION,,,
kost_kostky_bu_verdammt__ifBT,4,27,,verdammt,1.000,1.000,Verdammt!,Verdammt!,NEEDS_TRANSLATION,,,
situ_situace_p_besser_der_BCZA,3,107,german,ein; pranger; für; die; guten; galgen; schurken,1.000,1.000,"Ein Pranger für die Guten, ein Galgen für die Schurken!",Besser der Pranger als der Galgen!,NEEDS_TRANSLATION,,,
afte_hejtamn_f_na_und_es__5BH3,3,104,german,und; ist; doch; gut; oder; mein; freund,0.700,0.700,"Na und? Es ist doch gut, oder? May it serve you in good health, mein Freund.","!P Na und? Es ist doch gut, oder? May it serve you in good health, Mein Freund.",NEEDS_TRANSLATION,,,
gree_pozdrav_n_was_tust_d_EdwU,3,103,german; hungarian,tust; hier; mit; einem; nackten; hintern; herumzulaufen,1.000,1.000,"!P Was tust du, hier mit einem nackten Hintern herumzulaufen?!","!P Was tust du, hier mit einem nackten Hintern herumzulaufen?!",NEEDS_TRANSLATION,,,
gree_obchodnik_wie_kann_i_cSy3,3,101,german,wie; kann; ich; dir; helfen; mein; freund,1.000,1.000,"Wie kann ich dir helfen, mein Freund?","Wie kann ich dir helfen, mein Freund?",NEEDS_TRANSLATION,,,
afte_hejtamn_f_oh_ja_ja_d_HjZH,3,95,german,das; hast; gut; gemacht; mein; freund,1.000,1.000,"Oh ja, ja, das hast du gut gemacht, mein Freund!","!P Oh ja, ja, das haben Sie gut gemacht, mein Freund!",NEEDS_TRANSLATION,,,
gree_pozdrav_n_du_bist_ei_ptsl,3,89,german,bist; ein; bisschen; wackelig; mein; freund,1.000,1.000,"!P Du bist ein bisschen wackelig, mein Freund.","!P Du bist ein bisschen wackelig, mein Freund.",NEEDS_TRANSLATION,,,
gree_pozdrav_n_wie_kann_i_1TYD,3,82,german,wie; kann; ich; dir; helfen,1.000,1.000,Wie kann ich dir helfen?,!P Wie kann ich dir helfen?,NEEDS_TRANSLATION,,,
cp_z_henry_o_mangi_la_min_lEFE,3,81,,mangi; minestra; salti; dalla; finestra,1.000,1.000,O mangi la minestra o salti dalla finestra.,!P O mangi la minestra o salti dalla finestra.,NEEDS_TRANSLATION,,,
gree_pozdrav_n_du_bist_be_LQIu,3,77,german,bist; betrunken; das; ist; furchtbar,1.000,1.000,!P Du bist betrunken. Das ist furchtbar!,!P Du bist betrunken. Das ist furchtbar!,NEEDS_TRANSLATION,,,
gree_pozdrav_n_mein_gott__eRz5,3,77,german,mein; gott; das; ist; blut,1.000,1.000,!P Mein Gott! Das ist Blut?,!P Mein Gott! Das ist Blut?,NEEDS_TRANSLATION,,,
endi_rozloucen_bis_bald_m_VKMW,3,70,german,bis; bald; mein; freund,1.000,1.000,"Bis bald, mein Freund!","!P Bis bald, mein Freund!",NEEDS_TRANSLATION,,,
ph_j_brabant_dlouha_uplne_2kyF,3,68,,fatta; legge; trovato; l'inganno,1.000,1.000,"Fatta la legge, trovato l'inganno.","!P Fatta la legge, trovato l'inganno.",NEEDS_TRANSLATION,,,
gree_pozdrav_m_pal_soste__Nc4Y,3,68,,pal; soste; djal; goro,1.000,1.000,"Pal soste djal, goro?","!T Pal soste djal, goro?",NEEDS_TRANSLATION,,,
gree_pozdrav_m_gepriesen__4Jaf,3,63,,gepriesen; sei; der; herr,1.000,1.000,Gepriesen sei der Herr!,Gepriesen sei der Herr!,NEEDS_TRANSLATION,,,
hosp_hospodsky_mein_gott__Tcc4,3,58,german,mein; gott; ist,1.000,1.000,"Mein Gott, wo ist es?","!P Mein Gott, wo ist es?",NEEDS_TRANSLATION,,,
pozd_pozdrav_n_guten_tag_eHbA,3,58,german,schön; dich; sehen,1.000,1.000,"Schön, dich zu sehen.",Schön dich zu sehen.,NEEDS_TRANSLATION,,,
npc__npc_vidi__neohrozuj__j3UB,3,58,german,soll; das; denn,1.000,1.000,Was soll das denn?,!P Was soll das sein?,NEEDS_TRANSLATION,,,
gree_obchodnic_las_mich_c_gToU,3,56,,las; mikh; khamer,1.000,1.000,"Las mikh, khamer!","Las mich, chamr!",NEEDS_TRANSLATION,,,
odmi_npc_odmit_las_mich_m_J4Ez,3,56,,las; mikh; mamzer,1.000,1.000,"Las mikh, mamzer!","Las mich, Mamzer!",NEEDS_TRANSLATION,,,
endi_rozloucen_mi_o_del_t_QPQi,3,56,,del; tut; arak-hel,1.000,1.000,Mi o Del tut arak-hel!,!T Mi o Del tut arak-hel!,NEEDS_TRANSLATION,,,
pozd_uctivy_po_naturlich__42x1,3,56,,natürlich; kein; problem,1.000,1.000,"Natürlich, kein Problem.","Naturlich, kein Problem.",NEEDS_TRANSLATION,,,
endi_rozloucen_o_del_tut__nL0z,3,56,,del; tut; arak-hel,1.000,1.000,O Del tut te arak-hel!,!T O Del tut te arak-hel!,NEEDS_TRANSLATION,,,
free_svedek_re_vo_co_ti_de_coDT,3,56,,pal; soste; djas,1.000,1.000,Pal soste djas?,!T Pal soste djas?,NEEDS_TRANSLATION,,,
gree_pozdrav_m_ci_kaj_dza_E71C,3,56,,sar; sal; gadjo,1.000,1.000,"Sar sal, gadjo?","!T Sar sal, gadjo?",NEEDS_TRANSLATION,,,
gree_pozdrav_m_ci_kaj_dzas_XjmG,3,56,,sar; sal; goro,1.000,1.000,"Sar sal, goro?","!T Sar sal, goro?",NEEDS_TRANSLATION,,,
npc__npc_je_v__te_chas_mi_bntx,3,56,,khas; miro; kar,1.000,1.000,Te khas miro kar!,!T Te khas miro kar!,NEEDS_TRANSLATION,,,
gree_obchodnic_vos_glots__Q8em,3,56,,vos; glots; khamer,1.000,1.000,"Vos glots du, khamer?","Vos glots du, chamr?",NEEDS_TRANSLATION,,,
kate_henry_hai_due_stelle_Fvmx,3,55,,tua; bellezza; abbaglia,1.000,1.000,La tua bellezza mi abbaglia!,!P La tua bellezza mi abbaglia!,NEEDS_TRANSLATION,,,
gree_pozdrav_m_was_ist_lo_eTQr,3,53,german,ist; los; säufer,1.000,1.000,"Was ist los, du Säufer?","Was ist los, du Säufer?",NEEDS_TRANSLATION,,,
gree_pozdrav_n_was_brauch_QWPs,3,51,,brauchst; von; mir,1.000,1.000,!P Was brauchst du von mir?,!P Was brauchst du von mir?,NEEDS_TRANSLATION,,,
endi_rozloucen_auf_wieder_RwmO,3,46,german,auf; wiedersehen,1.000,1.000,"Auf Wiedersehen, Heinrich!","!P Auf Wiedersehen, Heinrich!",NEEDS_TRANSLATION,,,
goss_gossip_na_mein_gott_wBag,3,46,german,mein; gott,1.000,1.000,Mein Gott …,Mein gott...,NEEDS_TRANSLATION,,,
gree_pozdrav_m_oh_was_sol_SyiD,3,46,german,ist; los,1.000,1.000,Oh ... Was ist los?,Oh... Was ist los?,NEEDS_TRANSLATION,,,
dial_jasak_amit_mondott_xJTB,3,45,hungarian,mit; mondott,1.000,1.000,Mit mondott?,!P Amit mondott?,NEEDS_TRANSLATION,,,
gree_obchodnic_was_willst_bdYp,3,45,,willst; schuft,1.000,1.000,"Was willst du, du Schuft?","Was willst du, Ruck?",NEEDS_TRANSLATION,,,
pozd_npc_zdrav_jom_tov__itGG,3,44,,gutn; tog,1.000,1.000,A gutn tog!,Jom tov!,NEEDS_TRANSLATION,,,
npc__muz_samom_ach_was_so_j4Fj,3,44,,ach; soll's,1.000,1.000,"Ach, was soll’s.","!P Ach, was soll's.",NEEDS_TRANSLATION,,,
star_vozka_voz_huah_los_L1g4,3,44,,hüa; los,1.000,1.000,"Hüa, los!","!P Huäh, lot!",NEEDS_TRANSLATION,,,
npc__npc_bezi__o_devla_mi_5XZI,3,44,,devla; miro,1.000,1.000,O Devla miro!,!T O Devla miro!,NEEDS_TRANSLATION,,,
gree_pozdrav_m_oy_vey_fra_fq4H,3,44,yiddish_hebrew,vey; fraynd,1.000,1.000,"Oy vey, fraynd!","!P Oy vey, Frajnd!",NEEDS_TRANSLATION,,,
npc__npc_bezi__pomoc_rych_OHEq,3,44,,hin; oda,1.000,1.000,So hin oda?,!T So hin oda?,NEEDS_TRANSLATION,,,
npc__npc_bezi__tu_khandun_96FT,3,44,,khandino; kar,1.000,1.000,Tu khandino kar!,!T Tu khanduno kar!,NEEDS_TRANSLATION,,,
gree_pozdrav_m_oy_oy_v2N2,3,44,,vos; los,1.000,1.000,Vos is los?,!P Was ist los?,NEEDS_TRANSLATION,,,
gree_pozdrav_n_was_willst_nBZ4,3,44,,willst; schelm,1.000,1.000,"Was willst du, Schelm?","!P Was willst du, Schelm?",NEEDS_TRANSLATION,,,
gree_pozdrav_n_gruss_gott_2tXt,3,41,german,grüss; gott,1.000,1.000,!P Grüss Gott!,!P Grüss Gott!,NEEDS_TRANSLATION,,,
gree_pozdrav_n_guten_aben_W4VZ,3,39,,guten; abend,1.000,1.000,"!P Guten Abend, Heinrich!","!P Guten Abend, Heinrich!",NEEDS_TRANSLATION,,,
gree_pozdrav_n_chces_neco_GMHY,3,38,,want; something,1.000,1.000,Do you want something?,Do you want something?,NEEDS_TRANSLATION,,,
gree_pozdrav_z_mazel_tov_ZBBA,3,38,,mazl; tov,1.000,1.000,Mazl tov!,Mazl tov!,NEEDS_TRANSLATION,,,
kost_kostky_he_oy_sum_dovr_5RwX,3,38,,shum; dovr,1.000,1.000,"Oy, shum dovr...","Oy, shum dovr...",NEEDS_TRANSLATION,,,
gree_pozdrav_z_salom_alej_n9p0,3,37,,sholem; aleykhem,1.000,1.000,Sholem aleykhem.,Sholem aleykhem.,NEEDS_TRANSLATION,,,
gree_pozdrav_m_oh_devla_d_68Ow,3,35,yiddish_hebrew,devla,1.000,1.000,Oy Devla! Devla!,!T Oy Devla! Devla!,NEEDS_TRANSLATION,,,
npc__kuman_cri_jdi_odsud_xMRg,3,34,hungarian,menj,1.000,1.000,Menj el!,Go away!,NEEDS_TRANSLATION,,,
bark_soldier_n_krleees_mt6P,3,33,,kyrie; eleison,1.000,1.000,Kyrie eleison!,Kyrie eleison!,NEEDS_TRANSLATION,,,
bark_treninkov_oh_nein_sc_nW5X,3,32,,scheisse,1.000,1.000,"Oh, scheiße!","!P Oh nein, Scheisse!",NEEDS_TRANSLATION,,,
gree_obchodnic_was_mochte_1y4m,3,32,,möchtest,1.000,1.000,Was möchtest du?,Was möchten Sie?,NEEDS_TRANSLATION,,,
hosp_hospodsky_oy_oy_vey_OSY6,3,30,yiddish_hebrew,vey,1.000,1.000,"Oy, oy vey!","Oy, Oy Vey!",NEEDS_TRANSLATION,,,
pozd_sousedsky_grue_h65C,3,28,,servus,1.000,1.000,"Ja, ja... servus!","Ja, ja... servus!",NEEDS_TRANSLATION,,,
pozd_pozdrav_k_szia_kdRC,3,28,,üdvözlet,1.000,1.000,Üdvözlet!,!P Szia!,NEEDS_TRANSLATION,,,
kost_kostky_st_epes_R5le,3,27,,epes,1.000,1.000,Epes!,Epes!,NEEDS_TRANSLATION,,,
neko_nekoho_ta_zabiju_te_UPnQ,3,27,,kinyírlak,1.000,1.000,Kinyírlak!,Kinyírlak!,NEEDS_TRANSLATION,,,
pras_rychtar_p_bezva_mas__YDmG,3,26,,ausgezeichnet,1.000,1.000,Ausgezeichnet!,Ausgezeichnet!,NEEDS_TRANSLATION,,,
incl_cechmistr_wunderbar_hgRe,3,26,,wunderbar,1.000,1.000,Wunderbar!,Wunderbar!,NEEDS_TRANSLATION,,,
npc__npc_utika_eh_pejres_TNT6,3,25,,peyresh,1.000,1.000,"Eh, peyresh!","Eh, peyresh!",NEEDS_TRANSLATION,,,
rozl_obchodnic_vielen_dan_Jbzx,2,163,german; hungarian,vielen; dank; war; mir; eine; freude; mit; dir; geschäfte; machen; mein; freund,1.000,1.000,"Vielen Dank! Es war mir eine Freude, mit dir Geschäfte zu machen, mein Freund!","Vielen Dank! Es war mir eine Freude, mit Dir Geschäfte zu machen, mein Freund!",NEEDS_TRANSLATION,,,
rozl_obchodnic_vielen_dan_pTFA,2,163,german; hungarian,vielen; dank; war; mir; eine; freude; mit; dir; geschäfte; machen; mein; herr,1.000,1.000,"Vielen Dank! Es war mir eine Freude, mit dir Geschäfte zu machen, mein Herr!","Vielen Dank! Es war mir eine Freude, mit Dir Geschäfte zu machen, mein Herr!",NEEDS_TRANSLATION,,,
situ_situace_p_sei_froh_d_SCEi,2,146,czech; german; slovak,sei; froh; dass; deinen; kopf; noch; auf; den; schultern; hast,1.000,1.000,"Sei froh, dass du deinen Kopf noch auf den Schultern hast!","Sei froh, dass du deinen Kopf im Nacken hast!",NEEDS_TRANSLATION,,,
gree_pozdrav_m_es_ist_ein_Yymn,2,144,german; hungarian,ist; eine; sünde; hier; mit; nacktem; hintern; herumzulaufen; mein; freund,1.000,1.000,"Es ist eine Sünde, hier mit nacktem Hintern herumzulaufen, mein Freund!","Es ist eine Sünde, hier mit nacktem Arsch herumzulaufen, mein Freund!",NEEDS_TRANSLATION,,,
vyvo_vyvolavan_die_besten_KfQk,2,143,german,die; besten; produkte; auf; dem; markt; gute; preise; kommt; leute,1.000,1.000,"Die besten Produkte auf dem Markt! Gute Preise! Kommt, Leute, kommt!","Die besten Produkte auf dem Markt! Gute Preise! Komm, komm, Liute!",NEEDS_TRANSLATION,,,
rozl_obchodnic_ausgezeich_cgIJ,2,142,german,ausgezeichnet; hast; ein; gutes; geschäft; gemacht; mein; freund; bis; bald,1.000,1.000,"Ausgezeichnet! Du hast ein gutes Geschäft gemacht, mein Freund! Bis bald!","Ausgezeichnet! Du gemacht ein gutes Geschäft, mein Freund! Bis bald!",NEEDS_TRANSLATION,,,
rozl_obchodnic_ausgezeich_EF9v,2,142,german,ausgezeichnet; hast; ein; gutes; geschäft; gemacht; mein; herr; lebe; wohl,1.000,1.000,"Ausgezeichnet! Du hast ein gutes Geschäft gemacht, mein Herr! Lebe wohl!","Ausgezeichnet! Du gemacht ein gutes Geschäft, mein Herr! Lebe wohl!",NEEDS_TRANSLATION,,,
rozl_obchodnic_vielen_dan_8qcc,2,137,german,vielen; dank; mein; freund; war; mir; eine; freude; bis; bald,1.000,1.000,"Vielen Dank, mein Freund! Es war mir eine Freude. Bis bald!","Vielen Dank, mein Freund! Es war mir eine Freude. Bis bald!",NEEDS_TRANSLATION,,,
rozl_obchodnic_ausgezeich_SSVG,2,130,german,ausgezeichnet; wirst; sicher; zufrieden; sein; mein; freund; lebe; wohl,1.000,1.000,"Ausgezeichnet! Du wirst sicher zufrieden sein, mein Freund! Lebe wohl!","Ausgezeichnet! Sie sicher zufrieden sein, mein Freund! Lebe wohl!",NEEDS_TRANSLATION,,,
situ_situace_p_ich_hoffe__Ghog,2,130,german,ich; hoffe; sie; hängen; dich; nächstes; mal; auf; mistkerl,1.000,1.000,"Ich hoffe, sie hängen dich nächstes Mal auf, du Mistkerl!","Ich hoffe, sie hängen dich das nächstemal, Bastard!",NEEDS_TRANSLATION,,,
rozl_obchodnic_danke_und__TBcu,2,125,german,danke; und; viel; glück; für; die; zukunft; mein; freund,1.000,1.000,"Danke und viel Glück für die Zukunft, mein Freund.","Danke und viel Glück für die Zukunft, mein Freund.",NEEDS_TRANSLATION,,,
rozl_obchodnic_danke_und__kmLF,2,125,german,danke; und; viel; glück; für; die; zukunft; mein; herr,1.000,1.000,"Danke und viel Glück für die Zukunft, mein Herr.","Danke und viel Glück für die Zukunft, mein Herr.",NEEDS_TRANSLATION,,,
gree_pozdrav_m_gru_dich_w_s5Oh,2,124,german,grüss; dich; wie; kann; ich; dir; helfen; mein; freund,1.000,1.000,"Grüß dich! Wie kann ich dir helfen, mein Freund?","Grüß dich! Wie kann ich dir helfen, mein Freund?",NEEDS_TRANSLATION,,,
endi_rozloucen_gott_mit_d_ACOW,2,120,german; hungarian,gott; sei; mit; dir; und; einen; guten; abend,1.000,1.000,Gott sei mit dir und einen guten Abend.,!P Gott mit dir und Guten Abend.,NEEDS_TRANSLATION,,,
vyvo_vyvolavan_einkaufen__QRDo,2,119,german,kauft; ein; ich; schliesse; bald; kommt; und; leute,1.000,1.000,"Kauft ein, kauft ein! Ich schließe bald … Kommt und kauft, Leute!","Einkaufen! Einkaufen! Ich schliesse bald... Komm und Einkaufen, Liute!",NEEDS_TRANSLATION,,,
endi_rozloucen_auf_wieder_jbrq,2,118,german,auf; wiedersehen; und; einen; guten; abend; für; dich,1.000,1.000,Auf Wiedersehen und einen guten Abend für dich!,!P Auf Wiedersehen und Guten Abend!,NEEDS_TRANSLATION,,,
endi_rozloucen_bis_bald_u_TkzD,2,118,german,bis; bald; und; einen; guten; abend; für; dich,1.000,1.000,Bis bald und einen guten Abend für dich!,!P Bis bald und Guten Abend!,NEEDS_TRANSLATION,,,
rozl_obchodnic_danke_das__iWvg,2,118,german,danke; das; war; ein; gutes; geschäft; mein; herr,1.000,1.000,"Danke. Das war ein gutes Geschäft, mein Herr!","Danke. Das ist gutes Geschäft, mein Herr!",NEEDS_TRANSLATION,,,
gree_pozdrav_m_mein_freun_NkqT,2,118,german,mein; freund; ich; wäre; jetzt; auch; gerne; betrunken,1.000,1.000,"Mein Freund, ich wäre jetzt auch gerne betrunken.","Mein Freund, ich beneide dich total um deine Trunkenheit.",NEEDS_TRANSLATION,,,
gree_pozdrav_n_mein_freun_KxnG,2,113,german,mein; freund; ich; beneide; dich; total; deine; trunkenheit,1.000,1.000,"!P Mein Freund, ich beneide dich total um deine Trunkenheit.","!P Mein Freund, ich beneide dich total um deine Trunkenheit.",NEEDS_TRANSLATION,,,
kost_kostky_he_das_nenne__P9e5,2,107,german,schlecht; für; dich; gut; mich; mein; freund,1.000,1.000,"Schlecht für dich, gut für mich, mein Freund.",Das nenne ich Pech!,NEEDS_TRANSLATION,,,
hosp_hospodska_fertig_ich_CKOg,2,106,german,aus; und; vorbei; ich; schliesse; für; heute,1.000,1.000,Aus und vorbei! Ich schließe für heute!,Fertig! Ich schliesse heute!,NEEDS_TRANSLATION,,,
rozl_obchodnic_das_ist_gu_hhyD,2,106,german,das; war; ein; gutes; geschäft; auf; wiedersehen,1.000,1.000,Das war ein gutes Geschäft. Auf Wiedersehen!,Das ist gutes Geschäft. Auf Wiedersehen!,NEEDS_TRANSLATION,,,
gree_pozdrav_m_ein_bad_wu_wECU,2,106,german,ein; bad; würde; dir; nicht; schaden; schmutzfink,1.000,1.000,"Ein Bad würde dir nicht schaden, du Schmutzfink!","Ein Bad würde dir nicht schaden, Schmutzer!",NEEDS_TRANSLATION,,,
hosp_hospodska_verschluss_fp13,2,106,german,ich; mache; dicht; leute; trinkt; noch; aus,1.000,1.000,"Ich mache dicht, Leute! Trinkt noch aus!",Verschluss Liute! Das letzte Bier war aus!,NEEDS_TRANSLATION,,,
s_bo_henry_pater_noster_q_PNtA,2,104,,pater; noster; qui; cælis; sanctificetur; nomen; tuum,1.000,1.000,"Pater noster, qui es in cælis, sanctificetur nomen tuum.","!P Pater noster, qui es in cælis, sanctificetur nomen tuum.",NEEDS_TRANSLATION,,,
gree_pozdrav_m_gru_dich_w_KvFt,2,101,german,grüss; dich; wie; kann; ich; dir; helfen,1.000,1.000,Grüß dich! Wie kann ich dir helfen?,Grüß dich! Wie kann ich dir helfen?,NEEDS_TRANSLATION,,,
gree_pozdrav_m_guten_aben_CfW0,2,101,german,guten; abend; wie; kann; ich; dir; helfen,1.000,1.000,Guten Abend! Wie kann ich dir helfen?,Guten Abend! Wie kann ich dir helfen?,NEEDS_TRANSLATION,,,
gree_pozdrav_m_mein_gott__PpjJ,2,101,german,mein; gott; hier; ist; ein; nackter; narr,1.000,1.000,Mein Gott! Hier ist ein nackter Narr.,Mein Gott! Hier ist ein nackter Narr.,NEEDS_TRANSLATION,,,
endi_rozloucen_gott_mit_d_aMhC,2,96,german; hungarian,gott; sei; mit; dir; mein; herr,1.000,1.000,"Gott sei mit dir, mein Herr!","!P Gott mit dir, Mein Herr!",NEEDS_TRANSLATION,,,
rozl_rozloucen_gott_sei_m_OlDe,2,96,german; hungarian,gott; sei; mit; euch; mein; herr,1.000,1.000,"Gott sei mit Euch, mein Herr.","!P Gott sei mit dir, mein Herr.",NEEDS_TRANSLATION,,,
rozl_rozloucen_gott_sei_m_DfzV,2,96,german; hungarian,gott; sei; mit; euch; meine; herrin,1.000,1.000,"Gott sei mit Euch, meine Herrin.","!P Gott sei mit Euch, meine Herrin.",NEEDS_TRANSLATION,,,
hosp_hospodska_austrinken_Jh1h,2,95,german,austrinken; leute; ich; schliesse; für; heute,1.000,1.000,"Austrinken, Leute! Austrinken! Ich schließe für heute!",Austrinken Liute! Austrinken! Ich schliesse heute!,NEEDS_TRANSLATION,,,
vyvo_vyvolavan_jetzt_offn_aWNI,2,95,german,wir; öffnen; jetzt; kommt; und; kauft,1.000,1.000,Wir öffnen jetzt! Wir öffnen jetzt! Kommt und kauft!,Wir öffnen jetzt! Wir öffnen jetzt! Komm und Einkaufen!,NEEDS_TRANSLATION,,,
rozl_obchodnic_a_dank_dav_zCZd,2,94,yiddish_hebrew,borekh; ha-shem; davar; masa; u-matan; tov,1.000,1.000,Borekh ha-shem! Davar masa u-matan tov.,Borech ha-shem! Davar masa u-matan tov.,NEEDS_TRANSLATION,,,
muz__muz_prona_rad_sem_ti_e2J3,2,94,german,dankeschön; und; gute; nacht; mein; herr,1.000,1.000,"Dankeschön und gute Nacht, mein Herr.","!P Danke schön und gute Nacht, mein Herr.",NEEDS_TRANSLATION,,,
rozl_obchodnic_oh_es_ist__ooCf,2,94,german,das; ist; aber; schade; mein; freund,1.000,1.000,"Das ist aber schade, mein Freund.","Oh, es ist schade, mein Freund.",NEEDS_TRANSLATION,,,
rozl_obchodnic_sie_sicher_XhU6,2,94,german,wirst; sicher; zufrieden; sein; mein; freund,1.000,1.000,"Du wirst sicher zufrieden sein, mein Freund!","Sie sicher zufrieden sein, mein Freund!",NEEDS_TRANSLATION,,,
gree_pozdrav_m_gru_gott_w_a2kX,2,94,german,grüss; gott; willst; denn; nachts; noch,1.000,1.000,Grüß Gott! Was willst du denn nachts noch?,Grüß Gott! Was willst du nachts so?,NEEDS_TRANSLATION,,,
muz__hospodsky_nein_das_i_rTQs,2,94,german,nein; das; ist; eine; gute; kneipe,1.000,1.000,"Nein, das ist eine gute Kneipe.","!P Nein, das ist eine gute Kneipe.",NEEDS_TRANSLATION,,,
gree_pozdrav_m_servus_mei_EhCJ,2,94,german,servus; mein; freund; bist; betrunken; stimmt's,1.000,1.000,"Servus, mein Freund! Du bist betrunken, stimmt’s?","Servus, mein Freund! Du bist betrunken, nicht wahr?",NEEDS_TRANSLATION,,,
gree_pozdrav_m_gru_dich_w_aXJ8,2,93,german,grüss; dich; willst; denn; nachts; noch,1.000,1.000,Grüß dich! Was willst du denn nachts noch?,Grüß dich! Was willst du nachts so?,NEEDS_TRANSLATION,,,
gree_pozdrav_m_gru_dich_a_qepG,2,93,german,grüss; dich; aber; bist; voller; blut,1.000,1.000,Grüß dich … Aber du bist ja voller Blut!,Grüß dich... aber du bist voller Blut!,NEEDS_TRANSLATION,,,
gree_pozdrav_m_devla_miro_R20k,2,92,,devla; miro; kames; vareso; bango; kar,1.000,1.000,"Devla miro! Kames vareso, bango kar?","!T Devla miro! Kames vareso, bango kar?",NEEDS_TRANSLATION,,,
rozl_obchodnic_sie_sicher_Q9FA,2,92,,wirst; sicher; zufrieden; sein; bis; bald,1.000,1.000,Du wirst sicher zufrieden sein! Bis bald!,Sie sicher zufrieden sein! Bis bald!,NEEDS_TRANSLATION,,,
gree_pozdrav_m_eh_wasch_d_ORMa,2,92,,pfui; wasch; dich; siehst; schrecklich; aus,1.000,1.000,Pfui ... Wasch dich! Du siehst schrecklich aus.,Eh... Wasch dich! Du siehst schrecklich aus.,NEEDS_TRANSLATION,,,
gree_pozdrav_n_gruss_du_s_Jdkc,2,90,german,mein; gott; stinkst; ziemlich; weisst; das,1.000,1.000,"!P Mein Gott... Du stinkst ziemlich, weißt du das?","!P Mein Gott... Du stinkst ziemlich, weißt du das?",NEEDS_TRANSLATION,,,
gree_pozdrav_n_ein_bad_wu_V2Oj,2,89,german,ein; bad; würde; dir; nicht; schaden,1.000,1.000,!P Ein Bad würde dir nicht schaden!,!P Ein Bad würde dir nicht schaden!,NEEDS_TRANSLATION,,,
gree_pozdrav_n_mein_gott__H5ek,2,89,german,mein; gott; aber; bist; voller; blut,1.000,1.000,!P Mein Gott... aber du bist voller Blut!,!P Mein Gott... aber du bist voller Blut!,NEEDS_TRANSLATION,,,
priv_obchodnic_du_hast_gl_307i,2,89,german,hast; glück; ich; wollte; gerade; schliessen,1.000,1.000,"Du hast Glück, ich wollte gerade schließen.","Du hast Glück, ich wollte gerade schließen.",NEEDS_TRANSLATION,,,
posl_event_hla_das_ist_bl_grGR,2,83,german,das; ist; blödsinn; alles; unsinn,1.000,1.000,Das ist Blödsinn! Das ist alles Unsinn!,!P Das ist Blödsinn! Es ist alles Unsinn!,NEEDS_TRANSLATION,,,
laze_lazebnice_das_ist_al_aGy0,2,82,german,alles; ist; fertig; mein; herr,1.000,1.000,"Alles ist fertig, mein Herr.","Fertig! Das ist alles, mein Herr.",NEEDS_TRANSLATION,,,
muz__muz_prona_wie_ich_be_hmsG,2,82,german,danke; wie; ich; bereits; sagte,1.000,1.000,Danke. Wie ich bereits sagte …,!P Danke. Wie ich bereits sagte...,NEEDS_TRANSLATION,,,
situ_situace_p_was_du_get_3Euf,2,82,german,das; hast; dir; selbst; verdanken,1.000,1.000,Das hast du dir selbst zu verdanken!,"Was du getan hast, das iss!",NEEDS_TRANSLATION,,,
muz__hospodsky_es_ist_ein_OyyC,2,82,german,ist; eine; ehre; mein; herr,1.000,1.000,"Es ist eine Ehre, mein Herr.","!P Es ist eine Ehre, mein Herr.",NEEDS_TRANSLATION,,,
gree_pozdrav_m_gru_gott_w_GE69,2,82,german,grüss; gott; brauchst; mein; freund,1.000,1.000,"Grüß Gott! Was brauchst du, mein Freund?","Grüß Gott! Was du brauchst, mein Freund?",NEEDS_TRANSLATION,,,
opon_oponent_p_ddd_ohEZ,2,82,german,gut; aber; mach; keinen; ärger,1.000,1.000,"Gut, aber mach keinen Ärger!","!P Gut, aber keinen Scheiss, Mann!",NEEDS_TRANSLATION,,,
smlo_smlouvani_hm_das_sti_UrAI,2,82,german,hmm; das; stinkt; zum; himmel,1.000,1.000,"Hmm, das stinkt zum Himmel.","!P Hm, das stinkt, mein Freund.",NEEDS_TRANSLATION,,,
hosp_hospodyne_konnte_etw_w4rB,2,82,german,könnte; ein; paar; gewürze; vertragen,1.000,1.000,Könnte ein paar Gewürze vertragen.,!P Konnte etwas wurzen.,NEEDS_TRANSLATION,,,
smlo_smlouvani_nein_das_i_A9Kl,2,82,german,nein; das; bringt; doch; nichts,1.000,1.000,"Nein, das bringt doch nichts.","!P Nein, das ist zwecklos.",NEEDS_TRANSLATION,,,
muz__hospodsky_dies_ist_e_uciP,2,82,german,das; ist; ein; anständiges; gasthaus,1.000,1.000,… Das ist ein anständiges Gasthaus!,!P ... Dies ist eine ehrliche Kneipe!,NEEDS_TRANSLATION,,,
gree_pozdrav_m_gru_du_sti_Hsml,2,81,,grüsse; stinkst; ziemlich; weisst; das,1.000,1.000,"Grüße … Du stinkst ziemlich, weißt du das?","Gruss... Du stinkst ziemlich, weißt du das?",NEEDS_TRANSLATION,,,
endi_rozloucen_bachtalo_t_NoRk,2,80,,bakhtalo; tiro; drom; baro; shero,1.000,1.000,"Bakhtalo tiro drom, baro shero!","!T Bakhtalo tiro drom, baro shero!",NEEDS_TRANSLATION,,,
rozl_obchodnic_epes_kinde_SRcr,2,80,,epes; kinder; gelt; sheyne; velt,1.000,1.000,Epes! Kinder un gelt is a sheyne velt!,Epes! Kinder un gelt is a shaine velt!,NEEDS_TRANSLATION,,,
gree_pozdrav_m_ci_kaj_dza_tAGy,2,80,,kay; djas; goro; sar; sal,1.000,1.000,"Kay djas, goro? Sar sal?","!T Kay djas, goro? Sar sal?",NEEDS_TRANSLATION,,,
rozl_obchodnic_masa_umata_9CfZ,2,80,,masa; u-matan; tov; zay; gezunt,1.000,1.000,Masa u-matan tov. Zay gezunt!,Masa umatan tov. Zei gezunt!,NEEDS_TRANSLATION,,,
diva_divak_bar_mi_o_del_t_9wPn,2,80,,del; tuke; pro; droma; sitinel,1.000,1.000,Mi o Del tuke pro droma sitinel.,!T Mi o Del tuke pro droma sitinel.,NEEDS_TRANSLATION,,,
s_bo_henry_panem_nostrum__APdA,2,80,,panem; nostrum; quotidianum; nobis; hodie,1.000,1.000,Panem nostrum quotidianum da nobis hodie.,!P Panem nostrum qotidianum da nobis hodie.,NEEDS_TRANSLATION,,,
npc__npc_vidi__pre_soste__CdOo,2,80,,pre; soste; koda; hin; goro,1.000,1.000,"Pre soste koda hin, goro?","!T Pre soste koda hin, goro?",NEEDS_TRANSLATION,,,
diva_divak_bar_the_kali_k_Vtg2,2,80,,kalyi; kahnyi; anel; parno; yandro,1.000,1.000,The kalyi kahnyi anel parno yandro!,!T The kalyi kahnyi anel parno yandro!,NEEDS_TRANSLATION,,,
diva_divak_bar_tu_khandun_FzYd,2,80,,k-handuno; kar; khas; dakeri; mindj,1.000,1.000,Tu k-handuno kar! Te khas la dakeri mindj!,!T Tu k-handuno kar! Te khas la dakeri mindj!,NEEDS_TRANSLATION,,,
nech_npc_odmit_ugh_le_pes_kP0v,2,80,,ugh; peske; guba; dela; brishind,1.000,1.000,"Ugh... Le peske e guba, dela brishind...","!T Ugh... Le peske e guba, dela brishind...",NEEDS_TRANSLATION,,,
gree_pozdrav_m_vos_machst_SAQ8,2,80,,vos; makhst; hir; ben; zoyne,1.000,1.000,"Vos makhst du hir, ben zoyne?","!P Vos machst du hier, Ben zojne?",NEEDS_TRANSLATION,,,
gree_obchodnic_dikhas_sar_02fQ,2,79,,dikhas; sar; tuke; djal; goro,1.000,1.000,"Dikhas! Sar tuke djal, goro?","!T Dikhas! Sar tuke djal, goro?",NEEDS_TRANSLATION,,,
gree_pozdrav_n_eh_wasch_d_89RQ,2,79,,wasch; dich; siehst; schrecklich; aus,1.000,1.000,Äh … Wasch dich! Du siehst schrecklich aus.,!P Eh... Wasch dich! Du siehst schrecklich aus.,NEEDS_TRANSLATION,,,
gree_pozdrav_n_mein_gott__JSU5,2,77,german,mein; gott; womit; belästigst; mich,1.000,1.000,!P Mein Gott! Womit belästigst du mich?,!P Mein Gott! Womit belästigst du mich?,NEEDS_TRANSLATION,,,
gree_pozdrav_n_mein_gott__1eLU,2,77,german,mein; gott; siehst; furchtbar; aus,1.000,1.000,"!P Mein Gott... Du siehst furchtbar aus, Heinrich.","!P Mein Gott... Du siehst furchtbar aus, Heinrich.",NEEDS_TRANSLATION,,,
pozd_pozdrav_n_gott_segne_L3JS,2,77,german,gott; segne; dich; mein; freund,1.000,1.000,"Gott segne dich, mein Freund!","Gott segne dich, mein Freund!",NEEDS_TRANSLATION,,,
pozd_uctivy_po_gott_segne_WCSp,2,77,german,gott; segne; dich; mein; herr,1.000,1.000,"Gott segne dich, mein Herr!","Gott segne dich, mein Herr!",NEEDS_TRANSLATION,,,
pozd_pozdrav_n_schon_dich_51zb,2,77,german,schön; dich; sehen; mein; freund,1.000,1.000,"Schön dich zu sehen, mein Freund!","Schön dich zu sehen, mein Freund!",NEEDS_TRANSLATION,,,
gree_pozdrav_n_was_hast_d_G0j6,2,76,,hast; getan; dass; dreckig; bist,1.000,1.000,"!P Was hast du getan, dass du so dreckig bist?","!P Was hast du getan, dass du so dreckig bist?",NEEDS_TRANSLATION,,,
open_hrac_cedo_nulli_aut__0nvU,2,76,,cedo; nulli; aut; vincere; mori,1.000,1.000,Cedo nulli! Aut vincere aut mori!,Cedo nulli! Aut vincere aut mori!,NEEDS_TRANSLATION,,,
gree_pozdrav_m_was_hast_d_sbpF,2,76,,hast; getan; dass; dreckig; bist,1.000,1.000,"Was hast du getan, dass du so dreckig bist?","Was hast du getan, dass du so dreckig bist?",NEEDS_TRANSLATION,,,
gree_pozdrav_m_ci_kaj_dza_XPzW,2,75,,pal; soste; džal; baro; šero,1.000,1.000,"Pal soste džal, baro šero?",,NEEDS_TRANSLATION,,,
endi_rozloucen_gott_mit_d_lroE,2,72,german; hungarian,gott; sei; mit; dir,1.000,1.000,Gott sei mit dir.,!P Gott mit dir.,NEEDS_TRANSLATION,,,
gree_pozdrav_m_oy_gevalt__jylz,2,70,yiddish_hebrew,aaah; gevalt; vos; makhst,1.000,1.000,Aaah... Oy gevalt! Vos makhst du?,!P Aaah... Oy gevalt! Vos machst du?,NEEDS_TRANSLATION,,,
endi_rozloucen_wiedersehe_ShKI,2,70,german,auf; wiedersehen; mein; freund,1.000,1.000,"Auf Wiedersehen, mein Freund!","!P Wiedersehen, mein Freund!",NEEDS_TRANSLATION,,,
endi_rozloucen_auf_wieder_b78t,2,70,german,auf; wiedersehen; mein; herr,1.000,1.000,"Auf Wiedersehen, mein Herr!","!P Auf Wiedersehen, Mein Herr!",NEEDS_TRANSLATION,,,
naku_obchodnic_du_hast_ei_hvJk,2,70,german,hast; ein; mal; mann,1.000,1.000,"Du hast ein Mal, Mann!","Du hast ein Zeichen, Mann!",NEEDS_TRANSLATION,,,
posl_event_hla_reden_sie__H6UI,2,70,german,erzähl; das; doch; woanders,1.000,1.000,Erzähl das doch woanders!,!P Reden Sie darüber woanders!,NEEDS_TRANSLATION,,,
hosp_hospodyne_nicht_schl_MaUn,2,70,german,gar; nicht; mal; schlecht,1.000,1.000,Gar nicht mal schlecht …,"!P Nicht schlecht, nicht schlecht...",NEEDS_TRANSLATION,,,
priv_obchodnic_guten_tag__7zMs,2,70,german,guten; tag; mein; herr,1.000,1.000,"Guten Tag, mein Herr.","!P Guten tag, mein Herr.",NEEDS_TRANSLATION,,,
hosp_hospodsky_heh_ich_sc_PLjO,2,70,german,ich; mach; für; heute,1.000,1.000,"He, ich mach für heute zu!","Heh, Schliessen und fertig!",NEEDS_TRANSLATION,,,
rozl_obchodnic_hm_es_ist__Dv4u,2,70,german,wie; schade; mein; herr,1.000,1.000,"Hm, wie schade, mein Herr.","Hm, es ist schade, mein Herr.",NEEDS_TRANSLATION,,,
rozl_obchodnic_hm_es_ist__P37I,2,70,german,wie; schade; auf; wiedersehen,1.000,1.000,"Hm, wie schade ... Auf Wiedersehen!","Hm, es ist schade... Auf Wiedersehen!",NEEDS_TRANSLATION,,,
npc__muz_samom_hmm_ich_ge_79P5,2,70,german,hmm; ich; etwas; essen,1.000,1.000,Hmm ... Ich will etwas essen.,!P Hmm... Ich gern etwas essen.,NEEDS_TRANSLATION,,,
nech_npc_vyrus_hmm_das_is_0V5H,2,70,german,hmm; das; ist; meine,1.000,1.000,"Hmm, das ist meine ...","!P Hmm, das ist meine...",NEEDS_TRANSLATION,,,
posl_event_hla_ja_das_sti_3J6b,2,70,german,das; stimmt; hast; recht,1.000,1.000,"Ja, das stimmt! Du hast recht!","!P Ja, das stimmt! Du hast recht!",NEEDS_TRANSLATION,,,
endi_rozloucen_lebe_wohl__CZ53,2,70,german,leb; wohl; mein; herr,1.000,1.000,"Leb wohl, mein Herr!","!P Lebe wohl, Mein Herr!",NEEDS_TRANSLATION,,,
spec_menhart_z_los_gehts__2eRc,2,70,german,los; geht's; mein; freund,1.000,1.000,"Los geht's, mein Freund!","!P Los geht's, mein Freund!",NEEDS_TRANSLATION,,,
npc__muz_samom_mein_gott__7xzH,2,70,german,mein; gott; dieser; schmerz,1.000,1.000,"Mein Gott, dieser Schmerz!","!P Mein Gott, das ist Schmerz!",NEEDS_TRANSLATION,,,
gree_pozdrav_m_mein_gott__rlHa,2,70,german,mein; gott; schon; wieder,1.000,1.000,"Mein Gott, du schon wieder?","Mein Gott, du nochmal?",NEEDS_TRANSLATION,,,
hosp_hospodyne_mmm_das_is_zH4D,2,70,german,mhm; das; schmeckt; gut,1.000,1.000,Mhm … Das schmeckt gut.,!P Mmm... das ist gut.,NEEDS_TRANSLATION,,,
pes__npc_reagu_oh_du_raub_XAFz,2,70,hungarian,räuber; raus; mit; dir,1.000,1.000,"Oh, du Räuber! Raus mit dir!","Oh, du Räuber! Geh raus!",NEEDS_TRANSLATION,,,
gree_pozdrav_m_eh_devla_k_za2C,2,70,yiddish_hebrew,devla; kames; mek; vareso,1.000,1.000,Oy Devla...! Kames mek vareso?,!T Oy Devla!... Kames mek vareso?,NEEDS_TRANSLATION,,,
priv_obchodnic_raus_betru_yAGH,2,70,hungarian,raus; mit; dir; säufer,1.000,1.000,"Raus mit dir, Säufer!","Raus, betrunken!",NEEDS_TRANSLATION,,,
priv_obchodnic_ich_grusse_Rplb,2,70,german,sei; gegrüsst; mein; herr,1.000,1.000,"Sei gegrüßt, mein Herr.","!P Ich grüsse Sie, mein Herr.",NEEDS_TRANSLATION,,,
nech_npc_odmit_ugh_lass_m_CxhU,2,70,german,ugh; lass; mich; schlafen,1.000,1.000,"Ugh, lass mich schlafen ...","!P Ugh, lass mich schlafen...",NEEDS_TRANSLATION,,,
hosp_hospodsky_nein_nicht_MLUo,2,70,german,verdammt; nicht; schon; wieder,1.000,1.000,"Verdammt, nicht schon wieder.","Nein, nicht mal scheisse.",NEEDS_TRANSLATION,,,
muz__muz_prona_rad_ti_pom_kpYe,2,70,german,vielleicht; könnten; wir; das,1.000,1.000,Vielleicht könnten wir das …,!P Vielleicht könnten wir das...,NEEDS_TRANSLATION,,,
gree_pozdrav_m_du_siehst__eBb3,2,69,,siehst; furchtbar; aus; schmutzfink,1.000,1.000,"Du siehst furchtbar aus, du Schmutzfink!","Du siehst furchtbar aus, Schmutzer!",NEEDS_TRANSLATION,,,
npc__muz_samom_heh_heh_ac_2A9E,2,69,,heh; ach; lieber; gott,1.000,1.000,"Heh, heh ... ach, du lieber Gott!","!P Heh, heh... eh du lieber Gott!",NEEDS_TRANSLATION,,,
o_zi_henry_kaj_tumaro_bar_hcY4,2,69,romani,kai; tumaro; baro; balo,1.000,1.000,Kai tumaro baro balo?,!T Kai tumaro baro balo?,NEEDS_TRANSLATION,,,
endi_rozloucen_del_tume_o_Zkjc,2,69,,del; tuke; lachi; rat,1.000,1.000,Mi del o Del tuke lachi rat!,!T Mi del o Del tuke lachi rat!,NEEDS_TRANSLATION,,,
gree_pozdrav_m_bite_sejn__55WF,2,68,,bite; sheyn; vos; makhst,0.800,0.800,"<Yawn>Bite sheyn, vos makhst du?","!P Yawn... Bite šejn, vos machst du?",NEEDS_TRANSLATION,,,
zaka_zakaznik__bring_mir__dNDC,2,68,,bring; mir; wein; bitte,1.000,1.000,"Bring mir Wein, bitte!",Bring mir Wein bitte!,NEEDS_TRANSLATION,,,
gree_pozdrav_m_o_dilino_OFa0,2,68,,devla; kames; vareso; dilino,1.000,1.000,"Devla! Kames vareso, dilino?","!T Devla! Kames vareso, dilino?",NEEDS_TRANSLATION,,,
gree_pozdrav_m_sar_sal_pr_oUG6,2,68,,dikhas; sar; jives; goro,1.000,1.000,"Dikhas! Sar jives, goro?","!T Dikhas! Sar jives, goro?",NEEDS_TRANSLATION,,,
smlo_smlouvani_gut_los_ge_9RMu,2,68,,gut; dann; mal; los,1.000,1.000,"Gut, dann mal los!","!P Gut, los geht's!",NEEDS_TRANSLATION,,,
muz__muz_prona_wir_sind_b_sneT,2,68,,gut; wir; sind; bereit,1.000,1.000,"Gut. Wir sind bereit, Heinrich …",!P Gut. Wir sind bereit Heinrich...,NEEDS_TRANSLATION,,,
muz__muz_prona_wir_sind_b_PugD,2,68,,gut; wir; sind; bereit,1.000,1.000,Gut. Wir sind bereit …,!P Gut. Wir sind bereit...,NEEDS_TRANSLATION,,,
npc__npc_vidi__dej_to_pryc_ugaS,2,68,,steck; die; waffe; weg,1.000,1.000,He! Steck die Waffe weg!,!P Oh! Versteck die Waffe!,NEEDS_TRANSLATION,,,
hosp_hospodsky_hmm_wieder_2FJI,2,68,,hmm; wird; wieder; dunkel,1.000,1.000,Hmm … Es wird wieder dunkel.,Hmm... wieder dunkel werden.,NEEDS_TRANSLATION,,,
odmi_npc_odmit__kames_var_NXsS,2,68,,kames; vareso; bangho; kar,1.000,1.000,"Kames vareso, bangho kar?","!T Kames vareso, bangho kar?",NEEDS_TRANSLATION,,,
gree_pozdrav_m_kaj_dzas_g_g38B,2,68,,kay; djas; goro; rodes,1.000,1.000,"Kay djas, goro? So rodes?","!T Kay djas, goro? So rodes?",NEEDS_TRANSLATION,,,
odmi_npc_odmit_las_mich_b_TMqW,2,68,,las; mikh; bekhor; sotn,1.000,1.000,"Las mikh, bekhor sotn!","Las mich, Bechor sotn!",NEEDS_TRANSLATION,,,
opon_oponent_p_miste_tuke_U08v,2,68,,mishte; tuke; pro; kar,1.000,1.000,Mishte tuke pro kar has!,!T Mishte tuke pro kar has!,NEEDS_TRANSLATION,,,
gree_pozdrav_m_oh_nein_wa_xBOr,2,68,,nein; willst; von; mir,1.000,1.000,Oh nein... Was willst du von mir?,!P Oh nein... Was willst du von mir?,NEEDS_TRANSLATION,,,
gree_pozdrav_z_pal_soste__4hrJ,2,68,,pal; soste; djas; goro,1.000,1.000,"Pal soste djas, goro?","!T Pal soste djas, goro?",NEEDS_TRANSLATION,,,
pozd_npc_zdrav_servus_sar_ddYl,2,68,,servus; sar; tuke; djal,1.000,1.000,Servus! Sar tuke djal?,!T Servus! Sar tuke djal?,NEEDS_TRANSLATION,,,
open_hrac_si_iuste_puniri_T3PG,2,68,,iuste; puniris; nunquam; nocetis,1.000,1.000,"Si iuste puniris, nunquam nocetis!","!P Si iuste puniris, nunquam nocetis!",NEEDS_TRANSLATION,,,
gree_pozdrav_m_so_hin_oda_ucCn,2,68,,hin; oda; dzarali; bul,1.000,1.000,"So hin oda, tu dzarali bul?!","!T So hin oda, tu dzarali bul?!",NEEDS_TRANSLATION,,,
endi_rozloucen_taves_bach_4gyD,2,68,,aves; bakhtalo; lachi; rat,1.000,1.000,Te aves bakhtalo! Lachi rat!,!T Te aves bakhtalo! Lachi rat!,NEEDS_TRANSLATION,,,
endi_rozloucen_taves_nane_GlOF,2,68,,aves; nane; vash; soske,1.000,1.000,Te aves... Nane vash soske!,!T Te aves... Nane vash soske!,NEEDS_TRANSLATION,,,
diva_divak_kom_te_chas_la_krT5,2,68,,khas; tra; dakeri; mindj,1.000,1.000,Te khas tra dakeri mindj!,!T Te khas tra dakeri mindj!,NEEDS_TRANSLATION,,,
gree_pozdrav_m_bist_du_mo_hZCH,2,68,,trinkst; immer; gleich; morgens,1.000,1.000,"Trinkst du immer gleich morgens, Heinrich?","Bist du morgens als erstes betrunken, Heinrich?",NEEDS_TRANSLATION,,,
nech_npc_vyrus_uhmh_pal_s_irfF,2,68,,uhmh; pal; soste; djal,1.000,1.000,"Uhmh, pal soste djal?","!T Uhmh, pal soste djal?",NEEDS_TRANSLATION,,,
gree_obchodnic_wie_wird_e_sieY,2,68,,darf's; heute; morgen; sein,1.000,1.000,Was darf's heute Morgen sein?,Wie wird es heute morgen?,NEEDS_TRANSLATION,,,
endi_rozloucen_dza_devleh_UmFo,2,67,,dja; devleha; baro; shero,1.000,1.000,"Dja Devleha, baro shero!","!T Dja Devleha, baro shero!",NEEDS_TRANSLATION,,,
posl_event_hla_vos_machst_9u2a,2,67,,vos; makhst; ben; zoyne,1.000,1.000,"Vos makhst du, ben zoyne?","!P Vos machst du, Ben zojne?",NEEDS_TRANSLATION,,,
smlo_smlouvani_dzindardi__NbCl,2,66,,djindyardyi; chib; charnyi; godyi,1.000,1.000,"Djindyardyi chib, charnyi godyi!","!T Djindyardyi chib, charnyi godyi!",NEEDS_TRANSLATION,,,
gree_pozdrav_n_du_bist_be_BNvT,2,65,german,bist; betrunken; nicht; wahr,1.000,1.000,"!P Du bist betrunken, nicht wahr?","!P Du bist betrunken, nicht wahr?",NEEDS_TRANSLATION,,,
gree_pozdrav_n_guten_aben_BVdj,2,65,german,guten; abend; mein; freund,1.000,1.000,"!P Guten Abend, mein Freund!","!P Guten Abend, mein Freund!",NEEDS_TRANSLATION,,,
gree_pozdrav_n_mein_gott__Ogf6,2,65,german,mein; gott; willst; schurke,1.000,1.000,!P Mein Gott! Was willst du Schurke?!,!P Mein Gott! Was willst du Schurke?!,NEEDS_TRANSLATION,,,
gree_pozdrav_n_servus_her_ZZYI,2,65,german,servus; herr; kleine; flasche,1.000,1.000,"!P Servus, Herr kleine Flasche!","!P Servus, Herr kleine Flasche!",NEEDS_TRANSLATION,,,
npc__npc_si_za_ah_ich_bra_Svmn,2,65,german,ich; brauche; eine; bandage,1.000,1.000,"Ah, Ich brauche eine Bandage.","Ah, Ich brauche eine Bandage.",NEEDS_TRANSLATION,,,
situ_situace_p_gott_sieht_AtrJ,2,65,german,gott; sieht; dich; schurke,1.000,1.000,Gott sieht dich! Schurke!,Gott sieht dich! Schurke!,NEEDS_TRANSLATION,,,
pozd_uctivy_po_gru_gott_m_4JK4,2,65,german,grüss; gott; mein; herr,1.000,1.000,"Grüß Gott, mein Herr!","Grüß Gott, mein Herr!",NEEDS_TRANSLATION,,,
gree_pozdrav_m_guten_morg_fl5q,2,65,german,guten; morgen; mein; freund,1.000,1.000,"Guten Morgen, mein Freund!","Guten Morgen, mein Freund!",NEEDS_TRANSLATION,,,
priv_obchodnic_guten_tag__vq3T,2,65,german,guten; tag; mein; freund,1.000,1.000,"Guten Tag, mein Freund!","Guten Tag, mein Freund!",NEEDS_TRANSLATION,,,
pozd_uctivy_po_guten_tag__9jVS,2,65,german,guten; tag; mein; herr,1.000,1.000,"Guten Tag, mein Herr!","Guten Tag, mein Herr!",NEEDS_TRANSLATION,,,
gree_pozdrav_m_herzlich_w_otxS,2,65,german,herzlich; willkommen; mein; herr,1.000,1.000,"Herzlich willkommen, mein Herr!","Herzlich willkommen, mein Herr!",NEEDS_TRANSLATION,,,
comb_hejtman_f_hm_ale_jo__hfqM,2,65,german,hmm; aber; warum; nicht,0.750,1.000,"Hmm … Aber ja, warum nicht?","!P Hmm... Aber ja, warum nicht?",NEEDS_TRANSLATION,,,
idle_taras_mlu_terribilis_BJ8i,2,65,latin,terribilis; deus; sanctuario; suo,1.000,1.000,Terribilis Deus de sanctuario suo.,Terribilis Deus de sanctuario suo.,NEEDS_TRANSLATION,,,
gree_obchodnic_wie_gehts__lQfK,2,65,german,wie; geht's; mein; herr,1.000,1.000,"Wie geht's, mein Herr?","Wie geht's, mein Herr?",NEEDS_TRANSLATION,,,
free_obet_reag_hej_das_wa_r6sJ,2,64,german,hey; das; war; knapp,0.750,1.000,Hey! Das war knapp!,Hey! Das war zu nah!,NEEDS_TRANSLATION,,,
npc__npc_bezi__hoj_tuke_o_2ajd,2,64,,hoy; tuke; kar; banjol,0.750,1.000,Hoy tuke o kar te banjol!,!T Hoy tuke o kar te banjo!!,NEEDS_TRANSLATION,,,
brab_ptacek_re_co_to_do_t_ws1P,2,64,,vous; avez; perdu; tête,1.000,1.000,Vous avez perdu la tête ?,Are you out of your mind?,NEEDS_TRANSLATION,,,
gree_pozdrav_n_guten_morg_viQ2,2,63,,willst; heute; morgen; mann,1.000,1.000,"!P Was willst du heute Morgen, Mann?","!P Was willst du heute Morgen, Mann?",NEEDS_TRANSLATION,,,
gree_pozdrav_m_bachtali_d_uNL0,2,63,,bachtáli; detehárin; sar; sal,1.000,1.000,Bachtáli detehárin! Sar sal?,,NEEDS_TRANSLATION,,,
situ_situace_p_ja_die_ger_suEj,2,63,,die; gerechtigkeit; muss; siegen,1.000,1.000,"Ja, die Gerechtigkeit muss siegen!","Ja, die Gerechtigkeit muss siegen!",NEEDS_TRANSLATION,,,
gree_pozdrav_m_laso_dejs__WMJi,2,63,,lášo; dějs; del; dejl,1.000,1.000,Lášo dějs te del o Dejl!,,NEEDS_TRANSLATION,,,
mari_marika_kaj_tuke_o_ka_1BzX,2,62,,kai; tuke; kar; kirnyol,1.000,1.000,Kai tuke o kar te kirnyol!,Kai tuke o kar te kirnyol!,NEEDS_TRANSLATION,,,
odmi_npc_neakc_halt_deine_SMWH,2,60,czech; slovak,halt; den; mund,1.000,1.000,Halt den Mund!,Halt deinen Mund!,NEEDS_TRANSLATION,,,
hosp_hospodsky_bier_ist_e_CTF8,2,59,german,bier; ist; einfach,1.000,1.000,Bier ist einfach Bier.,!P Bier ist einfach Bier.,NEEDS_TRANSLATION,,,
nase_nasel_ztr_ah_gut_jet_BIUf,2,58,german,gut; ist; doch,1.000,1.000,"Ah, gut! Da ist es doch.",Ah gut! Jetzt geht's los.,NEEDS_TRANSLATION,,,
npc__muz_samom_eh_scheiss_og2G,2,58,german,scheisse; ist; kalt,1.000,1.000,"Ah, Scheiße! Es ist kalt!","!P Eh, Scheisse. Des ist Kalt!",NEEDS_TRANSLATION,,,
endi_rozloucen_auf_wieder_r4eI,2,58,german,auf; wiedersehen; mann,1.000,1.000,"Auf Wiedersehen, Mann.","!P Auf Wiedersehen, Mann.",NEEDS_TRANSLATION,,,
pozd_pozdrav_j_meine_klei_m8TS,2,58,german,besuche; mich; später,1.000,1.000,Besuche mich später.,!P Besuche mich später.,NEEDS_TRANSLATION,,,
laze_lazebnice_entschuldi_1zgF,2,58,german,entschuldige; mein; freund,1.000,1.000,"Entschuldige, mein Freund …","Entschuldigung, mein Freund...",NEEDS_TRANSLATION,,,
gree_pozdrav_n_gruss_gott_O07K,2,58,german,grüss; gott; freund,1.000,1.000,"Grüß Gott, Freund!","!P Grüss Gott, Mann!",NEEDS_TRANSLATION,,,
muz__hospodsky_hm_das_ble_NtQM,2,58,german,das; bleibt; abzuwarten,1.000,1.000,"Hm, das bleibt abzuwarten.","!P Hm, das bleibt abzuwarten.",NEEDS_TRANSLATION,,,
kuma_npc_bezi__kde_kurva__HwqS,2,58,hungarian,hol; faszban; vagy,1.000,1.000,Hol a faszban vagy?!,Where the fuck is everyone?!,NEEDS_TRANSLATION,,,
prot_protivnik_staci_konc_ZJKA,2,58,german,ich; gebe; auf,1.000,1.000,Ich gebe auf!,!P Ich gebe auf!,NEEDS_TRANSLATION,,,
smlo_smlouvani_ja_das_ist_6DXx,2,58,german,das; ist; gut,1.000,1.000,"Ja, das ist gut.","!P Ja, das ist gut.",NEEDS_TRANSLATION,,,
muz__hospodsky_ja_naturli_tXxh,2,58,german,natürlich; mein; herr,1.000,1.000,"Ja, natürlich mein Herr.","!P Ja, natürlich mein Herr.",NEEDS_TRANSLATION,,,
odmi_npc_neakc_leck_mich__jmy0,2,58,german,leck; mich; arsch,1.000,1.000,Leck mich am Arsch!,!P Leck mich am Arsch!,NEEDS_TRANSLATION,,,
muz__hospodsky_nein_nicht_l18q,2,58,german,nein; nichts; dergleichen,1.000,1.000,"Nein, nichts dergleichen!","!P Nein, nichts dergleichen!",NEEDS_TRANSLATION,,,
bezn_npc_reagu_o_devla_so_sCQc,2,58,yiddish_hebrew,devla; hin; oda,1.000,1.000,Oy Devla! So hin oda?,!T Oy Devla! So hin oda?,NEEDS_TRANSLATION,,,
priv_obchodnic_wahl_einfa_jSbx,2,58,german,such; dir; aus,1.000,1.000,Such dir was aus …,Wähl einfach...,NEEDS_TRANSLATION,,,
endi_rozloucen_tschuss_me_QbOF,2,58,german,tschüss; mein; freund,1.000,1.000,"Tschüss, mein Freund!","!P Tschuss, mein Freund!",NEEDS_TRANSLATION,,,
muz__muz_prona_verzeihung_L1RW,2,58,german,verzeihung; mein; herr,1.000,1.000,"Verzeihung, mein Herr.","!P Verzeihung, mein Herr.",NEEDS_TRANSLATION,,,
gree_pozdrav_z_vos_machst_dz7B,2,58,german,vos; ist; los,1.000,1.000,Vos ist los?,Was ist los?,NEEDS_TRANSLATION,,,
npc__muz_samom_es_ist_die_IINc,2,58,german,für; eine; nacht,1.000,1.000,Was für eine Nacht ...,"!P Eh, Es ist die Nacht...",NEEDS_TRANSLATION,,,
gree_pozdrav_m_was_ist_los_km3Z,2,58,german,ist; los; fremder,1.000,1.000,"Was ist los, Fremder?","Was ist los, du Fremder?",NEEDS_TRANSLATION,,,
gree_obchodnic_was_mochte_U4AJ,2,58,german,möchtest; mein; freund,1.000,1.000,"Was möchtest du, mein Freund?","Was möchten Sie, mein Freund?",NEEDS_TRANSLATION,,,
gree_obchodnic_was_mochte_I2R2,2,58,german,möchtest; mein; herr,1.000,1.000,"Was möchtest du, mein Herr?","Was möchten Sie, mein Herr?",NEEDS_TRANSLATION,,,
muz__muz_prona_das_gibt_e_kuVI,2,57,german,auf; keinen; fall,1.000,1.000,Auf keinen Fall!,!P Das gibt es nicht!,NEEDS_TRANSLATION,,,
pes__npc_reagu_las_mich_l_H1jX,2,57,,las; mikh; khamer,1.000,1.000,"Las mikh! Las mikh, khamer!","Las mich! Las mich, chamr!",NEEDS_TRANSLATION,,,
pes__npc_reagu__sar_tut_v_3uJO,2,56,,sar; tut; vichines,1.000,1.000,... Sar tut vichines?,!T ... Sar tut vichines?,NEEDS_TRANSLATION,,,
hrac_npc_probu_uh_vos_mac_QDSp,2,56,,aaah; vos; makhst,1.000,1.000,Aaah… vos makhst du?,Aaah… vos machst du?,NEEDS_TRANSLATION,,,
smlo_smlouvani_borur_mir__3O0h,2,56,,borur; mir; komen,1.000,1.000,Borur! Mir komen.,!P Borur! Mir komen.,NEEDS_TRANSLATION,,,
endi_rozloucen_but_bacht__JHF3,2,56,,bakht; sastyipen; goro,1.000,1.000,"But bakht, sastyipen, goro!","But bacht, sasťipen, goro!",NEEDS_TRANSLATION,,,
diva_divak_bar_dilino_dil_Y7uS,2,56,,dilino; dilinyi; goy,1.000,1.000,Dilino! Dilinyi goy!,!T Dilino! Dilinyi goy!,NEEDS_TRANSLATION,,,
pes__npc_reagu_du_biest_l_UGA2,2,56,,biest; los; hau,1.000,1.000,"Du Biest! Los, hau ab!","Du Biest! Los, Geh raus!",NEEDS_TRANSLATION,,,
pes__npc_reagu_eh_pejres__fs0x,2,56,,peyresh; vos; glots,1.000,1.000,"Eh, peyresh! Vos glots du?","Eh, Pejresh! Vos glots du?",NEEDS_TRANSLATION,,,
gree_pozdrav_m_eh_las_mic_TNPZ,2,56,,las; mikh; mamzer,1.000,1.000,"Eh... las mikh, mamzer.","!P Eh... las mich, Mamzer.",NEEDS_TRANSLATION,,,
gree_pozdrav_m_eh_vos_glo_ByI9,2,56,,vos; glots; khamer,1.000,1.000,"Eh... Vos glots du, khamer?","!P Eh... Vos glots du, chamr?",NEEDS_TRANSLATION,,,
hosp_hospodyne_es_ist_nic_QG8t,2,56,,fehlt; etwas; salz,1.000,1.000,Es fehlt etwas Salz.,!P Es ist nicht salzig.,NEEDS_TRANSLATION,,,
muz__muz_prona_gut_kein_p_uRbP,2,56,,gut; kein; problem,1.000,1.000,"Gut, kein Problem.","!P Gut, kein Problem.",NEEDS_TRANSLATION,,,
smlo_smlouvani_gut_versuc_3GRb,2,56,,gut; versuchen; wir's,1.000,1.000,"Gut, versuchen wir’s.","!P Gut, versuchen wir es.",NEEDS_TRANSLATION,,,
gree_pozdrav_m_guten_tag__TQK0,2,56,,guten; tag; brauchst,1.000,1.000,Guten Tag! Was brauchst du?,Guten Tag! Was du brauchst?,NEEDS_TRANSLATION,,,
nech_npc_vyrus_hmm_soste__wG2W,2,56,,hmm; oda; hin,1.000,1.000,"Hmm, so oda hin?","!T Hmm, so oda hin?",NEEDS_TRANSLATION,,,
nech_npc_vyrus_uhmh_las_m_fCQf,2,56,,hrrrmm; las; mikh,1.000,1.000,"Hrrrmm, las mikh...","Uhmh, las mich...",NEEDS_TRANSLATION,,,
gree_pozdrav_m_kames_vare_8F0y,2,56,,kames; vareso; dilino,1.000,1.000,"Kames vareso, dilino?!","!T Kames vareso, dilino?!",NEEDS_TRANSLATION,,,
gree_pozdrav_m_kames_vare_KM8q,2,56,,kames; vareso; goro,1.000,1.000,"Kames vareso, goro?","!T Kames vareso, goro?",NEEDS_TRANSLATION,,,
npc__npc_vidi__chas_tu_mi_CrrE,2,56,,khas; miro; kar,1.000,1.000,Khas tu miro kar!,!T Khas tu miri bul!,NEEDS_TRANSLATION,,,
smlo_smlouvani_masa_umata_7FNu,2,56,,masa; u-matan; tov,1.000,1.000,Masa u-matan tov...,!P Masa u-matan tov...,NEEDS_TRANSLATION,,,
npc__npc_utika_nein_schei_XEwm,2,56,,nein; scheiss; drauf,1.000,1.000,"Nein, scheiß drauf.","!P Nein, Scheiss drauf.",NEEDS_TRANSLATION,,,
smlo_smlouvani_nein_das_n_ULyO,2,56,,nein; bestimmt; nicht,1.000,1.000,"Nein, so bestimmt nicht.","!P Nein, das nicht, Mann.",NEEDS_TRANSLATION,,,
tahn_cikan_muz_s_0sFX,2,56,,kar; tut; tashlyiarel,1.000,1.000,O kar tut te tashlyiarel!,O kar tut te tashľarel!,NEEDS_TRANSLATION,,,
smlo_smlouvani_oh_nein_vi_jJgv,2,56,,nein; vielen; dank,1.000,1.000,"Oh, nein, vielen Dank.","!P Oh, nein, vielen Dank.",NEEDS_TRANSLATION,,,
okol_npc_reagu_fuj_to_byl_z8wS,2,56,,p-hu; oda; tang,1.000,1.000,"P-hu, oda has tang!","!T P-hu, oda has tang!",NEEDS_TRANSLATION,,,
smlo_smlouvani_sap_sapes__JYS5,2,56,,sap; sapes; benginyarel,1.000,1.000,Sap sapes na benginyarel...,!T Sap sapes na benginyarel...,NEEDS_TRANSLATION,,,
gree_pozdrav_m_kaj_dzas_xbqQ,2,56,,sar; jives; goro,1.000,1.000,"Sar jives, goro?","!T Sar jives, goro?",NEEDS_TRANSLATION,,,
ph_j_brabant_scusi_mi_son_tApF,2,56,,scusi; sono; perso,1.000,1.000,Scusi! Mi sono perso.,!P Scusi! Mi sono perso.,NEEDS_TRANSLATION,,,
ph_j_brabant_dlouha_uplne_H76O,2,56,,sei; proprio; baccalá,1.000,1.000,Sei proprio un baccalá!,!P Sei proprio un baccalá!,NEEDS_TRANSLATION,,,
gree_pozdrav_n_servus_mann_Ac7v,2,56,,servus; guter; mann,1.000,1.000,"Servus, guter Mann!","!P Servus, Mann!",NEEDS_TRANSLATION,,,
open_hrac_sine_ira_et_stu_JVTH,2,56,,sine; ira; studio,1.000,1.000,Sine ira et studio...,!P Sine ira et studio...,NEEDS_TRANSLATION,,,
smlo_smlouvani_so_hin_oda_Sg1y,2,56,,hin; oda; gadjo,1.000,1.000,"So hin oda, gadjo?","!T So hin oda, gadjo?",NEEDS_TRANSLATION,,,
open_hrac_suum_cuique_tri_n6wh,2,56,,suum; cuique; tribue,1.000,1.000,Suum cuique tribue!,!P Suum cuique tribue!,NEEDS_TRANSLATION,,,
pozd_sousedsky_the_tuke_FNvc,2,56,,mishtes; t-he; namishtes,1.000,1.000,Ta mishtes t-he namishtes.,!T Ta mishtes t-he namishtes.,NEEDS_TRANSLATION,,,
endi_rozloucen_taves_bach_RNfG,2,56,,aves; bakhtalo; more,1.000,1.000,"Te aves bakhtalo, more!","!T Te aves bakhtalo, more!",NEEDS_TRANSLATION,,,
nech_npc_vyrus_uhh_wohin__c0C2,2,56,,uhh; wohin; gehst,1.000,1.000,"Uhh, wohin gehst du?","!P Uhh, wohin gehst du?",NEEDS_TRANSLATION,,,
pes__npc_reagu_vos_glots__B0na,2,56,,vos; glots; fraynd,1.000,1.000,"Vos glots du, fraynd?","Vos glots du, Frajnd?",NEEDS_TRANSLATION,,,
gree_pozdrav_m_vos_machst_zI6c,2,56,,vos; makhst; fraynd,1.000,1.000,"Vos makhst du, fraynd?","!P Vos machst du, Frajnd?",NEEDS_TRANSLATION,,,
odmi_npc_odmit_vos_machst_Zwro,2,56,,vos; makhst; khazer,1.000,1.000,"Vos makhst du, khazer?","Vos machst du, Chazer?",NEEDS_TRANSLATION,,,
smlo_smlouvani_vos_machst_n9dg,2,56,,vos; makhst; khazer,1.000,1.000,"Vos makhst du, khazer?!","!P Vos machst du, chazer?!",NEEDS_TRANSLATION,,,
gree_pozdrav_m_was_ist_lo_80QB,2,56,,soll; das; strolch,1.000,1.000,"Was soll das, du Strolch?!","Was ist los, du Strolch?!",NEEDS_TRANSLATION,,,
smlo_smlouvani_was_machst_BkR3,2,56,,soll; das; mann,1.000,1.000,"Was soll das, Mann?","!P Was machst du, Mann?",NEEDS_TRANSLATION,,,
smlo_smlouvani_was_denken_NOfC,2,56,,wofür; hältst; mich,1.000,1.000,Wofür hältst du mich?,!P Was denken Sie von mir?,NEEDS_TRANSLATION,,,
smlo_smlouvani_prachtvoll_T3af,2,56,,wunderbar; danke; schön,1.000,1.000,Wunderbar! Danke schön!,!P Prachtvoll! Danke schön.,NEEDS_TRANSLATION,,,
gree_pozdrav_m_bachtali_d_KSEP,2,55,,dikhen; lacho; dives,1.000,1.000,Dikhen! Lacho dives.,!T Dikhen! Lacho dives.,NEEDS_TRANSLATION,,,
pozd_npc_zdrav_kaj_dzas_m_N3uw,2,55,,kay; djas; more,1.000,1.000,"Kay djas, more?","!T Kay djas, more?",NEEDS_TRANSLATION,,,
gree_obchodnik_bite_sejn_HlW1,2,55,,komen; vir; fraynd,1.000,1.000,"Komen vir, fraynd!","Kommen vir, fraynd!",NEEDS_TRANSLATION,,,
pozd_npc_zdrav_lacho_dive_j77X,2,55,,lacho; dyives; gadjo,1.000,1.000,"Lacho dyives, gadjo!","!T Lacho dyives, gadjo!",NEEDS_TRANSLATION,,,
muz__muz_prona_niemals_ra_EvVJ,2,55,,niemals; raus; hier,1.000,1.000,Niemals! Raus hier!,!P Niemals! Raus hier!,NEEDS_TRANSLATION,,,
gree_pozdrav_z_mazel_tov__WK72,2,55,,zay; gezunt; fraynd,1.000,1.000,"Zay gezunt, fraynd!","Mazl tov, fraynd!",NEEDS_TRANSLATION,,,
smlo_smlouvani_mistes_gad_fyxt,2,54,,mishtes; gadjo; ketsi,1.000,1.000,Mishtes gadjo! Ketsi?,!T Mishtes gadjo! ketsi?,NEEDS_TRANSLATION,,,
gree_obchodnic_was_wunsch_x0F1,2,54,german,wünschst; mein; freund,0.667,1.000,"Was wünschst du, mein Freund?","Was wünscht du, mein Freund?",NEEDS_TRANSLATION,,,
gree_pozdrav_n_es_ist_nac_uY0B,2,53,german,ist; nacht; mann,1.000,1.000,"!P Es ist Nacht, Mann!","!P Es ist Nacht, Mann!",NEEDS_TRANSLATION,,,
gree_pozdrav_n_servus_mei_5aYE,2,53,german,servus; mein; freund,1.000,1.000,"!P Servus, mein Freund!","!P Servus, mein Freund!",NEEDS_TRANSLATION,,,
gree_pozdrav_n_was_ist_lo_QFWO,2,53,german,ist; los; strolch,1.000,1.000,"!P Was ist los, du Strolch?!","!P Was ist los, du Strolch?!",NEEDS_TRANSLATION,,,
odmi_npc_odmit__ich_fajfe_QvSB,2,53,,ikh; fayfe; daroyf,1.000,1.000,... Ikh fayfe daroyf.,... Ich fajfe darojf.,NEEDS_TRANSLATION,,,
assa_pratelske_doprdele_s_mpY8,2,53,,dja; andre; bul,1.000,1.000,Dja andre bul!,!T Dja andre bul!,NEEDS_TRANSLATION,,,
reme_remeslnik_aaah_borec_I6xy,2,53,,ikh; fayfe; daroyf,1.000,1.000,"Eh, ikh fayfe daroyf!","!P Eh, Ich fajfe darojf!",NEEDS_TRANSLATION,,,
gree_pozdrav_m_willkommen_KJnB,2,53,german,grüss; gott; willst,1.000,1.000,Grüß Gott! Was willst du?,Grüss Gott! Was willst du?,NEEDS_TRANSLATION,,,
posl_event_hla_chasoch_sf_bqvl,2,53,,khashokh; sfoseykha; khamer,1.000,1.000,"Khashokh sfoseykha, khamer!","!P Chashoch sfosejcha, Chamr!",NEEDS_TRANSLATION,,,
priv_obchodnic_servus_mei_5NRX,2,53,german,servus; mein; freund,1.000,1.000,"Servus, mein Freund!","Servus, mein Freund!",NEEDS_TRANSLATION,,,
endi_rozloucen_salom_alej_cSlX,2,53,,sholem; aleykhem; fraynd,1.000,1.000,"Sholem aleykhem, fraynd!","!P Shalom alejchem, Fraynd!",NEEDS_TRANSLATION,,,
gree_pozdrav_m_was_ist_lo_B0cx,2,53,german,ist; los; dreckskerl,1.000,1.000,"Was ist los, du Dreckskerl?","Was ist los, du Dreckskerl?",NEEDS_TRANSLATION,,,
dlc2_pozdrav_m_gruss_gott_48YB,2,52,german,grüss; gott; meister,1.000,1.000,"Grüß Gott, Meister Heinrich!","Grüss Gott, Meister Heinrich!",NEEDS_TRANSLATION,,,
gree_pozdrav_m_ziiiv_so_r_ULbg,2,52,,yawn; rodes; goro,0.667,1.000,"Yawn... So rodes, goro?","!T Yawn... So rodes, goro?",NEEDS_TRANSLATION,,,
gree_pozdrav_n_guten_morg_D5K5,2,51,,guten; morgen; mann,1.000,1.000,"!P Guten Morgen, Mann!","!P Guten Morgen, Mann!",NEEDS_TRANSLATION,,,
gree_pozdrav_n_was_willst_6I7y,2,51,,willst; von; mir,1.000,1.000,!P Was willst du von mir?,!P Was willst du von mir?,NEEDS_TRANSLATION,,,
pozd_npc_zdrav_gelobt_sei_hMsh,2,51,,gelobt; sei; jesus,1.000,1.000,Gelobt sei Jesus!,Gelobt sei Jesus!,NEEDS_TRANSLATION,,,
situ_situace_p_igitt_du_v_9aYu,2,51,,igitt; verdammter; bastard,1.000,1.000,Igitt! Du verdammter Bastard!,Igitt! Du verdammter Bastard!,NEEDS_TRANSLATION,,,
pozd_npc_zdrav_lob_sei_go_SVY8,2,51,,lob; sei; gott,1.000,1.000,Lob sei Gott!,Lob sei Gott!,NEEDS_TRANSLATION,,,
dark_event_tab_mire_akars_0j2b,2,51,,mire; akarsz; kilyukadni,1.000,1.000,Mire akarsz kilyukadni?,Mire akarsz kilyukadni?,NEEDS_TRANSLATION,,,
gree_pozdrav_m_pal_soste__LQty,2,51,,pal; soste; džal,1.000,1.000,Pal soste džal?,,NEEDS_TRANSLATION,,,
priv_obchodnic_verdammter_uctF,2,51,,verdammter; regen; oder,1.000,1.000,"Verdammter Regen, oder?","Verdammter Regen, oder?",NEEDS_TRANSLATION,,,
idle_kuman_mlu_vem_te_yab_WxVD,2,51,,vigyen; yabash; han,1.000,1.000,Vigyen el Yabash Han!,Vigyen el Yabash Han!,NEEDS_TRANSLATION,,,
gree_obchodnic_was_willst_WUCt,2,51,,willst; von; mir,1.000,1.000,Was willst du von mir?!,Was willst du von mir?!,NEEDS_TRANSLATION,,,
pozd_npc_zdrav_wie_geht_e_Cob2,2,51,,wie; geht; dir,1.000,1.000,Wie geht es dir?,Wie geht es dir?,NEEDS_TRANSLATION,,,
diva_divak_kom_andre_bul__OpDa,2,50,,andre; bul; džas,1.000,1.000,Andre bul te džas!,,NEEDS_TRANSLATION,,,
lamp_lamprecht_praga_capu_oGKP,2,50,,praga; caput; regni,1.000,1.000,Praga caput regni!,Praga caput regni!,NEEDS_TRANSLATION,,,
vrac_farar_ant_scientia_e_6hjw,2,50,,scientia; est; potentia,1.000,1.000,Scientia est potentia.,Scientia est potentia.,NEEDS_TRANSLATION,,,
diva_divak_kom_no_to_me_p_4psF,2,49,,well; i'll; damned,1.000,1.000,Well I'll be damned!,Well I'll be damned!,NEEDS_TRANSLATION,,,
inga_bohuta_pl_christe_el_h83H,2,46,latin,christe; eleison,1.000,1.000,Christe eleison.,!P Christe eleison.,NEEDS_TRANSLATION,,,
endi_rozloucen_eh_wieders_S440,2,46,german,auf; wiedersehen,1.000,1.000,"Eh, auf Wiedersehen …","!P Eh, Wiedersehen...",NEEDS_TRANSLATION,,,
gree_pozdrav_n_gruss_gott_STTM,2,46,german,grüss; gott,1.000,1.000,"Grüß Gott, Heinrich!","!P Grüss Gott, Heinrich!",NEEDS_TRANSLATION,,,
gree_pozdrav_m_gut_margn_h4P5,2,46,german,gut; margn,1.000,1.000,Gut margn!,!P Gut margn!,NEEDS_TRANSLATION,,,
gree_pozdrav_m_gut_margn_681O,2,46,german,gut; morgn,1.000,1.000,Gut morgn!,!P Gut margn!,NEEDS_TRANSLATION,,,
muz__hospodsky_ja_warum_n_0BZM,2,46,german,warum; nicht,1.000,1.000,"Ja, warum nicht?","!P Ja, warum nicht?",NEEDS_TRANSLATION,,,
pozd_uctivy_po_brauchen_s_laKY,2,46,german,mein; herr,1.000,1.000,Mein Herr?,!P Mein Herr?,NEEDS_TRANSLATION,,,
npc__npc_si_za_verdammtes_PeNn,2,46,german,verdammte; blutung,1.000,1.000,Verdammte Blutung …,!P Verdammtes Blut...,NEEDS_TRANSLATION,,,
gree_pozdrav_n_was_ist_los_LpB0,2,46,german,ist; los,1.000,1.000,Was ist los?!,!P Was ist los?!,NEEDS_TRANSLATION,,,
zazn_zaznamena_wo_ist_er__JfCm,2,46,german,ist; denn,1.000,1.000,Wo ist es denn?,Wo ist er noch mal?,NEEDS_TRANSLATION,,,
dial_bohuta_pl_da_deus_fo_NvhZ,2,45,latin,deus; fortunae,1.000,1.000,Da Deus Fortunae.,!P Da Deus Fortunae.,NEEDS_TRANSLATION,,,
endi_rozloucen_dza_more_d_qhWU,2,45,,dja; more,1.000,1.000,"Dja, more, dja...","!T Dja, more, dja...",NEEDS_TRANSLATION,,,
hrac_npc_probu_eh_was_ist_AyWw,2,45,german,ist; das,1.000,1.000,He? Was ist das?,!P He? Was ist das?,NEEDS_TRANSLATION,,,
gree_pozdrav_m_mazel_tov_F73e,2,45,yiddish_hebrew,mazel; tov,1.000,1.000,Mazel tov!,!P Mazel tov!,NEEDS_TRANSLATION,,,
opon_oponent_p_mistes_gad_2Q6h,2,45,,mishtes; gadjo,1.000,1.000,"Mishtes, gadjo, mishtes…","!T Mishtes, gadjo, mishtes…",NEEDS_TRANSLATION,,,
ph_b_brabant_madonna_mia_DVwG,2,45,french,mon; dieu,1.000,1.000,Mon dieu !,!P Mon dieu!,NEEDS_TRANSLATION,,,
npc__npc_vidi__oh_mein_go_Azwk,2,45,german,mein; gott,1.000,1.000,"Oh, mein Gott!","!P Oh, mein Gott!",NEEDS_TRANSLATION,,,
gree_pozdrav_m_solem_vo_i_fVVI,2,45,,vos; los,1.000,1.000,"Oy, oy! Vos is los?","!P Oy, oy! Vo is los?",NEEDS_TRANSLATION,,,
gree_pozdrav_m_vo_ist_los_SjNP,2,45,german,ist; los,1.000,1.000,Vo ist los?,!P Vo ist los?,NEEDS_TRANSLATION,,,
smlo_smlouvani_was_machst_BbWs,2,45,,machst; schurke,1.000,1.000,"Was machst du da, du Schurke?","!P Was machst du da, du Schurke?",NEEDS_TRANSLATION,,,
posl_event_hla_was_redest_Nwf3,2,45,,redest; narr,1.000,1.000,"Was redest du da, du Narr?!","!P Was redest du da, du Narr?!",NEEDS_TRANSLATION,,,
gree_obchodnic_was_willst_LhPJ,2,45,,willst; säufer,1.000,1.000,"Was willst du, du Säufer?!","Was willst du, betrunken?!",NEEDS_TRANSLATION,,,
kost_kibic_fac_o_devla_mi_8dxm,2,44,,devla; miro,1.000,1.000,!P O Devla miro!,O Devla miro!,NEEDS_TRANSLATION,,,
rozl_rozloucen_lehitraot_aFse,2,44,,gutn; tog,1.000,1.000,A gutn tog.,!P Lehitraot.,NEEDS_TRANSLATION,,,
npc__muz_samom_ach_du_lie_dzZu,2,44,,lieber; gott,1.000,1.000,"Ah, du lieber Gott!","!P Ah, du lieber Gott!",NEEDS_TRANSLATION,,,
endi_rozloucen_bis_bald_h_4gfV,2,44,,bis; bald,1.000,1.000,"Bis bald, Heinrich!","!P Bis bald, Heinrich!",NEEDS_TRANSLATION,,,
gree_obchodnik_bite_sejn_XL7p,2,44,,bite; sheyn,1.000,1.000,Bite sheyn…,Bite shein…,NEEDS_TRANSLATION,,,
nech_npc_vyrus_nech_me_lqeA,2,44,,man; smirom,1.000,1.000,De man smirom…,!T De man smirom…,NEEDS_TRANSLATION,,,
assa_pratelske_zesilels_qfRC,2,44,,dilino; sal,1.000,1.000,Dilino sal?,!T Dilino sal?,NEEDS_TRANSLATION,,,
nech_npc_vyrus_jdi_si_po__1STx,2,44,,dja; het,1.000,1.000,Dja het…,!T Dja het…,NEEDS_TRANSLATION,,,
hosp_hospodsky_eh_so_komm_8bzM,2,44,,mir; komen,1.000,1.000,"Eh so, mir komen...","!P Eh so, Mir komen...",NEEDS_TRANSLATION,,,
smlo_smlouvani_borur_fraj_gvc6,2,44,,epes; fraynd,1.000,1.000,"Epes, fraynd...","!P Epes, Fraynd...",NEEDS_TRANSLATION,,,
gree_pozdrav_n_guten_morg_6Alj,2,44,,guten; morgen,1.000,1.000,Guten Morgen …,!P Guten Morgen...,NEEDS_TRANSLATION,,,
gree_pozdrav_z_gut_margn_RUbr,2,44,,gutn; morgn,1.000,1.000,Gutn morgn!,Gut margn!,NEEDS_TRANSLATION,,,
npc__kuman_cri_jses_mrtvej_qz13,2,44,,halott; vagy,1.000,1.000,Halott vagy!,You're a dead man!,NEEDS_TRANSLATION,,,
nepr_soldier_k_hey_schlam_dceO,2,44,,arschloch; los,1.000,1.000,"He, Arschloch! Na los!","!P Hey, Schlampe! Na los!",NEEDS_TRANSLATION,,,
odmi_npc_odmit_hm_genau_V1rm,2,44,german,genau; mann,1.000,1.000,"Hm, genau, Mann ...","Hm, genau Mann...",NEEDS_TRANSLATION,,,
hrac_npc_probu_oh_so_rode_Synr,2,44,,keres; goro,1.000,1.000,"Hm? So keres, goro?","!T Hm? So keres, goro?",NEEDS_TRANSLATION,,,
assa_npc_vidi__prestan_s__2iZA,2,44,,hör; auf,1.000,1.000,Hör auf!,!P Hört auf!,NEEDS_TRANSLATION,,,
rozl_rozloucen_jo_kesobb__9x3h,2,44,,később; találkozunk,1.000,1.000,"Jó, később találkozunk.","!P Jó, később találkozunk",NEEDS_TRANSLATION,,,
gree_pozdrav_m_kames_vare_CKEw,2,44,,kames; vareso,1.000,1.000,"Kames vareso, Henry?","!T Kames vareso, Henry?",NEEDS_TRANSLATION,,,
npc__kuman_cri_zasrana_sv_arwm,2,44,,kibaszott; szemétláda,1.000,1.000,Kibaszott szemétláda!,Fucking bastard!,NEEDS_TRANSLATION,,,
odmi_npc_odmit_chasoch_sf_V9bp,2,44,,las; mikh,1.000,1.000,Las mikh!,Las mich!,NEEDS_TRANSLATION,,,
ph_j_brabant_molte_grazie_MAc1,2,44,,molte; grazie,1.000,1.000,Molte grazie!,!P Molte grazie!,NEEDS_TRANSLATION,,,
rozl_rozloucen_o_del_tuha_FrgD,2,44,,del; tuha,1.000,1.000,O del tuha!,!P O del tuha!,NEEDS_TRANSLATION,,,
npc__npc_bezi__straze_zas_X2bT,2,44,,devla; miro,1.000,1.000,O Devla miro...,!T O Devla miro...,NEEDS_TRANSLATION,,,
pes__npc_reagu_oh_was_ist_BU6X,2,44,german,ist; los,1.000,1.000,Oh! Was ist los?,"Oh, Was ist los?",NEEDS_TRANSLATION,,,
npc__npc_vidi__fajf_daroj_btoQ,2,44,,vos; makhst,1.000,1.000,"Oy, vos makhst du?","Oy, Vos machst du?",NEEDS_TRANSLATION,,,
gree_pozdrav_m_so_kerehas_zIgu,2,44,,kerehas; goro,1.000,1.000,"So kerehas, goro?","!T So kerehas, goro?",NEEDS_TRANSLATION,,,
npc__npc_neroz_co_to_bylo_DgRH,2,44,,soda; sas,1.000,1.000,Soda sas?,!T Soda sas?,NEEDS_TRANSLATION,,,
assa_pratelske_co_se_tu_v_1Mkb,2,44,,keres; dilino,1.000,1.000,"Ta so keres, dilino?","!T Ta so keres, dilino?",NEEDS_TRANSLATION,,,
smlo_smlouvani_uf_laches__5ryP,2,44,,laches; gadjo,1.000,1.000,"Uf... laches, gadjo.","!T Uf... laches, gadjo.",NEEDS_TRANSLATION,,,
endi_rozloucen_viel_erfol_WlUm,2,44,,viel; erfolg,1.000,1.000,"Viel Erfolg, Heinrich!","!P Viel Erfolg, Heinrich!",NEEDS_TRANSLATION,,,
npc__npc_neroz_was_es_war_pw8f,2,44,,war; das,1.000,1.000,Was war das?,Was es war?,NEEDS_TRANSLATION,,,
pes__npc_reagu_was_willst_Dpcb,2,44,,willst; hier,1.000,1.000,"Was willst du hier, hm?","Was willst du hier, huh?",NEEDS_TRANSLATION,,,
gree_obchodnic_was_willst_el09,2,44,,willst; nackedei,1.000,1.000,"Was willst du, Nackedei?!","Was willst du, nackt?!",NEEDS_TRANSLATION,,,
rozl_rozloucen_ach_devleha_fkI1,2,43,,achen; devleha,1.000,1.000,Achen Devleha!,!T Achen Devleha!,NEEDS_TRANSLATION,,,
heny_jasak_bassza_meg_JiN7,2,43,,bassza; meg,1.000,1.000,Bassza meg.,!P Bassza meg.,NEEDS_TRANSLATION,,,
opon_oponent_p_borech_has_UHLA,2,43,yiddish_hebrew,borekh; ha-shem,1.000,1.000,Borekh ha-shem…,Baruch hashem…,NEEDS_TRANSLATION,,,
npc__muz_samom_eh_borech__gjEx,2,43,yiddish_hebrew,borekh; ha-shem,1.000,1.000,"Eh, borekh ha-shem!","!P Eh, Baruch ha-shem!",NEEDS_TRANSLATION,,,
hosp_hospodsky_eh_fajfe_d_tj23,2,43,,fayfe; daroyf,1.000,1.000,"Eh, fayfe daroyf!","Eh, fajfe darojf!",NEEDS_TRANSLATION,,,
posl_event_hla_hm_borur_s_aAYF,2,43,,borur; sheyn,1.000,1.000,"Hm, borur... Sheyn.","!P Hm, borur... Schoen.",NEEDS_TRANSLATION,,,
smlo_smlouvani_hm_keci_ga_hvCe,2,43,,ketsi; gadjo,1.000,1.000,"Hm... ketsi, gadjo?","!T Hm... ketsi, gadjo?",NEEDS_TRANSLATION,,,
rozl_rozloucen_hm_salom_10n6,2,43,,hmm; sholem,1.000,1.000,"Hmm, sholem...","!P Hmm, Shalom...",NEEDS_TRANSLATION,,,
bezn_npc_reagu_khatar_sal__GfDy,2,43,,khatar; sal,1.000,1.000,Khatar sal?,!T Khatar sal?,NEEDS_TRANSLATION,,,
npc__npc_vidi__mein_gott__87b0,2,43,german,mein; gott,0.500,0.500,Mein Gott! A dead body!,!P Mein Gott! A dead body!,NEEDS_TRANSLATION,,,
bezn_npc_reagu_oh_du_ein__GqFr,2,43,,hungriges; biest,1.000,1.000,"Oh, du hungriges Biest ...","Oh, du ein hungriges Biest...",NEEDS_TRANSLATION,,,
neme_udo_aus_t_ein_prosit_RnLt,2,42,german,ein; prosit,1.000,1.000,"Ein Prosit, ein Prosit!","Ein Prosit, ein Prosit!",NEEDS_TRANSLATION,,,
npc__npc_vidi__fajf_darojf_VEcZ,2,42,,fayf; daroyf,1.000,1.000,Fayf daroyf!,Fajf darojf!,NEEDS_TRANSLATION,,,
npc__npc_bezi__chomec_ben_yCNW,2,42,,khometz; ben-yayen,1.000,1.000,Khometz ben-yayen.,Chomets ben-yayen.,NEEDS_TRANSLATION,,,
gree_pozdrav_m_bachtali_d_ew36,2,42,,lacho; dives,1.000,1.000,Lacho dives!,!T Lacho dives!,NEEDS_TRANSLATION,,,
smlo_smlouvani_mistes_gad_BGnB,2,42,,mishtes; gadjo,1.000,1.000,"Mishtes, gadjo...","!T Mishtes, gadjo...",NEEDS_TRANSLATION,,,
gree_pozdrav_n_was_heisst_2y18,2,41,german,ist; los,1.000,1.000,!P Was ist los?,!P Was ist los?,NEEDS_TRANSLATION,,,
nena_nenasel_z_ach_du_sch_umXK,2,41,german,ach; scheisse,1.000,1.000,Ach du Scheiße.,Ach du Scheiße.,NEEDS_TRANSLATION,,,
kost_kostky_st_auf_gehts_noyF,2,41,german,auf; geht's,1.000,1.000,Auf geht's!,Auf geht's!,NEEDS_TRANSLATION,,,
kost_kostky_he_was_man_tu_mych,2,41,german,das; war's,1.000,1.000,Das war's.,Das war's.,NEEDS_TRANSLATION,,,
endi_rozloucen_hm_zaj_gez_JvGr,2,41,,zay; gezunt,1.000,1.000,"Hm, zay gezunt...","Hm, Greetings...",NEEDS_TRANSLATION,,,
kost_kostky_he_ja_das_wars_0OxQ,2,41,german,das; war's,1.000,1.000,"Ja, das war's.","Ja, Das war's.",NEEDS_TRANSLATION,,,
nena_nenasel_z_mein_gott_UcFv,2,41,german,mein; gott,1.000,1.000,Mein Gott.,Mein Gott.,NEEDS_TRANSLATION,,,
kost_kostky_pa_mein_gott_y4Ci,2,41,german,mein; gott,1.000,1.000,Mein Gott…,Mein Gott...,NEEDS_TRANSLATION,,,
gree_pozdrav_m_oy_vej_fra_4kP4,2,41,yiddish_hebrew,vej; frajnd,1.000,1.000,"Oy vej, Frajnd!",,NEEDS_TRANSLATION,,,
gree_pozdrav_m_was_ist_lo_QhVt,2,41,german,ist; los,1.000,1.000,"Was ist los, Heinrich?","Was ist los, Heinrich?",NEEDS_TRANSLATION,,,
henr_menhart_z_stimmt_sB1I,2,40,german,das; stimmt,1.000,1.000,Das stimmt!,Das stimmt!,NEEDS_TRANSLATION,,,
henr_menhart_z_stimmt_7lau,2,40,german,das; stimmt,1.000,1.000,Das stimmt.,Das stimmt.,NEEDS_TRANSLATION,,,
menh_arne_nemec_ich_weiss_j5wn,2,40,german,ich; weiss,1.000,1.000,Ich weiss...,Ich weiss...,NEEDS_TRANSLATION,,,
brab_ptacek_re_jezisikris_MCVz,2,40,,nom; dieu,1.000,1.000,Nom de Dieu !,For Christ's sake!,NEEDS_TRANSLATION,,,
gree_pozdrav_n_guten_tag__Fg10,2,39,,guten; tag,1.000,1.000,!P Guten Tag!,!P Guten Tag!,NEEDS_TRANSLATION,,,
gree_pozdrav_n_was_machst_29pB,2,39,,machst; mann,1.000,1.000,"!P Was machst du, Mann?","!P Was machst du, Mann?",NEEDS_TRANSLATION,,,
gree_pozdrav_n_was_willst_bI5Z,2,39,,willst; schurke,1.000,1.000,"!P Was willst du, Schurke?","!P Was willst du, Schurke?",NEEDS_TRANSLATION,,,
gree_pozdrav_n_willkommen_0v6e,2,39,,willkommen; mann,1.000,1.000,"!P Willkommen, Mann!","!P Willkommen, Mann!",NEEDS_TRANSLATION,,,
pozd_sousedsky_sejnen_dank_8Ytm,2,39,,sheynem; dank,1.000,1.000,A sheynem dank.,A sheynem dank.,NEEDS_TRANSLATION,,,
s_fa_fabrizio_che_cosa_zl7V,2,39,,che; cosa,1.000,1.000,Che cosa?,Che cosa?,NEEDS_TRANSLATION,,,
odmi_npc_neakc_du_willst__JLYB,2,39,,willst; gnade,1.000,1.000,Du willst Gnade?,Du willst Gnade?,NEEDS_TRANSLATION,,,
neko_nekoho_ta_chcipni_tiyV,2,39,,dögölj; meg,1.000,1.000,Dögölj meg!,Dögölj meg!,NEEDS_TRANSLATION,,,
npc__kuman_se__dostanu_je_HaBq,2,39,,elkapom; őket,1.000,1.000,Elkapom őket!,Elkapom őket!,NEEDS_TRANSLATION,,,
odmi_npc_odmit_genau_raus_ArSf,2,39,,genau; raus,1.000,1.000,"Genau, raus!","Genau, raus!",NEEDS_TRANSLATION,,,
gree_pozdrav_m_guten_morg_AQyW,2,39,,guten; morgen,1.000,1.000,Guten morgen!,Guten Morgen!,NEEDS_TRANSLATION,,,
gree_pozdrav_m_herzlich_w_ogvp,2,39,,herzlich; willkommen,1.000,1.000,Herzlich willkommen!,Herzlich willkommen!,NEEDS_TRANSLATION,,,
priv_obchodnic_komm_herein_O3OC,2,39,,komm; herein,1.000,1.000,Komm herein!,Komm herein!,NEEDS_TRANSLATION,,,
kuma_spizovaci_ticho_tam_5CC2,2,39,,kuss; legyen,1.000,1.000,Kuss legyen!,Kuss legyen!,NEEDS_TRANSLATION,,,
kost_kostky_st_mir_komen_bXed,2,39,,mir; komen,1.000,1.000,Mir komen!,Mir komen!,NEEDS_TRANSLATION,,,
neko_nekoho_ta_tady_chcip_XhiL,2,39,,most; véged,1.000,1.000,Most véged!,Most véged!,NEEDS_TRANSLATION,,,
naku_obchodnic_nein_nichts_lTTx,2,39,,nein; nichts,1.000,1.000,"Nein, nichts!","Nein, nichts!",NEEDS_TRANSLATION,,,
priv_obchodnic_raus_du_ba_35NG,2,39,,raus; bastard,1.000,1.000,"Raus, du Bastard!","Raus, du Bastard!",NEEDS_TRANSLATION,,,
gree_pozdrav_m_servus_du__NlYU,2,39,,servus; freund,1.000,1.000,"Servus, Freund!","Servus, Freund!",NEEDS_TRANSLATION,,,
gree_pozdrav_m_taves_bach_CsvT,2,39,,t'aves; bachtalo,1.000,1.000,T'aves bachtalo!,T'aves bachtalo!,NEEDS_TRANSLATION,,,
teor_cechmistr_viel_gluck_SoRV,2,39,,viel; glück,1.000,1.000,Viel Glück!,Viel Glück!,NEEDS_TRANSLATION,,,
gree_obchodnic_was_brauch_tSlo,2,39,,brauchst; fremder,1.000,1.000,"Was brauchst du, Fremder?","Was brauchst du, Fremder?",NEEDS_TRANSLATION,,,
pes__npc_reagu_was_machst_Vl6C,2,39,,machst; hier,1.000,1.000,Was machst du hier?,Was machst du hier?,NEEDS_TRANSLATION,,,
gree_obchodnic_was_willst_BFtO,2,39,,willst; bastard,1.000,1.000,"Was willst du, Bastard?","Was willst du, Bastard?",NEEDS_TRANSLATION,,,
odmi_npc_odmit_was_willst_WTFV,2,39,,willst; schurke,1.000,1.000,"Was willst du, Schurke?","Was willst du, Schurke?",NEEDS_TRANSLATION,,,
gree_pozdrav_m_was_willst_6x4z,2,39,,willst; schurke,1.000,1.000,"Was willst du, Schurke?!","Was willst du, Schurke?!",NEEDS_TRANSLATION,,,
pozd_npc_zdrav_wie_gehts__zrQL,2,39,,wie; geht's,1.000,1.000,Wie geht’s?,Wie geht's?,NEEDS_TRANSLATION,,,
gree_pozdrav_m_herzlich_w_UMax,2,39,,willkommen; freund,1.000,1.000,"Willkommen, Freund!","Willkommen, Freund!",NEEDS_TRANSLATION,,,
poda_kuman_kom_a_mas_to_3Haz,2,39,,ennyi; volt,1.000,1.000,És ennyi volt.,És ennyi volt.,NEEDS_TRANSLATION,,,
kuma_kuman_u_s_csodalkozo_UNJU,2,38,,csodálkozol; rajtuk,1.000,1.000,Csodálkozol rajtuk?,Csodálkozol rajtuk?,NEEDS_TRANSLATION,,,
diva_divak_bar_jaks_to_je_orWP,2,38,,jaks; jel,1.000,1.000,"Jaks to jel, co?",,NEEDS_TRANSLATION,,,
chat_ptacek_memento_mori_A10G,2,38,,memento; mori,1.000,1.000,Memento mori.,Memento mori.,NEEDS_TRANSLATION,,,
prat_pratelsky_vos_machst_9jKL,2,38,,vos; machst,1.000,1.000,Vos machst du?,Vos machst du?,NEEDS_TRANSLATION,,,
gree_pozdrav_z_salom_alej_Yaaf,2,37,,sholem; aleykhem,1.000,1.000,Sholem aleykhem...,Sholem aleykhem...,NEEDS_TRANSLATION,,,
tara_taras_dos_vade_satana_vCLo,2,37,,vade; satana,1.000,1.000,"Vade, Satana!","Vade, Satana!",NEEDS_TRANSLATION,,,
npc__npc_je_v__ah_scheisse_C97K,2,34,german,scheisse,1.000,1.000,"Ah, Scheiße …","!P Ah, Scheisse...",NEEDS_TRANSLATION,,,
utrz_soldier_d_oh_scheisse_NHLf,2,34,german,scheisse,1.000,1.000,"Oh, Scheiße …","!P Oh, Scheisse...",NEEDS_TRANSLATION,,,
reak_kutnohors_bela_bela__9oc2,2,33,,byela,1.000,1.000,Byela! Byela! Byela!,Bela! Bela! Bela!,NEEDS_TRANSLATION,,,
hosp_hospodsky_eh_anusem__PJ5c,2,33,,anusem,1.000,1.000,"Eh, anusem... anusem.","!P Eh, anusem... anusem.",NEEDS_TRANSLATION,,,
hosp_hospodyne_epes_epes_bV4N,2,33,,epes,1.000,1.000,Epes! Epes!,!P Epes! Epes!,NEEDS_TRANSLATION,,,
diva_divak_kom_ha_lache_e_WRfy,2,33,,lache,1.000,1.000,Ha!- Lache e e e e s!,!T Ha!- Lache e e e e s!,NEEDS_TRANSLATION,,,
star_vozka_voz_hopp_hopp_9t6p,2,33,,hopp,1.000,1.000,"Hopp, hopp!",Hopp! Hopp!,NEEDS_TRANSLATION,,,
smlo_smlouvani_na_na_gadzo_G29j,2,33,,gadjo,1.000,1.000,"Na, na gadjo...","!T Na, na gadjo...",NEEDS_TRANSLATION,,,
npc__npc_vidi__ey_frajnd_KrmG,2,33,,fraynd,1.000,1.000,"Oy, oy, fraynd!","Oy, oy, Frajnd!",NEEDS_TRANSLATION,,,
reme_remeslnik_eh_scheie_6wza,2,32,,scheisse,1.000,1.000,"Ah, Scheiße!","!P Eh, Scheisse!",NEEDS_TRANSLATION,,,
gree_pozdrav_n_bist_du_es__DjMJ,2,32,,bist,1.000,1.000,Bist du es?,!P Bist du es?,NEEDS_TRANSLATION,,,
gree_pozdrav_m_eh_vos_x69f,2,32,,vos,1.000,1.000,Eh... vos?,!P Eh... vos?,NEEDS_TRANSLATION,,,
s_fr_hejtman_f_jasny_i01E,2,32,,gut,1.000,1.000,Gut.,!P Gut.,NEEDS_TRANSLATION,,,
goss_gossip_sp_ja_ja_APmr,2,32,,genau,1.000,1.000,"Ja, genau.","!P Ja, das stimmt.",NEEDS_TRANSLATION,,,
kuma_npc_reagu_sejmem_ho_k5VN,2,32,,kapjuk,1.000,1.000,Kapjuk el!,Let's get him!,NEEDS_TRANSLATION,,,
npc__kuman_cri_co_to_do_p_pHXm,2,32,,fasz,1.000,1.000,Mi a fasz?!,What the fuck?!,NEEDS_TRANSLATION,,,
npc__npc_naslo_nein_9Myb,2,32,,nein,1.000,1.000,Nein!,!P Nein!,NEEDS_TRANSLATION,,,
gree_pozdrav_n_schweinere_FuPl,2,32,,schweinerei,1.000,1.000,Schweinerei!,!P Schweinerei!,NEEDS_TRANSLATION,,,
rozl_rozloucen_szia_C90n,2,32,,szia,1.000,1.000,Szia!,!P Szia!,NEEDS_TRANSLATION,,,
pozd_pozdrav_k_sziasztok_r8zK,2,32,,sziasztok,1.000,1.000,Sziasztok!,!P Sziasztok!,NEEDS_TRANSLATION,,,
npc__kuman_cri_zabiju_te_FCgA,2,32,,rohadék,1.000,1.000,Te rohadék!,You fucker!,NEEDS_TRANSLATION,,,
rozl_rozloucen_viszlat_CkSx,2,32,,viszlát,1.000,1.000,Viszlát!,!P Viszlát!,NEEDS_TRANSLATION,,,
npc__npc_vidi__was_ist_BKB4,2,32,,ist,1.000,1.000,Was ist...?,!P Was ist...?,NEEDS_TRANSLATION,,,
endi_rozloucen_wiedersehen_7Oti,2,32,,wiedersehen,1.000,1.000,Wiedersehen!,!P Wiedersehen!,NEEDS_TRANSLATION,,,
hrac_hejtman_f_diky_jindr_LSVU,2,31,,danke,1.000,1.000,Danke.,!P Danke.,NEEDS_TRANSLATION,,,
endi_rozloucen_eh_bachtal_GAQ7,2,31,,tuke,1.000,1.000,"Eh, the tuke…","!T Eh, the tuke…",NEEDS_TRANSLATION,,,
gree_pozdrav_m_oh_devla_gQ7a,2,31,,devla,1.000,1.000,Oh Devla!,!T Oh Devla!,NEEDS_TRANSLATION,,,
bezn_npc_reagu_oh_frajnd_anv7,2,31,,fraynd,1.000,1.000,"Oh, fraynd!","Oh, Frajnd!",NEEDS_TRANSLATION,,,
assa_obet_bezi_straze_27X1,2,31,,wachen,1.000,1.000,Wachen!,Guards!,NEEDS_TRANSLATION,,,
ulri_event_tab_auf_wachsa_buwB,2,30,,achtung,1.000,1.000,Achtung!,Auf Wachsamkeit!,NEEDS_TRANSLATION,,,
pes__npc_reagu_oh_frajnd_6vVf,2,30,,fraynd,1.000,1.000,"Oy, fraynd!","Oh, Frajnd!",NEEDS_TRANSLATION,,,
npc__npc_je_v__oy_pejres_4QeR,2,30,,peyresh,1.000,1.000,"Oy, peyresh!","Oy, pejresh!",NEEDS_TRANSLATION,,,
hosp_hospodsky_oy_pejres_gHt2,2,30,,peyresh,1.000,1.000,"Oy, peyresh...","Oy, Pejresh...",NEEDS_TRANSLATION,,,
chat_bohuta_pl_salve_EDBU,2,30,,salve,1.000,1.000,Salve!,!P Salve.,NEEDS_TRANSLATION,,,
dost_kuman_dos_kurva_tohl_ioHU,2,29,czech,életbe,1.000,1.000,"A kurva életbe, ne...","A kurva életbe, ne...",NEEDS_TRANSLATION,,,
inga_vojak_aul_doprdele_K07x,2,29,,prdele,1.000,1.000,Do prdele!,Shit!,NEEDS_TRANSLATION,,,
endi_rozloucen_hm_lehitra_zT7w,2,29,,sholem,1.000,1.000,"Hm, sholem...","!P Hm, Shalom...",NEEDS_TRANSLATION,,,
hosp_hospodsky_oy_gevalt_2GyV,2,29,yiddish_hebrew,gevalt,1.000,1.000,Oy gevalt!,Oy Gevalt!,NEEDS_TRANSLATION,,,
pozd_sousedsky_zaj_gezunt_e0k5,2,29,,sholem,1.000,1.000,Sholem.,Shalom.,NEEDS_TRANSLATION,,,
neme_udo_aus_t_der_gemutl_7CXb,2,29,,gemütlichkeit,1.000,1.000,To Gemütlichkeit…!,Der Gemütlichkeit...,NEEDS_TRANSLATION,,,
dial_hospodsky_a_sakra_JRXN,2,28,,sakra,1.000,1.000,"Ah, sakra!",A sakra!,NEEDS_TRANSLATION,,,
reak_kutnohors_arne_arne__LAW4,2,28,,arne,1.000,1.000,Arne! Arne! Arne!,Arne! Arne! Arne!,NEEDS_TRANSLATION,,,
kost_kostky_he_epes_epes_korv,2,28,,epes,1.000,1.000,"Epes, epes!","Epes, epes!",NEEDS_TRANSLATION,,,
reak_kutnohors_henslin_he_9FRs,2,28,,henslin,1.000,1.000,Henslin! Henslin!,Henslin! Henslin!,NEEDS_TRANSLATION,,,
roln_rolnik_sa_hmm_hmm_hmm_BQON,2,28,,hmm,1.000,1.000,"Hmm, hmm... Hmm…","Hmm, hmm... Hmm…",NEEDS_TRANSLATION,,,
reak_kutnohors_konrad_kon_A8FO,2,28,,konrad,1.000,1.000,Konrad! Konrad!,Konrad! Konrad!,NEEDS_TRANSLATION,,,
reak_kutnohors_linhart_li_PnfA,2,28,,linhart,1.000,1.000,Linhart! Linhart!,Linhart! Linhart!,NEEDS_TRANSLATION,,,
reak_kutnohors_lorenc_lor_JsCf,2,28,,lorentz,1.000,1.000,Lorentz! Lorentz! Lorentz!,Lorentz! Lorentz! Lorentz!,NEEDS_TRANSLATION,,,
gree_obchodnik_oy_vej_Ecsa,2,28,yiddish_hebrew,vey,1.000,1.000,Oy vey...,Oy vey...,NEEDS_TRANSLATION,,,
reak_kutnohors_pesek_pese_0EyR,2,28,,peshek,1.000,1.000,Peshek! Peshek! Peshek!,Peshek! Peshek! Peshek!,NEEDS_TRANSLATION,,,
reak_kutnohors_putzlauf_p_LCCb,2,28,,putzlauf,1.000,1.000,Putzlauf! Putzlauf!,Putzlauf! Putzlauf!,NEEDS_TRANSLATION,,,
reak_kutnohors_ruthard_ru_R9PO,2,28,,ruthard,1.000,1.000,Ruthard! Ruthard!,Ruthard! Ruthard!,NEEDS_TRANSLATION,,,
reak_kutnohors_simek_sime_5c9E,2,28,,shimek,1.000,1.000,Shimek! Shimek! Shimek!,Shimek! Shimek! Shimek!,NEEDS_TRANSLATION,,,
pozd_pozdrav_k_szia_OE1n,2,28,,üdv,1.000,1.000,Üdv!,!P Szia!,NEEDS_TRANSLATION,,,
gree_pozdrav_n_oh_schwein_MmGD,2,27,,schweinerei,1.000,1.000,"!P Oh, Schweinerei!","!P Oh, Schweinerei!",NEEDS_TRANSLATION,,,
gree_pozdrav_n_guten_tag__5xL3,2,27,,servus,1.000,1.000,!P Servus!,!P Servus!,NEEDS_TRANSLATION,,,
gree_pozdrav_n_willkommen_vJLE,2,27,,willkommen,1.000,1.000,"!P Willkommen, Heinrich!","!P Willkommen, Heinrich!",NEEDS_TRANSLATION,,,
muci_zajatec_m_aaaaa_aaaaa_YQVJ,2,27,,aaahhh,1.000,1.000,Aaahhh… Aaahhh…!,Aaahhh…. Aaahhh…,NEEDS_TRANSLATION,,,
gree_pozdrav_m_dikhas_VNOd,2,27,,dikhas,1.000,1.000,Dikhas!,,NEEDS_TRANSLATION,,,
priv_obchodnic_du_nervens_jnZV,2,27,,nervensäge,1.000,1.000,Du Nervensäge!,Du Nervensäge!,NEEDS_TRANSLATION,,,
rozl_rozloucen_lehitraot_crdS,2,27,,lehitraot,1.000,1.000,Lehitraot.,Lehitraot.,NEEDS_TRANSLATION,,,
dost_kuman_dos_boze_co_4kyQ,2,27,,isten,1.000,1.000,Mi az isten?,Mi az isten?,NEEDS_TRANSLATION,,,
neko_nekoho_ta_vydrz_wWZz,2,27,,nyomás,1.000,1.000,Nyomás!,Nyomás!,NEEDS_TRANSLATION,,,
fano_ztracena__placeholde_UQP9,2,27,,nyírd,1.000,1.000,Nyírd ki!,Nyírd ki!,NEEDS_TRANSLATION,,,
pes__npc_reagu_ale_psisko_JGkN,2,27,,rukono,1.000,1.000,"Oy, rukono...","!T Oy, rukono...",NEEDS_TRANSLATION,,,
priv_obchodnic_willkommen_yZs8,2,27,,willkommen,1.000,1.000,Willkommen!,Willkommen!,NEEDS_TRANSLATION,,,
kuma_spizovaci_myslis_xtbt,2,26,,gondolod,1.000,1.000,Gondolod?,Gondolod?,NEEDS_TRANSLATION,,,
menh_menhart_z_gut_mm0b,2,26,,gut,1.000,1.000,Gut!,Gut!,NEEDS_TRANSLATION,,,
kuma_spizovaci_achjo__zo44,2,26,,hát,1.000,1.000,Hát ja.,Hát ja.,NEEDS_TRANSLATION,,,
poly_sam_lchaim_NDZA,2,26,,le-khayem,1.000,1.000,Le-khayem!,L'chaim!,NEEDS_TRANSLATION,,,
jind_hudebnik__pavlena_pa_KZ3C,2,26,,pavlena,1.000,1.000,Pavlena… Pavlena?,Pavlena… Pavlena?,NEEDS_TRANSLATION,,,
incl_cechmistr_richtig_2WKF,2,26,,richtig,1.000,1.000,Richtig!,Richtig!,NEEDS_TRANSLATION,,,
poda_podareny__dobry_zasah_6GjZ,2,25,,hit,1.000,1.000,Good hit!,Good hit!,NEEDS_TRANSLATION,,,
nekd_nekdo_si__kurva_potr_BU2M,2,25,,dog,1.000,1.000,You dog!,You dog!,NEEDS_TRANSLATION,,,
reak_kutnohors_kristof_kr_0E6s,2,24,,christoph,1.000,1.000,Christoph! Christoph! Christoph!,Christoph! Christoph! Christoph!,NEEDS_TRANSLATION,,,
reak_kutnohors_ondrej_ond_4ssf,2,24,,dirk,1.000,1.000,Dirk! Dirk!,Dirk! Dirk!,NEEDS_TRANSLATION,,,
reak_kutnohors_arnost_arn_cGkm,2,24,,ernest,1.000,1.000,Ernest! Ernest!,Ernest! Ernest!,NEEDS_TRANSLATION,,,
obje_henry_mmmm_mmmm_f4IC,2,24,,mmmm,1.000,1.000,"Mmmm, mmmm.","Mmmm, mmmm.",NEEDS_TRANSLATION,,,
vece_fabrizio_ehm_ehm_0JBm,2,22,,ehm,1.000,1.000,Ehm... ehm...,Ehm... ehm...,NEEDS_TRANSLATION,,,
dial_ptacek_fortuna_arSj,2,22,,fortuna,1.000,1.000,O Fortuna!,O Fortuna!,NEEDS_TRANSLATION,,,
reak_kutnohors_peregrin_p_ft0V,2,22,,peregrin,1.000,1.000,Peregrin! Peregrin!,Peregrin! Peregrin!,NEEDS_TRANSLATION,,,
reak_kutnohors_zuzanek_zu_Mfsw,2,22,,suzie,1.000,1.000,Suzie! Suzie!,Suzie! Suzie!,NEEDS_TRANSLATION,,,
cp_z_kucharka__ale_giusep_94I4,2,21,,giuseppe,1.000,1.000,But… Giuseppe...,But… Giuseppe...,NEEDS_TRANSLATION,,,
stal_stalker_ty_ses_prost_MED0,1,244,hungarian,egészen; más; vagy; rendszerint; csak; kedvem; töltöm; asszonyi; állattal; már; megyek; tovább; téged; meg; akarlak; ismerni; hát; nem; érted,1.000,1.000,"Te egészen más vagy. Rendszerint csak kedvem töltöm az asszonyi állattal és már megyek is tovább, de téged meg akarlak ismerni. Hát nem érted?","Te egészen más vagy. Rendszerint csak kedvem töltöm az asszonyi állattal és már megyek is tovább, de téged meg akarlak ismerni. Hát nem érted?",NEEDS_TRANSLATION,,,
ulri_event_tab_gut_gut_es_bBId,1,227,german,gut; ist; nicht; wichtig; doch; wir; sassen; auf; einem; stein; und; schlugen; ein; bein; über; das; andre,1.000,1.000,"Gut, gut, es ist nicht wichtig, doch wir saßen auf einem Stein, und schlugen ein Bein über das andre Bein …","Gut, gut, es ist nicht wichtig, doch Wir saß auf einem Felsenstein, und schlug ein Bein über das andre Bein...",NEEDS_TRANSLATION,,,
goss_lapka_mlu_protoze_sm_OOZq,1,220,hungarian,mert; mindig; büdös; vagy; tök; mindegy; hogy; mit; zabálsz; szerezz; valami; más; kaját; akkor; majd; jobb; lesz,1.000,1.000,"Mert te mindig büdös vagy, tök mindegy, hogy mit zabálsz. Szerezz valami más kaját és akkor majd jobb lesz.","Mert te mindig büdös vagy, tök mindegy, hogy mit zabálsz. Szerezz valami más kaját és akkor majd jobb lesz.",NEEDS_TRANSLATION,,,
ulri_event_tab_du_weit_wi_VziM,1,217,german; hungarian,weisst; wie; man; kämpft; doch; mit; gedichten; gewinnt; das; herz; einer; frau; leichter; als; einem; schwert,1.000,1.000,"Du weißt, wie man kämpft. Doch mit Gedichten gewinnt man das Herz einer Frau leichter als mit einem Schwert!",Du weißt wie man kämpf. Doch mit Gedichten gewinnt man das Herz einer Frau leichter als mit einem Schwert!,NEEDS_TRANSLATION,,,
lore_event_tab_ja_ja_das__EplN,1,215,german,das; ist; eine; schwere; zeit; zoll; gebühren; schmiergelder; dieses; land; beschissen; aber; kann; man; nicht; verstehen,1.000,1.000,"Ja, ja, das ist eine schwere Zeit. Zoll, Gebühren, Schmiergelder, dieses Land ist beschissen, aber das kann man nicht verstehen.","Ja, ja, das ist eine schwere Zeit. Pflichten, Gebühren, Schmiergelder, dieses Land ist beschissen, aber das kann man nicht verstehen.",NEEDS_TRANSLATION,,,
goss_lapka_mlu_tak_ve_vod_DrV2,1,208,hungarian,bokáig; érő; vízben; nem; lehet; megfulladni; meg; különben; nekünk; régen; volt; otthon; disznónk; amikor; kicsi; voltam,1.000,1.000,"Bokáig érő vízben nem lehet megfulladni. Meg különben is, nekünk régen volt otthon disznónk, amikor kicsi voltam.","Bokáig érő vízben nem lehet megfulladni. Meg különben is, nekünk régen volt otthon disznónk, amikor kicsi voltam.",NEEDS_TRANSLATION,,,
ulri_event_tab_gott_zum_g_D7ro,1,198,german,gott; zum; grusse; mein; freund; ulrich; von; remold; ein; dichter; und; pilger; land; der; narren,1.000,1.000,"Gott zum Gruße, mein Freund! Ulrich von Remold, ein Dichter und ein Pilger im Land der Narren.","Gott zum Gruße, mein Freund! Ulrich von Remold, ein dichter und ein Pilger im Land der Narren.",NEEDS_TRANSLATION,,,
sam__rabin_ted_se_asi_puj_pNIk,1,198,yiddish_hebrew,ha-shem; hot; nisht; unts; haytn; geshtroft; ba-avonouseynu; ha-rabim; andersh; voltn; mir; fun; dem; shtot; antrinen,1.000,1.000,"Ha-shem hot nisht unts haytn geshtroft, ba-avonouseynu ha-rabim. Andersh voltn mir nisht fun dem shtot antrinen.","Ha-shem hot nisht unts haytn geshtroft, ba-avonouseynu ha-rabim. Andersh voltn mir nisht fun dem shtot antrinen.",NEEDS_TRANSLATION,,,
menh_menhart_z_ja_gutes_s_a2uP,1,198,german,gutes; schwerdt; frei; bin; ich; und; liebe; dich; herzinnig; als; wärst; mir; getraut; eine; braut,1.000,1.000,"Ja gutes Schwerdt frei bin ich, und liebe dich herzinnig, als wärst du mir getraut, als eine liebe Braut.","Ja gutes Schwerdt frei bin ich, und liebe dich herzinnig, als wärst du mir getraut, als eine liebe Braut.",NEEDS_TRANSLATION,,,
goss_uhersky_v_hele_ja_to_3VcO,1,197,hungarian,van; adok; neki; még; egy; hónapot; nem; lesz; valami; kiadós; zsákmány; akkor; szarok; bele; egészbe,1.000,1.000,"Ez van, adok neki még egy hónapot, és ha nem lesz valami kiadós zsákmány, akkor szarok bele az egészbe.","Ez van, adok neki még egy hónapot, és ha nem lesz valami kiadós zsákmány, akkor szarok bele az egészbe.",NEEDS_TRANSLATION,,,
goss_lapka_mlu_ja_za_to_n_Xsjk,1,197,hungarian,hát; tehetek; róla; hogy; pont; egy; heringkereskedőt; evett; erre; fene; csak; nem; hagyjuk; kárba; veszni,1.000,1.000,"Hát én tehetek róla, hogy pont egy heringkereskedőt evett erre a fene? Csak nem hagyjuk kárba veszni!","Hát én tehetek róla, hogy pont egy heringkereskedőt evett erre a fene? Csak nem hagyjuk kárba veszni!",NEEDS_TRANSLATION,,,
tara_taras_mura_humiliare_OcmR,1,196,,humiliare; sub; potenti; manu; dei; contremisce; effuge; invocato; anobis; sancto; terribili; nomine; quem; inferi; tremunt,1.000,1.000,"Humiliare sub potenti manu dei, contremisce et effuge,  invocato anobis sancto et terribili nomine, quem inferi tremunt.","Humiliare sub potenti manu dei, contremisce et effuge,  invocato anobis sancto et terribili nomine, quem inferi tremunt.",NEEDS_TRANSLATION,,,
stal_stalker_urcite_nekoh_M0ja,1,194,,biztos; van; valakid; ugye; annyi; baj; legyen; szívesen; megvívok; vele; szívedért; meglátod; hogy; fogok; szolgálni,1.000,1.000,"Biztos van valakid, ugye? Annyi baj legyen, szívesen megvívok vele a szívedért. Meglátod, hogy rá fogok szolgálni.","Biztos van valakid, ugye? Annyi baj legyen, szívesen megvívok vele a szívedért. Meglátod, hogy rá fogok szolgálni.",NEEDS_TRANSLATION,,,
sam__rabin_poradne_si_umy_Dcnq,1,194,,mir; kenen; shmuesn; vegn; dos; oyfn; veg; ober; koydem; gey; oyb; emetser; darf; noch; hilfn,1.000,1.000,Mir kenen shmuesn vegn dos oyfn veg. Ober koydem gey un ze oyb emetser darf noch hilfn.,Mir kenen shmuesn vegn dos oyfn veg. Ober koydem gey un ze oyb emetser darf noch hilfn.,NEEDS_TRANSLATION,,,
dial_stalker_no_to_by_slo_kJdn,1,194,,erről; lehet; szó; akkor; meg; van; beszélve; békibe; hagyom; azt; nőszemélyt; érted; keine; frau; igen,1.000,1.000,"Na, erről lehet szó. Akkor meg van beszélve. Békibe hagyom azt a nőszemélyt, jó? Érted? Keine frau! Igen!","Na, erről lehet szó. Akkor meg van beszélve. Békibe hagyom azt a nőszemélyt, jó? Érted? Keine frau! Igen!",NEEDS_TRANSLATION,,,
bff__brabant_z_nejaka_fra_yIFb,1,189,,quel; putain; trou; comment; sommes-nous; arrivés; avec; une; telle; bande; crétins; que; dieu; protège,1.000,1.000,"Quel putain de trou! Comment en sommes-nous arrivés là, et avec une telle bande de crétins? Que Dieu me protège!","!P Quel putain de trou! Comment en sommes-nous arrivés là, et avec une telle bande de crétins? Que Dieu me protège!",NEEDS_TRANSLATION,,,
goss_uhersky_v_zasrane_je_UyXu,1,186,hungarian,faszomba; hát; mondom; hogy; nincs; pénzem; menj; grozavhoz; vagy; chertanhoz; vedd; őket; fizessék; zsoldunkat,1.000,1.000,"A faszomba, hát mondom, hogy nincs pénzem. Menj el Grozavhoz vagy Chertanhoz, és vedd rá őket, hogy fizessék ki a zsoldunkat...","A faszomba, hát mondom, hogy nincs pénzem. Menj el Grozavhoz vagy Chertanhoz, és vedd rá őket, hogy fizessék ki a zsoldunkat...",NEEDS_TRANSLATION,,,
sam__pogrom_st_jasny_bro__UYa2,1,186,german,dos; nemt; bisl; tsayt; biz; zey; durkhshloygn; ich; hof; nor; hobn; nisht; keyn; baran,1.000,1.000,"Dos nemt a bisl tsayt, biz zey durkhshloygn! Ich hof nor az zey hobn nisht keyn baran!","Dos nemt a bisl tsayt, biz zey durkhshloygn! Ich hof nor az zey hobn nisht keyn baran!",NEEDS_TRANSLATION,,,
goss_lapka_mlu_no_to_ceka_ors1,1,186,hungarian,hát; pont; várakozás; bámulsz; fejedből; azon; görcsölsz; hogy; nem; téved-e; erre; egy; csapat; zsandár,1.000,1.000,"Hát pont ez az, a várakozás! Bámulsz ki a fejedből és azon görcsölsz, hogy nem téved-e erre egy csapat zsandár.","Hát pont ez az, a várakozás! Bámulsz ki a fejedből és azon görcsölsz, hogy nem téved-e erre egy csapat zsandár.",NEEDS_TRANSLATION,,,
goss_gossip_hu_neprehanej_0eeQ,1,184,,don't; lay; thick; you've; got; long; way; before; hammer; tongs; maria; tavern; other; day,1.000,1.000,Don't lay it on so thick. You've got a long way to go before that. You were at it hammer and tongs with Maria in the tavern the other day…,Don't lay it on so thick. You've got a long way to go before that. You were at it hammer and tongs with Maria in the tavern the other day…,NEEDS_TRANSLATION,,,
sam__rabin_nikdy_zadnymu__FD3t,1,184,,yom; iro; ani; eyleykho; evtokh; ven; ikh; hob; gehat; moyres; bin; soymekh; oyf; ha-shem,1.000,1.000,"Yom iro, ani eyleykho evtokh. Ven ikh hob gehat moyres, bin ikh soymekh oyf ha-shem.","Yom iro, ani eyleykho evtokh. Ven ikh hob gehat moyres, bin ikh soymekh oyf ha-shem.",NEEDS_TRANSLATION,,,
goss_lapka_mlu_dyt_jen_se_eC19,1,183,,dehát; csak; itt; trónolsz; bozótban; várod; hogy; valami; balfasz; erre; kolbászoljon; ebben; olyan; fárasztó,1.000,1.000,"Dehát csak itt trónolsz a bozótban és várod, hogy valami balfasz erre kolbászoljon, ebben mi olyan fárasztó?","Dehát csak itt trónolsz a bozótban és várod, hogy valami balfasz erre kolbászoljon, ebben mi olyan fárasztó?",NEEDS_TRANSLATION,,,
goss_lapka_mlu_takze_mi_u_nuBN,1,183,,tegyél; meg; nekem; egy; szívességet; eridj; basszál; aludd; magad; rendesen; felejtsd; ezt; világvége; marhaságot,1.000,1.000,"Tegyél meg nekem egy szívességet! Eridj, basszál be, aludd ki magad rendesen és felejtsd el ezt a világvége marhaságot.","Tegyél meg nekem egy szívességet! Eridj, basszál be, aludd ki magad rendesen és felejtsd el ezt a világvége marhaságot.",NEEDS_TRANSLATION,,,
goss_lapka_mlu_ale_ja_nic_G70P,1,183,,meg; hozzá; nyúltam; csak; álltam; ott; azon; agyaltam; hogy; vajon; aki; fátylat; varr; békáknak,1.000,1.000,"Én meg hozzá se nyúltam. Csak álltam ott, és azon agyaltam, hogy vajon ki az, aki fátylat varr a békáknak.","Én meg hozzá se nyúltam. Csak álltam ott, és azon agyaltam, hogy vajon ki az, aki fátylat varr a békáknak.",NEEDS_TRANSLATION,,,
goss_gossip_na_mmmmmm_agu7,1,178,german,könnt; ich; jetzt; schon; eigentlich; von; deinem; bette; freilich; dich; schützen; vor; gespenstern,1.000,1.000,"""...Könnt' ich jetzt schon eigentlich von deinem Bette freilich dich schützen vor Gespenstern.""",Könnt' ich jetzt schon eigentlich von deinem Bette freilich dich schützen vor Gespenstern,NEEDS_TRANSLATION,,,
chat_event_tab_guten_tag__qFbf,1,178,german,guten; tag; pilger; geht; hier; nicht; weiter; die; strassen; sind; schlecht; und; gefährlich,1.000,1.000,"Guten Tag, Pilger! Geht hier nicht weiter, die Straßen sind schlecht und gefährlich.","Guten Tag, Pilger! Hör auf hier, die Straßen sind schlecht und gefährlich.",NEEDS_TRANSLATION,,,
goss_lapka_mlu_sel_sem_po_rYDJ,1,172,,erdőben; voltam; egyszerre; csak; gyönyörű; ének; üti; meg; fülemet; tisztára; mint; angyalok; kara,1.000,1.000,Az erdőben voltam és egyszerre csak gyönyörű ének üti meg a fülemet. Tisztára mint az angyalok kara.,Az erdőben voltam és egyszerre csak gyönyörű ének üti meg a fülemet. Tisztára mint az angyalok kara.,NEEDS_TRANSLATION,,,
goss_lapka_mlu_no_pak_se__c7wE,1,172,,aztán; egyik; másik; után; elkezdtek; felfújódni; szétpukkantak; apám; egy; csomó; arany; szóródott; belőlük,1.000,1.000,"Aztán egyik a másik után elkezdtek felfújódni és szétpukkantak. És apám, egy csomó arany szóródott ki belőlük.","Aztán egyik a másik után elkezdtek felfújódni és szétpukkantak. És apám, egy csomó arany szóródott ki belőlük.",NEEDS_TRANSLATION,,,
goss_uhersky_v_hele_mam_t_TO8b,1,172,,figyelj; van; egy; remek; ötletem; szedj; össze; néhány; cimborát; vívjunk; meg; pár; küzdelmet,1.000,1.000,"Figyelj, van egy remek ötletem. Szedj össze néhány cimborát és vívjunk meg egy pár küzdelmet.","Figyelj, van egy remek ötletem. Szedj össze néhány cimborát és vívjunk meg egy pár küzdelmet.",NEEDS_TRANSLATION,,,
goss_lapka_mlu_ja_mne_je__7e3N,1,171,,nekem; aztán; mindegy; adj; egy; kis; zabot; vagy; bármit; állandóan; döglött; halat; zabálok,1.000,1.000,"Én? Nekem aztán mindegy, adj egy kis zabot, vagy bármit. De ha állandóan döglött halat zabálok.","Én? Nekem aztán mindegy, adj egy kis zabot, vagy bármit. De ha állandóan döglött halat zabálok.",NEEDS_TRANSLATION,,,
npc__nalezeny__zdalo_se_m_os4U,1,166,hungarian,azt; hittem; van; ott; valami; nem; láttam; semmit; meg; kell; dupláznunt; őrséget,1.000,1.000,Azt hittem van ott valami. De nem láttam semmit. Meg kell dupláznunt az őrséget.,"I thought there was something strange going on, but I didn't find anything. We should double the guard anyway.",NEEDS_TRANSLATION,,,
dial_vasko_menj_vele_muta_sk1b,1,165,hungarian,menj; vele; mutasd; meg; neki; hogy; melyikük; aztán; majd; csak; lesz; valahogy,1.000,1.000,"Menj vele, és mutasd meg neki, hogy melyikük az! Aztán majd csak lesz valahogy.","Menj vele, mutasd meg neki, hogy ki ő, és valahogy majd kiderül!",NEEDS_TRANSLATION,,,
zabi_papezsky__pro_rany_b_4dxO,1,165,,per; l'amor; dio; lasci; pace; sono; uomo; chieza; capite; non; fatto; nulla,1.000,1.000,"Per l'amor di Dio, mi lasci in pace! Io sono un uomo di chieza! Capite? Io non ho fatto nulla!","!P Per l'amor di Dio, mi lasci in pace! Io sono un uomo di chieza! Capite? Io non ho fatto nulla!",NEEDS_TRANSLATION,,,
npc__npc_oznac_tak_snad_t_jQrM,1,165,hungarian,remélem; senki; más; nem; ivott; abból; rohadt; borból; most; borra; lesz; szükségünk,1.000,1.000,"Remélem, senki más nem ivott abból a rohadt borból... Na most, új borra lesz szükségünk.","I just hope no one else drank the spoilt wine... Well, we're going to need some new wine.",NEEDS_TRANSLATION,,,
goss_lapka_mlu_to_ses_cel_IK2E,1,160,,bazmeg; tisztára; vagy; ahelyett; hogy; begyűjtenéd; szajrét; csak; állsz; faszságokon; töröd; fejed,1.000,1.000,"Ez bazmeg tisztára te vagy. Ahelyett, hogy begyűjtenéd a szajrét, csak állsz és faszságokon töröd a fejed.","Ez bazmeg tisztára te vagy. Ahelyett, hogy begyűjtenéd a szajrét, csak állsz és faszságokon töröd a fejed.",NEEDS_TRANSLATION,,,
sam__samuel_jeste_chvili__2197,1,160,,gleybstu; dos; ken; haltn; shtendik; mir; muzn; zey; oyfhaltn; far; lang; meglekh,1.000,1.000,"Gleybstu, az dos ken haltn shtendik? Mir muzn zey oyfhaltn! Far vi lang vi meglekh!","Gleybstu, az dos ken haltn shtendik? Mir muzn zey oyfhaltn! Far vi lang vi meglekh!",NEEDS_TRANSLATION,,,
goss_lapka_mlu_no_takovy__N22f,1,160,,hát; ilyen; dörgéseket; mintha; dörögne; aztán; meg; valaki; röhögne; valahol; ott; lent,1.000,1.000,"Hát ilyen dörgéseket, mintha az ég dörögne. Aztán meg, mintha valaki röhögne. Valahol, ott lent.","Hát ilyen dörgéseket, mintha az ég dörögne. Aztán meg, mintha valaki röhögne. Valahol, ott lent.",NEEDS_TRANSLATION,,,
goss_lapka_mlu_jak_jsme_t_LxYw,1,160,,mint; amikor; lecsaptunk; azokra; bányászokra; mielőtt; begyűjthettük; volna; suskát; megjelent; rohadék; lovag,1.000,1.000,"Mint amikor lecsaptunk azokra a bányászokra, de mielőtt begyűjthettük volna a suskát, megjelent az a rohadék lovag.","Mint amikor lecsaptunk azokra a bányászokra, de mielőtt begyűjthettük volna a suskát, megjelent az a rohadék lovag.",NEEDS_TRANSLATION,,,
goss_lapka_mlu_presne_a_t_Noxp,1,160,,ott; hallgattad; azt; őrült; prédikátort; aki; pokol; tüzéről; meg; kénköves; bugyrokról; hadovált,1.000,1.000,"Na, ez az! Ott hallgattad azt az őrült prédikátort, aki a pokol tüzéről meg a kénköves bugyrokról hadovált.","Na, ez az! Ott hallgattad azt az őrült prédikátort, aki a pokol tüzéről meg a kénköves bugyrokról hadovált.",NEEDS_TRANSLATION,,,
goss_lapka_mlu_no_a_pak_s_YcmG,1,160,,odaérek; egy; ilyen; kis; tavacskához; hát; látom; hogy; fatuskón; béka; azok; énekelnek,1.000,1.000,"Odaérek egy ilyen kis tavacskához, hát látom, hogy egy fatuskón 13 béka ül és azok énekelnek.","Odaérek egy ilyen kis tavacskához, hát látom, hogy egy fatuskón 13 béka ül és azok énekelnek.",NEEDS_TRANSLATION,,,
stal_stalker_nici_me_kdyz_wIgX,1,158,,tönkre; tesz; más; férfiakra; kacsintgatsz; tudod; összeszedem; pénzt; elviszlek; ebből; átkozott; fürdőből,1.000,1.000,"Tönkre tesz, ha más férfiakra kacsintgatsz, tudod? De összeszedem a pénzt és elviszlek ebből az átkozott fürdőből.","Tönkre tesz, ha más férfiakra kacsintgatsz, tudod? De összeszedem a pénzt és elviszlek ebből az átkozott fürdőből.",NEEDS_TRANSLATION,,,
goss_lapka_mlu_a_nebo_jed_KCVl,1,158,,vagy; valami; kretén; aki; inkább; megöleti; magát; egy; garast; sem; adna; kezéből,1.000,1.000,"Vagy valami kretén, aki inkább megöleti magát, de egy garast sem adna ki a kezéből.","Vagy valami kretén, aki inkább megöleti magát, de egy garast sem adna ki a kezéből.",NEEDS_TRANSLATION,,,
s_me_arne_nemec_menhart_p_LToJ,1,155,german,menhard; ich; muss; mich; hinlegen; fühle; ein; bisschen; krank; und; schwach,1.000,1.000,"Menhard, ich muss mich hinlegen. Ich fühle mich ein bisschen krank und schwach.","Menhard, I need to lie down. I'm feeling a little sick and weak.",NEEDS_TRANSLATION,,,
goss_gossip_na_mmmmmmmmmmm_Lw1W,1,154,german,insobald; mich; besuchst; vergangen; seine; wanderslust; sich; nicht; vom; flecke; rühret,1.000,1.000,"""...Insobald du mich besuchst vergangen seine Wanderslust sich nicht vom Flecke rühret.""",Sobald du mich besuchst vergangen seine Wanderslust sich nicht vom Flecke rühret,NEEDS_TRANSLATION,,,
s_ry_rychtar_p_ale_pravda_hnCv,1,153,german,aber; gut; ich; hätte; mehr; vertrauen; deine; fähigkeiten; haben; sollen; entschuldigung,1.000,1.000,"Aber gut, ich hätte mehr Vertrauen in deine Fähigkeiten haben sollen. Entschuldigung.","!P Aber gut, ich hätte mehr Vertrauen in Ihre Fähigkeiten haben sollen. Entschuldigung.",NEEDS_TRANSLATION,,,
pohr_aranka_ke_tjiri_ampe_Vegy,1,153,,tiro; t-hagaripen; yel; avka; sar; kames; pro; opripen; t-he; pre; p-huv,1.000,1.000,"Av tiro t-hagaripen, me yel avka, sar tu kames, pro opripen, avka t-he pre p-huv.",!P ke tjiri amperetsia t'avel;ketu keres sar tu kames pe e phuv sar ande o cheri.,NEEDS_TRANSLATION,,,
kuma_vasko_ezt_megertem_d_y4ku,1,153,hungarian,ezt; megértem; valakinek; kell; kezdenie; meggyőzni; őket; hogy; nem; mindenki; egyforma,1.000,1.000,"Ezt megértem. De valakinek el kell kezdenie meggyőzni őket, hogy nem mindenki egyforma.","!P Ezt megértem. De valakinek el kell kezdenie meggyőzni őket, hogy nem mindenki egyforma.",NEEDS_TRANSLATION,,,
kuma_jasak_nem_tudom_honn_WaCs,1,153,hungarian,nem; tudom; honnan; szeded; ezt; sok; bízalmat; ezeknek; csak; söpredék; vagyunk,1.000,1.000,"Nem tudom, honnan szeded ezt a sok bízalmat. Mi ezeknek csak söpredék vagyunk.","!P Nem tudom, honnan van ennyi önbizalmad. Mi vagyunk a ribancok ezeknek az embereknek.",NEEDS_TRANSLATION,,,
goss_gossip_na_mmmmm_mmm_VGEO,1,150,german,mein; liebster; bleib; pflichtbewusst; weiter; dich; gedulden; musst; bis; gemahl; entschwindet,1.000,1.000,"""Mein Liebster bleib' pflichtbewusst, weiter dich gedulden musst, bis mein Gemahl entschwindet...""","""Mein Liebster bleib' pflichtbewusst, weiter dich gedulden musst, bis mein Gemahl entschwindet...""",NEEDS_TRANSLATION,,,
goss_lapka_mlu_bludicky_n_klki,1,150,hungarian,lúdvércek; nem; dalolnak; azok; világítanak; szirének; énekelnek; meg; csak; tengerbe; vannak,1.000,1.000,"A lúdvércek nem dalolnak, azok világítanak. A szirének énekelnek, de azok meg csak a tengerbe’ vannak.","A lúdvércek nem dalolnak, azok világítanak. A szirének énekelnek, de azok meg csak a tengerbe’ vannak.",NEEDS_TRANSLATION,,,
goss_lapka_mlu_kurva_to_s_iT5n,1,150,hungarian,ördögbe; csak; nem; miért; vagyok; ilyen; szerencsétlen; átkozott; pap; elátkozott; csizmái,1.000,1.000,"Az ördögbe is, csak nem! Miért vagyok ilyen szerencsétlen. Az átkozott pap elátkozott csizmái!","Az ördögbe is, csak nem! Miért vagyok ilyen szerencsétlen. Az átkozott pap elátkozott csizmái!",NEEDS_TRANSLATION,,,
rozh_sedlaci_m_tak_mozna__H5Ly,1,149,polish,tak; možná; ještě; kuba; ten; starej; sedlák; jednu; dobu; furt; dolejzal,1.000,1.000,"Tak možná ještě Kuba, ten starej sedlák. Jednu dobu za ní furt dolejzal.",,NEEDS_TRANSLATION,,,
sam__samuel_to_davno_vim__4PMY,1,148,,dos; hostu; mir; shoyn; azoy; oft; gezogt; ober; nokh; shver; far,1.000,1.000,Dos hostu mir shoyn azoy oft gezogt. Ober es iz nokh shver far mir.,Dos hostu mir shoyn azoy oft gezogt. Ober es iz nokh shver far mir.,NEEDS_TRANSLATION,,,
sest_stalker_nech_me_vzda_2EvF,1,148,,elég; volt; feladom; vége; csatának; jól; van; tiéd; lány; leszállok; róla,1.000,1.000,"Elég volt, feladom! Vége a csatának. Jól van, tiéd a lány. Leszállok róla!","Elég volt, feladom! Vége a csatának. Jól van, tiéd a lány. Leszállok róla!",NEEDS_TRANSLATION,,,
goss_lapka_mlu_duveruj_al_lBGE,1,148,,higgyél; azért; mindig; ellenőrizd; dolgokat; ahogy; papunk; mondogatta; amikor; gyerek; voltam,1.000,1.000,"Higgyél, de azért mindig ellenőrizd a dolgokat. Ahogy a papunk mondogatta, amikor gyerek voltam.","Higgyél, de azért mindig ellenőrizd a dolgokat. Ahogy a papunk mondogatta, amikor gyerek voltam.",NEEDS_TRANSLATION,,,
goss_lapka_mlu_ty_nam_byl_i1io,1,148,,jaja; ördög; vinné; ilyeneket; manapság; már; egy; cseppnyi; tisztesség; sincs; emberekben,1.000,1.000,"Jaja, az ördög vinné az ilyeneket! Manapság már egy cseppnyi tisztesség sincs az emberekben.","Jaja, az ördög vinné az ilyeneket! Manapság már egy cseppnyi tisztesség sincs az emberekben.",NEEDS_TRANSLATION,,,
neme_udo_aus_t_aha__ale_m_bzaK,1,148,german,scheisse; meine; frau; warte; tauber; bis; tabr-heim; tau-se; gott; verdammt; tauberbischofsheim,0.714,0.786,"Scheisse, meine Frau…! Warte ab! My wife is far away in Tauber… bis… Tabr-heim… Tau-se… Gott verdammt! TAUBERBISCHOFSHEIM!",Aha… wait… mein frau… mein frau is all the way in Tauber… bis… Tabr-heim… Tau-se… SCHEISSE! TAUBERBISCHOFSHEIM!,NEEDS_TRANSLATION,,,
goss_gossip_ha_to_prej_by_caHX,1,148,,seems; like; jara; trying; spot; finished; last; time; suddenly; blinded; light,1.000,1.000,"Seems it was like this… Jara was trying to get to the spot he finished at last time, when he was suddenly blinded by a light!","Seems it was like this… Jara was trying to get to the spot he finished at last time, when he was suddenly blinded by a light!",NEEDS_TRANSLATION,,,
goss_lapka_mlu_sakra_stal_DGLZ,1,147,,pokolba; csak; egyszer; fordult; elő; neked; mindig; orrom; alá; kell; dörgölnöd,1.000,1.000,"A pokolba is, csak egyszer fordult elő, de neked mindig az orrom alá kell dörgölnöd!","A pokolba is, csak egyszer fordult elő, de neked mindig az orrom alá kell dörgölnöd!",NEEDS_TRANSLATION,,,
goss_lapka_mlu_stahnuls_z_AS2U,1,147,,akkor; húztad; róla; csizmát; amikor; még; élt; vagy; csak; miután; kinyúvadt,1.000,1.000,"Akkor húztad le róla a csizmát, amikor még élt, vagy csak miután kinyúvadt?","Akkor húztad le róla a csizmát, amikor még élt, vagy csak miután kinyúvadt?",NEEDS_TRANSLATION,,,
hadk_event_rva_cumim_jak__7iTJ,1,147,hungarian,azt; nézem; milyen; ocsmány; vagy; ilyet; nem; minden; nap; lát; ember,1.000,1.000,"Azt nézem, milyen ocsmány vagy... Ilyet nem minden nap lát az ember!","Azt nézem, milyen ocsmány vagy... Ilyet nem minden nap lát az ember!",NEEDS_TRANSLATION,,,
kuma_spizovaci_snad_najdo_OcFQ,1,147,,remélem; találnak; friss; húst; többet; egy; falat; kutyát; vagyok; hajlandó; lenyelni,1.000,1.000,"Remélem, találnak friss húst. Többet egy falat kutyát se vagyok hajlandó lenyelni.","Remélem, találnak friss húst. Többet egy falat kutyát se vagyok hajlandó lenyelni.",NEEDS_TRANSLATION,,,
sam__samuel_jak_bych_nemo_Ew4h,1,146,,efsher; ober; nokh; ikh; vel; zayn; ruiker; visndik; mame; zaynen; zikher,1.000,1.000,"Efsher, ober nokh… Ikh vel zayn ruiker visndik, az du un Mame zaynen zikher.","Efsher, ober nokh… Ikh vel zayn ruiker visndik, az du un Mame zaynen zikher.",NEEDS_TRANSLATION,,,
goss_lapka_mlu_tak_dal_do_fHoL,1,146,,úgyhogy; feltöltette; kolostor; pincéjét; bokáig; érő; vízzel; levitetett; oda; pár; disznót,1.000,1.000,"Úgyhogy feltöltette a kolostor pincéjét bokáig érő vízzel, és levitetett oda pár disznót.","Úgyhogy feltöltette a kolostor pincéjét bokáig érő vízzel, és levitetett oda pár disznót.",NEEDS_TRANSLATION,,,
uvod_menhart_z_pri_otci_s_Chb7,1,143,german,das; geloben; wir; namen; des; vaters; sohnes; und; heiligen; geistes,1.000,1.000,"Das geloben wir im Namen des Vaters, des Sohnes und des Heiligen Geistes.","!P Das geloben wir im Namen des Vaters, des Sohnes und des Heiligen Geistes.",NEEDS_TRANSLATION,,,
lore_event_tab_ich_heie_a_btWu,1,143,german,ich; bin; anton; stork; geschäftsmann; zalt; und; alum; verstehst; mich,0.909,0.909,"Ich bin Anton Stork, Geschäftsmann. I trade in zalt. Zalt und alum. Verstehst du mich?","Ich heiße Anton Stork, Alaun und Salzgeschäftsman. I trade in zalt. Zalt und alum. Verstehst du mich?",NEEDS_TRANSLATION,,,
hosp_hospodyne_bitte_scho_M8sx,1,142,german,bitte; sehr; hoffentlich; werden; eure; eier; schön; gross; und; gelb,1.000,1.000,Bitte sehr … Hoffentlich werden eure Eier schön groß und gelb!,"Bitte schon, bitte schon... Lassen Sie Ihre Eier schon und gelb sein!",NEEDS_TRANSLATION,,,
rozl_louceni_p_nich_viel__ILwf,1,142,german,nich; viel; also; nächstes; mal; wird; hoffentlich; besser; mein; herr,1.000,1.000,"Nich viel. Also nächstes mal wird es hoffentlich besser, mein Herr.","!P Nich viel. Also nächstes mal wird es hoffentlich besser, mein Herr.",NEEDS_TRANSLATION,,,
ulri_event_tab_schade_die_vks1,1,141,german,schade; dieses; traurige; land; ist; voll; von; menschen; wie; dir,1.000,1.000,"Schade, dieses traurige Land ist voll von Menschen wie dir.","Schade, dieses traurige Land ist voll von Menschen wie Ihnen.",NEEDS_TRANSLATION,,,
pohr_aranka_ke_tuke_si_an_bEYc,1,141,,tiro; hin; t-hagaripen; t-ho; zor; ashundyipen; andre; bersh; kay; avena,1.000,1.000,"tiro hin o t-hagaripen, t-ho zor, t-ho ashundyipen andre sa bersh kay avena.","!P Ke tuke si, ande sa le bersh kaj avena,e amperetsia, e zor thaj o vestimos.",NEEDS_TRANSLATION,,,
npc__npc_prezi_jediny_co__5X8B,1,140,,egyetlen; dolog; amit; ittam; borunk; volt; hmm; lehet; hogy; megromlott,1.000,1.000,"Az egyetlen dolog, amit ittam, a borunk volt. Hmm... Lehet, hogy megromlott...",The only thing I had was our wine. Hmm... It might be spoilt...,NEEDS_TRANSLATION,,,
goss_uhersky_v_jo_nevim_p_4Is6,1,138,hungarian,hát; nem; tudom; hogy; miért; léptem; már; mint; sokan; mások,1.000,1.000,"Hát ja, nem is tudom, hogy miért nem léptem már én is le, mint sokan mások.","Hát ja, nem is tudom, hogy miért nem léptem már én is le, mint sokan mások.",NEEDS_TRANSLATION,,,
dial_stalker_igen_aha_laz_wGMr,1,138,hungarian,igen; aha; fürdős; lány; miért; minek; ütöd; bele; orrod; szeretem,1.000,1.000,"Igen? Aha, a fürdős lány. Miért ne? Minek ütöd bele az orrod. Igen, szeretem.","Igen? Aha, a fürdős lány. Miért ne? Minek ütöd bele az orrod. Igen, szeretem.",NEEDS_TRANSLATION,,,
dial_stalker_co_to_kurva__v9hz,1,138,hungarian,faszt; magyarázol; nem; értem; hogy; fenébe; értsek; szót; veled; így,1.000,1.000,Mi a faszt magyarázol? Nem értem. Hogy a fenébe értsek szót veled így?,Mi a faszt magyarázol? Nem értem. Hogy a fenébe értsek szót veled így?,NEEDS_TRANSLATION,,,
goss_lapka_mlu_kozli_ty_p_xV87,1,138,hungarian,bakkecskéket; hangról; meg; tudod; különbözteti; bakkecskét; gödölyétől; lánccsörgést; nem; hallottál,1.000,1.000,Mi? Bakkecskéket?! Hangról meg tudod különbözteti a bakkecskét a gödölyétől? És lánccsörgést nem hallottál?,Mi? Bakkecskéket?! Hangról meg tudod különbözteti a bakkecskét a gödölyétől? És lánccsörgést nem hallottál?,NEEDS_TRANSLATION,,,
goss_lapka_mlu_v_nejakym__eqN6,1,138,hungarian,valami; szász; kolostorban; volt; egy; szerzetes; aki; szintén; igen; zabás,1.000,1.000,"Valami szász kolostorban volt egy szerzetes, aki szintén igen zabás volt.","Valami szász kolostorban volt egy szerzetes, aki szintén igen zabás volt.",NEEDS_TRANSLATION,,,
goss_lapka_mlu_no__jo_a_t_VFJj,1,137,hungarian,hát; szóval; állok; bámulok; nem; értem; valami; idegen; nyelven; énekelnek,1.000,1.000,"Hát, ja. Szóval, állok és bámulok, de nem értem, valami idegen nyelven énekelnek.","Hát, ja. Szóval, állok és bámulok, de nem értem, valami idegen nyelven énekelnek.",NEEDS_TRANSLATION,,,
goss_uhersky_v_nebud_posr_Ixvu,1,137,czech,legyél; már; ilyen; beszari; majd; azt; mondjuk; hogy; csak; gyakorlunk,1.000,1.000,"Ne legyél már ilyen beszari, majd azt mondjuk, hogy csak gyakorlunk.","Ne legyél már ilyen beszari, majd azt mondjuk, hogy csak gyakorlunk.",NEEDS_TRANSLATION,,,
rozh_sedlaci_m_od_ty_doby_gdDL,1,137,czech,doby; přišla; muže; dej; pánbůh; nebe; moc; mezi; lidi; nechodí,1.000,1.000,"Od tý doby, co přišla o muže, dej mu Pánbůh nebe, moc mezi lidi nechodí.",,NEEDS_TRANSLATION,,,
goss_lapka_mlu_ty_co_bys__cc37,1,137,hungarian,mire; mennének; veled; ott; hacsak; nem; madárijesztő; kéne; nekik; veteményesbe,1.000,1.000,Te? Mire mennének veled ott? Hacsak nem madárijesztő kéne nekik a veteményesbe.,Te? Mire mennének veled ott? Hacsak nem madárijesztő kéne nekik a veteményesbe.,NEEDS_TRANSLATION,,,
menh_arne_nemec_so_es_ist_TuNN,1,136,german,also; ist; einfach; fechthalle; einbrechen; und; ihr; gildenschwert; stehlen; rathaus,0.714,0.714,"Also, es ist einfach. You must into their Fechthalle einbrechen und ihr Gildenschwert stehlen and then hang it am Rathaus.","Also, es ist einfach. You must into their Fechthalle einbrechen und ihr Gildenschwert stehlen and then hang it am Rathaus.",NEEDS_TRANSLATION,,,
goss_gossip_ha_ten_je_na__iF76,1,136,,he's; bad; way; ever; since; then; reckons; going; nasty; disease,1.000,1.000,He's in a bad way… Ever since then he reckons he's going to get a nasty disease.,He's in a bad way… Ever since then he reckons he's going to get a nasty disease.,NEEDS_TRANSLATION,,,
goss_lapka_mlu_jo_jenze_t_mmWh,1,136,,hát; annak; csuhásnak; kicsi; volt; lába; most; tiszta; vér; sarkam,1.000,1.000,"Hát ja, de annak a csuhásnak kicsi volt a lába és most tiszta vér a sarkam.","Hát ja, de annak a csuhásnak kicsi volt a lába és most tiszta vér a sarkam.",NEEDS_TRANSLATION,,,
goss_uhersky_v_nasrat_nem_dNO8,1,136,,nincs; egy; petákom; baszd; meg; lenne; akkor; adnám; oda; neked,1.000,1.000,"Nincs egy petákom se, baszd meg, de ha lenne, akkor se adnám oda neked.","Nincs egy petákom se, baszd meg, de ha lenne, akkor se adnám oda neked.",NEEDS_TRANSLATION,,,
goss_gossip_hu_co_jinyho__uHet,1,136,,else; than; raise; wrist; chase; skirts; reaper; could; any; moment,1.000,1.000,What else is there to do than raise the wrist and chase skirts? The Reaper could come for you at any moment…,What else is there to do than raise the wrist and chase skirts? The Reaper could come for you at any moment…,NEEDS_TRANSLATION,,,
dial_stalker_coze_ona_se__Bfsi,1,135,hungarian,van; fél; tőlem; ezt; nem; akartam; hát; rendben; békén; hagyom,1.000,1.000,"Mi van? Fél tőlem? De én ezt nem akartam! Hát jó... Rendben, békén hagyom.","Mi van? Fél tőlem? De én ezt nem akartam! Hát jó... Rendben, békén hagyom.",NEEDS_TRANSLATION,,,
gree_pozdrav_m_du_bist_ei_xv9W,1,134,czech; german; slovak,bist; ein; bisschen; wackelig; auf; den; beinen; mein; freund,1.000,1.000,"Du bist ein bisschen wackelig auf den Beinen, mein Freund.","Du bist ein bisschen wackelig, mein Freund.",NEEDS_TRANSLATION,,,
gree_pozdrav_n_du_hast_da_F1OR,1,134,czech; german; slovak,hast; den; kampf; gegen; die; nüchternheit; wohl; gewonnen; freund,1.000,1.000,"Du hast den Kampf gegen die Nüchternheit wohl gewonnen, Freund!","!P Du hast das Match gewonnen mit Nüchternheit, mein Freund!",NEEDS_TRANSLATION,,,
menh_menhart_z_co_nevidis_zlE7,1,134,german,ich; bin; menhard; ein; meister; des; langschwerts; aus; frankfurt; besser,0.643,0.714,"Ich bin Menhard, ein Meister des Langschwerts aus Frankfurt. You will not find ein besser Meister for miles around, I tell you!","Ich bin Menhard, ein Meister des Langschwerts aus Frankfurt. You will not find ein besser Meister for miles around, I tell you!",NEEDS_TRANSLATION,,,
stal_stalker_ja_vim_ze_by_Pfb2,1,134,,tudom; hogy; nemet; mondtál; rábeszéllek; majd; meglátod; csak; egy; próba,1.000,1.000,"Tudom, hogy nemet mondtál, de rábeszéllek, majd meglátod! Ez csak egy próba...","Tudom, hogy nemet mondtál, de rábeszéllek, majd meglátod! Ez csak egy próba...",NEEDS_TRANSLATION,,,
gree_pozdrav_m_mein_gott__Fipv,1,132,german; hungarian,mein; gott; warum; läufst; hier; mit; nacktem; hintern; herum,1.000,1.000,Mein Gott! Warum läufst du hier mit nacktem Hintern herum?!,"Mein Gott! Was tust du, hier mit einem nackten Hintern herumzulaufen?!",NEEDS_TRANSLATION,,,
npc__npc_prezi_jediny_co__VW8K,1,131,hungarian,csak; fazékból; ettem; meg; kell; néznem; hogy; nem; romlott,1.000,1.000,Csak a fazékból ettem. Meg kell néznem hogy nem romlott e meg.,The only thing I ate was food from the pot. I should go and see if it's spoilt.,NEEDS_TRANSLATION,,,
chat_opily_kum_egy_ilyen__Qb0e,1,131,hungarian,egy; ilyen; miatt; tudnám; képzelni; hogy; itt; maradjak; nálatok,1.000,1.000,"Egy ilyen nő miatt el tudnám képzelni, hogy itt maradjak. Jó itt nálatok.","Egy ilyen nő miatt el tudnám képzelni, hogy itt maradjak. Jó itt neked.",NEEDS_TRANSLATION,,,
kuma_vasko_nem_volt_rossz_jYhQ,1,131,hungarian,nem; volt; rossz; ötlet; azt; hittem; másképp; alakul; tényleg,1.000,1.000,"Nem volt rossz ötlet… De azt hittem, másképp alakul. Tényleg azt hittem.","!P Nem volt rossz ötlet… De azt hittem, hogy másképp alakul. Így is lett.",NEEDS_TRANSLATION,,,
ques_quest_tip_jo_taky_se_QGjl,1,131,german,und; dann; fällt; mir; noch; etwas; ein; schwertmeister; nikolas; wettstreit,0.615,0.769,Und dann fällt mir noch etwas ein. I have heard Schwertmeister Nikolas complaining about some Wettstreit…,!P Und dann fällt mir noch etwas ein. I have heard Fechtmeister Niklaus complaining about some Wettbewerb...,NEEDS_TRANSLATION,,,
rozl_obchodnik_davar_masa_MxjC,1,130,yiddish_hebrew,borekh; ha-shem; davar; masa; u-matan; tov; sheinen; dank; fraynd,1.000,1.000,"Borekh ha-shem! Davar masa u-matan tov! Sheinen dank, fraynd.","Baruch hashem! Davar masa umatan tov! Sheinen dank, freynd.",NEEDS_TRANSLATION,,,
rozl_obchodnik_davar_masa_z6xl,1,130,yiddish_hebrew,borekh; ha-shem; davar; masa; u-matan; tov; sheinen; dank; mayn,1.000,1.000,"Borekh ha-shem! Davar masa u-matan tov! Sheinen dank, mayn her.","Borech ha-shem! Davar masa u-matan tov! Sheinen dank, mein Herr.",NEEDS_TRANSLATION,,,
rozl_obchodnic_davar_masa_xv62,1,130,yiddish_hebrew,borekh; ha-shem; davar; masa; u-matan; tov; sheynem; dank; mayn,1.000,1.000,"Borekh ha-shem! Davar masa u-matan tov. Sheynem dank, mayn her.","Borech ha-shem! Davar masa u-matan tov! Sheinen dank, mein Herr.",NEEDS_TRANSLATION,,,
gree_pozdrav_n_du_hast_da_QPDG,1,130,german,hast; deinen; kampf; gegen; die; nüchternheit; gewonnen; mein; freund,1.000,1.000,"Du hast deinen Kampf gegen die Nüchternheit gewonnen, mein Freund!","!P Du hast das Match gewonnen mit Nüchternheit, mein Freund!",NEEDS_TRANSLATION,,,
npc__npc_oznac_to_teda_ni_rHwL,1,130,hungarian,senki; egyen; ebből; kajából; amíg; teljesen; meg; nem; főztük,1.000,1.000,"Senki se egyen ebből a kajából, amíg teljesen meg nem főztük.",No one's going to eat that gruel until we boil it good.,NEEDS_TRANSLATION,,,
dial_stalker_kurva_chlape_7BNN,1,129,,bassza; meg; ember; nyugodj; bath; girl; alone; értem; jól; van,0.700,1.000,"Bassza meg, ember, nyugodj meg! Bath girl alone! Értem. Jól van!","Bassza meg, ember, nyugodj meg! Bathhouse girl alone! Értem. Jól van!",NEEDS_TRANSLATION,,,
rozl_obchodnic_davar_masa_1PlZ,1,129,yiddish_hebrew,borekh; ha-shem; davar; masa; u-matan; tov; sheynem; dank; fraynd,1.000,1.000,"Borekh ha-shem! Davar masa u-matan tov! Sheynem dank, fraynd.","Borech ha-shem! Davar masa u-matan tov! Sheinen dank, fraynd.",NEEDS_TRANSLATION,,,
o_zi_mistr_fab_klenba_se__eIv3,1,129,german,das; gewölbe; zwanzig; klafter; und; der; geschätzten; kuttenberger; bergmänner,0.600,0.600,"Das Gewölbe, äh... The vault will rise zwanzig Klafter above the heads of the faithful pilgrims und der geschätzten Kuttenberger Bergmänner.",!P Die Gewolbe ee... The vault will rise zwanzig Klafter above the heads of the faithful pilgrims und geschatzten kuttenberg Bergleute.,NEEDS_TRANSLATION,,,
s_bo_henry_et_dimitte_nob_krNW,1,129,,dimitte; nobis; debita; nostra; sicut; nos; dimittimus; debitoribus; nostris,1.000,1.000,"Et dimitte nobis debita nostra, sicut et nos dimittimus debitoribus nostris.","!P Et dimitte nobis debita nostra, sicut et nos dimittimus debitoribus nostris.",NEEDS_TRANSLATION,,,
kuma_kuman_u_s_ezt_majd_m_WIol,1,129,hungarian,könnyű; ezt; mondani; még; egy; köpés; nem; bírom; tovább,1.000,1.000,"Könnyű ezt mondani. Még egy köpés, és nem bírom tovább.","Ezt majd megmondják neked. Még egy köpés, és nem bírom.",NEEDS_TRANSLATION,,,
s_me_arne_nemec_menhart_n_0kAJ,1,129,german,menhard; ich; fühle; mich; ein; bisschen; krank; und; schwach,1.000,1.000,"Menhard, ich fühle mich ein bisschen krank und schwach.","Menhard, I'm feeling a little sick and weak.",NEEDS_TRANSLATION,,,
dial_stalker_co_boj_no_kd_yfH1,1,129,hungarian,fight; hát; harcolni; akarsz; legyen; azt; lányt; nem; adom,1.000,1.000,"Mi az? Fight? Hát jó, ha harcolni akarsz, ám legyen! De azt a lányt nem adom!","Mi az? Harc? Hát jó, ha harcolni akarsz, ám legyen! De azt a lányt nem adom!",NEEDS_TRANSLATION,,,
pohr_aranka_jertisar_amen_4BJp,1,129,,odmuk; amenge; amare; bini; sar; amen; odmukas; olenge; musarde,1.000,1.000,"Odmuk amenge amare bini, sar the amen odmukas olenge, so amenge musarde.","!P Jertisar amenge amare bezehendar, sar vi ame jertisaras kadalendar kaj amisajle amende.",NEEDS_TRANSLATION,,,
lore_event_tab_qui_introd_lvV8,1,128,,magistri; mendaces; qui; introducent; sectas; perditionis; libera; nos; malo,1.000,1.000,"...magistri mendaces, qui introducent sectas perditionis! O libera nos a malo!","Qui introducent sectas perditionis, oh Libera nos, Deus noster.",NEEDS_TRANSLATION,,,
comb_hejtman_s_heh_vazne__ZWBv,1,128,german,vor; allem; wenn; der; gegner; ein; dummer; bauerntölpel; ist,0.692,0.692,"Ha, a seriously fast and deadly hit, vor allem, wenn der Gegner ein dummer Bauerntölpel ist.","!P Ha, a seriously fast and deadly hit, vor allem, wenn der Gegner ein dummer Hinterwäldler ist.",NEEDS_TRANSLATION,,,
npc__npc_prezi_ufff_tak_s_zSUT,1,128,,ugh; olyan; érzés; mintha; kibaszott; gyomorgörcsök; már; sokkal; gyengébbek,1.000,1.000,"Ugh... Olyan érzés, mintha... A kibaszott gyomorgörcsök már sokkal gyengébbek.",Ugh... Looks like... Those bloody gut cramps are finally dying down.,NEEDS_TRANSLATION,,,
tara_taras_mura_vade_sata_4zXc,1,128,,vade; satana; inventor; magister; omnis; fallaciae; hostis; humanae; salutis,1.000,1.000,"Vade, Satana, inventor et magister omnis fallaciae, hostis humanae salutis.","!P Vade, Satana, inventor et magister omnis fallaciae, hostis humanae salutis.",NEEDS_TRANSLATION,,,
druh_vasko_hogy_a_kezevel_i6dj,1,127,,azt; állítja; hogy; puszta; kézzel; ölt; meg; egy; óriást,1.000,1.000,"Azt állítja, hogy puszta kézzel ölt meg egy óriást!","Hogy azt mondja, kézzel vágja ki a fákat!",NEEDS_TRANSLATION,,,
pohr_aranka_amaro_dad_kai_SL0V,1,127,,devla; amaro; sal; pro; opripen; poshvetsin; pes; tiro; nav,1.000,1.000,"Devla amaro, so sal pro opripen, poshvetsin pes tiro nav.",!P Amaro Dad kai san ande o cheri! Ke tjiro anav t'avel svintsime;,NEEDS_TRANSLATION,,,
neme_udo_aus_t_himmel_sem_678G,1,127,german,gott; himmel; aus; tuber; nein; taube; tauber; bis; hofissam,0.818,0.818,"Gott im Himmel! I have already told you… Aus Tuber, ah nein, Taube… Tauber… Bis… Hofissam.","Himmel, I told you already… Aus Tuber, ah nein, Taube… Tauber… Bis… Hofissam.",NEEDS_TRANSLATION,,,
diva_divak_bar_ha_ha_ja_v_3gch,1,126,hungarian,tudtam; hogy; nem; fogsz; csalódást; okozni; szép; munka; öregem,1.000,1.000,"Ha ha! Tudtam, hogy nem fogsz csalódást okozni. Szép munka, öregem!","Ha ha! Tudtam, hogy nem fogsz csalódást okozni. Szép munka, öregem!",NEEDS_TRANSLATION,,,
gree_pozdrav_z_gru_dich_w_scax,1,125,german,grüss; dich; wie; kann; ich; dir; helfen; mein; herr,1.000,1.000,"!P Grüß dich! Wie kann ich dir helfen, mein Herr?","!P Grüß dich! Wie kann ich dir helfen, mein Herr?",NEEDS_TRANSLATION,,,
goss_gossip_na_mm_mmm_mmm_ZUZJ,1,125,german,sitzend; auf; dem; grase; ich; blick; gen; deinem; fenster,1.000,1.000,"""...sitzend auf dem Grase, Ich Blick gen deinem Fenster...""","""...sitzend auf dem Grase, Ich Blick gen deinem Fenster...""",NEEDS_TRANSLATION,,,
tara_taras_mura_ab_insidi_qjH6,1,125,latin,insidiis; diaboli; libera; nos; domine; benedictus; deus; gloria; patri,1.000,1.000,"Ab insidiis diaboli, libera nos, Domine. Benedictus Deus. Gloria patri.","Ab insidiis diaboli, libera nos, Domine. Benedictus deus. Gloria patri.",NEEDS_TRANSLATION,,,
s_bo_henry_adveniat_regnu_JOzA,1,125,,adveniat; regnum; tuum; fiat; voluntas; tua; sicut; cælo; terra,0.889,1.000,"Adveniat regnum tuum, fiat voluntas tua, sicut in cælo et in terra.","!P Adveniat regnum tuum, fiat voluntas tua, sicut in cæloet in terra.",NEEDS_TRANSLATION,,,
neme_udo_aus_t_ja_sem__ud_b1PU,1,125,,udo; taubisch; nein; tauberhofs; heim; scheisse; aus; tauber; bischofs,0.889,1.000,"I am Udo… from Taubisch… nein, Tauberhofs… heim… Scheisse! Aus TAUBER… BISCHOFS… HEIM!",I'm… Udo… from Tabehoeim… no. Taube… heim… no… Taubshohim… fuck… TAUBERBISCHOFSHEIM!,NEEDS_TRANSLATION,,,
voja_jostuv_vo_tak_to_by__askS,1,125,polish,tak; bylo; teď; jen; trůn; vrátit; našeho; pravýho; krále,1.000,1.000,Tak to by bylo. Teď už jen na trůn vrátit našeho pravýho krále!,,NEEDS_TRANSLATION,,,
stal_stalker_udelal_bych__XK2C,1,124,,bármit; megtennék; hogy; eljöhessek; hozzád; megölelhesselek; fejem; melleidre; hajthassam,1.000,1.000,"Bármit megtennék, hogy eljöhessek hozzád, hogy megölelhesselek, hogy a fejem a melleidre hajthassam...","Bármit megtennék, hogy eljöhessek hozzád, hogy megölelhesselek, hogy a fejem a melleidre hajthassam...",NEEDS_TRANSLATION,,,
goss_lapka_mlu_nejdriv_se_woxo,1,124,,először; gatyájából; potyogott; kincs; aztán; meg; bukszájából; szórta; ezüstöket,1.000,1.000,"Először a gatyájából potyogott a kincs, aztán meg a bukszájából szórta az ezüstöket!","Először a gatyájából potyogott a kincs, aztán meg a bukszájából szórta az ezüstöket!",NEEDS_TRANSLATION,,,
gree_pozdrav_m_gru_dich_w_E1vx,1,124,german,grüss; dich; wie; kann; ich; dir; helfen; mein; herr,1.000,1.000,"Grüß dich! Wie kann ich dir helfen, mein Herr?","Grüß dich! Wie kann ich dir helfen, mein Herr?",NEEDS_TRANSLATION,,,
ques_quest_tip_je_tam_uby_q35a,1,124,german,bylany; ich; bin; sicher; dass; ihn; dort; finden; wirst,0.727,0.818,"He stayed in the Bylany inn. Ich bin sicher, dass du ihn dort finden wirst.","!P He stayed in the Bylany inn, Ich bin sicher, dass Sie ihn dort finden.",NEEDS_TRANSLATION,,,
stre_strelnice_no_co_v_bi_5yIO,1,124,,akkor; csatában; mindegy; hogy; szívét; találom; vagy; gyomrába; megy,1.000,1.000,"Na és akkor? A csatában mindegy, hogy a szívét találom el vagy a gyomrába megy...","Na és akkor? A csatában mindegy, hogy a szívét találom el vagy a gyomrába megy...",NEEDS_TRANSLATION,,,
arne_arne_nemec_aber_dann_1d9Y,1,123,german,aber; dann; und; ich; hatte; ein; sehr; grosses; problem,0.727,0.818,Aber dann have they caught me stealing und ich hatte ein sehr großes Problem.,!P Aber dann have they caught me stealing und ich hatte ein sehr großes Problem.,NEEDS_TRANSLATION,,,
goss_lapka_mlu_opat_z_lop_opJp,1,123,,apátok; lapát; már; böjtölésről; volt; szó; hallottam; egy; jót,1.000,1.000,"Apátok lapát... de ha már a böjtölésről volt szó, hallottam egy jót.","Apátok lapát... de ha már a böjtölésről volt szó, hallottam egy jót.",NEEDS_TRANSLATION,,,
arne_arne_nemec_to_nesnad_qY0U,1,123,german,das; ist; nicht; einfach; also; stoffe; geld; für; unterricht; menhard,0.429,0.714,"Das ist nicht einfach, also... I have some Stoffe stolen. To have Geld to pay für Unterricht... lessons... bei Menhard.","That is not easy, so I stole some fabrics to get money to pay Menhard for lessons. Das ist nicht einfach, also... I have some Stoffe stolen. To have Geld to pay für Unterricht... lessons... bei Meinhard.",NEEDS_TRANSLATION,,,
klau_poslednib_ja_ti_to_r_bDnn,1,123,german,ich; würde; mich; freuen; wenn; etwas; wein; trinken; würdest,1.000,1.000,"Ich würde mich freuen, wenn du etwas Wein trinken würdest...","Ich würde mich freuen, wenn du etwas Wein trinken würdest...",NEEDS_TRANSLATION,,,
goss_lapka_mlu_taky_nemam_VAF8,1,123,,rühellem; elhúzódik; dolog; mindig; azt; jelenti; hogy; szopás; van,1.000,1.000,"Ja, én is rühellem, ha elhúzódik a dolog. Az mindig azt jelenti, hogy szopás van.","Ja, én is rühellem, ha elhúzódik a dolog. Az mindig azt jelenti, hogy szopás van.",NEEDS_TRANSLATION,,,
tria_pogrom_ob_di_di_wFgO,1,123,,jehi; rotsn; milfoneykha; adonoy; eloheynu; velohey; avouseynu; shetoulikheynu; le-sholem,1.000,1.000,"Jehi rotsn milfoneykha adonoy eloheynu, velohey avouseynu, shetoulikheynu le-sholem.","Jehi rotsn milfoneykha adonoy eloheynu, velohey avouseynu, shetoulikheynu le-sholem.",NEEDS_TRANSLATION,,,
goss_lapka_mlu_toho_kneze_fCPG,1,123,,hát; azt; papot; kicsináltuk; így; legalább; tettünk; valami; jót,1.000,1.000,"No hát azt a papot kicsináltuk, így legalább tettünk valami jót is.","No hát azt a papot kicsináltuk, így legalább tettünk valami jót is.",NEEDS_TRANSLATION,,,
rozh_henry_jo_s_tou_jsem__ZNuS,1,123,,tou; jsem; mluviil; ale; vypadá; jako; viktorka; prostě; zmizela,1.000,1.000,"S tou jsem už mluviil. Ale vypadá to, jako by Viktorka prostě zmizela.",,NEEDS_TRANSLATION,,,
stre_strelnice_posunte_mi_PUg4,1,123,,toljátok; már; kicsit; balra; azt; célt; akkor; talán; eltalálom,1.000,1.000,"Toljátok már kicsit balra azt a célt, akkor talán eltalálom...","Toljátok már kicsit balra azt a célt, akkor talán eltalálom...",NEEDS_TRANSLATION,,,
vrac_kradene_z_gott_moge__SOhH,1,123,german,vielen; dank; gott; möge; ihre; hand; führen; mein; freund,1.000,1.000,"Vielen Dank. Gott möge Ihre Hand führen, mein Freund.","Vielen Dank. Gott möge Ihre Hand führen, mein Freund.",NEEDS_TRANSLATION,,,
zave_jasak_akkor_mondd_me_0KMp,1,122,,akkor; mondd; meg; neki; hogy; jobb; ott; mint; itt,1.000,1.000,"Akkor mondd meg neki, hogy jobb ott, mint itt.","Akkor mondd meg neki, hogy jobb ott, mint itt.",NEEDS_TRANSLATION,,,
goss_lapka_mlu_tak_smrdim_B5Ws,1,122,,akkor; nyilván; nekem; olyan; szagom; lesz; mint; döglött; halnak,1.000,1.000,"Akkor nyilván nekem is olyan szagom lesz, mint a döglött halnak.","Akkor nyilván nekem is olyan szagom lesz, mint a döglött halnak.",NEEDS_TRANSLATION,,,
sam__samuel_ja_jsem_taky__0fDm,1,122,,nokh; dem; vos; ikh; vel; aykh; koydem; zikherkayt; bagleytn,1.000,1.000,Nokh dem vos. Ikh vel aykh koydem in zikherkayt bagleytn.,Nokh dem vos. Ikh vel aykh koydem in zikherkayt bagleytn.,NEEDS_TRANSLATION,,,
goss_lapka_mlu_stejne_jsm_4jjN,1,122,,persze; azért; rávettük; hogy; szedje; össze; mindet; szépen; törölgesse,1.000,1.000,"Persze azért rávettük, hogy szedje össze az mindet és szépen törölgesse le!","Persze azért rávettük, hogy szedje össze az mindet és szépen törölgesse le!",NEEDS_TRANSLATION,,,
stal_stalker_jeden_usmev__pO39,1,121,,egy; mosollyal; beérném; csak; egyetlen; mosoly; mibe; kerülne; neked,1.000,1.000,Egy mosollyal is beérném. Csak egyetlen mosoly. Mibe kerülne az neked?,Egy mosollyal is beérném. Csak egyetlen mosoly. Mibe kerülne az neked?,NEEDS_TRANSLATION,,,
comb_hejtman_s_jasne_dlou_hWfF,1,120,german; hungarian,das; ist; richtig; ehrliche; arbeit; mit; der; waffe,1.000,1.000,"Das ist richtig, ehrliche Arbeit mit der Waffe!","!P Das ist richtig, ehrliche Waffenarbeit!",NEEDS_TRANSLATION,,,
reak_soldier_k_es_ist_vor_L2xk,1,119,german,ist; vorbei; aber; das; nicht; gut; ich; blute,1.000,1.000,"Es ist vorbei, aber das ist nicht gut … Ich blute.","!P Es ist vorbei, aber das ist nicht gut... Ich blute.",NEEDS_TRANSLATION,,,
chat_opily_kum_bla_bla_bla_LnGn,1,119,hungarian,köszönöm; nőt; majd; fogsz; keresni; nálunk; segítek; neked,1.000,1.000,"Köszönöm a nőt. Ha majd te fogsz nőt keresni nálunk, én is segítek neked.","Köszönöm a nőt. Ha nálunk keresel nőt, akkor neked is segítek.",NEEDS_TRANSLATION,,,
inga_bohuta_pl_requiem_ae_LMEC,1,119,latin,requiem; æternam; dona; eis; domine; lux; perpetua; luceat,1.000,1.000,"Requiem æternam dona eis, Domine, et lux perpetua luceat eis.","!P Requiem æternam dona eis, Domine, et lux perpetua luceat eis.",NEEDS_TRANSLATION,,,
menh_menhart_z_was_fur_di_bCQO,1,119,german; hungarian,ist; mit; deinem; auge; siehst; meine; hand; arne,1.000,1.000,"Was ist mit deinem Auge? Siehst du meine Hand, Arne?",!P Was für die Auge? Siehst du meine Hande Arne?,NEEDS_TRANSLATION,,,
npc__nalezeny__mi_prislo__Hi8a,1,118,hungarian,azt; hittem; volt; arra; valami; nem; talátam; semmit,1.000,1.000,Azt hittem volt arra valami. De nem talátam semmit.,"I had the feeling there was something suspicious over here, but I didn't find anything.",NEEDS_TRANSLATION,,,
krov_kostkar_k_alle_heili_6mDD,1,118,german,bei; allen; heiligen; das; kann; doch; nicht; sein,1.000,1.000,Bei allen Heiligen! Das kann doch nicht sein!,Alle Heiligen! Stimmt nicht!,NEEDS_TRANSLATION,,,
hosp_hospodsky_heute_habe_YYJW,1,118,german,heute; haben; wir; bier; das; brennt; wie; meerrettich,1.000,1.000,"Heute haben wir Bier, das brennt wie Meerrettich!",!P Heute haben wir ein Bier wie Meerrettich!,NEEDS_TRANSLATION,,,
hosp_hospodsky_wenn_du_hu_wqZi,1,118,german,wenn; hunger; hast; ich; habe; einen; guten; eintopf,1.000,1.000,"Wenn du Hunger hast, ich habe einen guten Eintopf.","!P Wenn du Hunger hast, ich habe einen guten Eintopf.",NEEDS_TRANSLATION,,,
gree_obchodnik_anziehen_m_vn97,1,118,german,zieh; dir; mann; wir; tolerieren; das; hier; nicht,1.000,1.000,"Zieh dir was an, Mann! Wir tolerieren das hier nicht!",Anziehen Mann! Wir tolerieren das hier nicht!,NEEDS_TRANSLATION,,,
dial_bohuta_pl_in_nomine__4prL,1,117,,benedictio; domini; sit; vobiscum; benedictus; qui; venit; nomine,1.000,1.000,"Benedictio Domini sit vobiscum. Benedictus, qui venit in nomine Domini...","!P Benedictio Domini sit vobiscum. Benedictus, qui venit in nomine Domini...",NEEDS_TRANSLATION,,,
henr_jasak_csak_mondd_meg_wPXe,1,117,,csak; mondd; meg; neki; hogy; szép; tetszik; nekem,1.000,1.000,"Csak mondd meg neki, hogy szép, és hogy tetszik nekem!","!P Csak mondd meg neki, hogy csinos, és tetszem neki!",NEEDS_TRANSLATION,,,
vask_vasko_jak_myslis_ale_3i6h,1,117,german,dir; hat; wohl; die; sonne; das; gehirn; verbrannt,0.889,0.889,Dir hat wohl die Sonne das Gehirn verbrannt! But have it your way.,!P Dir hat wohl die Sonne das Gehirn verbrannt! But have it your way.,NEEDS_TRANSLATION,,,
s_me_menhart_z_hier_arne__j1vY,1,117,german,gut; arne; hier; braucht; deine; hilfe; und; schnell,1.000,1.000,Gut! Arne hier braucht deine Hilfe. Und schnell!,!P Gut! Arne hier braucht deine Hilfe. Und schnell!,NEEDS_TRANSLATION,,,
goss_situace_z_ich_verste_2R3U,1,117,german,ich; verstehe; kein; wort; aber; das; macht; nichts,1.000,1.000,"Ich verstehe kein Wort, aber das macht nichts!","Ich verstehe Sie nicht, aber das macht nichts!",NEEDS_TRANSLATION,,,
vyvo_vyvolavan_die_besten_FVi5,1,116,,die; besten; produkte; ehrliche; ware; nun; greift; leute,1.000,1.000,"Die besten Produkte! Ehrliche Ware! Nun greift zu, Leute!","Die besten Produkte! Ehrliche Ware! Einkaufen, Liute!",NEEDS_TRANSLATION,,,
ques_quest_tip_slysel_si__TosH,1,116,german,haben; sie; schon; von; dieser; neuen; sache; gehört,0.667,0.667,Haben Sie schon von dieser neuen Sache gehört? I heard they found a dragon not far from here!,!P Haben Sie schon von dieser neuen Sache gehört? I heard they found a dragon not far from here!,NEEDS_TRANSLATION,,,
npc__npc_kontr_sakra_snad_v6PB,1,116,,kutassatok; mindent; tudni; akarom; hogy; semmi; sem; hiányzik,1.000,1.000,Kutassatok át mindent. Tudni akarom hogy semmi sem hiányzik.,Search the place! Make sure he didn't steal anything!,NEEDS_TRANSLATION,,,
npc__npc_si_st_bricho_me__EDPd,1,116,,úgy; fáj; gyomrom; mintha; egy; sündisznót; ettem; volna,1.000,1.000,"Úgy fáj a gyomrom, mintha egy sündisznót ettem volna.",My belly feels like I ate a hedgehog.,NEEDS_TRANSLATION,,,
npc__npc_prezi_musel_jsem_Nhya,1,115,,biztos; valami; rosszat; ettem; talán; kaja; megyek; megnézem,1.000,1.000,Biztos valami rosszat ettem... Talán az új kaja? Megyek és megnézem...,I must have eaten something bad...  Maybe the gruel? I should go and check...,NEEDS_TRANSLATION,,,
opil_opily_kum_felulrol_k_MoV7,1,115,,fentről; kellett; volna; hívnod; egy; nőt; hogy; segítsen,1.000,1.000,"Fentről kellett volna hívnod egy nőt, hogy segítsen.","Felülről kellett volna hívnod egy nőt, ő segíthetett volna.",NEEDS_TRANSLATION,,,
o_zi_rychtar_h_leibeigens_94tq,1,115,german,leibeigenschaft; ich; bin; ein; vasall; von; herrn; otto,0.875,1.000,Leibeigenschaft. Ich bin ein Vasall von Herrn Otto von Bergow.,"!P Leibeigenschaft, I am a subject of Otto von Bergow.",NEEDS_TRANSLATION,,,
o_zi_kocovnik__nic_nane_p_7Ko3,1,115,,nyich; nane; pre; p-huv; ayso; sar; romano; yilo,1.000,1.000,Nyich nane pre p-huv ayso sar romano yilo.,!T Nyich nane pre p-huv ayso sar romano yilo.,NEEDS_TRANSLATION,,,
menh_menhart_z_jenze_nez__Z5dU,1,114,german,alles; war; anders; ein; neuer; stadtrat; wenzel; könig; armee,0.500,0.643,"But before we got here, alles war anders! Ein Neuer Stadtrat! Wenzel held captive and König Sigismund here with a big Armee!","But before we got here, alles war anders! Ein Neuer Stadtrat! Wenzel held captive and König Sigismund here with a big Armee!",NEEDS_TRANSLATION,,,
dial_stalker_to_jsem_neve_hlLi,1,114,german; hungarian,ezt; nem; tudtam; nicht; wissen; bocsánat; békén; hagyom,0.889,0.889,Ezt nem tudtam... Nicht wissen! Bocsánat. I sorry. Békén hagyom.,Ezt nem tudtam... Nicht wissen! Bocsánat. I sorry. Békén hagyom.,NEEDS_TRANSLATION,,,
sam__rabin_dobra_dobra_ch_K9Ng,1,114,german,gut; yingele; zorg; zikh; nisht; vert; keyn; tsibele,1.000,1.000,"Gut gut, yingele. Zorg zikh nisht. Es iz nisht vert keyn tsibele.","Gut gut, yingele. Zorg zikh nisht. Es iz nisht vert keyn tsibele.",NEEDS_TRANSLATION,,,
dial_stalker_co_to_je_des_Ulco,1,114,czech,kevés; nyomorult; rábasztál; lány; enyém; érted; nem; nein,1.000,1.000,"Mi? Ez kurva kevés, te nyomorult! Rábasztál, az a lány az enyém! Érted? Nem! Nein!","Mi? Ez kurva kevés, te nyomorult! Rábasztál, az a lány az enyém! Érted? Nem! Nein!",NEEDS_TRANSLATION,,,
goss_lapka_mlu_no_jo_no_c_0tao,1,114,hungarian,hát; igen; egész; héten; heringet; zabálunk; mit; csodálkozol,1.000,1.000,"Na ja, hát igen. Egész héten heringet zabálunk, hát mit csodálkozol?","Na ja, hát igen. Egész héten heringet zabálunk, hát mit csodálkozol?",NEEDS_TRANSLATION,,,
goss_lapka_mlu_ty_vole_ne_8PIn,1,113,czech,faszomba; hányszor; mondtam; már; hogy; baszogass; ilyen; szarságokkal,1.000,1.000,"A faszomba! Hányszor mondtam már, hogy ne baszogass ilyen szarságokkal!","A faszomba! Hányszor mondtam már, hogy ne baszogass ilyen szarságokkal!",NEEDS_TRANSLATION,,,
dark_event_tab_micsoda_ne_r9PM,1,113,hungarian,micsoda; nem; tudom; mit; akarsz; mondani; kezdesz; felbosszantani,1.000,1.000,"Micsoda? Nem tudom, mit akarsz mondani, de kezdesz felbosszantani.","Micsoda? Nem tudom, mit akarsz mondani, de kezdesz felbosszantani.",NEEDS_TRANSLATION,,,
goss_lapka_mlu_uz_ji_neza_JQA8,1,113,hungarian,nem; felejtem; ott; bazdmeg; most; már; fogd; pofád,1.000,1.000,"Nem felejtem ott, bazdmeg, és most már fogd be a pofád!","Nem felejtem ott, bazdmeg, és most már fogd be a pofád!",NEEDS_TRANSLATION,,,
voja_jostuv_vo_zbabela_li_DRQa,1,113,polish,zbabělá; liška; uherská; určitě; věděl; přitáhnem; tak; utekl,1.000,1.000,"Zbabělá liška uherská. Určitě věděl že přitáhnem, a tak utekl.",,NEEDS_TRANSLATION,,,
goss_lapka_mlu_ale_vseho__XWrm,1,112,,miénknek; meg; volt; szavajárása; hogy; mindent; csak; mértékkel,1.000,1.000,"A miénknek meg az volt a szavajárása, hogy mindent csak mértékkel.","A miénknek meg az volt a szavajárása, hogy mindent csak mértékkel.",NEEDS_TRANSLATION,,,
goss_lapka_mlu_jenze_tak__QpOY,1,112,,úgy; remegett; keze; hogy; minden; garas; szarába; potyogott,1.000,1.000,"De úgy remegett a keze, hogy minden garas a szarába potyogott.","De úgy remegett a keze, hogy minden garas a szarába potyogott.",NEEDS_TRANSLATION,,,
goss_uhersky_v_tak_cherth_p2xX,1,112,,hogy; chertan; vitatkozott; volna; ezt; elég; nehéz; elképzelni,0.875,1.000,Hogy Chertan vitatkozott volna? Ezt elég nehéz elképzelni.,Hogy Cherthan vitatkozott volna? Ezt elég nehéz elképzelni.,NEEDS_TRANSLATION,,,
stal_stalker_jak_to_jen_d_dyL4,1,112,,hogy; csinálja; mindig; ilyen; szép; haja; minden; nap,1.000,1.000,"Hogy csinálja, hogy mindig ilyen szép a haja? Minden nap...","Hogy csinálja, hogy mindig ilyen szép a haja? Minden nap...",NEEDS_TRANSLATION,,,
menh_menhart_z_komm_zu_mi_PBD6,1,112,german,komm; mir; wir; sind; noch; nicht; fertig; miteinander,1.000,1.000,Komm zu mir! Wir sind noch nicht fertig miteinander!,Komm zu mir! Wir sind noch nicht fertig miteinander!,NEEDS_TRANSLATION,,,
stal_stalker_proc_za_ni_n_qSox,1,112,hungarian,miért; nem; mehetek; oda; hozzá; egyszerűen; fizethetek; fürdésért,1.000,1.000,"Miért nem mehetek oda hozzá egyszerűen, és fizethetek a fürdésért?","Miért nem mehetek oda hozzá egyszerűen, és fizethetek a fürdésért?",NEEDS_TRANSLATION,,,
prat_pratelsky_uz_jsi_tad_4M4m,1,112,,már; megint; ideevett; fene; fordítsd; meg; gebéd; tűnés,1.000,1.000,Már megint ideevett a fene?! Fordítsd meg a gebéd és tűnés!,Már megint ideevett a fene?! Fordítsd meg a gebéd és tűnés!,NEEDS_TRANSLATION,,,
goss_lapka_mlu_no_tak_o_p_FNyl,1,112,,nohát; böjt; alatt; csak; olyat; ehetsz; ami; vízben,1.000,1.000,"Nohát a böjt alatt csak olyat ehetsz, ami a vízben él.","Nohát a böjt alatt csak olyat ehetsz, ami a vízben él.",NEEDS_TRANSLATION,,,
goss_lapka_mlu_snad_zas_n_wnQL,1,112,hungarian,remélem; hogy; most; egy; ideig; nem; látjuk; kurafiakat,1.000,1.000,"Remélem, hogy most egy ideig nem látjuk a kurafiakat.","Remélem, hogy most egy ideig nem látjuk a kurafiakat.",NEEDS_TRANSLATION,,,
nicl_rytir_nic_sancta_mar_0mMb,1,112,latin,sancta; maria; mater; dei; ora; pro; nobis; peccatoribus,1.000,1.000,"Sancta Maria, Mater Dei, ora pro nobis peccatoribus...","Sancta Maria, Mater Dei, ora pro nobis peccatoribus...",NEEDS_TRANSLATION,,,
goss_uhersky_v_zikmund_pr_67S5,1,112,,zsigmond; apácákat; keféli; kolostorban; meg; itt; szopunk; szarban,1.000,1.000,"Zsigmond az apácákat keféli a kolostorban, mi meg itt szopunk a szarban.","Zsigmond az apácákat keféli a kolostorban, mi meg itt szopunk a szarban.",NEEDS_TRANSLATION,,,
inga_cumil_v_d_to_jo_vend_K4vI,1,111,,aye; yesterday; venda; said; cooked; something; really; nice,1.000,1.000,"Aye… Yesterday, Venda said he had cooked up something really nice.","Aye… Yesterday, Venda said he had cooked up something really nice.",NEEDS_TRANSLATION,,,
diva_divak_bar_to_mel_bej_f2rR,1,111,,valami; vicc; volt; ilyen; menetet; még; sose; láttam,1.000,1.000,Ez valami vicc volt? Ilyen menetet még sose láttam.,Ez valami vicc volt? Ilyen menetet még sose láttam.,NEEDS_TRANSLATION,,,
modl_dlc3_modl_pater_nost_JuLM,1,111,latin,pater; noster; qui; est; caelis; sanctificetur; nomen; tuum,1.000,1.000,"Pater noster qui est in caelis, sanctificetur nomen tuum...","Pater noster qui est in caelis, sanctificetur nomen tuum...",NEEDS_TRANSLATION,,,
henr_menhart_z_drzost_zad_upHK,1,111,german,geldstrafe; und; schon; gar; nicht; das; ist; ungerecht,0.571,0.571,"Such audacity! I will not pay any Geldstrafe, und schon gar nicht to this coward and cheat! Das ist ungerecht!","Such audacity! I will not pay any Geldstrafe, und schon gar nicht to this coward and cheat! Das ist ungerecht!",NEEDS_TRANSLATION,,,
s_ho_hospodsky_jo_a_kdovi_D3vO,1,111,german,tja; und; wer; weiss; diese; verdammten; ungarischen; teufelskerle,0.583,0.667,"Tja, und wer weiß if they even buried the poor lad, diese verdammten ungarischen Teufelskerle!","!P Ja, und wer weiß if they even buried the poor lad, diese verdammten ungarischen Teufelskerle!",NEEDS_TRANSLATION,,,
tara_taras_mura_vade_sata_Q9v4,1,111,,vade; satana; inventor; magisteromnis; fallaciae; hostis; humanae; salutis,1.000,1.000,"Vade, Satana, inventor et magisteromnis fallaciae, hostis humanae salutis.","Vade, Satana, inventor et magisteromnis fallaciae, hostis humanae salutis.",NEEDS_TRANSLATION,,,
hosp_hospodyne_mein_gott__5CBQ,1,110,czech; german; slovak,ich; mach; mir; noch; den; rücken; krumm,1.000,1.000,Ich mach mir noch den Rücken krumm …,"!P Mein Gott, Das wird mich zerstören.",NEEDS_TRANSLATION,,,
goss_lapka_mlu_snad_si_ne_j2bK,1,110,,miért; tán; arra; számítottál; hogy; magyarul; fognak; vartyogni,1.000,1.000,"Miért, tán arra számítottál, hogy magyarul fognak vartyogni?","Miért, tán arra számítottál, hogy magyarul fognak vartyogni?",NEEDS_TRANSLATION,,,
goss_lapka_mlu_kazdopadne_TWXe,1,110,,mindegy; szóval; álmomban; letérek; útról; megnézem; már; dalol,1.000,1.000,"Na mindegy, szóval álmomban letérek az útról, megnézem már, ki dalol.","Na mindegy, szóval álmomban letérek az útról, megnézem már, ki dalol.",NEEDS_TRANSLATION,,,
goss_lapka_mlu_no_a_co_hn_8LR2,1,110,,akkor; van; simán; bírnék; még; várakozás; marhára; kikészít,1.000,1.000,És akkor mi van? Simán bírnék még. Ez a várakozás marhára kikészít.,És akkor mi van? Simán bírnék még. Ez a várakozás marhára kikészít.,NEEDS_TRANSLATION,,,
modl_dlc3_modl_adveniat_n_tMph,1,109,,adveniat; nomen; tuum; sed; libera; nos; malo; amen,1.000,1.000,Adveniat nomen tuum sed libera nos a malo. Amen.,Adveniat nomen tuum sed libera nos a malo. Amen.,NEEDS_TRANSLATION,,,
o_zi_kupec_tro_pokud_ti_j_ehHt,1,109,german,die; rettung; deiner; seele; junger; mann; sankt; katharinen,0.500,0.667,"If you want…  die Rettung deiner Seele, junger Mann, you have to go throught the forest to Aujezd or to Sankt Katharinen.","If you want…  die Rettung der Seele, junger Mann, you will have go to travel throught the forest to Aujezd or to Sankt Katharinen.",NEEDS_TRANSLATION,,,
npc__npc_prezi_do_prdele__cyOp,1,108,czech; hungarian,életbe; még; soha; nem; voltam; ennyire; szarul,1.000,1.000,A kurva életbe. Még soha nem voltam ennyire szarul.,Shit... I haven't been this sick in a long while.,NEEDS_TRANSLATION,,,
henr_jasak_nem_csinaltal__LG1l,1,107,hungarian,csak; nem; mondtál; neki; valami; hülyeséget; várj,1.000,1.000,"Csak nem mondtál neki valami hülyeséget? No, várj csak!",!P Nem csináltál vele valami hülyeséget? Csak várj!,NEEDS_TRANSLATION,,,
comb_hejtman_s_jak_sem_st_AGmg,1,107,german,ich; bin; alt; kann; dir; sagen; dass,0.500,0.500,"Ich bin so alt, ich kann dir sagen, dass most men who pick up the iron do not know how to use it much.","!P So alt wie ich bin, kann ich Ihnen sagen, most men who pick up the iron do not know how to use it much.",NEEDS_TRANSLATION,,,
o_zi_rychtar_h_ich_hatte__ssRr,1,107,german; hungarian,ich; hatte; bereits; das; vergnügen; mit; ihm,1.000,1.000,Ich hatte bereits das Vergnügen mit ihm.,!P Ich hatte bereits das Vergnügen.,NEEDS_TRANSLATION,,,
gree_pozdrav_n_mein_gott__ZTEc,1,107,german,mein; gott; stinkst; ganz; schön; weisst; das,1.000,1.000,"Mein Gott … Du stinkst ganz schön. Weißt du das, Heinrich?","!P Mein Gott... Du stinkst ziemlich, weißt du das, Heinrich?",NEEDS_TRANSLATION,,,
kuma_spizovaci_ale_prosim_d9hW,1,107,hungarian,menj; már; azok; rég; hegyen-völgyön; túl; járnak,1.000,1.000,Menj már! Azok már rég hegyen-völgyön túl járnak.,Menj már!. Azok már rég hegyen-völgyön túl járnak.,NEEDS_TRANSLATION,,,
plac_opily_kum_placeholde_glpw,1,107,czech; hungarian,érj; hozzám; kutya; nem; ezt; beszéltük; meg,1.000,1.000,"Ne érj hozzám, te kutya! Nem ezt beszéltük meg!","Ne nyúlj hozzám, te kutya! Ebben nem értünk egyet!",NEEDS_TRANSLATION,,,
rozl_louceni_p_warum_halt_S3rF,1,107,german,warum; hältst; mich; auf; wenn; nichts; brauchst,1.000,1.000,"Warum hältst du mich auf, wenn du nichts brauchst?","!P Warum hältst du mich auf, wenn du nichts brauchst?",NEEDS_TRANSLATION,,,
zaka_zakaznik__ich_hatte__YcbY,1,106,german,davon; hätt; ich; gern; noch; mehr; bitte,1.000,1.000,"Davon hätt ich gern noch mehr, bitte!","Ich hätte gern einen Nachschlag, bitte!",NEEDS_TRANSLATION,,,
band_bandita_u_die_waffe__QrxX,1,106,german,die; waffe; wird; dir; nicht; helfen; mistkerl,1.000,1.000,"Die Waffe wird dir nicht helfen, du Mistkerl!","!P Die Waffe wird dir nicht helfen, du Mistkerl!",NEEDS_TRANSLATION,,,
smlo_smlouvani_heh_du_ver_OChj,1,106,german,heh; verkaufst; mir; ganz; schön; zwielichtiges; zeug,1.000,1.000,"Heh, du verkaufst mir ganz schön zwielichtiges Zeug.","!P Heh, du verkaufst mir ein schönes Schwarz.",NEEDS_TRANSLATION,,,
hosp_hospodyne_zobejte_zo_c3vN,1,106,german,lasst; euch; schmecken; meine; damen; bitte; schön,1.000,1.000,"Lasst es euch schmecken, meine Damen! Bitte schön!","Picken, Madels, picken! Bitte schon...",NEEDS_TRANSLATION,,,
hosp_hospodyne_kommt_scho_XFFx,1,106,german,macht; schon; meine; damen; lasst; euch; schmecken,1.000,1.000,"Macht schon, meine Damen! Lasst es euch schmecken!","Kommt schon, Madels! Picken... picken!",NEEDS_TRANSLATION,,,
gree_pozdrav_n_mein_gott__3XRV,1,106,german,mein; gott; hier; ist; ein; nackter; narr,1.000,1.000,Mein Gott! Hier ist ein nackter Narr!,!P Mein Gott! Hier ist ein nackter Narr!,NEEDS_TRANSLATION,,,
vrac_kradene_z_gott_moge__slhC,1,106,german; hungarian,möge; gott; mit; dir; sein; mein; freund,1.000,1.000,"Möge Gott mit dir sein, mein Freund.","Gott möge Ihre Hand führen, mein Freund.",NEEDS_TRANSLATION,,,
hosp_hospodyne_tu_mate_za_Z8FO,1,106,german,los; pickt; das; zeug; hält; kommt; schon,1.000,1.000,"Na los, pickt, was das Zeug hält … Kommt schon!","Na und, nimm es, nimm es... Kommt schon!",NEEDS_TRANSLATION,,,
reak_soldier_k_oh_scheiss_kNgV,1,106,german,scheisse; ich; blute; das; ist; nicht; gut,1.000,1.000,"Oh, Scheiße, ich blute … das ist nicht gut.","!P Oh, Scheisse, ich blute... das ist nicht gut.",NEEDS_TRANSLATION,,,
gree_pozdrav_m_grusse_hei_Q0J5,1,106,german,schön; dich; sehen; hast; getrunken; nicht; wahr,1.000,1.000,"Schön, dich zu sehen, Heinrich! Du hast getrunken, nicht wahr?","Schön Heinrich, schön! Du hast getrunken, nicht wahr?",NEEDS_TRANSLATION,,,
gree_pozdrav_n_servus_und_d5dJ,1,106,german,servus; habe; dich; schon; von; weitem; gerochen,1.000,1.000,Servus … Habe dich schon von Weitem gerochen!,!P Servus... und ich fühle dich auch!,NEEDS_TRANSLATION,,,
gree_pozdrav_m_verdammt_m_1AqX,1,106,german,verdammt; mann; bist; nicht; ganz; bei; sinnen,1.000,1.000,Verdammt Mann! Bist du nicht ganz bei Sinnen?!,Verdammt Mann! Hast du keinen Sinn?!,NEEDS_TRANSLATION,,,
ques_quest_tip_tak_snad_t_MtH6,1,106,german,wie; wenig; braucht; einen; mann; glücklich; machen,1.000,1.000,"Wie wenig es braucht, um einen Mann glücklich zu machen.","!P Wie wenig es braucht, um einen Mann glücklich zu machen.",NEEDS_TRANSLATION,,,
pozd_sousedsky_wirst_du_d_aysV,1,106,german,wirst; das; tun; worüber; wir; gesprochen; haben,1.000,1.000,"Wirst du das tun, worüber wir gesprochen haben?","Wirst du das tun, woruber wir gesprochen haben?",NEEDS_TRANSLATION,,,
lore_event_tab_ach_junge__15VO,1,105,german,ach; junge; aber; ich; bin; nah; dran,0.700,0.700,"Ach, Junge, if only I could. Aber ich bin nah dran- I am so close!","Ach, Junge, if only I could. Aber ich bin nah- I'm so close!",NEEDS_TRANSLATION,,,
jese_opily_kum_borzasztoa_Ecf9,1,105,,borzasztóan; nevetségesen; hangzik; beszédetek; inkább; fogd; szád,1.000,1.000,Borzasztóan nevetségesen hangzik a beszédetek. Inkább fogd be a szád!,Borzasztóan nevetségesen hangzik a beszéded. Inkább néma.,NEEDS_TRANSLATION,,,
dial_posluchac_skoda_mohl_eq5w,1,105,german,das; ist; schade; aber; soll; man; machen,0.778,0.778,"Das ist schade, aber was soll man machen? It could have been fun.","!P Das ist schade, aber was können wir tun? It could have been fun.",NEEDS_TRANSLATION,,,
rozh_kupec_vel_tak_to_nej_47He,1,105,german,bist; nicht; der; erste; leck; mich; arsch,0.583,0.583,"Du bist nicht der Erste, but I’ll tell you the same as the last one… Leck mich am Arsch!","Sie sind nicht der Erste, but I’ll tell you the same as the last one… Leck mich am Arsch damit!",NEEDS_TRANSLATION,,,
ulri_event_tab_ja_ja_gute_aVZi,1,105,german,gute; reise; und; auf; wiedersehen; mein; freund,1.000,1.000,"Gute Reise und auf Wiedersehen, mein Freund.","Gute Fahrt und auf Wiedersehen, mein Freund.",NEEDS_TRANSLATION,,,
eich_cechmistr_ich_werde__giKQ,1,105,german,ich; werde; dir; gerne; erklären; mein; freund,1.000,1.000,"Ich werde es dir gerne erklären, mein Freund.","Ich werde es Ihnen gerne erklären, mein Freund.",NEEDS_TRANSLATION,,,
opil_opily_kum_tak_dobre_jBmx,1,105,hungarian,ilyen; tempóval; nemsokára; már; nem; lesz; mit,1.000,1.000,Ilyen tempóval nemsokára már nem lesz mit.,Ebben a tempóban egy ideig nem lesz semmink.,NEEDS_TRANSLATION,,,
o_zi_kupec_tro_ja_das_ist_DjPk,1,105,german,das; kann; man; wohl; sagen; herr; von,0.636,0.636,"Ja, das kann man wohl sagen. Herr von Bergow should do something about it at last…","!P Ja, das ist ein schwieriger Fall. Herr von Bergow should finally do something about it…",NEEDS_TRANSLATION,,,
zave_vasko_vsechna_cest_m_9Apc,1,105,hungarian,minden; tiéd; azt; hittem; utolsót; nem; kezelni,0.778,0.778,"Minden tisztelem a tiéd! Azt hittem, az utolsót nem tudod kezelni.","Minden tiszteletem a tiéd! Azt hittem, az utolsót nem tudtad kezelni.",NEEDS_TRANSLATION,,,
kuma_kuman_u_s_csak_egy_p_nh5H,1,105,hungarian,még; egy; pillanat; nem; állok; jót; magamért,1.000,1.000,"Még egy pillanat, és nem állok jót magamért!","!P Csak egy pillanat, és nem fogom tudni visszatartani.",NEEDS_TRANSLATION,,,
eich_cechmistr_nein_das_i_qYS1,1,105,german,nein; das; ist; alles; solltest; junger; mann,0.500,0.500,"Nein, das ist alles. Get those documents back if you can, but remember: Du solltest dich langsam beeilen, junger Mann!","!P Nein, das ist alles. Get those documents back if you can, but remember: Beeil dich langsam, junger Mann!",NEEDS_TRANSLATION,,,
bark_kuman_u_s_nem_fognak_6xRc,1,105,hungarian,soha; többé; nem; fognak; itt; látni; engem,1.000,1.000,Soha többé nem fognak itt látni engem.,Nem fognak itt látni engem!,NEEDS_TRANSLATION,,,
poly_brabant_sono_un_buon_cvVV,1,105,,sono; buongustaio; donne; qui; bellissime; vino; delizioso,1.000,1.000,"Sono un buongustaio, le donne qui sono bellissime e il vino è delizioso!","!P Sono un buongustaio, le donne qui sono bellissime e il vino è delizioso!",NEEDS_TRANSLATION,,,
bark_kuman_u_s_vagy_nem_f_JEGp,1,105,hungarian,vagy; nem; fogom; vissza; magam; rossz; lesz,1.000,1.000,"Vagy nem fogom vissza magam, és az rossz lesz!","Vagy nem fogom vissza, és rossz lesz!",NEEDS_TRANSLATION,,,
kuma_jasak_vasko_nem_is_t_SpjN,1,105,hungarian,vasko; nem; tudom; talán; vissza; kéne; mennünk,1.000,1.000,Vasko… Nem is tudom. Talán vissza kéne mennünk.,Vasko… !P Nem is tudom. Talán vissza kéne mennünk.,NEEDS_TRANSLATION,,,
rozl_obchodnic_davar_masa_n29b,1,104,,davar; masa; u-matan; tov; sheynem; dank; fraynd,1.000,1.000,"Davar masa u-matan tov, sheynem dank, fraynd!","Davar masa umatan tov, sheinen dank, freynd!",NEEDS_TRANSLATION,,,
rozl_obchodnik_davar_masa_Tvd5,1,104,,davar; masa; u-matan; tov; sheynen; dank; fraynd,1.000,1.000,"Davar masa u-matan tov. Sheynen dank, fraynd!","Davar masa u-matan tov. Sheinen dank, fraynd!",NEEDS_TRANSLATION,,,
vyvo_vyvolavan_die_besten_aW0G,1,104,,die; besten; produkte; ehrliche; ware; greift; leute,1.000,1.000,"Die besten Produkte! Ehrliche Ware! Greift zu, Leute!","Die besten Produkte! Ehrliche Ware! Einkaufen, Liute!",NEEDS_TRANSLATION,,,
prat_pratelsky_votoc_toho_hTBa,1,104,,fordítsd; meg; lovat; tűnj; innen; most; azonnal,1.000,1.000,"Fordítsd meg a lovat, és tűnj el innen, most azonnal!","Turn that horse around and get out of here, right now!",NEEDS_TRANSLATION,,,
npc__npc_vidi__fuj_to_je__4po1,1,104,,fúj; rohatt; büdös; szabaduj; meg; tőle; gyorsan,1.000,1.000,Fúj de rohatt büdös. Szabaduj meg tőle gyorsan!,Fuj. That stinks to high heaven… Throw that arsehole into a ditch somewhere!,NEEDS_TRANSLATION,,,
comb_mikulas_p_naucim_te__hBeq,1,104,german,ich; werde; dich; lehren; praktisch; nicht; wahr,0.700,0.700,"Ich werde dich lehren, how to to get opponent to ground with a mace. Praktisch, nicht wahr?","!P Ich werde dich lehren, how to to get opponent to ground with a mace. Praktisch, nicht wahr?",NEEDS_TRANSLATION,,,
idle_soldier_m_los_schlag_lpXR,1,104,,los; schlagen; wir; ihm; die; fresse; ein,1.000,1.000,"Los, schlagen wir ihm die Fresse ein!","!P Los, schlagen wir ihm die Fresse ein!",NEEDS_TRANSLATION,,,
ptac_ptacek_ml_proc_se_s__12zL,1,104,,mon; dieu; pourquoi; dois-je; salir; avec; toi,1.000,1.000,Mon dieu! Pourquoi dois-je me salir avec toi?,!P Mon dieu! Pourquoi dois-je me salir avec toi?,NEEDS_TRANSLATION,,,
npc__npc_kontr_zkontroluj_GNi7,1,104,,nézzél; körül; nézd; meg; hogy; egyedül; volt-e,1.000,1.000,"Nézzél körül! Nézd meg, hogy egyedül volt-e!",Take a look around! See if he was alone!,NEEDS_TRANSLATION,,,
assa_npc_bylo__pomoc_rych_OMEZ,1,104,,pomojinen; mange; sig; man; chingerel; pro; kotora,1.000,1.000,"Pomojinen mange, sig, te man na chingerel pro kotora!","!T Pomojinen mange, sig, te man na chingerel pro kotora!",NEEDS_TRANSLATION,,,
diva_divak_bar_co_to_melo_ST4r,1,104,,s'oda; avka; pes; tumende; pro; grai; djal,1.000,1.000,Ta s'oda has? Avka pes ke tumende pro grai djal?,!T Ta s'oda has? Avka pes ke tumende pro gray djal?,NEEDS_TRANSLATION,,,
npc__npc_prezi_ufff_snad__1J8u,1,104,,ugh; talán; most; már; kibaszott; fájdalom; elmúlik,1.000,1.000,Ugh…Talán most már a kibaszott fájdalom elmúlik…,Ugh... I think the damn pain might be letting up...,NEEDS_TRANSLATION,,,
ques_quest_tip_a_v_tachov_4JJK,1,104,german,und; ich; hätte; auch; noch; ein; kleines,0.700,0.700,Und ich hätte da auch noch ein kleines… a smaller sort of job.,Und ich hätte auch etwas… a smaller sort of job.,NEEDS_TRANSLATION,,,
zave_henry_azt_csinalom_a_XYD8,1,103,,azt; csinálok; amit; akarok; egyszer; kéne; próbálnod,1.000,1.000,"Azt csinálok, amit akarok. Egyszer ki kéne próbálnod.","Azt csinálom, amit akarok. Valamikor ki kéne próbálni.",NEEDS_TRANSLATION,,,
bff__brabant_z_a_proto_js_MUQ9,1,103,,c'est; qui; vous; rend; formidable; mon; ami,1.000,1.000,"Et c'est ce qui vous rend formidable, mon ami.","Et c'est ce qui te rend formidable, mon ami.",NEEDS_TRANSLATION,,,
kuma_jasak_ezt_nevezed_te_9MxJ,1,103,,ezt; nevezed; szabadságnak; még; enni; sem; mehetünk,1.000,1.000,Ezt nevezed te szabadságnak? Még enni sem mehetünk el!,!P Ezt nevezed te szabadságnak? Még enni sem mehetünk el!,NEEDS_TRANSLATION,,,
svep_svepomoc__takze_umre_FPvL,1,103,hungarian,nem; elég; megöllek; mindent; ellopok; döglött; testedről,1.000,1.000,"Nem elég! Megöllek, és mindent ellopok a döglött testedről!",That's not enough! You'll die and I'll take everything you have from your corpse!,NEEDS_TRANSLATION,,,
kuma_opily_kum_nos_tonezn_XgZt,1,103,,nos; nevererd; gyönyörű; név; olyan; szép; mint,1.000,1.000,"Nos, Nevererd? Gyönyörű név. Olyan szép, mint te.","Nos, Neverheard, gyönyörű név. Olyan szép, mint te.",NEEDS_TRANSLATION,,,
dial_brabant_zatimco_ty_s_VaaL,1,103,,pendant; que; vous; étiez; chez; les; hongrois,1.000,1.000,Pendant que vous étiez chez les Hongrois…,!P Pendant que tu étais chez les Hongrois…,NEEDS_TRANSLATION,,,
goss_lapka_mlu_tak_prasat_qkpj,1,102,hungarian,hát; disznók; nem; élnek; meg; vízben; vagy,1.000,1.000,"Hát a disznók nem élnek meg a vízben, vagy nem?","Hát a disznók nem élnek meg a vízben, vagy nem?",NEEDS_TRANSLATION,,,
goss_lapka_mlu_kdo_by_si__u51t,1,102,czech,akarna; annyira; vágytam; volna; böjtölésre; beállhattam; szerzetesnek,1.000,1.000,"Ki ne akarna? Ha annyira vágytam volna a böjtölésre, beállhattam volna szerzetesnek.","Ki ne akarna? Ha annyira vágytam volna a böjtölésre, beállhattam volna szerzetesnek.",NEEDS_TRANSLATION,,,
gree_obchodnik_mein_gott__0zBK,1,102,german,mein; gott; warum; kommst; nackt; mir; willst,1.000,1.000,Mein Gott! Warum kommst du nackt zu mir? Was willst du?,Mein Gott! Warum kommst du nackt zu mir? Was willst du?,NEEDS_TRANSLATION,,,
cech_cechmistr_oh_ja_ja_f_cC8o,1,102,german,für; mich; ist; immer; noch; das; gleiche,0.583,0.583,"Oh ja, ja! Für mich ist es immer noch das Gleiche... but what about your forge, it’s hard work, eh?","Oh ja, ja! Für mich ist es immer noch das Gleiche... but what about your forge, it’s hard work, eh?",NEEDS_TRANSLATION,,,
eich_cechmistr_so_bitter__WqQE,1,102,german,bitter; und; süss; wie; das; leben; selbst,1.000,1.000,So bitter und so süß wie das Leben selbst.,So bitter und so süß wie das Leben selbst.,NEEDS_TRANSLATION,,,
dial_stalker_ja_laska_ona_dPF3,1,102,german,szerelmes; hajadon; nicht; mann; erős; szép; schön,1.000,1.000,"Én, szerelmes. Ő hajadon. Nicht mann. Én erős. Ő szép. So schön...","Én, szerelmes. Ő hajadon. Nicht mann. Én erős. Ő szép. So schön...",NEEDS_TRANSLATION,,,
utok_utok_na_m_ich_schlag_2ckV,1,101,german,ich; schlage; dir; das; gesicht; ein; schurke,1.000,1.000,"!P Ich schlage dir das Gesicht ein, du Schurke!","!P Ich schlage dir das Gesicht ein, du Schurke!",NEEDS_TRANSLATION,,,
gree_pozdrav_n_mein_gott__dEt3,1,101,german,mein; gott; hier; ist; ein; nackter; narr,1.000,1.000,!P Mein Gott! Hier ist ein nackter Narr!,!P Mein Gott! Hier ist ein nackter Narr!,NEEDS_TRANSLATION,,,
prat_pratelsky_cech_jeden_LcXp,1,101,hungarian,faszomba; cseh; miért; jön-megy; itt; ennyi; fasz,1.000,1.000,"A faszomba, te cseh, miért jön-megy itt ennyi fasz?","A faszomba, te cseh, miért jön-megy itt ennyi fasz?",NEEDS_TRANSLATION,,,
goss_uhersky_v_do_pici_a__tbhT,1,101,hungarian,picsába; hát; mit; gondolsz; minek; koslatok; utánad,1.000,1.000,"A picsába, hát mit gondolsz, minek koslatok utánad...","A picsába, hát mit gondolsz, minek koslatok utánad...",NEEDS_TRANSLATION,,,
prat_pratelsky_kurva_takh_9kt7,1,101,hungarian,bassza; meg; nem; így; kellett; volna; meghalnod,1.000,1.000,Bassza meg... nem így kellett volna meghalnod.,Bassza meg... nem így kellett volna meghalnod.,NEEDS_TRANSLATION,,,
chat_event_tab_guten_tag__yooa,1,101,german,guten; tag; mein; herr; wozu; die; eile,1.000,1.000,"Guten Tag, mein Herr! Wozu die Eile?","Guten Tag, mein Herr! Wozu die Eile?",NEEDS_TRANSLATION,,,
goss_lapka_mlu_hehe_postn_xykx,1,101,hungarian,hehe; böjti; szalonna; nem; rossz; meddig; bírták,1.000,1.000,"Hehe, böjti szalonna, nem is rossz. És meddig bírták ki?","Hehe, böjti szalonna, nem is rossz. És meddig bírták ki?",NEEDS_TRANSLATION,,,
o_zi_urso_von__tady_v_tab_a7Ay,1,101,german,hagen; trott; alles; gute; und; unerschütterliche; jungs,0.429,0.500,"Here in the camp I have my armiger Hagen Trott, two free archers and a combat hostler. Alles gute und unerschütterliche Jungs.","!P Here in the camp I have my armiger Hagen Trott, two free archers and a combat hostler. Alles gute und scharfe Jungs.",NEEDS_TRANSLATION,,,
kost_kostky_st_ich_hoffe__FuD3,1,101,german,ich; hoffe; das; glück; steht; mir; bei,1.000,1.000,"Ich hoffe, das Glück steht mir bei.","Ich hoffe, das Glück steht mir bei.",NEEDS_TRANSLATION,,,
menh_menhart_z_a_povidam__s65i,1,101,german,ich; sage; dir; kaiser; bruderschaft; meister; reich; fechten,0.375,0.500,"Ich sage dir, Heinrich... one day the Kaiser will acknowledge our Bruderschaft as the greatest Meister in the whole Reich. And then we will teach Fechten to everyone.","Ich sage dir, Heinrich... one day the Kaiser will acknowledge our Bruderschaft as the greatest Meister in the whole Reich. And then we will teach Fechten to everyone.",NEEDS_TRANSLATION,,,
lore_event_tab_laudetur_j_DBxa,1,101,latin,laudetur; jesus; christus; dominus; tebiscum; frater; meus,1.000,1.000,"Laudetur Jesus Christus! Dominus tebiscum, frater meus.","Laudetur Jesus Christus! Dominus tebiscum, frater meus.",NEEDS_TRANSLATION,,,
goss_lapka_mlu_a_vubec_se_eGB2,1,101,hungarian,meg; különben; nem; vagy; egy; kicsit; elkényeztetve,1.000,1.000,"Meg különben is, nem vagy te egy kicsit elkényeztetve?","Meg különben is, nem vagy te egy kicsit elkényeztetve?",NEEDS_TRANSLATION,,,
rozh_sedlaci_m_to_nevim_m_RxCl,1,101,czech,přátelí; marta; vod; kováře; mohla; vědět; kde,1.000,1.000,"Přátelí se s ní Marta vod kováře. Ta by mohla vědět, kde je.",,NEEDS_TRANSLATION,,,
menh_menhart_z_takhle_me__5bQQ,1,101,german,muss; mich; duellieren; anderen; guten; ruf; mein; recht,0.500,0.800,That is why I muss mich duellieren with Nikolas and the anderen! To defend my guten Ruf and mein Recht.,!P That is why I muss Duell with Nikolas and the anderen! To defend my gute Name and mein Recht.,NEEDS_TRANSLATION,,,
s_el_puskar_el_aber_was_s_9PSP,1,100,german,aber; soll; ich; tun; bist; keine; konkurrenz,0.700,0.700,"Aber was soll ich tun? You will struggle to compete with me anyway, du bist keine Konkurrenz!","Aber was soll ich tun? You will struggle to compete with me anyway, du bist keine Konkurrenz!",NEEDS_TRANSLATION,,,
zakl_henry_ave_maria_grat_EYO6,1,100,latin,ave; maria; gratia; plena; dominus; tecum; benedicta,0.875,0.875,"Ave, Maria, gratia plena, Dominus tecum, Benedicta... err...","Ave, Maria, gratia plena, Dominus tecum, Benedicta... err...",NEEDS_TRANSLATION,,,
nicl_rytir_nic_benedicta__XngN,1,100,latin,benedicta; mulieribus; benedictus; fructus; ventris; tui; jesus,1.000,1.000,"Benedicta tu in mulieribus, et benedictus fructus ventris tui Jesus.","Benedicta tu in mulieribus, et benedictus fructus ventris tui Jesus.",NEEDS_TRANSLATION,,,
vyhe_dlc2_stre_bis_bald_m_JCkF,1,100,german,bis; bald; mein; freund; gott; segne; dich,1.000,1.000,"Bis bald, mein Freund! Gott segne dich.","Bis bald, mein Freund! Gott segne dich.",NEEDS_TRANSLATION,,,
arne_arne_nemec_fick_dich_eNNB,1,100,german,fick; dich; verstehst; verdammt; noch; mal; nichts,1.000,1.000,Fick dich! Du verstehst verdammt noch mal nichts!,Fick dich! Du verstehst verdammt noch mal nichts!,NEEDS_TRANSLATION,,,
menh_menhart_z_hey_das_wa_LglQ,1,100,german,hey; das; war; gut; habe; ich; gesagt,1.000,1.000,"Hey, das war gut! Was habe ich gesagt?","Hey, das war gut! Was habe ich gesagt?",NEEDS_TRANSLATION,,,
opil_opily_kum_ahoj_hB8Z,1,100,hungarian,mit; csináljunk; nem; mehetünk; vissza; abba; fogadóba,1.000,1.000,Mit csináljunk? Nem mehetünk vissza abba a fogadóba.,Mit csináljunk? Nem mehetünk vissza abba a fogadóba.,NEEDS_TRANSLATION,,,
goss_uhersky_v_to_uz_mne__u3s5,1,100,,even; don't; believe; now; thought; could; count,1.000,1.000,So even you don't believe me now? I thought I could count on you…,So even you don't believe me now? I thought I could count on you…,NEEDS_TRANSLATION,,,
goss_lapka_mlu_takze_se_m_3zWl,1,100,,szóval; még; egyszer; megkérdezed; feldugom; kardom; seggedbe,1.000,1.000,"Szóval ha még egyszer megkérdezed, feldugom a kardom a seggedbe!","Szóval ha még egyszer megkérdezed, feldugom a kardom a seggedbe!",NEEDS_TRANSLATION,,,
ulri_event_tab_auf_wieder_RPlA,1,100,german,wie; auch; immer; auf; wiedersehen; mein; freund,1.000,1.000,"Wie auch immer, auf Wiedersehen, mein Freund.","Wie auch immer, auf Wiedersehen, mein Freund.",NEEDS_TRANSLATION,,,
nepr_nepritel__bastard_br_1Ctg,1,99,,schweinehund; bastard; brate; der; hölle; böser; mensch,1.000,1.000,"!P Schweinehund! Bastard! Brate in der Hölle, du böser Mensch!","!P Schweinehund! Bastard! Brate in der Hölle, du böser Mensch!",NEEDS_TRANSLATION,,,
refu_pogrom_re__adonay_hu_VaWt,1,99,,adonoy; nakhaloso; ve-yonuakh; mishkovo; be-sholem; ve-nomar; omen,1.000,1.000,"... Adonoy hu nakhaloso, ve-yonuakh al mishkovo be-sholem, ve-nomar omen.","... Adonoy hu nakhaloso, ve-yonuakh al mishkovo be-sholem, ve-nomar omen.",NEEDS_TRANSLATION,,,
refu_pogrom_re__adonay_hu_c8Wy,1,99,,adonoy; nakhaloso; ve-yonuakh; mishkovo; be-sholem; ve-nomar; omen,1.000,1.000,"Adonoy hu nakhaloso, ve-yonuakh al mishkovo be-sholem, ve-nomar omen.","Adonoy hu nakhaloso, ve-yonuakh al mishkovo be-sholem, ve-nomar omen.",NEEDS_TRANSLATION,,,
goss_uhersky_v_slysel_jse_JHXU,1,99,,azt; hallottam; hogy; megint; durva; balhé; készül,1.000,1.000,"Azt hallottam, hogy megint durva balhé készül.","Azt hallottam, hogy megint durva balhé készül.",NEEDS_TRANSLATION,,,
o_zi_hejtman_f_jo_presne__cnth,1,99,czech; german; slovak,das; trifft; den; nagel; auf; kopf,1.000,1.000,Das trifft den Nagel auf den Kopf …,"!P Ja, genau das ist es...",NEEDS_TRANSLATION,,,
goss_lapka_mlu_zatimco_z__Swvp,1,99,,belőled; aztán; biztos; apátot; csináltak; volna; gyönyörűség,1.000,1.000,"De belőled aztán biztos apátot csináltak volna, te gyönyörűség.","De belőled aztán biztos apátot csináltak volna, te gyönyörűség.",NEEDS_TRANSLATION,,,
zada_kradene_z_nun_das_is_NmVw,1,99,german,gut; das; ist; kein; problem; junger; mann,0.583,0.583,"Gut, das ist kein Problem. I am glad you are not rushing headlong into everything, junger Mann.","Gut, das ist kein Problem. I am glad you are not rushing headlong into everything, junger Mann.",NEEDS_TRANSLATION,,,
zada_cechmistr_gut_das_is_3QPA,1,99,german,gut; das; ist; kein; problem; junger; mann,0.467,0.467,"Gut, das ist kein Problem. I’m glad you’re not throwing yourself into everything headfirst, junger Mann.","Gut, das ist kein Problem. I’m glad you’re not throwing yourself into everything headfirst, junger Mann.",NEEDS_TRANSLATION,,,
menh_arne_nemec_ja_ja_fal_Xtmu,1,99,german,greifen; under; arme; ein; einfacher; kleiner; einbruch,0.600,0.700,"Heinrich will greifen us under Arme, ein einfacher kleiner Einbruch and we will beat them in their own game.","!P Heinrich will give us ein Hand, ein klein und einfach Einbruch and we will beat them in their own game.",NEEDS_TRANSLATION,,,
rezy_else_ich_werde_diese_Lj8n,1,99,german,ich; werde; diesem; dummkopf; sicher; nicht; helfen,1.000,1.000,Ich werde diesem Dummkopf sicher nicht helfen!,Ich werde diesem Dummkopf sicher nicht helfen!,NEEDS_TRANSLATION,,,
varo_pogrom_hl_zachrante__0cMR,1,99,,lomir; alts; fargesn; rinen; dos; pikeyekh; neyfesh,1.000,1.000,"Lomir alts fargesn un rinen, dos iz pikeyekh neyfesh!","Lomir alts fargesn un rinen, dos iz pikeyekh neyfesh!",NEEDS_TRANSLATION,,,
kost_kostky_st_mal_sehen__QfCy,1,99,,mal; sehen; wer; heute; abend; glück; hat,1.000,1.000,"Mal sehen, wer heute Abend Glück hat.","Mal sehen, wer heute Abend Glück hat.",NEEDS_TRANSLATION,,,
goss_uhersky_v_ale_stejne_dq1A,1,99,,mindegy; grozav; meg; katz; úgyis; szarnak; fejére,1.000,1.000,"Mindegy, Grozav meg Katz úgyis szarnak a fejére.","Mindegy, Grozav meg Katz úgyis szarnak a fejére.",NEEDS_TRANSLATION,,,
goss_lapka_mlu_uz_zas_dyt_B5f6,1,99,,már; megint; dejszen; egész; mostanáig; húztad; lóbőrt,1.000,1.000,Már megint? Dejszen egész mostanáig húztad a lóbőrt!,Már megint? Dejszen egész mostanáig húztad a lóbőrt!,NEEDS_TRANSLATION,,,
turn_kutnohors_nic_moc_ch_TnuL,1,99,,nic; moc; chlapy; naší; ulice; uměj; líp,1.000,1.000,Nic moc! Chlapy z naší ulice to uměj líp!,,NEEDS_TRANSLATION,,,
lapk_lapka_v_r_radsi_se_h_8sLo,1,99,,radši; hned; votoč; táhni; vodkud; přišel; dědku,1.000,1.000,"Radši se hned votoč a táhni vodkud si přišel, dědku!",,NEEDS_TRANSLATION,,,
spec_menhart_z_wie_auch_i_SCsi,1,99,german,wie; auch; immer; die; erste; lektion; ist,0.438,0.438,"Wie auch immer, die erste Lektion ist: in battle, the deciding factor tends to be skill. But more often than that, it is luck.","Wie auch immer, die erste Lektion ist: in battle, the deciding factor tends to be  skill. But more often than that, it is luck.",NEEDS_TRANSLATION,,,
varo_pogrom_hl_jdou_na_na_a6ka,1,99,,zey; kumen; lomir; shnel; tsu; shul; loyfn,1.000,1.000,Zey kumen! Lomir shnel tsu shul loyfn!,Zey kumen! Lomir shnel tsu shul loyfn!,NEEDS_TRANSLATION,,,
goss_uhersky_v_armin_a_gy_XWXJ,1,99,,ármin; meg; gysel; ott; voltak; mindent; tanúsítanak,1.000,1.000,"Ármin meg Gysel ott voltak, ők mindent tanúsítanak...","Ármin meg Gysel ott voltak, ők mindent tanúsítanak...",NEEDS_TRANSLATION,,,
goss_uhersky_v_vidim_to_s_nDhW,1,99,,így; vagyok; vele; hónap; végéig; aztán; annyi,1.000,1.000,"Én is így vagyok vele. A hónap végéig, aztán annyi.","Én is így vagyok vele. A hónap végéig, aztán annyi.",NEEDS_TRANSLATION,,,
stre_strelnice_a_zase_do__gX3h,1,99,,újra; közepibe; még; csak; meg; erőltetem; magam,1.000,1.000,És újra a közepibe! Még csak meg se erőltetem magam!,És újra a közepibe! Még csak meg se erőltetem magam!,NEEDS_TRANSLATION,,,
pric_zikmund_l_at_hned_se_AW3Q,1,98,,azonnal; gyűjtsék; össze; legjobb; katonáikat; keljenek; útra,1.000,1.000,Azonnal gyűjtsék össze a legjobb katonáikat és keljenek útra!,Azonnal gyűjtsék össze a legjobb katonáikat és keljenek útra!,NEEDS_TRANSLATION,,,
cin__opat_jan__cum_filio__XbFt,1,98,,cum; fílio; tuo; spíritu; sancto; sǽcula; sæculórum,1.000,1.000,"cum Fílio tuo et Spíritu Sancto, in sǽcula sæculórum","cum Fílio tuo et Spíritu Sancto, in sǽcula sæculórum",NEEDS_TRANSLATION,,,
sest_stalker_stacilo_ti_t_JkRL,1,98,,elég; volt; vagy; kérsz; még; egy; kicsit,1.000,1.000,"Elég volt, vagy kérsz még egy kicsit?","Elég volt, vagy kérsz még egy kicsit?",NEEDS_TRANSLATION,,,
kuma_spizovaci_myslis_ze__gAG7,1,98,,gondolod; hogy; fel; fogja; gyújtani; ezt; helyet,1.000,1.000,"Gondolod, hogy fel fogja gyújtani ezt a helyet?","Gondolod, hogy fel fogja gyújtani ezt a helyet?",NEEDS_TRANSLATION,,,
dial_vasko_hallod_jindra__cq8G,1,98,,hallod; meg; akarja; szerezni; neked; azt; nőt,1.000,1.000,Hallod? Henry meg akarja szerezni neked azt a nőt!,Hallod? Henry meg akarja szerezni neked azt a nőt!,NEEDS_TRANSLATION,,,
prat_pratelsky_ich_will_d_cGkA,1,98,german; polish; slovak,ich; dich; nie; wieder; hier; sehen,1.000,1.000,Ich will dich nie wieder hier sehen.,!P Ich will dich nie wieder hier sehen.,NEEDS_TRANSLATION,,,
menh_menhart_z_nekdo_sice_x9wd,1,98,german,augsburg; nürnberg; bessere; meister; aber; bruderschaft; die; besten,0.364,0.727,"Some say that in Augsburg or Nürnberg there are bessere Meister, aber … they cannot match our Bruderschaft. They are good, but we are die Besten!","Some say that in Augsburg or Nürnberg there are bessere Meister, aber... they cannot match our Bruderschaft. They are good, but we are die Besten!",NEEDS_TRANSLATION,,,
sest_stalker_a_ted_vypadn_zEKF,1,98,,most; húzz; innen; vagy; kaphatsz; még; tűnés,1.000,1.000,"És most húzz el innen, vagy kaphatsz még! Tűnés!","És most húzz el innen, vagy kaphatsz még! Tűnés!",NEEDS_TRANSLATION,,,
kuma_spizovaci_dobre_jim__KwG0,1,98,,úgy; kell; nekik; amúgy; egy; áruló; csőcselék,1.000,1.000,Úgy kell nekik. Amúgy is egy áruló csőcselék ez.,Úgy kell nekik. Amúgy is egy áruló csőcselék ez.,NEEDS_TRANSLATION,,,
o_zi_kupec_tro_eh_jenze_v_p7M1,1,97,german,herr; otto; ulrich; ach; lassen; wir; das,0.385,0.538,"Eh, but Herr Otto spends more time in Prague than here, and Chamberlain Ulrich…  Ach, lassen wir das.","!P Eh, but Herr Otto spends more time in Prague than here, and Chamberlain Ulrich… Das ist unnötig.",NEEDS_TRANSLATION,,,
rozl_rozloucen_gott_sei_m_PXzA,1,96,german; hungarian,gott; sei; mit; dir; mein; herr,1.000,1.000,"Gott sei mit dir, mein Herr.","!P Gott sei mit Euch, mein Herr.",NEEDS_TRANSLATION,,,
band_bandita_u_leg_dich_n_0GX0,1,96,german; hungarian,leg; dich; nicht; mit; mir; pisser,1.000,1.000,"Leg dich nicht mit mir an, du Pisser!","!P Leg dich nicht mit mir an, du Schlampe!",NEEDS_TRANSLATION,,,
gree_pozdrav_m_gru_dich_e_K9Ls,1,96,german; hungarian,mann; ist; denn; mit; dir; los,1.000,1.000,"Mann, was ist denn mit dir los?","Was ist los, Mann?",NEEDS_TRANSLATION,,,
uvod_puskar_el_na_ja_aber_BqSb,1,96,german,aber; mein; bentlik; ist; tot; komm; pushko,0.500,0.700,"Na ja. Aber mein Bentlik ist tot! Komm, we must talk to Pushko too!","Na ja. Aber mein Bentlik ist Tod! Komm, we must talk to Pushko too!",NEEDS_TRANSLATION,,,
goss_uhersky_v__ja_chtel__JBzo,1,96,,wanted; rich; instead; all; i've; got; diarrhoea,1.000,1.000,… I wanted to get rich. But instead all I've got is diarrhoea.,… I wanted to get rich. But instead all I've got is diarrhoea.,NEEDS_TRANSLATION,,,
unik_aktivita__tohle_ale__4ABx,1,95,german,aber; das; ist; schlechte; arbeit; nein,0.500,0.500,"Aber… das ist schlechte Arbeit… shoddy work! I cannot show off this… I will not take, nein, nein...","!P Aber… das ist schlechte Arbeit… shoddy work! I cannot show off this… I will not take, nein, nein...",NEEDS_TRANSLATION,,,
s_bo_henry_et_ne_nos_indu_TpIM,1,95,czech,nos; inducas; tentationem; sed; libera; malo,1.000,1.000,"Et ne nos inducas in tentationem, sed libera nos a malo.","!P Et ne nos inducas in tentationem, sed libera nos a malo.",NEEDS_TRANSLATION,,,
unik_aktivita__no_tak_asi_ICWu,1,95,german,meister; mannlicher; eichner; auf; wiedersehen; schmied,0.750,0.750,"I go and see Meister Mannlicher, then… or Meister Eichner? Eh… Auf Wiedersehen, Schmied.","!P I go and see Meister Mannlicher, then… or Meister Eichner? Eh… Auf Wiedersehen, Schmied.",NEEDS_TRANSLATION,,,
posl_event_hla_ja_das_ist_XL3j,1,95,german,das; ist; richtig; jeder; sollte; hören,1.000,1.000,"Ja, das ist richtig! Jeder sollte das hören!","!P Ja, das ist richtig! Lass es einfach jeden hören!",NEEDS_TRANSLATION,,,
dial_po_souboj_ja_ja_natu_Ducc,1,95,german,natürlich; ich; habe; noch; eine; verabredung,0.750,0.750,"Ja, ja, natürlich. But I have to leave early, ich habe noch eine … Verabredung.","Ja ja, natürlich. But I have to leave early, Ich habe ein... Treffen.",NEEDS_TRANSLATION,,,
lore_event_tab_ja_ja_ich__aUMt,1,95,german,ich; bin; tuchhändler; kann; sie; endlich,0.400,0.400,"Ja. Ich bin Tuchhändler, ehh, a cloth merchant. But all my father left me was debt. Now kann ich sie endlich fix that for good.","Ja, ja. Ich bin Tuchhändler, errm, a cloth merchant. But all my father left me was debt. Now I've got eine gute Chance to fix that for good.",NEEDS_TRANSLATION,,,
gree_pozdrav_n_mein_gott__6zln,1,95,german,mein; gott; stinkst; ziemlich; weisst; das,1.000,1.000,"Mein Gott ... Du stinkst ziemlich, weißt du das, Heinrich?","!P Mein Gott... Du stinkst ziemlich, weißt du das, Heinrich?",NEEDS_TRANSLATION,,,
menh_menhart_z_tam_na_roh_VFoM,1,95,german,badehaus; herr; adam; die; fechthalle; burg; burgenstrasse,0.333,0.467,"There, on the corner is the Badehaus of Herr Adam. Die Fechthalle, the swordfighting hall is behind it, opposite the small Burg on the Burgenstrasse... Hradek Quarter.","!P There, on the corner is Badhaus, Herr Adam. Turnhalle, the swordfighting hall is behind it, opposite the small Burg on the Burgenstrasse, Hradecka street.",NEEDS_TRANSLATION,,,
prat_pratelsky_was_machst_Lt8X,1,95,german,warum; sitzt; auf; meinem; pferd; arschloch,1.000,1.000,"Warum sitzt du auf meinem Pferd, du Arschloch?","!P Warum sitzt du auf meinem Pferd, du Arschloch?",NEEDS_TRANSLATION,,,
comb_hejtman_f_wenn_sie_a_sduY,1,95,german,wenn; wirklich; interesse; hast; sagst; dazu,0.462,0.462,"Wenn du wirklich Interesse hast, I'll show you one of my favourite blows with a mace to the chin, was sagst du dazu?","!P Wenn Sie also interessiert sind, I'll show you one of my favourite blows with a mace to the chin, was meinen Sie?",NEEDS_TRANSLATION,,,
o_zi_hejtman_f_pche_coze__QZ90,1,95,czech; slovak,wie; bitte; hast; den; verstand; verloren,0.667,0.667,"Wie bitte? Hast du den Verstand verloren? You can forget about that, you won't get in there!","!P Ah, was? Sind Sie verruckt? You can forget about that, you won't get in there!",NEEDS_TRANSLATION,,,
situ_situace_m_ich_habe_n_72P7,1,94,german,aber; ich; habe; doch; nichts; getan,1.000,1.000,Aber ich habe doch nichts getan!,Ich habe nichts getan!,NEEDS_TRANSLATION,,,
hosp_hospodska_das_sieht__ANUB,1,94,german,das; sieht; gar; nicht; schlimm; aus,1.000,1.000,Das sieht gar nicht so schlimm aus …,!P Das sieht gar nicht so schlimm aus...,NEEDS_TRANSLATION,,,
prat_pratelsky_das_wird_d_lRDg,1,94,german,das; wird; dir; noch; leidtun; mistkerl,1.000,1.000,"Das wird dir noch leidtun, du Mistkerl!","!P Das wird dir noch leidtun, du Mistkerl!",NEEDS_TRANSLATION,,,
smlo_smlouvani_heh_du_ver_ery3,1,94,german,verkaufst; mir; ganz; schön; zwielichtiges; zeug,1.000,1.000,Du verkaufst mir ganz schön zwielichtiges Zeug.,"!P Heh, du verkaufst mir ein schönes Schwarz.",NEEDS_TRANSLATION,,,
laze_lazebnice_das_ist_al_Z4d0,1,94,german,fertig; das; ist; alles; mein; freund,1.000,1.000,"Fertig! Das ist alles, mein Freund.","Geschehen! Das ist alles, mein Freund.",NEEDS_TRANSLATION,,,
gree_pozdrav_z_gru_gott_w_FxYm,1,94,german,grüss; gott; brauchen; sie; mein; herr,1.000,1.000,"Grüß Gott! Was brauchen Sie, mein Herr?","!P Grüß Gott! Was du brauchst, mein Herr?",NEEDS_TRANSLATION,,,
laze_lazebnice_gut_das_wa_ozyZ,1,94,german,gut; das; wasser; ist; bereits; kalt,1.000,1.000,"Gut, das Wasser ist bereits kalt ...","Gut, das Wasser ist bereits kalt...",NEEDS_TRANSLATION,,,
laze_lazebnice_ich_finde__vKry,1,94,german,ich; hoffe; gefiel; dir; mein; herr,1.000,1.000,"Ich hoffe, es gefiel dir, mein Herr.","Ich finde es gut, mein Herr.",NEEDS_TRANSLATION,,,
zaka_zakaznik__ich_hatte__O5hP,1,94,german,ich; hätte; mein; fleisch; gern; durchgebraten,1.000,1.000,Ich hätte mein Fleisch gern durchgebraten!,Ich hätte mein Fleisch gern durch!,NEEDS_TRANSLATION,,,
npc__npc_vidi__ich_reiss__JfyH,1,94,german,ich; reiss; dir; deinen; arsch; auf,1.000,1.000,Ich reiß dir deinen Arsch auf!,!P Ich reiss dir das Gesicht ab!,NEEDS_TRANSLATION,,,
prat_pratelsky_ich_sage_e_dxjn,1,94,german,ich; sage; jetzt; zum; letzten; mal,1.000,1.000,Ich sage es jetzt zum letzten Mal ...,!P Ich sage es jetzt zum letzten Mal...,NEEDS_TRANSLATION,,,
neko_soldier_z_ich_schlag_7KpA,1,94,german,ich; schlage; dir; die; fresse; ein,1.000,1.000,Ich schlage dir die Fresse ein!,!P Ich schlage dir die Fresse ein!,NEEDS_TRANSLATION,,,
bark_soldier_n_jetzt_wird_GWI6,1,94,german,jetzt; wird; dir; der; arsch; versohlt,1.000,1.000,Jetzt wird dir der Arsch versohlt!,!P Jetzt wird dir der Arsch versohlt!,NEEDS_TRANSLATION,,,
endi_rozloucen_gott_das_r_Ik39,1,94,german,mein; gott; das; reicht; jetzt; schurke,1.000,1.000,"Mein Gott, das reicht jetzt, du Schurke.","!P Gott, das reicht jetzt, du Schurke.",NEEDS_TRANSLATION,,,
reak_soldier_k_mein_gott__CY7r,1,94,german,mein; gott; das; war; ein; kampf,1.000,1.000,"Mein Gott, das war ein Kampf.","!P Mein Gott, das war ein Kampf.",NEEDS_TRANSLATION,,,
reme_remeslnik_ich_kann_d_WP7p,1,94,german,mein; gott; ich; kann; nicht; mehr,1.000,1.000,"Mein Gott, ich kann nicht mehr.","!P Mein Gott, ich kann nicht mehr.",NEEDS_TRANSLATION,,,
gree_pozdrav_n_mein_gott__pqL5,1,94,german,mein; gott; siehst; furchtbar; aus; mann,1.000,1.000,"Mein Gott … Du siehst furchtbar aus, Mann!","!P Mein Gott... Du siehst furchtbar aus, Mann!",NEEDS_TRANSLATION,,,
rozl_louceni_p_nun_was_tu_HJ05,1,94,german,nun; tun; bis; bald; mein; herr,1.000,1.000,"Nun, was tun? Bis bald, mein Herr!","!P Nun, was tun? Bis bald, mein Herr!",NEEDS_TRANSLATION,,,
reak_soldier_k_eh_gott_se_d6Fs,1,94,german,gott; hab; dank; für; diesen; tag,1.000,1.000,"Oh, Gott, hab Dank für diesen Tag.","!P Eh, Gott sei Dank für diesen Tag.",NEEDS_TRANSLATION,,,
s_he_hejtman_s_k_certu_s__Gkh0,1,94,german; hungarian,zum; teufel; mit; dir; junger; mann,0.429,0.429,"Pff... Zum Teufel mit dir! Thinking only of yourself will come back and bite you one day, junger Mann!","!P Pff... Zum Teufel mit dir! Thinking only of yourself will come back and bite you one day, junger Mann!",NEEDS_TRANSLATION,,,
opon_soldier_v_scheisse_d_bLaC,1,94,german,scheisse; dafür; werde; ich; dich; umbringen,1.000,1.000,Scheiße! Dafür werde ich dich umbringen!,!P Scheisse! Dafür werde ich dich umbringen!,NEEDS_TRANSLATION,,,
nepr_soldier_n_scheisse_d_KaAf,1,94,german,scheisse; das; biest; hat; mich; gebissen,1.000,1.000,Scheiße! Das Biest hat mich gebissen!,!P Scheisse! Die Bestie hat mich gebissen!,NEEDS_TRANSLATION,,,
gree_pozdrav_n_servus_und_BrQS,1,94,german,servus; dein; gestank; haut; mich; glatt,1.000,1.000,Servus ... Dein Gestank haut mich glatt um!,!P Servus... und ich fühle dich auch!,NEEDS_TRANSLATION,,,
gree_pozdrav_n_verdammt_m_3hsn,1,94,german,verdammt; mann; bist; von; allen; sinnen,1.000,1.000,Verdammt Mann! Bist du von allen Sinnen?!,!P Verdammt Mann! Hast du keinen Sinn?!,NEEDS_TRANSLATION,,,
gree_pozdrav_n_verdammt_m_hYyK,1,94,german,verdammt; bist; nicht; ganz; bei; sinnen,1.000,1.000,Verdammt! Bist du nicht ganz bei Sinnen?!,!P Verdammt Mann! Hast du keinen Sinn?!,NEEDS_TRANSLATION,,,
zaka_zakaznik__was_ist_lo_yaNG,1,94,german,ist; denn; los; ein; bier; bitte,1.000,1.000,"Was ist denn los? Ein Bier, bitte!",Was ist los? Ein bier bitte!,NEEDS_TRANSLATION,,,
gree_obchodnik_was_mochte_E9e2,1,94,german,kann; ich; dir; heute; morgen; anbieten,1.000,1.000,Was kann ich dir heute Morgen anbieten?,Was möchtest du morgens so?,NEEDS_TRANSLATION,,,
gree_obchodnik_was_suchen_3xnT,1,94,german,suchst; das; ist; kein; badehaus; dreckskerl,1.000,1.000,"Was suchst du? Das ist kein Badehaus, Dreckskerl!","Was suchen Sie? Das ist kein Spa, Dreckskerl!",NEEDS_TRANSLATION,,,
gree_obchodnik_was_soll_i_EY5I,1,94,german,wie; kann; ich; dir; säufer; helfen,1.000,1.000,Wie kann ich dir Säufer helfen?,"Was soll ich tun, betrunken?",NEEDS_TRANSLATION,,,
bark_soldier_n_wir_schlag_vt7q,1,94,german,wir; schlagen; dir; die; fresse; ein,1.000,1.000,Wir schlagen dir die Fresse ein!,!P Wir schlagen dir die Fresse ein!,NEEDS_TRANSLATION,,,
lore_event_tab_a_jiz_brzy_HrVF,1,93,latin,novit; enim; dominus; qui; sunt; eius,0.600,0.600,And soon our sins will be weighed and tallied. Novit enim Dominus qui sunt eius!,And soon our sins will be weighed and tallied ad finem temporis ante portam inferam!,NEEDS_TRANSLATION,,,
tahn_cikan_muz_s_ZWj6,1,93,,dja; paleh; dake; andre; mindj; khatar; avľal,0.750,0.875,"Dja paleh la dake andre mindj, khatar avľal! And do not come back!","Dja paleh la dake andre mindj, khatar avľal! And do not come back!",NEEDS_TRANSLATION,,,
frid_arne_nemec_slava_jin_EFjC,1,93,german,ehre; für; bis; zum; letzten; atemzug,1.000,1.000,Ehre für Heinrich! Bis zum letzten Atemzug!,!P Hail Heinrich! Bis zum letzten Atemzug!,NEEDS_TRANSLATION,,,
pruz_ptacek_ei_incumbit_p_EXeG,1,93,,incumbit; probatio; qui; dicit; non; negat,1.000,1.000,"Ei incumbit probatio, qui dicit, non qui negat.","!P Ei incumbit probatio, qui dicit, non qui negat.",NEEDS_TRANSLATION,,,
o_zi_hagen_tro_entschuldi_YoEJ,1,93,german,entschuldigung; mein; freund; herr; von; morgenstern,0.600,0.600,"Entschuldigung, mein Freund, but you'd better talk about that with Herr von Morgenstern.","!P Entschuldigung, mein Freund, but you'd better talk about that with mein Herr von Morgenstern.",NEEDS_TRANSLATION,,,
hrac_henry_ergo__bimbas___OO51,1,93,,ergo; bimbos; bib; bibamus; vole; pičo,1.000,1.000,Ergo… bimbos! No! Ergo bib… bibamus… ty vole… pičo!,"Ergo… bimbos! I mean, ergo bibamus… vole… pičo!",NEEDS_TRANSLATION,,,
zakl_hrac_fiat_voluntas_t_u3wt,1,93,,fiat; voluntas; tua; sicut; cælo; terra,1.000,1.000,"Fiat voluntas tua, sicut in cælo et in terra.","Fiat voluntas tua, sicut in cæloet in terra.",NEEDS_TRANSLATION,,,
o_zi_berta_fur_gutes_geld_89Yu,1,93,german,fürs; geld; oder; für; die; freude,1.000,1.000,Fürs Geld oder für die Freude,!P Fur gutes Geld oder aus gutem Grund.,NEEDS_TRANSLATION,,,
o_zi_hagen_tro_fur_gutes__3Sfa,1,93,german,fürs; geld; oder; für; die; freude,1.000,1.000,Fürs Geld oder für die Freude.,!P Fur gutes Geld oder aus gutem Grund.,NEEDS_TRANSLATION,,,
o_zi_berta_fur_gutes_geld_aU0Q,1,93,german,fürs; geld; oder; für; die; freude,0.750,0.750,Fürs Geld oder für die Freude: for money or for joy.,!P Fur gutes Geld oder aus gutem Grund: for good money or for a good reason.,NEEDS_TRANSLATION,,,
opti_hospodsky_jawohl_das_vXK4,1,93,german,ganz; recht; sie; ist; meine; schutzheilige,0.429,0.429,"Ganz recht, sie ist meine Schutzheilige. She's stood by me through thick and thin. And I haven't exactly treated her the best.","Jawohl, das ist meine Patronin. She's stood by me through thick and thin. And I haven't exactly treated her the best.",NEEDS_TRANSLATION,,,
gree_pozdrav_n_gruss_gott_2pj0,1,93,german,gott; zum; grusse; willst; von; mir,1.000,1.000,Gott zum Gruße! Was willst du von mir?,!P Grüss Gott! Was willst du von mir?,NEEDS_TRANSLATION,,,
o_zi_urso_von__tvuj_zajem_ooZV,1,93,german,ich; freue; mich; über; dein; interesse,0.545,0.545,"Ich freue mich über dein Interesse, but I don't know if it makes any sense?","!P Ich freue mich, dass Sie interessiert sind, but I don't know if it makes any sense?",NEEDS_TRANSLATION,,,
eldr_puskar_el_a_kdyz_naj_Mr9X,1,93,german,darauf; gebe; ich; dir; mein; wort,0.429,0.429,"If you find Pushko, the first thing you tell him is to cast whatever you want. Darauf gebe ich dir mein Wort!","If you find Pushko, the first thing you tell him is to cast whatever you want. Das kann ich Ihnen versprechen!",NEEDS_TRANSLATION,,,
gree_pozdrav_n_mein_gott__64h5,1,93,german,mein; gott; ist; denn; hier; los,1.000,1.000,Mein Gott! Was ist denn hier los?,!P Mein Gott! Was ist los?,NEEDS_TRANSLATION,,,
kuma_jasak_mi_a_fasz_volt_DZvx,1,93,,fasz; volt; mondtam; hogy; hülye; ötlet,1.000,1.000,"Mi a fasz volt ez? Mondtam, hogy hülye ötlet volt.","!P Mi a fasz volt ez? Mondtam, hogy hülye ötlet volt.",NEEDS_TRANSLATION,,,
npc__npc_oznac_kurva_jak__9K9Z,1,93,,fasz; valami; gond; van; ezzel; zabával,1.000,1.000,Mi a fasz? Valami gond van ezzel a zabával.,Kurva! How could this happen? This food smells really weird.,NEEDS_TRANSLATION,,,
prvn_vasko_menekulsz_mind_wKGB,1,93,,minden; elől; elszökhetsz; csak; múltad; nem,1.000,1.000,"Minden elől elszökhetsz, csak a múltad elől nem.","Menekülsz minden elől, csak nem a múltad elől.",NEEDS_TRANSLATION,,,
rozh_kupec_vel_ale_jiste__9oTJ,1,93,german,natürlich; warum; auch; nicht; junger; mann,0.545,0.545,"Natürlich, warum auch nicht. Go ahead and look around, so you know what awaits you, junger Mann.","Natürlich, warum auch nicht. Go ahead and look around, so you know what awaits you, junge Mann.",NEEDS_TRANSLATION,,,
o_zi_oswald_to_nein_leide_at2z,1,93,german,nein; leider; ist; das; nicht; moglich,0.667,0.667,"Nein, Leider ist das nicht moglich. I can't take care of you.","!P Nein, Leider ist das nicht moglich. I can't take care of you.",NEEDS_TRANSLATION,,,
opil_opily_kum_nem_hibazt_2xJd,1,93,hungarian,nem; tehetek; róla; olyan; hirtelen; jött,1.000,1.000,"Nem tehetek róla, olyan hirtelen jött!","Nem hibáztathatom, nekem nem sikerült!",NEEDS_TRANSLATION,,,
henr_hlidajici_nem_tudom__gtT2,1,93,hungarian,nem; tudom; hol; van; hagyj; békén,1.000,1.000,"Nem tudom, hol van. Hagyj békén!","!P Nem tudom, hol van. Hagyjon békén.",NEEDS_TRANSLATION,,,
o_zi_mistr_fab_nun_sonst__0syU,1,93,german,nun; sonst; wäre; ich; nicht; hier,0.750,0.750,"Nun, sonst wäre ich ja nicht hier. What would you like?","!P Nun, sonst ware ich nicht hier. What would you like?",NEEDS_TRANSLATION,,,
dial_vasko_mluvim_pravdu__VZrV,1,93,,ugye; jasak; arra; nőre; fened; fogad,1.000,1.000,"Ugye, Jasak! Arra a nőre fened a fogad, mi?","Eh, Jasak? Hogy csikorgatja a fogát arra a nőre, nem?",NEEDS_TRANSLATION,,,
gree_obchodnic_was_mochte_J6ws,1,93,german,womit; kann; ich; heute; morgen; dienen,1.000,1.000,Womit kann ich heute Morgen dienen?,Was möchtest du morgens so?,NEEDS_TRANSLATION,,,
gree_pozdrav_m_aaah_devla_H2oH,1,92,,ahh; devla; pal; soste; djal; goro,1.000,1.000,"Ahh... Devla! Pal soste djal, goro?","!T Ahh... Devla! Pal soste djal, goro?",NEEDS_TRANSLATION,,,
gree_pozdrav_z_aaah_devla_9wI7,1,92,,ahh; devla; pal; soste; djas; goro,1.000,1.000,"Ahh... Devla! Pal soste djas, goro?","!T Ahh... Devla! Pal soste djas, goro?",NEEDS_TRANSLATION,,,
slec_aktivita__a_nesetril_klG9,1,92,german,mein; nachbar; könnte; vor; neid; platzen,0.400,0.400,And no hold back on decoration! Sword must shine like gold in sun. Mein Nachbar könnte vor Neid platzen!,!P And no hold back on decoration! Sword must shine like gold in sun. Mein Nachbar könnte vor Neid platzen!,NEEDS_TRANSLATION,,,
gree_obchodnik_kaj_dzas_g_BLey,1,92,,cha; dikhen; pal; soste; djal; goro,1.000,1.000,"Cha dikhen! Pal soste djal, goro?","!T Cha dikhen! Pal soste djal, goro?",NEEDS_TRANSLATION,,,
ques_quest_tip_a_slysel_s_gZ4B,1,92,german,dann; ist; noch; diese; unfassbare; geschichte,0.600,0.600,Dann ist da noch diese unfassbare Geschichte! I heard they found a dragon nearby!,!P Und dann ist da noch das Unerhörte! I heard they found a dragon nearby!,NEEDS_TRANSLATION,,,
goss_gossip_v__ich_konnte_z2c5,1,92,german,daran; muss; ich; mich; nicht; erinnern,0.600,0.600,Daran muss ich mich nicht erinnern. I would prefer to forget this one.,Ich könnte das vergessen. I don't need to remember this.,NEEDS_TRANSLATION,,,
o_zi_otte_koch_das_ist_ni_kiFq,1,92,german,die; sind; nicht; der; rede; wert,0.400,0.400,"Die sind nicht der Rede wert, I'm simply a farmer, but when the need arises, I must fulfill my combat duty.","!P Das ist nichts Besonderes, I'm simply a free farmer, but when the need arises, I must fulfil my combat duty.",NEEDS_TRANSLATION,,,
neme_udo_aus_t_no_prave_i_lB5y,1,92,german,exakt; ich; auch; nicht; also; lange,0.750,0.750,"Exakt! Ich auch nicht, also lange… Very long…","Exactly! Ich auch nicht, darum long…",NEEDS_TRANSLATION,,,
npc__npc_oznac_hm_by_me_z_R1N6,1,92,,bor; romlott; úgy; tűnik; kell; öntenünk,1.000,1.000,Ez a bor romlott. Úgy tűnik ki kell öntenünk.,"Hmm... I wonder how the wine could have gone bad so fast. Well, looks like it's got to be chucked.",NEEDS_TRANSLATION,,,
stre_strelnice_ty_terce_j_bH4c,1,92,,ezek; célok; mintha; messzebb; lennének; nem,1.000,1.000,"Ezek a célok ma mintha messzebb lennének, nem?","Ezek célok ma mintha messzebb lennének, nem?",NEEDS_TRANSLATION,,,
hosp_hospodyne_iss_es_ein_4Abv,1,92,,iss; auf; biest; mehr; gibt; nicht,1.000,1.000,"Iss auf, du Biest. Mehr gibt es nicht.","!P Iss es einfach, du Biest. Du bekommst keinen anderen.",NEEDS_TRANSLATION,,,
s_el_puskar_el_ja_zminim__dFVP,1,92,german,von; deiner; bereitschaft; und; deinem; mut,0.500,0.500,I’ll make sure everyone in town hears von deiner Bereitschaft und deinem Mut!,I’ll make sure everyone in town hears über deine Bereitschaft und deinen Mut!,NEEDS_TRANSLATION,,,
eich_cechmistr_ja_er_hort_K4J7,1,92,german,das; habe; ich; ein; spezieller; wohltäter,0.500,0.500,"Ja, das habe ich. He trades old rags for food among the poor. Ein spezieller Wohltäter.","!P Ja, er hörte. He trades old rags for food among the poor. Ein spezieller Wohltäter.",NEEDS_TRANSLATION,,,
ptac_ptacek_ml_mas_proti__Zw2q,1,92,,suis; noble; alors; fais; ton; mieux,1.000,1.000,"Je suis noble, alors fais de ton mieux!","!P Je suis noble, alors fais de ton mieux!",NEEDS_TRANSLATION,,,
npc__npc_rozpo_mam_hazet__MB2L,1,92,,kames; man; chivel; pale; pre; tute,1.000,1.000,"Kames man chivel pale pre tute, na?","!T Kames man chivel pale pre tute, na?",NEEDS_TRANSLATION,,,
gree_pozdrav_m_andre_bul__Pl2o,1,92,,kames; vareso; andre; bul; djas; dilino,1.000,1.000,"Kames vareso? Andre bul te djas, dilino!","!T Kames vareso? Andre bul te djas, dilino!",NEEDS_TRANSLATION,,,
gree_pozdrav_m_sar_sal_Kc8M,1,92,,kay; djas; goro; pal; soste; djal,1.000,1.000,"Kay djas, goro? Pal soste djal?","!T Kay djas, goro? Pal soste djal?",NEEDS_TRANSLATION,,,
hosp_hospodyne_komm_her_e_lmdM,1,92,,komm; wird; ganz; schnell; vorbei; sein,1.000,1.000,Komm her! Es wird ganz schnell vorbei sein.,!P Komm hier! Es wird schnell gehen.,NEEDS_TRANSLATION,,,
npc__npc_je_sv_prestan_ne_cxVm,1,92,,ker; abo; yek; pal; muy; khudes,1.000,1.000,"Ma ker, abo yek pal o muy khudes!","!T Ma ker, abo yek pal o muy khudes!",NEEDS_TRANSLATION,,,
odev_cechmistr_es_ist_nic_df7k,1,92,german,mein; gott; das; ist; nicht; gut,0.667,0.667,"Mein Gott, das ist nicht gut… And do you have any other lead?","Mein Gott, es ist nicht gut… And do you have any other lead?",NEEDS_TRANSLATION,,,
menh_menhart_z_menhart_me_uWCZ,1,92,,menhard; meister; des; schwerts; aus; frankfurt,1.000,1.000,"Menhard, Meister des Schwerts aus Frankfurt.","!P Menhard, Meister des Schwerts aus Frankfurt.",NEEDS_TRANSLATION,,,
npc__npc_neroz_ted_sem_se_gPb0,1,92,,mishtes; akana; som; k-holyardo; sar; rukono,1.000,1.000,"Mishtes, akana som k-holyardo sar o rukono.","!T Mishtes, akana som k-holyardo sar o rukono.",NEEDS_TRANSLATION,,,
lore_event_tab_mam_dobra__zQD9,1,92,czech; german; slovak,verzichtete; sogar; auf; den; zoll; verstehst,0.600,0.600,"My protection is good. Sigismund, he gives me safe passage. Er verzichtete sogar auf den Zoll. Verstehst du?","My protection is good. Sigismund, he gives me safe passage. Er verzichtete sogar auf den Zoll. Verstehst du?",NEEDS_TRANSLATION,,,
lore_event_tab_nane_vas_s_HSTo,1,92,,nane; vash; soske; bakhtalo; tiro; drom,1.000,1.000,Nane vash soske. Bakhtalo tiro drom!,!T Nane vash soske. Bakhtalo tiro drom!,NEEDS_TRANSLATION,,,
miko_showrunne_ph__z6Zf,1,92,,oles; yekfeder; prastala; somnakune; petali; avela,1.000,1.000,"Oles so yekfeder prastala, somnakune petali avela!","A crown of gold for the victor, so he does not slip in the mud!",NEEDS_TRANSLATION,,,
zaca_zacatek_c_tak_mi_rek_2FUo,1,92,german,sag; bescheid; wenn; ich; angreifen; kann,1.000,1.000,"Sag Bescheid, wenn ich angreifen kann.","!P Sag mir, as soon as I can attack.",NEEDS_TRANSLATION,,,
npc__npc_rozpo_estli_tobe_BF4T,1,92,,oda; hin; tuke; pre; dzeka; mange,1.000,1.000,"Te oda hin tuke pre dzeka, ta mange na!","!T Te oda hin tuke pre dzeka, ta mange na!",NEEDS_TRANSLATION,,,
comb_mikulas_p_jedna_se_o_pcCy,1,92,german,kurzum; ein; schlag; wie; sein; sollte,0.545,0.545,"This is blow from back of hand. Hard and no trick, kurzum, ein Schlag, wie er sein sollte!","!P This is blow from back of hand. Hard and no trick, kurzum, ein Schlag, wie er sein sollte!",NEEDS_TRANSLATION,,,
ques_quest_tip_und_dann_i_W1gu,1,92,german,und; dann; ist; noch; das; unerhörte,0.600,0.600,Und dann ist da noch das Unerhörte! Apparently they found a dragon nearby!,!P Und dann ist da noch das Unerhörte! Apparently they found a dragon nearby!,NEEDS_TRANSLATION,,,
npc__npc_rozpo_uz_jsem_da_ia1o,1,92,,vash; chineder; imar; pal; muy; dinyom,1.000,1.000,Vash chineder imar pal o muy dinyom!,!T Vash chineder imar pal o muy dinyom!,NEEDS_TRANSLATION,,,
reak_soldier_k_was_hat_er_zlqv,1,92,,hat; sich; dabei; gedacht; der; narr,1.000,1.000,"Was hat er sich dabei gedacht, der Narr?","!P Was hat er sich dabei gedacht, der Narr?",NEEDS_TRANSLATION,,,
hosp_hospodyne_eh_nein_no_kN1d,1,92,,ähm; nein; noch; mal; von; vorn,1.000,1.000,"Ähm … Nein, noch mal von vorn.","!P Eh... Nein, nochmal.",NEEDS_TRANSLATION,,,
opil_vasko_ja_vam_dam_DgTF,1,91,,ezt; mindig; meg; lehet; oldani; valahogy,1.000,1.000,Ezt mindig meg lehet oldani valahogy.,Ezt mindig meg lehet rendezni.,NEEDS_TRANSLATION,,,
gree_pozdrav_z_zdravim_te_pZ29,1,91,,greetings; wait; you're; all; covered; blood,1.000,1.000,"Greetings... Wait, you're all covered in blood!",Greetings... But you're all covered in blood...,NEEDS_TRANSLATION,,,
henr_menhart_z_ja_jsem_bu_9ArC,1,91,,bürger; freie; reichstadt; frankfurt; meister; des; schwertes,0.750,0.875,I am a Bürger from the Freie Reichstadt of Frankfurt! And a known Meister des Schwertes!,I am a Bürger from the Freie Reichstadt of Frankfurt! And a known Meister des Schwertes!,NEEDS_TRANSLATION,,,
bohu_bohuta_pl_igitur_qui_PDkr,1,91,,igitur; qui; desiderat; pacem; praeparet; bellum,1.000,1.000,"Igitur qui desiderat pacem, praeparet bellum.","!P Igitur qui desiderat pacem, praeparet bellum.",NEEDS_TRANSLATION,,,
kuma_opily_kum_valoszinul_eRUF,1,91,,jobb; lenne; visszamennék; táborba; holnap; itt,1.000,1.000,"Jobb lenne, ha visszamennék a táborba, de holnap? Itt?","Valószínűleg vissza kellene mennem a táborba, de holnap? Itt?",NEEDS_TRANSLATION,,,
npc__npc_rozpo_jeste_jedn_ymBZ,1,91,,mek; jek-hvar; muterava; tuke; pro; shero,1.000,1.000,Mek jek-hvar u muterava tuke pro shero!,!T Mek jek-hvar u muterava tuke pro shero!,NEEDS_TRANSLATION,,,
opil_opily_kum_mert_a_kum_538P,1,91,,mert; biztosan; mindegyik; kíváncsi; kun; hányásra,1.000,1.000,Mert biztosan mindegyik kíváncsi a kun hányásra!,Mert a Kuman vakukra mindenki kíváncsi!,NEEDS_TRANSLATION,,,
poce_event_poc_so_sind_wi_M9gM,1,91,,mögen; sich; unsere; wege; hiermit; trennen,1.000,1.000,Mögen sich unsere Wege hiermit trennen.,So sind wir zusammen gelandet.,NEEDS_TRANSLATION,,,
brab_brabant_stuj_proto_p_1POf,1,91,,reste; près; moi; même; cette; heure,1.000,1.000,"Reste près de moi, même en cette heure !",!P Reste près de moi même à cette heure-ci !,NEEDS_TRANSLATION,,,
jasa_jasak_talan_egy_nap__CdAj,1,91,,talán; egy; nap; jasaknak; lesz; felesége,1.000,1.000,Talán egy nap… Jasaknak is lesz felesége!,!P Talán egy nap… Jasaknak is lesz felesége!,NEEDS_TRANSLATION,,,
chat_brabant_vous_pouvez__NOS3,1,91,,peux; compter; sur; eux; mon; ami,1.000,1.000,"Tu peux compter sur eux, mon ami…","!P Tu peux compter sur eux, mon ami…",NEEDS_TRANSLATION,,,
npc__npc_oznac_uch_jo_smr_zMoW,1,91,,igen; nagyon; fura; szaga; van; francba,1.000,1.000,"Uh... Igen, nagyon fura szaga van. A francba!","Ugh... Yeah, that smells weird as fuck.",NEEDS_TRANSLATION,,,
kuma_opily_kum_ooo_nem_va_sRpa,1,91,,éhes; vagy; ennél; valamit; szádba; így,1.000,1.000,Éhes vagy? Ennél valamit? A szádba – így ni!,Éhes vagy? Valamit enni? A szájban – így!,NEEDS_TRANSLATION,,,
vyzv_arne_nemec_das_ist_n_KByO,1,90,german,das; ist; nicht; gut; menhard; ungerecht,1.000,1.000,"Das ist nicht gut, Menhard. Es ist ungerecht!","Das ist nicht gut, Menhard. Es ist ungerecht!",NEEDS_TRANSLATION,,,
lore_brabant_jacques_le_g_0pfs,1,90,,aucun; cas; jacques; gris; jean; carrouges,1.000,1.000,En aucun cas! Jacques Le Gris and Jean de Carrouges.,Jacques Le Gris and Jean de Carrouges.,NEEDS_TRANSLATION,,,
zakl_hrac_et_ne_nos_induc_dmEC,1,90,czech,nos; inducas; tentationem; sed; libera; malo,1.000,1.000,Et ne nos inducas in tentationem sed libera nos a malo.,Et ne nos inducas in tentationem sed libera nos a malo.,NEEDS_TRANSLATION,,,
ryti_poustevni_gloria_pat_2xub,1,90,latin,gloria; patri; filio; spiritui; sancto; amen,1.000,1.000,Gloria Patri et Filio et Spiritui sancto... Amen.,Gloria Patri et Filio et Spiritui sancto... Amen.,NEEDS_TRANSLATION,,,
dial_stalker_to_ne_je_moj_GCoR,1,90,czech; hungarian,már; enyém; érted; meine; menj; francba,1.000,1.000,"Ne már! Ő az enyém, érted? Meine! Menj a francba!","Ne már! Ő az enyém, érted? Meine! Menj a francba!",NEEDS_TRANSLATION,,,
slec_aktivita__nein_nein__qcJr,1,90,german,nein; ich; bin; gerd; von; deggenau,0.600,0.600,"Nein, nein, nein. I am not knight, do not want to fight. Ich bin Gerd von Deggenau, a burgher.","Nein, nein, nein. I am not knight, do not want to fight. Ich bin Gerd von Deggenau, a burgher.",NEEDS_TRANSLATION,,,
goss_lapka_mlu_nezapomnel_21N3,1,90,hungarian,remélem; szablyád; nem; hagytad; megint; táborban,1.000,1.000,"Remélem, a szablyád nem hagytad megint a táborban.","Remélem, a szablyád nem hagytad megint a táborban.",NEEDS_TRANSLATION,,,
brab_brabant_r_to_by_se_v_vvbw,1,90,czech,rien; tout; cela; serait; arrivé; france,1.000,1.000,Rien de tout cela ne serait arrivé en France.,This would not have happened in France.,NEEDS_TRANSLATION,,,
gree_pozdrav_n_mein_gott_8NmV,1,89,german,mein; gott; siehst; furchtbar; aus; mann,1.000,1.000,"!P Mein Gott... Du siehst furchtbar aus, Mann!","!P Mein Gott... Du siehst furchtbar aus, Mann!",NEEDS_TRANSLATION,,,
nepr_nepritel__oh_mein_go_FgxZ,1,89,german,mein; gott; warum; tun; sie; das,1.000,1.000,"!P Oh, mein Gott! Warum tun Sie das?","!P Oh, mein Gott! Warum tun Sie das?",NEEDS_TRANSLATION,,,
gree_pozdrav_z_servus_und_guyD,1,89,german,servus; und; ich; fühle; dich; auch,1.000,1.000,!P Servus... und ich fühle dich auch!,!P Servus... und ich fühle dich auch!,NEEDS_TRANSLATION,,,
reak_kuman_kom_sakra_moc__10s5,1,89,hungarian,francba; nem; sok; hiányzott; kibaszott; faszszopó,1.000,1.000,"A francba, nem sok hiányzott, te kibaszott faszszopó.","A francba, nem sok hiányzott, te kibaszott faszszopó.",NEEDS_TRANSLATION,,,
goss_situace_z_du_bist_vi_Jgpu,1,89,german,bist; viel; besser; als; meine; frau,1.000,1.000,Du bist viel besser als meine Frau!,Du bist viel besser als meine Frau!,NEEDS_TRANSLATION,,,
neko_nekoho_ta_sam_si_net_6CT8,1,89,hungarian,egyedül; nem; lennél; ilyen; bátor; szaros,1.000,1.000,"Egyedül nem lennél ilyen bátor, te szaros!","Egyedül nem lennél ilyen bátor, te szaros!",NEEDS_TRANSLATION,,,
gree_obchodnik_ich_habe_k_1U6m,1,89,german,ich; habe; kein; warmes; wasser; stinktier,1.000,1.000,"Ich habe kein warmes Wasser, Stinktier!","Ich habe kein warmes Wasser, Stinktier!",NEEDS_TRANSLATION,,,
o_zi_hagen_tro_ja_ich_wei_P346,1,89,german,ich; weiss; wer; bist; brabant; urso,0.500,0.600,"Ja, ich weiß, wer du bist... Brabant spoke to my lord, Sir Urso about you.","!P Ja, ich weiss, wer Sie sind... Brabant spoke to my lord, Sir Urso about you.",NEEDS_TRANSLATION,,,
post_brabant_mozna_jsem_s_BTfm,1,89,,noble; chevalier; d'arezzo; baron; vauquelin; brabant,0.833,1.000,"Le noble chevalier d'Arezzo, le Baron Vauquelin Brabant !",Le noble chevalier de d'Arrezo Baron Vauqueling Brabant!,NEEDS_TRANSLATION,,,
koma_giuseppe_mamma_mia_a_OzJY,1,89,,mamma; mia; anna; cosa; stai; facendo,1.000,1.000,Mamma mia! Anna! Ma cosa stai facendo?,Mamma mia! Anna!,NEEDS_TRANSLATION,,,
goss_uhersky_v_no_skvele__rZAc,1,89,hungarian,remek; akkor; majd; utána; gyere; hozzám,1.000,1.000,"Na, remek, akkor majd utána gyere hozzám.","Na, remek, akkor majd utána gyere hozzám.",NEEDS_TRANSLATION,,,
idle_kuman_mlu_nemels_nas_ohYE,1,89,hungarian,nem; kellett; volna; felbasznod; minket; pöcs,1.000,1.000,"Nem kellett volna felbasznod minket, te pöcs!","Nem kellett volna felbasznod minket, te pöcs!",NEEDS_TRANSLATION,,,
unik_aktivita__taky_bych__S5By,1,89,german,ohoho; bist; ein; echter; meister; bravo,0.833,1.000,"Ohoho, du bist ein echter Meister! Bravo!","!P Ohoho, du bist ein echtes Meister! Bravo!",NEEDS_TRANSLATION,,,
goss_lapka_mlu_a_co_kdyz__WylL,1,89,hungarian,persze; csak; nem; felejtetted; ott; megint,1.000,1.000,Persze csak ha nem felejtetted ott megint.,Persze csak ha nem felejtetted ott megint.,NEEDS_TRANSLATION,,,
gree_pozdrav_m_servus_und_YMs9,1,89,german,servus; und; ich; fühle; dich; auch,1.000,1.000,Servus... und ich fühle dich auch!,Servus... und ich fühle dich auch!,NEEDS_TRANSLATION,,,
prat_pratelsky_tak_ty_nep_TY14,1,89,hungarian,szóval; nem; mégy; ahogy; akarod; seggfej,1.000,1.000,"Szóval nem mégy? Ahogy akarod, seggfej!","Szóval nem mégy? Ahogy akarod, seggfej!",NEEDS_TRANSLATION,,,
rozh_sedlaci_m_znam_ji_al_LDzK,1,89,czech,znám; ale; dlouho; jsem; viděl; naposled,1.000,1.000,"Tu znám, ale je to dlouho, co jsem ji viděl naposled..",,NEEDS_TRANSLATION,,,
ques_quest_tip_a_ve_chmel_sr1Q,1,89,german,und; ich; habe; auch; gehört; haus,0.417,0.500,Und ich habe auch gehört some woman wants to fix up the Haus in the Hoprink that used to be a bathhouse.,"!P Und ich habe auch gehört, that one woman wants to repair the Haus in Hops Street where was a baths.",NEEDS_TRANSLATION,,,
gree_obchodnik_was_kann_i_aGpC,1,89,german,kann; ich; dir; verkaufen; mein; freund,1.000,1.000,"Was kann ich dir verkaufen, mein Freund?","Was kann ich dir verkaufen, mein Freund?",NEEDS_TRANSLATION,,,
goss_uhersky_v_kuman_je_k_wv2N,1,88,,cuman's; cuman; mercenary's; mercenary; praguer's; praguer,1.000,1.000,"A Cuman's a Cuman, a mercenary's a mercenary, and a Praguer's a Praguer.","A Cuman's a Cuman, a mercenary's a mercenary, and a Praguer's a Praguer.",NEEDS_TRANSLATION,,,
rozh_kupec_vel_ale_to_je__yo8u,1,88,german,aber; nein; das; ist; ein; fehler,0.600,0.600,"Aber nein, das ist ein Fehler! That wasn’t some thief, but a damn bastard.","Aber nein, das ist ein Fehler! That wasn’t some thief, but a damn bastard.",NEEDS_TRANSLATION,,,
goss_lapka_mlu_vod_ty_dob_ZiIx,1,88,,akkortól; amikor; benn; voltunk; városban; vásáron,1.000,1.000,"Akkortól, amikor benn voltunk a városban a vásáron.","Akkortól, amikor benn voltunk a városban a vásáron.",NEEDS_TRANSLATION,,,
nicl_rytir_nic_ave_maria__7hcG,1,88,latin,ave; maria; gratia; plena; dominus; tecum,1.000,1.000,"Ave, Maria, gratia plena, Dominus tecum.","Ave, Maria, gratia plena, Dominus tecum.",NEEDS_TRANSLATION,,,
pous_poustevni_ave_maria__3lnK,1,88,latin,ave; maria; gratia; plena; dominus; tecum,1.000,1.000,"Ave, Maria, gratia plena... Dominus tecum.","Ave, Maria, gratia plena... Dominus tecum.",NEEDS_TRANSLATION,,,
uvod_rabin_pog_buh_s_nami_ZLSV,1,88,yiddish_hebrew,borekh; ata; adonoy; eloheynu; melekh; ho-oylem,1.000,1.000,"Borekh ata adonoy eloheynu, melekh ho-oylem…","Borekh ata adonoy eloheynu, melekh ho-oylem…",NEEDS_TRANSLATION,,,
henr_menhart_z_du_schwein_5RB7,1,88,german,tier; ich; werde; deinen; schwanz; abhacken,1.000,1.000,Du Tier! Ich werde deinen Schwanz abhacken!,Du Tier! Ich werde deinen Schwanz abhacken!,NEEDS_TRANSLATION,,,
ulri_event_tab_dulcia_non_X0tI,1,88,,dulcia; non; novit; qui; gustavit; amara,1.000,1.000,"Dulcia non novit, qui non gustavit amara!","Dulcia non novit, qui non gustavit amara!",NEEDS_TRANSLATION,,,
gree_pozdrav_z_hele_chlap_yYjq,1,88,,hey; lad; take; bath; you're; pig,1.000,1.000,"Hey, lad, take a bath! You're a pig!","Hey, lad, take a bath! You're a pig!",NEEDS_TRANSLATION,,,
stre_strelnice_jakto_ze_z_0U0m,1,88,,hogy; lehet; csak; széle; közepére; céloztam,1.000,1.000,"Hogy lehet, hogy csak a széle, én a közepére céloztam!","Hogy lehet, hogy csak a széle, én a közepére céloztam!",NEEDS_TRANSLATION,,,
pris_knez_tobi_in_nomine__dZfK,1,88,,nomine; patris; filii; spiritus; sancti; amen,1.000,1.000,In nomine Patris et Filii et Spiritus sancti. Amen.,In nomine Patris et Filii et Spiritus sancti. Amen.,NEEDS_TRANSLATION,,,
ques_quest_tip_no_jo_vazn_fHK4,1,88,german,das; stimmt; ist; völlig; ahnungslos; haha,0.455,0.545,"Ja, das stimmt! Everyone is talking about it, and the priest does not know what to do. Er ist völlig ahnungslos, haha!","!P Ja, das stimmt! Everyone is talking about it, and the priest does not know what to do. Er ist völlig ahnungslos, haha!",NEEDS_TRANSLATION,,,
kuma_spizovaci_nech_me_be_nID5,1,88,hungarian,nem; hagynál; békiben; úgysem; tehetnek; semmit,1.000,1.000,Nem hagynál békiben? Úgysem tehetnek semmit.,Nem hagynál békiben? Úgysem tehetnek semmit.,NEEDS_TRANSLATION,,,
deni_zena_such_nic_nemam__dFBz,1,88,,nic; nemám; nevím; jako; nikdo; tady,1.000,1.000,Nic nemám a nic nevím. Jako nikdo tady...,,NEEDS_TRANSLATION,,,
kupec_poslednib_oh_mein_g_xo7t,1,88,german,mein; gott; bist; wirklich; ein; arschloch,1.000,1.000,"Oh, mein Gott, du bist wirklich ein Arschloch!","Oh, mein Gott, du bist wirklich ein Arschloch!",NEEDS_TRANSLATION,,,
seba_rytir_seb_panem_nost_BSAe,1,88,latin,pater; noster; dimitte; nobis; debita; nostra,1.000,1.000,Pater noster dimitte nobis debita nostra.,Pater noster dimitte nobis debita nostra.,NEEDS_TRANSLATION,,,
goss_uhersky_v_leda_hovno_KjTg,1,88,,szarok; torna; elmaradt; így; fogadásunk; érvényes,1.000,1.000,"Szarok rá. A torna elmaradt, így a fogadásunk se érvényes!","Szarok rá. A torna elmaradt, így a fogadásunk se érvényes!",NEEDS_TRANSLATION,,,
sam__rabin_to_jsem_rad_ze_7Uks,1,88,hungarian,vos; dayn; plan; vestu; mit; tsurikgeyn,1.000,1.000,Vos iz dayn plan? Vestu mit im tsurikgeyn?,Vos iz dayn plan? Vestu mit im tsurikgeyn?,NEEDS_TRANSLATION,,,
nada_jorg_prank_ah_ich_sc_havN,1,87,german,ich; schlage; dir; die; fresse; ein,1.000,1.000,"Ah, ich schlage dir die Fresse ein!","Ah, Ich schlage dir die Fresse ein!",NEEDS_TRANSLATION,,,
reak_kuman_kom_u_vsech_de_Xmm9,1,87,,összes; démonra; mondom; átkozottul; kevésen; múlott,1.000,1.000,"Az összes démonra mondom, ez átkozottul kevésen múlott!","Az összes démonra mondom, ez átkozottul kevésen múlott!",NEEDS_TRANSLATION,,,
stre_strelnice_kurva_tohl_lxWp,1,87,,bassza; meg; ezt; nehéz; lesz; behozni,1.000,1.000,"Bassza meg, ezt nehéz lesz behozni...","Bassza meg, ezt nehéz lesz behozni...",NEEDS_TRANSLATION,,,
stre_strelnice_do_prdele__gjMH,1,87,,bassza; meg; össze; kéne; szednem; magam,1.000,1.000,"Bassza meg, össze kéne szednem magam!","Bassza meg, össze kéne szednem magam!",NEEDS_TRANSLATION,,,
odev_cechmistr_myslis_ze__qhdu,1,87,german,ergibt; das; einen; sinn; für; dich,0.500,0.500,"Do you think if I were behind it, I’d send you to uncover everything? Ergibt das einen Sinn für dich?","Do you think if I were behind it, I’d send you to uncover everything? Ergibt das einen Sinn für dich?",NEEDS_TRANSLATION,,,
kuma_spizovaci_tolik_povy_XlpJ,1,87,,ennyi; hűhó; semmiért; mintha; nyúznánk; őket,1.000,1.000,Ennyi hűhó a semmiért. Mintha nyúznánk őket.,Ennyi hűhó a semmiért. Mintha nyúznánk őket.,NEEDS_TRANSLATION,,,
jind_henry_iasom_pitchus_flBD,1,87,,feces; ondatri; regule; opa; clove; ferero,1.000,1.000,Feces ondatri in regule opa clove ferero.,Feces ondatri in regule opa clove ferero.,NEEDS_TRANSLATION,,,
jind_henry_fecit_ordinem__R3uE,1,87,,fecit; ordinem; regione; ope; clavi; ferrei,1.000,1.000,Fecit ordinem in regione ope clavi ferrei.,Fecit ordinem in regione ope clavi ferrei.,NEEDS_TRANSLATION,,,
po_p_henry_fecit_ordinem__ifg0,1,87,,fecit; ordinem; regione; ope; clavi; ferrei,1.000,1.000,Fecit ordinem in regione ope clavi ferrei...,Fecit ordinem in regione ope clavi ferrei...,NEEDS_TRANSLATION,,,
jind_henry_ze_ble_ble_OUPK,1,87,,fucit; radiator; rigol; pepe; vulva; feferone,1.000,1.000,Fucit radiator ex rigol pepe vulva feferone.,Fucit radiator ex rigol pepe vulva feferone.,NEEDS_TRANSLATION,,,
stre_strelnice_no_tak_asp_HjLM,1,87,,gyerünk; legalább; egyszer; menjen; már; közepébe,1.000,1.000,"Gyerünk, legalább egyszer menjen már a közepébe!","Gyerünk, legalább egyszer menjen már a közepébe!",NEEDS_TRANSLATION,,,
prat_pratelsky_nech_to_be_YGBR,1,87,,hagyd; egy; napon; mind; így; végezzük,1.000,1.000,"Hagyd, egy napon mind így végezzük.","Hagyd, egy napon mind így végezzük.",NEEDS_TRANSLATION,,,
goss_lapka_mlu_hehe_to_je_BXIU,1,87,,hehe; rájuk; vall; bőrt; lenyúzzák; emberről,1.000,1.000,"Hehe, ez rájuk vall. A bőrt is lenyúzzák az emberről.","Hehe, ez rájuk vall. A bőrt is lenyúzzák az emberről.",NEEDS_TRANSLATION,,,
goss_lapka_mlu_no_vod_ty__wE9O,1,87,,hát; amióta; hallom; ezeket; furcsa; hangokat,1.000,1.000,Hát amióta hallom ezeket a furcsa hangokat.,Hát amióta hallom ezeket a furcsa hangokat.,NEEDS_TRANSLATION,,,
goss_uhersky_v_hele_ze_te_0am4,1,87,,hékás; most; hogy; látlak; jutott; eszembe,1.000,1.000,"Hékás! Most hogy látlak, az jutott eszembe...","Hékás! Most hogy látlak, az jutott eszembe...",NEEDS_TRANSLATION,,,
gree_pozdrav_z_kames_vare_94Zj,1,87,,kames; vareso; andre; bul; džas; dilino,1.000,1.000,"Kames vareso? Andre bul te džas, dilino!",,NEEDS_TRANSLATION,,,
menh_arne_nemec_menhart_i_UZpv,1,87,german,menhard; ich; habe; idee; aber; problem,0.556,0.667,"Menhard! Ich habe this Idee, aber Problem is we need a third man.","!P Menhard! Ich habe this Idee, aber Problem is we need a third man.",NEEDS_TRANSLATION,,,
diva_divak_bar_zatracene__Y3sG,1,87,,fene; volt; meg; rád; fogadtam; nyomorult,1.000,1.000,"Mi a fene volt ez? Én meg rád fogadtam, te nyomorult!","Mi a fene volt ez? Én meg rád fogadtam, te nyomorult!",NEEDS_TRANSLATION,,,
goss_lapka_mlu_zajimavy_j_nqLA,1,87,,milyen; fura; nekem; nincs; ilyen; problémám,1.000,1.000,"Milyen fura, nekem nincs ilyen problémám.","Milyen fura, nekem nincs ilyen problémám.",NEEDS_TRANSLATION,,,
prat_pratelsky_uz_jsi_zas_7rVg,1,87,,már; megint; itt; vagy; húzz; francba,1.000,1.000,Már megint itt vagy?! Húzz el a francba!,Már megint itt vagy?! Húzz el a francba!,NEEDS_TRANSLATION,,,
prat_pratelsky_velka_skod_gDUh,1,87,,nagyon; nagy; kár; bosszút; állok; érted,1.000,1.000,Nagyon nagy kár. Bosszút állok érted...,Nagyon nagy kár. Bosszút állok érted...,NEEDS_TRANSLATION,,,
goss_lapka_mlu_nekde_dole_2EtN,1,87,,ott; lent; ezt; meg; hogy; érted,1.000,1.000,Ott lent? Ezt meg hogy érted?,Ott lent? Ezt meg hogy érted?,NEEDS_TRANSLATION,,,
odmi_npc_neakc_tak_mi_pom_MwTu,1,87,,segíts; nekem; akkor; akár; túl; élheted,1.000,1.000,"Segíts nekem, és akkor akár túl is élheted!","Segíts nekem, és akkor akár túl is élheted!",NEEDS_TRANSLATION,,,
kuma_spizovaci_smrdi_to_t_pQRA,1,87,,szarszag; van; mindenhol; büdös; trágyaszag; trágyaország,1.000,1.000,Szarszag van. Mindenhol ez a büdös trágyaszag. Trágyaország.,Szarszag van. Mindenhol ez a büdös trágyaszag. Trágyaország.,NEEDS_TRANSLATION,,,
gree_pozdrav_z_thovel_tuk_MRlU,1,87,,thovel; tuke; kar; dži; andre; meň,1.000,1.000,Thovel tuke o kar dži andre meň!,,NEEDS_TRANSLATION,,,
turn_kutnohors_to_je_upln_lSW7,1,87,,úplně; něco; jinýho; než; ostatní; amatéři,1.000,1.000,To je úplně něco jinýho než ti ostatní amatéři.,,NEEDS_TRANSLATION,,,
turn_kutnohors_to_uz_nemu_lWrt,1,87,,nemůžete; dnešní; chlapi; fakt; nic; nevydrží,1.000,1.000,To už nemůžete? Dnešní chlapi fakt nic nevydrží!,,NEEDS_TRANSLATION,,,
comb_pogrom_ut_uriznu_ti__Y5in,1,87,,uříznu; zbytek; toho; tvýho; hnusnýho; ptáka,1.000,1.000,Uříznu ti i zbytek toho tvýho hnusnýho ptáka!,,NEEDS_TRANSLATION,,,
idle_kuman_mlu_s_tebou_bu_GJer,1,87,,veled; egy; szempillantás; alatt; kész; leszek,1.000,1.000,Veled egy szempillantás alatt kész leszek.,Veled egy szempillantás alatt kész leszek.,NEEDS_TRANSLATION,,,
kuma_spizovaci_svrbi_me_z_skbx,1,87,,viszket; seggem; sehol; senki; aki; megvakargatná,1.000,1.000,"Viszket a seggem. Sehol senki, aki megvakargatná.","Viszket a seggem. Sehol senki, aki megvakargatná.",NEEDS_TRANSLATION,,,
prat_pratelsky_pocka_na_n_vyEe,1,87,,várni; fog; ránk; égben; majd; meglátod,1.000,1.000,"Várni fog ránk az égben, majd meglátod.","Várni fog ránk az égben, majd meglátod.",NEEDS_TRANSLATION,,,
pusk_puskar_el_weil_es_sc_OQOF,1,87,german,weil; schwer; ist; bist; nicht; bereit,0.857,0.857,"Weil es schwer ist! Du bist nicht bereit, you are not ready!","Weil es schwer ist! Du bist nicht bereit, you are not ready!",NEEDS_TRANSLATION,,,
opil_opily_kum_az_a_teny__DRJ4,1,86,,tény; hogy; itt; mindenki; utál; minket,1.000,1.000,"Az a tény, hogy itt mindenki utál minket...","Az a tény, hogy itt mindenki utál minket...",NEEDS_TRANSLATION,,,
rozh_rytir_kon_bella_res__WOUc,1,86,,bella; res; est; mori; lecto; suo,1.000,1.000,Bella res est mori in lecto suo.,Bella res est mori in lecto suo.,NEEDS_TRANSLATION,,,
noc__roza_ruth_ja_taky_ne_w3HZ,1,86,,mihi; castitatem; continentiam; sed; noli; modo,1.000,1.000,"Da mihi castitatem et continentiam, sed noli modo!","Da mihi castitatem et continentiam, sed noli modo!",NEEDS_TRANSLATION,,,
neko_soldier_z_du_wirst_i_8Ta0,1,86,czech; german; slovak,dir; wird; den; arsch; getreten,1.000,1.000,Dir wird in den Arsch getreten!,!P Du wirst in den Arsch getreten!,NEEDS_TRANSLATION,,,
opil_vasko_eleg_volt_ebbo_C1QC,1,86,,elég; volt; ebből; beszédből; inkább; igyál,1.000,1.000,Elég volt ebből a beszédből. Inkább igyál.,Elég volt ebből a beszédből. Inkább igyál.,NEEDS_TRANSLATION,,,
spec_oswald_to_zum_beispi_Gekg,1,86,german,ich; habe; etwa; heidelberg; magister; pharmaciae,0.500,0.600,"Ich habe etwa studied in Heidelberg, and obtained the medical title of magister pharmaciae.","!P Zum Beispiel, I studied in Heidelberg, Germany, and obtained the medical title magister pharmaciae.",NEEDS_TRANSLATION,,,
vyzv_menhart_z_keine_sorg_D3kr,1,86,,keine; sorge; arne; wir; können; schaffen,1.000,1.000,"Keine Sorge, Arne. Wir können es schaffen.","Keine Sorge, Arne. Wir können es schaffen.",NEEDS_TRANSLATION,,,
veli_spizovaci_pohyb_volo_Zxqk,1,86,,mozogjatok; barmok; sötétedésig; vissza; akarok; érni,1.000,1.000,"Mozogjatok, barmok. Sötétedésig vissza akarok érni!","Mozogjatok, barmok. Sötétedésig vissza akarok érni!",NEEDS_TRANSLATION,,,
opil_opily_kum_meg_egy_ku_yYeW,1,86,,még; egy; kutya; sem; enné; meg,1.000,1.000,Még egy kutya sem enné meg.,Még egy kutya sem enné meg.,NEEDS_TRANSLATION,,,
sam__samuel_co_to_bude_yszy,1,86,,nisht; vert; keyn; tsibele; bistu; ernst,1.000,1.000,Nisht vert keyn tsibele? Bistu ernst?!,Nisht vert keyn tsibele? Bistu ernst?!,NEEDS_TRANSLATION,,,
neme_udo_aus_t_ale_houby__Lul6,1,86,hungarian,mit; udo; von; tauber; taube; tauberbisho,0.455,0.545,"Nonsense! If you have no coin, do not play dice mit Udo von Tauber… Taube… Tauberbisho… Ah, whatever…",Nonsense! No money nicht spielen dice with Udo von Tauber… Taube… Tauberbisho…,NEEDS_TRANSLATION,,,
prat_pratelsky_o_del_tuha_7WVk,1,86,,del; tuha; sar; oda; avke; shaj,1.000,1.000,O del tuha! Sar oda avke shaj el...,O del tuha! Sar oda avke shaj el...,NEEDS_TRANSLATION,,,
gree_pozdrav_z_teda_chlap_uTWh,1,86,,well; lad; see; you're; quite; soused,1.000,1.000,"Well lad, I see you're quite soused.","Well lad, I see you're quite soused.",NEEDS_TRANSLATION,,,
rozh_rytir_kon_aequam_mem_LPn8,1,85,,aequam; memento; rebus; arduis; servare; mentem,1.000,1.000,Aequam memento rebus in arduis servare mentem.,Aequam memento rebus in arduis servare mentem.,NEEDS_TRANSLATION,,,
reak_kutnohors_nuda_zas_j_CqtR,1,85,,boooring; it's; again; show; someone; new,1.000,1.000,Boooring! It's Henry again! Show us someone new!,Boooring! It's Henry again! Show us someone new!,NEEDS_TRANSLATION,,,
gree_pozdrav_n_sakra_chla_w0KZ,1,85,,dammit; lad; take; bath; look; terrible,1.000,1.000,"Dammit, lad, go take a bath! You look terrible.","Dammit, lad, go take a bath! You look terrible.",NEEDS_TRANSLATION,,,
vajd_vajda_sukervica_tuke_WhKy,1,85,romani,sookervizta; tooke; pro; peeski; maarel; gadjo,0.333,0.500,Sookervizta tooke pro peeski te maarel! What kind of gadjo deal is that? The amulet and the letter are both mine! Mine!,Sukervizta tuke pro piski te marel! What kind of gadjo deal is that? The amulet and the letter are both mine! Mine!,NEEDS_TRANSLATION,,,
o_zi_urso_von__cely_minul_hbgi,1,84,german,das; ganze; letzte; jahr; muzio; sforza,0.333,0.500,Das ganze letzte Jahr we fought in Italy for Sir Muzio Sforza and we wintered near Milan.,!P Alles letztes Jahr we fought in Italy for Sir Muzio Sforza and we wintered near Milan.,NEEDS_TRANSLATION,,,
endi_rozloucen_gott_mit_d_pQiV,1,84,german; hungarian,möge; gott; mit; dir; sein,1.000,1.000,Möge Gott mit dir sein.,!P Gott mit dir.,NEEDS_TRANSLATION,,,
kuma_vasko_a_hadseregbe_s_qOfV,1,83,hungarian,hadseregbe; soha; nem; szereted; szabadságot,1.000,1.000,A hadseregbe? Soha. Nem szereted a szabadságot?,!P A hadseregbe? Soha. Nem szereted a szabadságot?,NEEDS_TRANSLATION,,,
lore_event_tab_was_co_ma__DIwi,1,83,german; hungarian,auf; wiedersehen; isten; legyen; veled,1.000,1.000,"Auf Wiedersehen, Isten legyen veled is!","Auf Wiedersehen, Isten legyen veletek!",NEEDS_TRANSLATION,,,
kost_kostky_pr_das_ist_ni_1mdO,1,83,german,das; ist; nicht; möglich; einfach,1.000,1.000,Das ist nicht möglich! Das ist einfach nicht möglich ...,Das ist nicht möglich! Das ist einfach nicht möglich...,NEEDS_TRANSLATION,,,
ulri_event_tab_ja_ja_ukaz_KEzf,1,83,german,finten; und; dehne; meine; muskeln,0.714,0.714,"Ja, ja, I'll show you the Finten... und dehne meine Muskeln.","Ja, ja, I'll show you the Finten... und Ich dehne meine Muskeln.",NEEDS_TRANSLATION,,,
o_zi_mistr_fab_ja_ja_male_FHFB,1,83,german,doch; nun; ist; alles; aus,0.625,0.625,"Ja, ja... I almost fulfilled my dream, doch nun ist alles aus.","!P Ja, ja... I almost fulfilled my dream und jetzt ist es weg.",NEEDS_TRANSLATION,,,
hosp_hospodsky_ja_ja_bier_WdUs,1,83,german,bier; ist; besser; als; gold,1.000,1.000,"Ja, ja ... Bier ist besser als Gold.","!P Ja, ja... Bier ist besser als Gold.",NEEDS_TRANSLATION,,,
gree_pozdrav_n_kannst_du__OQw5,1,83,german,kannst; dich; nicht; waschen; schwein,1.000,1.000,"Kannst du dich nicht waschen, du Schwein?!","!P Kannst du nicht waschen, Schwein?!",NEEDS_TRANSLATION,,,
krov_kostkar_k_nein_nein__HmFl,1,83,german,nein; kann; man; kaum; hinsehen,1.000,1.000,"Nein, nein ... Da kann man ja kaum hinsehen.","Nein, nein... Das sieht man einfach nicht.",NEEDS_TRANSLATION,,,
hosp_hospodyne_keine_sorg_Aftw,1,83,german,ruhig; ganz; ist; alles; gut,1.000,1.000,"Ruhig, ganz ruhig … Es ist alles gut.","Keine Sorge, keine Sorge... beruhige dich.",NEEDS_TRANSLATION,,,
odev_cechmistr_was_es_ist_LblO,1,83,german,das; soll; wohl; ein; witz,0.625,0.625,"Was... Was? Das soll wohl ein Witz... Wait, you’re not joking?","Was... Was? Es ist nicht wie... Wait, you’re not joking?",NEEDS_TRANSLATION,,,
neme_udo_aus_t_ale_nejsi__4HMH,1,83,german,nein; auf; einem; partner; siehe,0.417,0.417,"You are not! Unless maybe you are. But I am not… going anywhere. Nein! I am waiting here auf einem Partner, siehe… a dice partner. What do you say?","You're not! Unless maybe you are. But I'm not… going anywhere. Nein! Absolutely not. I'm waiting here for a partner, see… a dice partner. How about it?",NEEDS_TRANSLATION,,,
neco_soldier_n_achtung_ic_vU03,1,82,german,achtung; ich; kann; nicht; schiessen,1.000,1.000,Achtung! Ich kann nicht schießen!,!P Achtung! Ich kann nicht schießen!,NEEDS_TRANSLATION,,,
neme_udo_aus_t_anitska__k_2NhL,1,82,german,annie; mein; schatz; komm; hier,1.000,1.000,"Annie, mein Schatz, komm hier!",Annie… komm hier!,NEEDS_TRANSLATION,,,
utok_utok_na_m_los_gehts__1rsb,1,82,german,auf; geht's; bis; aufs; blut,1.000,1.000,Auf geht’s! Bis aufs Blut!,!P Los geht's! Blut! Blut!,NEEDS_TRANSLATION,,,
bohu_bohuta_npc_benedictu_Ties,1,82,latin,benedictus; qui; venit; nomine; domini,1.000,1.000,Benedictus qui venit in nomine Domini.,!P Benedictus qui venit in nomine Domini.,NEEDS_TRANSLATION,,,
opon_oponent_s_das_hilft__GycN,1,82,german,das; hilft; dir; nicht; weiter,1.000,1.000,Das hilft dir nicht weiter!,!P Das hilft dir nicht weiter!,NEEDS_TRANSLATION,,,
goss_situace_z_ich_wurde__3WDa,1,82,german,das; würde; ich; nicht; wagen,1.000,1.000,Das würde ich nicht wagen!,Ich würde es nicht wagen!,NEEDS_TRANSLATION,,,
hosp_hospodyne_du_bist_ei_f4DP,1,82,german,bist; wirklich; ein; biest; haha,1.000,1.000,"Du bist wirklich ein Biest, haha.","!P Du bist ein Biest, ha ha.",NEEDS_TRANSLATION,,,
hosp_hospodyne_so_so_gutes_XrTs,1,82,german,machst; das; gut; meine; liebe,1.000,1.000,Du machst das gut meine Liebe.,"!P So, so... gutes.",NEEDS_TRANSLATION,,,
rozl_louceni_p_eh_was_war_5adO,1,82,german,warum; hältst; mich; auf; taugenichts,1.000,1.000,"Eh, was? Warum hältst du mich auf? Taugenichts!",!P Eh was? Warum verzögerst du mich? Taugenichts!,NEEDS_TRANSLATION,,,
hosp_hospodsky_ein_bier_n_km1k,1,82,german,ein; bier; nach; dem; anderen,1.000,1.000,Ein Bier nach dem anderen …,Ein Bier nach dem anderen...,NEEDS_TRANSLATION,,,
opon_soldier_k_fertig_wer_OkRK,1,82,german,fertig; wer; ist; der; nächste,1.000,1.000,Fertig! Wer ist der Nächste?!,!P Fertig! Wer ist der Nächste?!,NEEDS_TRANSLATION,,,
pozd_uctivy_po_gott_segne_mXOf,1,82,german,gott; segne; dich; gute; frau,1.000,1.000,"Gott segne dich, gute Frau!","!P Gott segne dich, meine Frau!",NEEDS_TRANSLATION,,,
endi_rozloucen_gott_das_r_nwaj,1,82,german,gott; das; reicht; jetzt; schurke,1.000,1.000,"Gott, das reicht jetzt, du Schurke.","!P Gott, das reicht jetzt, du Schurke.",NEEDS_TRANSLATION,,,
gree_pozdrav_m_gru_gott_w_HOdz,1,82,german,grüss; gott; brauchst; mein; herr,1.000,1.000,"Grüß Gott! Was brauchst du, mein Herr?","Grüß Gott! Was du brauchst, mein Herr?",NEEDS_TRANSLATION,,,
zaka_zakaznik__hallo_knei_glyH,1,82,german,hallo; bedienung; ein; bier; bitte,1.000,1.000,"Hallo! Bedienung! Ein Bier, bitte!","Hallo! Kneipe! Ein Bier, bitte!",NEEDS_TRANSLATION,,,
gree_pozdrav_z_heh_warum__432V,1,82,german,warum; bist; nackt; mein; freund,1.000,1.000,"Ha … Warum bist du nackt, mein Freund?","!P Heh... Warum bist du nackt, mein Freund?",NEEDS_TRANSLATION,,,
pozd_npc_zdrav_heute_ist__MB17,1,82,german,heute; ist; ein; wunderschöner; tag,1.000,1.000,Heute ist ein wunderschöner Tag!,Heute ist es wunderschön!,NEEDS_TRANSLATION,,,
kost_kostky_st_heute_werd_nMrI,1,82,german,heute; werde; ich; glück; haben,1.000,1.000,Heute werde ich Glück haben ...,Heute werde ich Glück haben...,NEEDS_TRANSLATION,,,
gree_pozdrav_m_heh_warum__lGfp,1,82,german,warum; bist; nackt; mein; freund,1.000,1.000,"He … Warum bist du nackt, mein Freund?","Heh... Warum bist du nackt, mein Freund?",NEEDS_TRANSLATION,,,
rezn_reznik_sa_hm_ein_mes_VAPf,1,82,german,ein; messer; und; los; geht's,1.000,1.000,"Hm, ein Messer und los geht’s.","!P Hm, ein messer und los geht's.",NEEDS_TRANSLATION,,,
hosp_hospodyne_eh_ich_neh_BfbC,1,82,german,ich; feg's; einfach; die; ecke,1.000,1.000,Hm … Ich feg’s einfach in die Ecke.,!P Eh... Ich nehme es in der Ecke.,NEEDS_TRANSLATION,,,
comb_hejtman_f_bitte_sei__10ya,1,82,german; hungarian,hör; auf; mit; dem; unsinn,0.556,0.556,Hör auf mit dem Unsinn... Come some other time when it's light out.,!P Bitte sei nicht verrückt... Come some other time when it's light out.,NEEDS_TRANSLATION,,,
podk_magdalena_jo_jo_zast_GrTF,1,82,german,ich; benötige; ein; neues; schwert,1.000,1.000,Ich benötige ein neues Schwert.,!P Ich benötige ein neues Schwert.,NEEDS_TRANSLATION,,,
priv_obchodnic_ich_bin_gl_VDCN,1,82,german,ich; bin; gleich; bei; dir,1.000,1.000,Ich bin gleich bei dir ...,Ich bin gleich bei dir...,NEEDS_TRANSLATION,,,
hosp_hospodska_klid_ich_b_bLIF,1,82,german,ich; bin; gleich; bei; dir,1.000,1.000,Ich bin gleich bei dir!,I'll be right with you!,NEEDS_TRANSLATION,,,
npc__muz_samom_ich_kann_d_0Xbe,1,82,german,ich; kann; nicht; mehr; weiter,1.000,1.000,Ich kann nicht mehr weiter ...,!P Ich kann das nicht mehr.,NEEDS_TRANSLATION,,,
idle_soldier_m_ich_mache__lHK4,1,82,german,ich; mache; dich; gerne; fertig,1.000,1.000,Ich mache dich gerne fertig!,!P Ich mache Sie gerne fertig!,NEEDS_TRANSLATION,,,
uhli_uhlir_sam_ich_muss_m_FQAN,1,82,german,ich; muss; mehr; holz; kaufen,1.000,1.000,Ich muss mehr Holz kaufen.,!P Ich muss mehr Holz kaufen.,NEEDS_TRANSLATION,,,
prat_pratelsky_ich_sage_e_9QCH,1,82,german,ich; sage; zum; letzten; mal,1.000,1.000,Ich sage es zum letzten Mal ...,!P Ich sage es zum letzten Mal...,NEEDS_TRANSLATION,,,
posl_event_hla_ja_das_ist_QKgY,1,82,german,das; ist; richtig; hast; recht,1.000,1.000,"Ja, das ist richtig! Du hast recht!","!P Ja, das ist richtig! Du hast Recht!",NEEDS_TRANSLATION,,,
posl_event_hla_ah_ja_das__Lemo,1,82,german,genau; das; stört; mich; auch,1.000,1.000,"Ja, genau das stört mich auch!","!P Äh, ja, das ist es, was mich stört.",NEEDS_TRANSLATION,,,
prat_pratelsky_komm_schon_f5a1,1,82,german,komm; schon; kannst; nicht; ändern,1.000,1.000,"Komm schon, du kannst es nicht ändern.","!P Komm schon, du kannst es nicht ändern.",NEEDS_TRANSLATION,,,
opon_oponent_s_lass_es_fa_f2hN,1,82,german,lass; fallen; und; bettle; gnade,1.000,1.000,Lass es fallen und bettle um Gnade!,!P Lass es fallen und bettle um Gnade!,NEEDS_TRANSLATION,,,
gree_pozdrav_m_mein_gott__RrST,1,82,german,mein; gott; ist; das; blut,1.000,1.000,Mein Gott! Ist das Blut?,Mein Gott! Das ist Blut?,NEEDS_TRANSLATION,,,
zaka_zakaznik__mein_gott__7jIY,1,82,german,mein; gott; liegt; das; problem,1.000,1.000,Mein Gott! Wo liegt das Problem?,Mein Gott! Wo ist der Haken?,NEEDS_TRANSLATION,,,
hosp_hospodsky_mein_gott__ZTxQ,1,82,german,mein; gott; ist; denn; los,1.000,1.000,"Mein Gott, was ist denn los?","Mein Gott, was ist das?",NEEDS_TRANSLATION,,,
ulri_henry_eh_meine_deuts_Xzw1,1,82,german,meine; deutsch; ist; nicht; grosse,0.714,0.714,"Meine Deutsch ist nicht grosse, do you understand, Cabbagehead?","Meine Deutsch ist nicht grosse, you understand,  Cabbagehead?",NEEDS_TRANSLATION,,,
assa_npc_vidi__dalsi_rvac_dKod,1,82,yiddish_hebrew,mek; yek; mariben; devla; miro,1.000,1.000,Mek yek mariben? Oy Devla miro!,!T Mek yek mariben? Oy Devla miro!,NEEDS_TRANSLATION,,,
npc__npc_vrati_tak_bez_pa_R2Pf,1,82,hungarian,menj; csak; majd; később; megetetlek,1.000,1.000,"Menj csak, majd később megetetlek.","So, go on. Then I'll get you fed.",NEEDS_TRANSLATION,,,
utik_soldier_u_nein_das_w_fq6Z,1,82,german,nein; das; wird; nicht; passieren,1.000,1.000,"Nein, das wird nicht passieren …","!P Nein, das wird nicht passieren...",NEEDS_TRANSLATION,,,
hosp_hospodska_no_tak_ich_hvfG,1,82,german,ich; habe; nur; zwei; hände,1.000,1.000,"Oh, ich habe nur zwei Hände!","Oh, I only have two hands!",NEEDS_TRANSLATION,,,
zaka_zakaznik__ja_ja_bier_zTTd,1,82,german,bier; ist; besser; als; gold,1.000,1.000,"Oh, ja … Bier ist besser als Gold.","Ja, ja... Bier ist besser als Gold.",NEEDS_TRANSLATION,,,
npc__npc_naslo_hmm_no_dob_dhae,1,82,hungarian,rendben; most; már; gyere; vissza,1.000,1.000,Rendben. De most már gyere vissza.,"Hmm, all right, then. But come back now.",NEEDS_TRANSLATION,,,
rezy_else_hm_nemam_co_ztr_LQNq,1,82,german,schliesslich; habe; ich; nichts; verlieren,1.000,1.000,Schließlich habe ich nichts zu verlieren.,Schließlich habe ich nichts zu verlieren...,NEEDS_TRANSLATION,,,
hosp_hospodyne_nicht_krop_tIJf,1,82,german,schling; nicht; verschluckst; dich; noch,1.000,1.000,"Schling nicht so, du verschluckst dich noch!",!P Nicht kropfen oder Sie ersticken!,NEEDS_TRANSLATION,,,
hosp_hospodyne_es_ist_nic_m50S,1,82,german,schmeckt; nicht; wie; bei; muttern,1.000,1.000,Schmeckt nicht wie bei Muttern …,!P Es ist nicht wie von Mutter...,NEEDS_TRANSLATION,,,
gree_pozdrav_m_schonen_ta_jMPe,1,82,german,schönen; tag; willst; mein; freund,1.000,1.000,"Schönen Tag! Was willst du, mein Freund?","Schönen Tag, was willst du, mein Freund?",NEEDS_TRANSLATION,,,
gree_pozdrav_m_schonen_ta_4rR6,1,82,german,schönen; tag; willst; mein; herr,1.000,1.000,"Schönen Tag! Was willst du, mein Herr?","Schönen Tag, was willst du, mein Herr?",NEEDS_TRANSLATION,,,
laze_lazebnice_uf_deine_w_DDCp,1,82,german,deine; wunden; sind; jetzt; versorgt,1.000,1.000,"So, deine Wunden sind jetzt versorgt.","Uf, Deine Wunden sind versorgt.",NEEDS_TRANSLATION,,,
dost_soldier_d_uf_du_bist_4Xfy,1,82,german,uff; bist; gut; wie; tot,1.000,1.000,Uff ... Du bist so gut wie tot.,!P Uf... du bist ein toter Mann.,NEEDS_TRANSLATION,,,
dost_soldier_d_uf_ich_bri_FWnQ,1,82,german,uff; ich; bring; dich; mistkerl,1.000,1.000,"Uff, ich bring dich um, du Mistkerl.","!P Uf, Ich bringe dich um, du Mistkerl.",NEEDS_TRANSLATION,,,
hosp_hospodyne_uf_ich_has_IotY,1,82,german,uff; ich; hasse; diese; arbeit,1.000,1.000,"Uff, ich hasse diese Arbeit.","!P Uf, Ich hasse diese arbeit.",NEEDS_TRANSLATION,,,
utrz_soldier_d_uf_nein_wa_v5FQ,1,82,german,uff; nein; ist; das; blut,1.000,1.000,"Uff, nein … ist das … Blut?","!P Uf, nein... Was ist... Blut?",NEEDS_TRANSLATION,,,
zazn_zaznamena_verdammt_w_N2iF,1,82,german,verdammt; habe; ich; das; hingetan,1.000,1.000,Verdammt ... wo habe ich das hingetan?,Verdammt... wo habe ich das hingetan?,NEEDS_TRANSLATION,,,
nepr_soldier_k_verdammt_i_Qqkb,1,82,german,verdammt; ich; hatte; dich; fast,1.000,1.000,Verdammt! Ich hatte dich fast.,!P Verdammt! Ich hatte dich fast.,NEEDS_TRANSLATION,,,
prat_pratelsky_verdammt_d_s9Yw,1,82,german,verdammt; das; sollte; nicht; passieren,1.000,1.000,"Verdammt, das sollte nicht passieren ...","!P Verdammt, das sollte nicht passieren...",NEEDS_TRANSLATION,,,
neco_soldier_n_verdammt_i_kL3I,1,82,german,verdammt; ich; kann; nichts; sehen,1.000,1.000,"Verdammt, ich kann nichts sehen!","!P Verdammt, ich kann nichts sehen!",NEEDS_TRANSLATION,,,
kost_kostky_vy_grosse_ich_ymBR,1,82,german,wahnsinn; ich; habe; einfach; glück,1.000,1.000,Wahnsinn! Ich habe einfach Glück.,Grosse! Ich habe einfach Glück.,NEEDS_TRANSLATION,,,
pozd_pozdrav_n_wie_geht_e_2Uc7,1,82,german,wie; geht; dir; mein; freund,1.000,1.000,"Wie geht es dir, mein Freund?","Wie geht es dir, mein Freunde?",NEEDS_TRANSLATION,,,
spec_arne_nemec_vetsinu_p_2C2p,1,81,german,und; das; problem; ist; gelöst,0.417,0.417,A very hard kick in the eggs is enough for most fools... und das Problem ist gelöst.,"!P For most fools out there, one good kick to the groin is more than enough… und das Problem ist gelöst.",NEEDS_TRANSLATION,,,
o_zi_kupec_tro_aber_das_i_jhYY,1,81,german,aber; das; ist; deine; sache,0.714,0.714,"Aber das ist deine Sache… that is your business, lad.","!P Aber das ist Ihre Sache… that is your business, lad.",NEEDS_TRANSLATION,,,
zaka_zakaznik__az_ich_vel_aNYY,1,81,,ikh; vel; zayn; ver; vet,1.000,1.000,"Az ikh vel zayn vi er, ver vet zayn vi ikh?","Az ich vel zayn vi er, ver vet zayn vi ich?",NEEDS_TRANSLATION,,,
frid_menhart_z_noch_letze_OuGR,1,81,german,das; ist; der; letzte; siegfried,0.556,0.556,"Das ist der letzte, our fate is in your hands. Fight like Siegfried, Heinrich!","!P Noch letzten, our fate is in your hands. Fight like Siegfried, Heinrich!",NEEDS_TRANSLATION,,,
prat_pratelsky_das_pferd__S997,1,81,german,das; pferd; gehört; mir; scheisskerl,1.000,1.000,"Das Pferd gehört mir, du Scheißkerl!","!P Das Pferd gehört mir, du Scheißkerl!",NEEDS_TRANSLATION,,,
endi_rozloucen_dza_le_tit_F5Nn,1,81,,dja; tito; drukos; odtrade; machen,1.000,1.000,"Dja, le tito drukos a odtrade le machen...","!T Dja, le tito drukos a odtrade le machen...",NEEDS_TRANSLATION,,,
o_zi_urso_von__ale_to_se__dgPP,1,81,german,doch; wir; werden; abwarten; hauptmann,0.625,0.625,"Doch wir werden abwarten, according to what Hauptmann Zizka says.","!P Doch wir werden sehen, according to what hauptmann Zizka says.",NEEDS_TRANSLATION,,,
gree_pozdrav_m_du_stinkst_gv0G,1,81,,stinkst; ganz; schön; weisst; das,1.000,1.000,"Du stinkst ganz schön, weißt du das?","Du stinkst ziemlich, weißt du das?",NEEDS_TRANSLATION,,,
gree_pozdrav_m_te_na_ulal_iSSe,1,81,,ulahas; dilino; kar; tutar; medzvedjis,1.000,1.000,"Eh, te na ulahas dilino kar, ta na tutar medzvedjis...","!T Eh, te na ulahas dilino kar, ta na ulahas medzvedjis...",NEEDS_TRANSLATION,,,
lore_event_tab_sbohem_a_g_r0If,1,81,german,und; gute; reise; mein; junge,0.833,0.833,"Farewell und gute Reise, mein Junge.","Farewell und gute Reise, Junge.",NEEDS_TRANSLATION,,,
s_me_menhart_z_gott_sei_d_4txZ,1,81,german,gott; sei; dank; herr; oswald,1.000,1.000,"Gott sei Dank, Herr Oswald!",!P Gott sei Dank herr Oswald!,NEEDS_TRANSLATION,,,
joha_hudebnik__haha_ta_se_Z144,1,81,german,ich; poliere; dir; die; fresse,0.833,0.833,Haha! Ich poliere dir die Fresse!,!P Ha ha! Ich poliere dir die Fresse!,NEEDS_TRANSLATION,,,
reme_remeslnik_hm_ich_war_e4S6,1,81,german,ich; sollte; das; fertig; machen,1.000,1.000,Hm ... Ich sollte das fertig machen.,!P Hm... Ich wäre jetzt fertig.,NEEDS_TRANSLATION,,,
nech_npc_odmit_hmm_auf_wi_6RdG,1,81,german,hmm; auf; wiedersehen; elfen; pfff,1.000,1.000,"Hmm, Auf Wiedersehen Elfen, pfff ...","!P Hmm, Auf Wiedersehen Elfen, pfff...",NEEDS_TRANSLATION,,,
s_va_vasko_zkusme_to_zas__nDCa,1,81,german,hochmut; kommt; vor; dem; fall,1.000,1.000,Hochmut kommt vor dem Fall.,!P Hochmut kommt vor dem Fall.,NEEDS_TRANSLATION,,,
prat_pratelsky_horen_sie__FQRb,1,81,,hör; lieber; bevor; spät; ist,1.000,1.000,"Hör lieber zu, bevor es zu spät ist!","!P Hören Sie zu, bevor es zu spät ist!",NEEDS_TRANSLATION,,,
dial_bohuta_pl_asi_trest__Cwez,1,81,latin,requiem; aeternam; dona; eis; domine,0.500,0.500,"I'd say it's God's punishment... Requiem aeternam dona eis, Domine.","!P I'd say it's God's punishment... Requiem aeternam dona eis, Domine.",NEEDS_TRANSLATION,,,
lore_event_tab_ich_glaube_qrGG,1,81,german,ich; glaube; dir; junger; herr,0.714,0.714,"Ich glaube dir, I see you have the guts for it, Junger herr!","Ich glaube Ihnen, I see you have the guts for it, Herr Junge!",NEEDS_TRANSLATION,,,
joha_hudebnik__andelicku__uAlc,1,81,german,ich; schleif; dir; die; eier,1.000,1.000,Ich schleif dir die Eier!,!P Ich schleif dir die Eier!,NEEDS_TRANSLATION,,,
utik_soldier_u_prece_nech_NJpF,1,81,german,ich; werd; hier; nicht; sterben,1.000,1.000,Ich werd hier nicht sterben!,!P I'm not gonna die here!,NEEDS_TRANSLATION,,,
o_zi_urso_von__italie_je__PsJr,1,81,german,italien; ist; ein; grossartiges; land,0.455,0.455,Italien ist ein großartiges Land! I think we shall head south again in the autumn.,!P Italien ist ein Grossarticles Land! I think we shall head south again in the autumn.,NEEDS_TRANSLATION,,,
npc__npc_ma_do_tak_a_uz_m_nGI7,1,81,,jól; van; elegem; ebből; lármából,1.000,1.000,"Jól van, elegem van ebből a lármából!","Alright, I've had enough of that racket!",NEEDS_TRANSLATION,,,
gree_pozdrav_z_kaj_dzas_g_yYVp,1,81,,kay; djas; goro; pal; soste,1.000,1.000,"Kay djas, goro? Pal soste djas?","!T Kay djas, goro? Pal soste djas?",NEEDS_TRANSLATION,,,
s_fr_hejtman_f_ted_se_bez_nlz3,1,81,german,komm; zurück; wenn; genesen; bist,1.000,1.000,"Komm zurück, wenn du genesen bist.","!P Wenn Sie geheilt sind, kommen Sie zuruck.",NEEDS_TRANSLATION,,,
o_zi_hagen_tro_macht_nich_mDTu,1,81,german,macht; nichts; das; ist; egal,0.455,0.455,"Macht nichts, das ist egal... A war is meant to be fought, especially if you pay us well.","!P Macht nichts, das ist egal... A war is meant to be fought, especially if you pay us well.",NEEDS_TRANSLATION,,,
o_zi_urso_von__moje_kumpa_1PtK,1,81,german,meine; truppe; ist; nicht; gross,0.625,0.625,"Meine Truppe ist nicht groß, but for your purposes I think it will suffice.","!P Meine Gesellschaft ist nicht groß, but for your purposes I think it will suffice.",NEEDS_TRANSLATION,,,
prat_pratelsky_rikal_sem__WQ00,1,81,,mondtam; hogy; tűnj; innen; úgyhogy,1.000,1.000,"Mondtam, hogy tűnj el innen, úgyhogy tűnj el!","I told you to get out of here, so leave!",NEEDS_TRANSLATION,,,
s_el_puskar_el_prach_do_t_ThDt,1,81,german,ist; eine; glitschige; schlange; aber,0.333,0.333,"My business rival, Whisker of Kolin, also supplies black powder to the camp. Er ist eine glitschige Schlange… Aber that is of no importance to you.","!P My business rival, Fousek of Kolin, also supplies black powder to the camp. Er ist a slippery snake… Aber that's of no importance to you.",NEEDS_TRANSLATION,,,
opil_opily_kum_hobluj_6Pbo,1,81,czech,beszélj; állandóan; ételről; most; iszunk,1.000,1.000,"Ne beszélj állandóan az ételről, most iszunk.","Ne beszélj állandóan az ételről, most iszik.",NEEDS_TRANSLATION,,,
prij_velitel_s_kurva_nese_63aw,1,81,czech,pazaroljátok; időt; azzal; kibaszott; paraszttal,1.000,1.000,Ne pazaroljátok az időt azzal a kibaszott paraszttal!,!P Ne pazaroljátok az időt azzal a kibaszott paraszttal!,NEEDS_TRANSLATION,,,
kuma_vasko_nem_azt_mondom_V85R,1,81,hungarian,nem; azt; mondom; hogy; ideális,1.000,1.000,"Nem azt mondom, hogy ez ideális…","!P Nem azt mondom, hogy ez ideális…",NEEDS_TRANSLATION,,,
kuma_kuman_u_s_placeholde_8kLJ,1,81,hungarian,nem; tetszik; ahogy; néznek; minket,1.000,1.000,"Nem tetszik, ahogy néznek minket.","Nem tetszik, ahogy ránk nézel.",NEEDS_TRANSLATION,,,
chat_opily_kum_nem_vagy_b_1zlL,1,81,hungarian,nem; vagy; beszédes; típus; értem,1.000,1.000,"Nem vagy beszédes típus, értem.","Nem vagy beszélő típus, megértem.",NEEDS_TRANSLATION,,,
opil_opily_kum_taky_by_me_Nl4s,1,81,hungarian,nem; érezzük; itt; jól; magunkat,1.000,1.000,Nem érezzük itt jól magunkat?,Nem érezzük jól magunkat itt?,NEEDS_TRANSLATION,,,
goss_gossip_sp_ale_asi_ne_xHiW,1,81,german,meine; frau; gibt's; nur; ärger,0.833,0.833,"No. If meine Frau saw you, gibt’s nur Ärger.","!P No. If meine Frau saw you, das gäbe nur Ärger.",NEEDS_TRANSLATION,,,
ph_j_henry_spravna_odpoved_hPmS,1,81,,mangi; minestra; salti; dalla; finestra,1.000,1.000,O mangi la minestra o salti dalla finestra…?,!P O mangi la minestra o salti dalla finestra…?,NEEDS_TRANSLATION,,,
ph_j_henry_spatna_odpoved_FD29,1,81,,mangio; ministra; salto; della; finistra,1.000,1.000,O mangio la ministra o salto della finistra…?,!P O mangio la ministra o salto della finistra…?,NEEDS_TRANSLATION,,,
gree_pozdrav_n_oh_was_wil_ICtL,1,81,,willst; denn; von; mir; bettler,1.000,1.000,"Oh ... Was willst du denn von mir, du Bettler?!","!P Oh... Was willst du von mir, du Bettler?!",NEEDS_TRANSLATION,,,
cros_henry_chapu_tohle_ne_lyio,1,81,romani,poloko; koda; gadjo; tut; domardja,1.000,1.000,Poloko has! Koda gadjo tut domardja.,You were too slow. That other fella left you in the dust.,NEEDS_TRANSLATION,,,
situ_situace_z_sauberkeit_DQMC,1,81,german,reinlichkeit; kommt; gleich; nach; frömmigkeit,1.000,1.000,Reinlichkeit kommt gleich nach Frömmigkeit.,Sauberkeit halb gesundheit!,NEEDS_TRANSLATION,,,
o_zi_mistr_fab_soll_ich_g_9U9C,1,81,german,soll; ich; mich; darüber; freuen,1.000,1.000,Soll ich mich darüber freuen?,!P Soll ich glucklich sein?,NEEDS_TRANSLATION,,,
rozh_hospodsky_no_a_pak_t_GNtO,1,81,german,und; dann; gibt; noch; etwas,0.625,0.625,Und dann gibt es da noch etwas... There is this one vagrant woman.,Und dann gibt es da noch etwas... There is this one vagrantess.,NEEDS_TRANSLATION,,,
hosp_hospodska__und_das_i_9uUl,1,81,german,und; das; ist; alles; junge,1.000,1.000,"Und das ist alles, Junge.","!P Und das ist alles, Junge.",NEEDS_TRANSLATION,,,
mist_cechmistr_super_ses__s2wR,1,81,german,und; wenn; dir; nichts; ausmacht,0.455,0.455,"Und wenn es dir nichts ausmacht, I will mention this to the others. The guild should now what you have done for them.","Und wenn es Ihnen nichts ausmacht, I will mention this to the others. The guild should now what you have done for them.",NEEDS_TRANSLATION,,,
refu_opily_kum_itt_vagyun_I449,1,81,,vagyunk; akik; gyere; igyál; velünk,1.000,1.000,"Vagyunk, akik vagyunk. Gyere, igyál velünk!",!P Itt vagyunk mi vagyunk! Csatlakozz hozzánk…,NEEDS_TRANSLATION,,,
arne_menhart_z_stacil_by__FBew,1,81,german,arne; ist; ein; guter; kerl,0.625,0.625,Would Arne suffice? Er ist ein guter Kerl. He will help you.,Would Arne suffice? Sie es ein gut Kerl. He'll help you.,NEEDS_TRANSLATION,,,
o_zi_kupec_tro_zum_gluck__vIiW,1,81,german,zum; glück; nicht; junger; mann,0.625,0.625,"Zum Glück nicht, junger Mann. I am the only merchant here around Trosky.","!P Zum Glück nicht, junger Mann. I am the only merchant here below Trosky.",NEEDS_TRANSLATION,,,
kost_kibic_ext_o_devla_mi_qfz4,1,80,,devla; miro; now; you've; got,1.000,1.000,!P O devla miro! Now you've got it!,O devla miro! Now you've got it!,NEEDS_TRANSLATION,,,
pozd_sousedsky_the_tumeng_miiS,1,80,,namishtes; sar; nyila; pro; sanki,1.000,1.000,"!T Ta namishtes, sar nyila pro sanki!","!P Ta namištes, sar ňila pro sanki!",NEEDS_TRANSLATION,,,
npc__npc_prezi_ufff_vypad_Bl9v,1,80,,aaah; végre; múlik; rohadt; fájdalom,1.000,1.000,Aaah... Végre múlik ez a rohadt fájdalom.,Oof... Feels like my fucking pain is finally easing up...,NEEDS_TRANSLATION,,,
spec_menhart_z_aber_keine_VJSs,1,80,german,aber; keine; sorge; mein; freund,0.417,0.417,"Aber keine Sorge, mein Freund, you would not learn more even in Nuremberg, you would just pay more.","!P Aber keine Sorge mein Freund, you would not learn more even if you were in Nuremberg, you would just pay more.",NEEDS_TRANSLATION,,,
svep_svepomoc__akarsze_el_0B93,1,80,,akarsz-e; élni; akkor; mutasd; filléreket,1.000,1.000,Akarsz-e élni? Akkor mutasd a filléreket!,Akarsz-e élni Akkor mutasd a filléreket!,NEEDS_TRANSLATION,,,
free_svedek_re_takovy_rva_ATCs,1,80,,amenge; kampel; buter; ayse; bitangona,1.000,1.000,Amenge kampel buter ayse bitangona!,!T Amenge kampel buter ayse bitangona!,NEEDS_TRANSLATION,,,
npc__npc_vzdav_mam_lepsi__GvJ0,1,80,,aver; butyi; hin; man; kerel,1.000,1.000,Aver butyi hin man te kerel…,!T Aver butyi hin man te kerel…,NEEDS_TRANSLATION,,,
pozd_pozdrav_n_ich_hatte__m08L,1,80,,bitte; bring; mir; etwas; trinken,1.000,1.000,Bitte bring mir etwas zu trinken.,"!P Ich hatte gerne einen Drink, bitte.",NEEDS_TRANSLATION,,,
ques_quest_tip_hospodskej_mFe4,1,80,german,das; wird; sicher; nicht; leicht,0.714,0.714,But you have to do it quickly and reliably. Das wird sicher nicht leicht.,"But you have to do it quickly and reliably. Kurzum, nichts Einfaches.",NEEDS_TRANSLATION,,,
vask_hejtman_f_tak_se_za__e1dp,1,80,german,ich; habe; jetzt; keine; zeit,0.625,0.625,Come and see me some other time. Ich habe jetzt keine Zeit.,"!P Well, come see me some other time. Ich habe jetzt keine Zeit.",NEEDS_TRANSLATION,,,
blac_cechmistr_to_se_teda_5bwa,1,80,german,das; hat; überhaupt; nicht; geklappt,1.000,1.000,Das hat überhaupt nicht geklappt!,!P Das hat überhaupt nicht geklappt!,NEEDS_TRANSLATION,,,
dial_henry_das_silber_und_hRV1,1,80,german,das; silber; und; keine; frau,0.385,0.385,"Das Silber und keine frau! Grosch, you Hungarian sausage! Even a complete idiot would understand that.","Das Silber und keine frau! Groschen, you Hungarian sausage! Even a complete idiot would understand this.",NEEDS_TRANSLATION,,,
prat_pratelsky_die_besten_TdXM,1,80,,die; besten; gehen; immer; zuerst,1.000,1.000,Die Besten gehen immer zuerst ...,!P Die Besten gehen immer zuerst...,NEEDS_TRANSLATION,,,
gree_obchodnic_dikhas_pal_Pioa,1,80,,dikhas; pal; soste; djal; gadjo,1.000,1.000,"Dikhas! Pal soste djal, gadjo?","!T Dikhas! Pal soste djal, gadjo?",NEEDS_TRANSLATION,,,
gree_pozdrav_m_kaj_dzas_j_4gW4,1,80,,dikhes; sar; tuke; jal; goro,1.000,1.000,"Dikhes! Sar tuke jal, goro?","!T Dikhas! Sar tuke jal, goro?",NEEDS_TRANSLATION,,,
gree_pozdrav_m_miste_tuke_m9j5,1,80,,dja; andre; tra; dakeri; minch,1.000,1.000,Dja andre tra dakeri minch!,!T Dja andre tra dakeri minch!,NEEDS_TRANSLATION,,,
opti_hospodsky_du_armes_s_pL6o,1,80,german,armes; schwein; hast; doch; klatsche,0.833,0.833,"Du armes Schwein hast doch ’ne Klatsche! Get out, lout!","Du armes Schwein, du hast doch eine Mattscheibe! Get out, lout!",NEEDS_TRANSLATION,,,
bark_kuman_na__aby_vas_er_mOFS,1,80,,erlik; majd; jól; seggbe; benneteket,1.000,1.000,Erlik majd jól seggbe benneteket!,Erlik majd jól seggbe basz!,NEEDS_TRANSLATION,,,
comb_hans_plum_es_ist_kei_ejfO,1,80,german,ist; zwar; keine; besondere; schwerttechnik,0.500,0.500,"Es ist zwar keine besondere Schwerttechnik, but I can show you a quick way to get your opponent on the ground!","!P Es ist kein großer Fechtkampf, but I can show you a quick way to get your opponent on the ground!",NEEDS_TRANSLATION,,,
npc__kuman_cri_no_to_snad_Ooqn,1,80,,csak; egy; kibaszott; vicc; lehet,1.000,1.000,Ez csak egy kibaszott vicc lehet!,I don't bloody believe it.,NEEDS_TRANSLATION,,,
s_he_hejtman_s_jak_myslis_5Zcc,1,80,german,ganz; wie; willst; junger; mann,1.000,1.000,"Ganz wie du willst, junger Mann.","!P Ganz wie du willst, junger Mann.",NEEDS_TRANSLATION,,,
bibr_kuman_bib_rychle_jak_hPWm,1,80,,gyorsan; mint; tengri; kilőtt; nyila,1.000,1.000,"Gyorsan, mint Tengri kilőtt nyila!",Swift as an arrow fired by Tengri!,NEEDS_TRANSLATION,,,
ques_quest_tip_slysel_si__6psP,1,80,german,hast; schon; das; neueste; gehört,0.556,0.556,Hast du schon das Neueste gehört? I heard they found a dragon nearby!,!P Haben Sie schon von dieser neuen Sache gehört? I heard they found a dragon nearby!,NEEDS_TRANSLATION,,,
nech_npc_odmit_hmmrf_ada__5u6D,1,80,,hrmmph; ada; mange; cinava; palikerav,1.000,1.000,"Hrmmph... Ada mange cinava, palikerav...","!T Hrmmph... Ada mange cinava, palikerav...",NEEDS_TRANSLATION,,,
dial_henry_no_to_ja_vim_z_NAsT,1,80,german,schön; ich; sie; grosse; liebe,0.455,0.455,"I know she's schön. But she's spoken for. Taken, see? Me and her. Ich and sie. Love! Grosse Liebe!","!P I know she's schön. But she's spoken for? Taken, see! Me and her. Ich and sie. Love! Grosse líbespíchoš!",NEEDS_TRANSLATION,,,
comb_hans_plum_dost_sem_s_b7UC,1,80,german,langschwert; schön; und; stark; zugleich,0.625,0.625,"I like the Langschwert, it's a good weapon, schön und stark zugleich!","!P I like the Langschwert, it's a good weapon: schön und wirksam zugleich!",NEEDS_TRANSLATION,,,
svat_quest_tip_nevim_o_co_4WOi,1,80,german,ich; weiss; nicht; worum; geht,0.500,0.500,"Ich weiß nicht, worum es geht, but I hear it has something to do with their traditional archery competition.","... Ich weiß nicht, was los ist, but I hear it has something to do with their traditional archery competition.",NEEDS_TRANSLATION,,,
posl_event_hla_ja_richtig_FSZV,1,80,,richtig; muss; etwas; getan; werden,1.000,1.000,Ja! Richtig! Es muss etwas getan werden!,!P Ja! Richtig! Es sollte etwas getan werden!,NEEDS_TRANSLATION,,,
o_zi_pisar_tyc_ja_und_nei_4K4u,1,80,german,jedenfalls; nicht; hier; ihre; gastfreundschaft,0.500,0.500,"Jedenfalls nicht hier, the monks of Sedletz offered him ihre Gastfreundschaft of their monastery, and so he lives with them.","!P Ja und nein, the monks of Sedletz offered him ihre Gastfreundschaft of their monastery, and so he lives with them.",NEEDS_TRANSLATION,,,
pozd_sousedsky_lacho_dives_M13V,1,80,,kaj; djas; more; sar; sal,1.000,1.000,"Kaj djas, more? Sar sal?","!T Kay djas, more? Sar sal?",NEEDS_TRANSLATION,,,
hled_npc_hleda_kam_zmizel_S742,1,80,,kay; hino; akanak; sas; aday,1.000,1.000,Kay hino? Akanak sas aday!,!T Kay hino? Akanak sas aday!,NEEDS_TRANSLATION,,,
free_obet_reag_dopici_to__vNrE,1,80,,khas; kar; may; man; khudlal,1.000,1.000,Khas kar! May man khudlal.,!T Khas kar! May man khudlal.,NEEDS_TRANSLATION,,,
npc__kuman_cri_ted_se_zes_Mw3W,1,80,,készülj; fel; hogy; összeszarod; magad,1.000,1.000,"Készülj fel, hogy összeszarod magad!",Get ready to shit yourself!,NEEDS_TRANSLATION,,,
gree_obchodnic_lacho_dziv_047o,1,80,,lacho; djives; sar; tuke; djal,1.000,1.000,Lacho djives! Sar tuke djal?,!T Lacho djives! Sar tuke djal?,NEEDS_TRANSLATION,,,
idle_soldier_m_los_gehts__dPSj,1,80,,los; geht's; kriegst; ärger; arschloch,1.000,1.000,"Los geht’s! Du kriegst Ärger, Arschloch.","!P Los geht's! Du kriegst es, du Schlampe.",NEEDS_TRANSLATION,,,
npc__npc_patra_neprej_si__jUGj,1,80,,ker; p-heras; hunyaris; kay; sal,1.000,1.000,"Ma ker p-heras, tu hunyaris! Kay sal?","!T Ma ker p-heras, tu hunyaris! Kay sal?",NEEDS_TRANSLATION,,,
gree_pozdrav_m_verdammter_b7Sy,1,80,,mann; wie; siehst; denn; aus,1.000,1.000,"Mann, wie siehst du denn aus?!","Verdammter Mann, du siehst aus!",NEEDS_TRANSLATION,,,
rozl_obchodnic_masa_umata_ICJP,1,80,,masa; u-matan; tov; sheynen; dank,1.000,1.000,Masa u-matan tov. Sheynen dank!,Masa umatan tov. Sheinen dank!,NEEDS_TRANSLATION,,,
free_obet_reag_jeste_jedn_Q1Bj,1,80,,mek; yekvar; khudes; pal; voivode,1.000,1.000,"Mek yekvar, khudes pal o Voivode!","!T Mek yekvar, khudes pal o Voivode!",NEEDS_TRANSLATION,,,
npc__npc_vzdav_kaslu_na_n_oh8W,1,80,,mizerere; pre; leste; imar; nane,1.000,1.000,"Mizerere pre leste, imar nane!","!T Mizerere pre leste, imar nane!",NEEDS_TRANSLATION,,,
zada_nikdo_nec_protoze_se_SjY3,1,80,german,nun; muss; ich; dich; enttäuschen,0.500,0.500,"Nun, da muss ich dich enttäuschen. Nobody goes to the Barborský quarry anymore.","Nun, ich muss Sie enttäuschen. Nobody goes to the Barborský quarry anymore.",NEEDS_TRANSLATION,,,
prat_pratelsky_nachstes_m_7u3K,1,80,,nächstes; mal; wird; noch; schlimmer,1.000,1.000,Nächstes Mal wird es noch schlimmer ...,!P Nächstes Mal wird es noch schlimmer...,NEEDS_TRANSLATION,,,
npc__npc_vzdav_at_si_ho_h_qyxX,1,80,,benga; shay; les; roden; djav,1.000,1.000,O benga shay les roden… me djav…,!T O benga shay les roden… me djav…,NEEDS_TRANSLATION,,,
posl_event_hla_oh_ja_dage_BrnS,1,80,,dagegen; sollte; etwas; unternommen; werden,1.000,1.000,"Oh ja, dagegen sollte etwas unternommen werden.","!P Oh ja, dagegen sollte etwas unternommen werden...",NEEDS_TRANSLATION,,,
zaka_zakaznik__uf_epes_GA4g,1,80,,oof; mentsh; trakht; got; lakht,1.000,1.000,"Oof, a mentsh trakht un got lakht.","Oof, a mensch tracht un Got lacht.",NEEDS_TRANSLATION,,,
free_svedek_re_hej_vole_k_voXu,1,80,,more; kay; tiri; godji; djal,1.000,1.000,"Oy, more! Kay tiri godji djal?","!T Oy, more! Kay tiri godji djal?",NEEDS_TRANSLATION,,,
gree_pozdrav_z_pal_soste__0aEk,1,80,,pal; soste; djal; baro; shero,1.000,1.000,"Pal soste djal, baro shero?","Pal soste džal, baro šero?",NEEDS_TRANSLATION,,,
gree_pozdrav_m_pal_soste__kUSr,1,80,,pal; soste; djal; bari; bul,1.000,1.000,"Pal soste djal, tu bari bul?!","!T Pal soste djal, tu bari bul?!",NEEDS_TRANSLATION,,,
gree_pozdrav_z_pal_soste__yIpu,1,80,,pal; soste; djas; bari; bul,1.000,1.000,"Pal soste djas, bari bul?","!T Pal soste djas, bari bul?",NEEDS_TRANSLATION,,,
gree_pozdrav_z_ci_kaj_dza_Hvnk,1,80,,pal; soste; djas; baro; shero,1.000,1.000,"Pal soste djas, baro shero?","!T Pal soste djas, baro shero?",NEEDS_TRANSLATION,,,
gree_pozdrav_m_pal_soste__UIKo,1,80,,pal; soste; djas; baro; kar,1.000,1.000,"Pal soste djas, tu baro kar?","!T Pal soste djal, tu bari bul?",NEEDS_TRANSLATION,,,
ptac_ptacek_ml_na_co_ceka_uhqJ,1,80,,qu'est-ce; que; t'attends; connard; attaque,1.000,1.000,"Qu'est-ce que t'attends, connard? Attaque!","!P Qu'est-ce que t'attends, connard? Attaque!",NEEDS_TRANSLATION,,,
prat_pratelsky_sei_froh_d_gLNq,1,80,,sei; froh; dass; noch; lebst,1.000,1.000,"Sei froh, dass du noch lebst!","!P Sei froh, dass du noch lebst!",NEEDS_TRANSLATION,,,
brab_brabant_z_tes_quun_f_WQIP,1,80,,t'es; fils; pute; fais; chier,1.000,1.000,"T'es un fils de pute, tu me fais chier !","!P T'es un fils de pute, tu me fais chier !",NEEDS_TRANSLATION,,,
gree_pozdrav_m_thovel_tuk_BHqT,1,80,,t-hovel; tuke; kar; andre; menh,1.000,1.000,T-hovel tuke o kar ji andre menh!,!T T-hovel tuke o kar ji andre menh!,NEEDS_TRANSLATION,,,
pozd_sousedsky_the_tumenge_wcb4,1,80,,namishtes; sar; nyila; pro; sanki,1.000,1.000,"Ta namishtes, sar nyila pro sanki!","!P Ta namištes, sar ňila pro sanki!",NEEDS_TRANSLATION,,,
pozd_sousedsky_the_tuke_kWfD,1,80,,namishtes; sar; nyila; pro; sanki,1.000,1.000,"Ta namishtes, sar nyila pro sanki.","!T Ta namishtes, sar nyila pro sanki.",NEEDS_TRANSLATION,,,
npc__npc_rozpo_kurva_ze_n_Ltbh,1,80,,takoy; mandar; pal; muy; khudeha,1.000,1.000,Takoy mandar pal o muy khudeha!,!T Takoy mandar pal o muy khudeha!,NEEDS_TRANSLATION,,,
comb_hejtman_s_kdyz_se_ti_HQhn,1,80,german,ein; schneller; hieb; und; fertig,0.500,0.500,"There's not much to think about, ein schneller Hieb und fertig, haha.","!P There's not much to think about, schnelle Arbeit und fertig, ha ha.",NEEDS_TRANSLATION,,,
gree_pozdrav_m_eh_thovel__CQBW,1,80,,thov; tuke; kar; andre; bul,1.000,1.000,Thov tuke o kar andre bul.,!T Uh... T-hovel tuke o kar ji andre menh!,NEEDS_TRANSLATION,,,
assa_npc_bylo__vodved_si__AT5l,1,80,,trade; oda; dandvalo; tifusis; het,1.000,1.000,Trade oda dandvalo tifusis het!,!T Trade oda dandvalo tifusis het!,NEEDS_TRANSLATION,,,
gree_pozdrav_z_bist_du_mo_lXSP,1,80,,trinkst; immer; als; erstes; morgen,1.000,1.000,"Trinkst du immer als erstes am Morgen, Heinrich?","!P Bist du morgens als erstes betrunken, Heinrich?",NEEDS_TRANSLATION,,,
gree_pozdrav_z_bist_du_mo_5rci,1,80,,trinkst; immer; als; erstes; morgen,1.000,1.000,Trinkst du immer als erstes am Morgen?,!P Bist du morgens als erstes betrunken?,NEEDS_TRANSLATION,,,
gree_pozdrav_z_eh_thovel__jno7,1,80,,thovel; tuke; kar; andre; menj,1.000,1.000,Uh... Thovel tuke o kar ji andre menj!,!T Uh... Thovel tuke o kar ji andre menj!,NEEDS_TRANSLATION,,,
ques_quest_tip_a_jeste_js_9SUu,1,80,german,und; noch; etwas; ein; ritter,0.455,0.455,"Und noch etwas. Ein Ritter appeared in Bylany, like a noble knight, you know?","!P Und noch etwas anderes. A Wappenritter appeared in Bylany, like a noble knight, you know?",NEEDS_TRANSLATION,,,
hadk_event_rva_naposledy__r2eq,1,80,czech,utoljára; mondom; bámulj; húzz; anyádba,1.000,1.000,"Utoljára mondom, ne bámulj, és húzz az anyádba!","Utoljára mondom, ne bámulj, és húzz az anyádba.",NEEDS_TRANSLATION,,,
vask_hejtman_f_muzeme_ale_SsO2,1,80,german,sie; sehen; nicht; gut; aus,0.455,0.455,"We can, but you'd better pull yourself together first. Sie sehen nicht gut aus.","!P We can, but you'd better pull yourself together first. Sie sehen nicht gut aus.",NEEDS_TRANSLATION,,,
bibr_kuman_bib_dav_at_hle_5u3v,1,80,,ámuljon; tömeg; bökjön; felfelé; hüvelykujjával,1.000,1.000,"Ámuljon a tömeg, és bökjön felfelé hüvelykujjával!",Let the crowd watch in awe and raise their thumbs in astonishment!,NEEDS_TRANSLATION,,,
tara_taras_mura_ab_insidi_mMnY,1,79,,insidiis; diaboli; libera; nos; domine,1.000,1.000,"Ab insidiis diaboli, libera nos, Domine.","!P Ab insidiis diaboli, libera nos, Domine.",NEEDS_TRANSLATION,,,
jasa_jasak_azt_mondja_men_dYEI,1,79,,azt; mondja; gyere; majd; segít,1.000,1.000,"Azt mondja, gyere, Henry majd segít…","!P Azt mondja, menj, Henry majd segít…",NEEDS_TRANSLATION,,,
ques_quest_tip_nedavno_se_e6Ge,1,79,german,das; einzig; interessante; ist; zdimir,0.364,0.455,"Das einzig Interessante ist, das Zdimir the blacksmith finally got hold of a new apprentice.","!P Das einzig Interessante ist, das Zdimir the blacksmith finally got hold of a new apprentice.",NEEDS_TRANSLATION,,,
post_brabant_vyridit_mu_p_RPzJ,1,79,,dis-lui; que; tes; parents; saluent,1.000,1.000,Dis-lui que tes parents le saluent.,!P Dis-lui que tes parents te saluent.,NEEDS_TRANSLATION,,,
spol_utok_na_m_neblazni_c_v5sp,1,79,,don't; crazy; hynek; leave; alone,1.000,1.000,"Don't be crazy, Hynek! Leave him alone!","Don't be a fool, Hynek! Leave him alone!",NEEDS_TRANSLATION,,,
post_brabant_rano_spolu_v_BXg0,1,79,,doux; jésus; vous; voyez; bien,1.000,1.000,Doux Jésus ! Vous voyez bien !,!P Jésus-Christ ! Vous le voyez bien!,NEEDS_TRANSLATION,,,
npc__npc_ztrat_kaj_tuke_o_Y2Uc,1,79,,ikh; fayfe; daroyf; khomets; ben-yayen,1.000,1.000,"Eh, ikh fayfe daroyf... khomets ben-yayen.","!P Eh, Ich fajfe darojf... Chomec ben-jajen.",NEEDS_TRANSLATION,,,
refu_michal_enrico_della__8HB3,1,79,,enrico; della; roccia; molto; béne,1.000,1.000,Enrico della Roccia! Molto béne!,!P Enrico della Roccia! Molto béne!,NEEDS_TRANSLATION,,,
ques_quest_tip_no_jo_vazn_Jrq5,1,79,german,ist; wahr; völlig; ahnungslos; haha,0.400,0.500,"Es ist wahr! Everyone is talking about it, and the priest does not know what to do. Er ist völlig ahnungslos, haha!","!P Ja, das stimmt! Everyone is talking about it, and the priest does not know what to do. Er ist völlig ahnungslos, haha!",NEEDS_TRANSLATION,,,
henr_kuman_v_t_ez_orulet__1Knu,1,79,,egy; őrült; meg; fog; fulladni,1.000,1.000,Ez egy őrült! Meg fog fulladni!,Ez őrület! Meg fog fulladni!,NEEDS_TRANSLATION,,,
nech_npc_odmit_hmmrf_ada__nPbD,1,79,,hmmrf; oda; mange; tsinava; palikerav,1.000,1.000,"Hmmrf... Oda mange tsinava, palikerav...","!T Hmmrf... Ada mange tsinava, palikerav...",NEEDS_TRANSLATION,,,
slec_aktivita__ja_chci_ei_wb3H,1,79,german,ich; ein; edles; schwert; blaha,0.333,0.417,Ich will ein edles Schwert! A sword for noble! Maybe Blaha then will keep mouth shut!,!P Ich will ein edles Schwert! A sword for noble! Maybe Blaha then will keep mouth shut!,NEEDS_TRANSLATION,,,
hosp_hospodyne_einfach_es_ml5n,1,79,german,lass; dir; schmecken; mein; braver,1.000,1.000,"Lass es dir schmecken, mein Braver.","!P Einfach essen, du guter Koter.",NEEDS_TRANSLATION,,,
cika_henry_me_som_thulo_c_UgFq,1,79,,meh; som; t-hulo; chororo; dilina,1.000,1.000,Meh som t-hulo chororo dilina.,!T Me som t-hulo chororo dilina.,NEEDS_TRANSLATION,,,
bohu_bohuta_pl_meum_est_p_9ZVs,1,79,,meum; est; propositum; taberna; mori,1.000,1.000,Meum est propositum in taberna mori.,!P Meum est propositum in taberna mori.,NEEDS_TRANSLATION,,,
goss_lapka_mlu_co_ja_vim__SAXG,1,79,czech; hungarian,mit; tudom; miért; bírták; volna,1.000,1.000,Mit tudom én. Miért ne bírták volna ki?,Mit tudom én. Miért ne bírták volna ki?,NEEDS_TRANSLATION,,,
brab_brabant_to_se_ale_ne_Fh1s,1,79,,mon; dieu; quelles; mauvaises; manières,1.000,1.000,"Mon dieu, quelles mauvaises manières !",Such bad manners!,NEEDS_TRANSLATION,,,
o_zi_kostkar_v_joj_len_ka_ZIUL,1,79,,len; kayse; bere; mindja; hin,1.000,1.000,"Oy, len kayse bere mindja hin.","!T Oy, len kayse bere mindja hin.",NEEDS_TRANSLATION,,,
uvod_zavis_z_g_patrz_jaki_xEGi,1,79,,patrz; jakie; ten; skurwysyn; jaja,1.000,1.000,Patrz jakie ten skurwysyn ma jaja...,Patrz jakie ma jaja ten sukinkot...,NEEDS_TRANSLATION,,,
mari_marika_sukervica_tuk_4zB5,1,79,,sukervitsa; tuke; pro; piski; marel,1.000,1.000,Sukervitsa tuke pro piski te marel!,Sukervitza tuke pro piski te marel!,NEEDS_TRANSLATION,,,
turn_kutnohors_tak_jak_dl_lPUo,1,79,czech; polish,tak; jak; dlouho; budeme; čekat,1.000,1.000,Tak jak dlouho budeme čekat?!,,NEEDS_TRANSLATION,,,
bohu_bohuta_pl_tempora_mu_iSPH,1,79,,tempora; mutantur; nos; mutamur; illis,1.000,1.000,Tempora mutantur et nos mutamur in illis.,!P Tempora mutantur et nos mutamur in illis.,NEEDS_TRANSLATION,,,
goss_gossip_v__tak_vis_on_VVUT,1,79,german,sie; ist; eben; noch; unreif,0.500,0.500,"You see, she is still... sie ist eben noch unreif - she does not have everything she should have yet.","You know, she is still... Sie ist noch unreif - she does not have everything she should have.",NEEDS_TRANSLATION,,,
kuma_kuman_u_s_tekintsen__orcv,1,79,,úgy; néznek; ránk; mint; gyilkosokra,1.000,1.000,"Úgy néznek ránk, mint a gyilkosokra.","Tekintsen ránk, mint gyilkosokra.",NEEDS_TRANSLATION,,,
gree_pozdrav_z_schon_hein_taJT,1,78,german,schön; hast; getrunken; nicht; wahr,1.000,1.000,"!P Schön Heinrich, schön! Du hast getrunken, nicht wahr?","!P Schön Heinrich, schön! Du hast getrunken, nicht wahr?",NEEDS_TRANSLATION,,,
goss_gossip_ha_aha_a_co_v_HSH4,1,78,,aha; run; off; block; path,1.000,1.000,"Aha… and what did it do? Run off, or block his path?","Aha… and what did it do? Ran away, or blocked his path?",NEEDS_TRANSLATION,,,
assa_npc_vidi__jezismarja_STWm,1,78,,devla; savo; beng; oda; hin,1.000,1.000,"Devla, savo beng oda hin?","!T Devla, savo beng oda hin?",NEEDS_TRANSLATION,,,
comb_hejtman_s_no_takze_n_0YfO,1,78,german,erstens; und; dann; nach; rechts,0.357,0.357,"Erstens, you hit him a few times from the right und dann at the same time with a step nach rechts you slash at his neck.",!P Erstens: You hit him a few times from the right and und anschließend at the same time with a step und anschließend you slash at his neck.,NEEDS_TRANSLATION,,,
hosp_hospodsky_ja_ja_bier_QNSQ,1,78,german,bier; ist; besser; als; gold,1.000,1.000,"Ja, ja... Bier ist besser als Gold.","Ja, ja... Bier ist besser als Gold.",NEEDS_TRANSLATION,,,
cin__zikmund_l_nem_turom__yuBW,1,78,hungarian,nem; tűröm; ezt; rohadékot; birtokomon,1.000,1.000,Nem tűröm el ezt a rohadékot a birtokomon!,Nem tűröm el ezt a rohadékot a birtokomon!,NEEDS_TRANSLATION,,,
diva_divak_bar_skvele_skv_BCTu,1,78,czech,skvěle; věděl; proč; tebe; sázím,1.000,1.000,"Skvěle, skvěle! Já věděl, proč na tebe sázím.",,NEEDS_TRANSLATION,,,
gree_pozdrav_z_du_bist_gu_vXpt,1,77,german,bist; gut; betrunken; ist; los,1.000,1.000,!P Du bist gut betrunken? Was ist los?,!P Du bist gut betrunken? Was ist los?,NEEDS_TRANSLATION,,,
gree_pozdrav_n_heh_warum__F1g2,1,77,german,heh; warum; bist; nackt; mann,1.000,1.000,"!P Heh... Warum bist du nackt, Mann?","!P Heh... Warum bist du nackt, Mann?",NEEDS_TRANSLATION,,,
gree_pozdrav_z_schonen_ta_Kvm0,1,77,german,schönen; tag; willst; mein; freund,1.000,1.000,"!P Schönen Tag, was willst du, mein Freund?","!P Schönen Tag, was willst du, mein Freund?",NEEDS_TRANSLATION,,,
gree_pozdrav_z_schonen_ta_JWHT,1,77,german,schönen; tag; willst; mein; herr,1.000,1.000,"!P Schönen Tag, was willst du, mein Herr?","!P Schönen Tag, was willst du, mein Herr?",NEEDS_TRANSLATION,,,
gree_pozdrav_z_verdammt_m_a4zk,1,77,german,verdammt; mann; hast; keinen; sinn,1.000,1.000,!P Verdammt Mann! Hast du keinen Sinn?!,!P Verdammt Mann! Hast du keinen Sinn?!,NEEDS_TRANSLATION,,,
prep_utok_na_m_verrat_das_qq9e,1,77,german,verrat; das; ist; eine; falle,1.000,1.000,!P Verrat! Das ist eine Falle!,!P Verrat! Das ist eine Falle!,NEEDS_TRANSLATION,,,
gree_pozdrav_z_warum_bist_uUtO,1,77,german,warum; bist; nackt; mein; freund,1.000,1.000,"!P Warum bist du nackt, mein Freund?","!P Warum bist du nackt, mein Freund?",NEEDS_TRANSLATION,,,
stre_strelnice_tak_sakra__VvKX,1,77,hungarian,fenébe; így; nem; fogok; nyerni,1.000,1.000,"A fenébe is, így nem fogok nyerni!","A fenébe is, így nem fogok nyerni!",NEEDS_TRANSLATION,,,
idle_kuman_mlu_sakra_nema_C8Vq,1,77,hungarian,fenébe; nem; érek; egész; nap,1.000,1.000,"A fenébe, nem érek rá egész nap!","A fenébe, nem érek rá egész nap!",NEEDS_TRANSLATION,,,
poda_kuman_kom_ocel_te_ne_aPy2,1,77,hungarian,páncél; nem; ment; meg; rohadék,1.000,1.000,"A páncél nem ment meg, te rohadék!","A páncél nem ment meg, te rohadék!",NEEDS_TRANSLATION,,,
dial_po_souboj_so_morgen__yJy9,1,77,german,also; morgen; zur; gleichen; zeit,1.000,1.000,"Also, morgen zur gleichen Zeit?","Also, morgen zur gleichen Zeit?",NEEDS_TRANSLATION,,,
lore_event_tab_auf_wieder_hfPB,1,77,german,auf; wiedersehen; und; gute; reise,1.000,1.000,Auf Wiedersehen! Und gute Reise.,Auf Wiedersehen! Und gute Reise.,NEEDS_TRANSLATION,,,
dial_stalker_das_boot_nek_RC4Y,1,77,german,das; boot; nekem; souvenir; szeretet,0.800,1.000,Das boot... Nekem... Souvenir. Szeretet!,!P Das boot... Nekem... Souvenir. Szeretet!,NEEDS_TRANSLATION,,,
pass_event_rva_das_wird_n_o69H,1,77,german,das; wird; nicht; gut; ausgehen,1.000,1.000,Das wird nicht gut ausgehen.,Das wird nicht gut ausgehen.,NEEDS_TRANSLATION,,,
gree_pozdrav_m_du_bist_gu_GQjs,1,77,german,bist; gut; betrunken; ist; los,1.000,1.000,Du bist gut betrunken? Was ist los?,Du bist gut betrunken? Was ist los?,NEEDS_TRANSLATION,,,
kost_kostky_he_geduld_ist_22iY,1,77,german,geduld; ist; ein; bitteres; kraut,1.000,1.000,Geduld ist ein bitteres Kraut.,Geduld ist ein bitteres Kraut.,NEEDS_TRANSLATION,,,
pozd_uctivy_po_gott_segne_U79Y,1,77,german,gott; segne; dich; meine; herrin,1.000,1.000,"Gott segne dich, meine Herrin!","Gott segne dich, meine Herrin!",NEEDS_TRANSLATION,,,
dial_posluchac_ha_ha_tak__Gxcs,1,77,german,haha; dann; ist; kein; wunder,0.500,0.625,Haha! Dann ist es ja kein Wunder that puffed-up Capon won't talk to us.,"!P Haha, das überrascht mich nicht mehr that puffed-up Capon won't talk to us.",NEEDS_TRANSLATION,,,
zaka_zakaznik__hallo_sche_P5DQ,1,77,german,hallo; schenkwirt; ich; habe; hunger,1.000,1.000,Hallo! Schenkwirt! Ich habe Hunger!,Hallo! Schenkwirt! Ich habe Hunger!,NEEDS_TRANSLATION,,,
stre_strelnice_teda_zadna_y9GV,1,77,hungarian,hát; nem; egy; nagy; csoda,1.000,1.000,Hát nem egy nagy csoda...,Hát nem egy nagy csoda...,NEEDS_TRANSLATION,,,
priv_obchodnik_ich_bin_gl_vp7K,1,77,german,ich; bin; gleich; bei; dir,1.000,1.000,Ich bin gleich bei dir...,Ich bin gleich bei dir...,NEEDS_TRANSLATION,,,
situ_situace_z_ich_habe_m_pjcA,1,77,german,ich; habe; meine; meinung; geändert,1.000,1.000,Ich habe meine Meinung geändert.,Ich habe meine Meinung geändert.,NEEDS_TRANSLATION,,,
stre_strelnice_pitomej_vi_CRet,1,77,czech,szél; akár; közepébe; mehetett; volna,1.000,1.000,"Kurva szél, ez akár a közepébe is mehetett volna!","Kurva szél, ez akár a közepébe is mehetett volna!",NEEDS_TRANSLATION,,,
kost_kostky_st_moge_der_b_9Kwr,1,77,german,möge; der; beste; mann; gewinnen,1.000,1.000,Möge der beste Mann gewinnen.,Möge der beste Mann gewinnen.,NEEDS_TRANSLATION,,,
idle_kuman_mlu_nemel_ses__hnwc,1,77,hungarian,nem; kellett; volna; beleütnöd; orrodat,1.000,1.000,Nem kellett volna beleütnöd az orrodat.,Nem kellett volna beleütnöd az orrodat.,NEEDS_TRANSLATION,,,
prat_pratelsky_nimm_dein__k0W0,1,77,german,nimm; dein; pferd; und; geh,1.000,1.000,Nimm dein Pferd und geh!,,NEEDS_TRANSLATION,,,
prat_pratelsky_tak_delej__EQTN,1,77,hungarian,nyomás; nem; akarlak; többé; látni,1.000,1.000,"Nyomás, nem akarlak többé látni!","Nyomás, nem akarlak többé látni!",NEEDS_TRANSLATION,,,
turn_kutnohors_pico_jak_k_rKjZ,1,77,czech,pičo; jak; kdyby; porazil; vůz,1.000,1.000,Pičo! Jak kdyby ho porazil vůz!,,NEEDS_TRANSLATION,,,
lore_event_tab_risiko_ist_oIvO,1,77,german,risiko; ist; profit; mein; freund,1.000,1.000,"Risiko ist Profit, mein Freund.","Risiko ist Profit, mein Freund.",NEEDS_TRANSLATION,,,
turn_kutnohors_tak_bude_s_WCWR,1,77,polish,tak; bude; něco; dít; nebo,1.000,1.000,"Tak bude se něco dít, nebo ne?!",,NEEDS_TRANSLATION,,,
goss_lapka_mlu_ja_vim_ale_adRA,1,77,hungarian,tudom; mit; csináljak; hallom; őket,1.000,1.000,"Tudom, de mit csináljak, ha hallom őket?","Tudom, de mit csináljak, ha hallom őket?",NEEDS_TRANSLATION,,,
poce_event_poc_und_was_is_Vm6D,1,77,german; hungarian,und; ist; mit; dir; mann,1.000,1.000,"Und was ist mit dir, Mann?","Und was ist mit dir, Mann?",NEEDS_TRANSLATION,,,
gree_pozdrav_m_warum_bist_AaIb,1,77,german,warum; bist; nackt; mein; freund,1.000,1.000,"Warum bist du nackt, mein Freund?","Warum bist du nackt, mein Freund?",NEEDS_TRANSLATION,,,
stre_strelnice_a_dalsi_tr_k3Ql,1,76,,další; trefa; sice; vokraj; ale,1.000,1.000,"A další trefa! Sice vokraj, ale trefa!",,NEEDS_TRANSLATION,,,
diva_divak_bar_do_haje_ty_sOFw,1,76,,fenébe; gazember; elvesztettem; miattad; pénzem,1.000,1.000,"A fenébe is, te gazember! Elvesztettem miattad a pénzem.","A fenébe is, te gazember! Elvesztettem miattad a pénzem.",NEEDS_TRANSLATION,,,
brab_brabant_r_nech_toho__Niok,1,76,,arrêtez; vous; nous; faites; honte,1.000,1.000,"Arrêtez, Henry. Vous nous faites honte !","Stop it, Henry. You are bring shame upon us all!",NEEDS_TRANSLATION,,,
situ_situace_p_besser_der_Gp42,1,76,,besser; der; pranger; als; galgen,1.000,1.000,Besser der Pranger als der Galgen!,Besser der Pranger als der Galgen!,NEEDS_TRANSLATION,,,
endi_rozloucen_dza_le_tit_ZiWV,1,76,,dja; tiro; drukos; odtrade; machen,1.000,1.000,"Dja, le tiro drukos a odtrade le machen...","Dja, le tiro drukos a odtrade le machen...",NEEDS_TRANSLATION,,,
eldr_puskar_el_gott_sei_d_vLJo,1,76,german,gott; sei; dank; meinem; pferd,0.625,0.625,Gott sei Dank! Hopefully nothing’s happened to him - or meinem Pferd!,Gott sei Dank! Hopefully nothing’s happened to him — or meinem Pferd!,NEEDS_TRANSLATION,,,
poce_event_poc_gott_sei_s_RHqm,1,76,german,gott; sei; seiner; seele; gnädig,1.000,1.000,Gott sei seiner Seele gnädig.,Gott sei seiner Seele gnädig.,NEEDS_TRANSLATION,,,
comb_hans_plum_erledigt_a_ytIl,1,76,german,hah; das; wäre; erledigt; bergmänner,0.571,0.714,"Hah, das wäre erledigt … I call it the hammer for Bergmänner.","!P Hah, erledigt, ausgestattet... i call it the hammer for bergmany.",NEEDS_TRANSLATION,,,
vzde_dlc3_nemo_je_mi_hork_F9w1,1,76,,hot; feels; like; i'm; burning,1.000,1.000,Hot… So hot… Feels like I'm burning…,Hot… So hot… Feels like I'm burning…,NEEDS_TRANSLATION,,,
lore_event_tab_moglich_na_suw8,1,76,german,ich; weiss; nicht; möglich; schweine,0.455,0.455,"Ich weiß nicht, möglich. We were lucky to flee before those Cuman Schweine got there!","Ich weiß nicht, möglich. We were lucky to flee before those Cuman Schweine got there!",NEEDS_TRANSLATION,,,
ulri_event_tab__in_diesem_84j8,1,76,german,diesem; traurigen; land; mein; ritterfreund,1.000,1.000,"In diesem traurigen Land, mein Ritterfreund.","In diesem traurigen Land, mein Ritterfreund.",NEEDS_TRANSLATION,,,
goss_lapka_mlu_kolik_noci_djL9,1,76,hungarian,mióta; nem; aludtál; már; rendesen,1.000,1.000,Mióta nem aludtál már rendesen?,Mióta nem aludtál már rendesen?,NEEDS_TRANSLATION,,,
goss_lapka_mlu_jo_a_byly__TprR,1,76,,nagyon; szőkék; voltak; fátylat; viseltek,1.000,1.000,Nagyon. És szőkék voltak és fátylat viseltek.,Nagyon. És szőkék voltak és fátylat viseltek.,NEEDS_TRANSLATION,,,
rozh_kupec_vel_ale_to_je__qAOh,1,76,german,nein; das; ist; ein; fehler,0.625,0.625,"Nein, das ist ein Fehler, he wasn’t some thief. But wait…","Nein, das ist ein Fehler, he wasn’t some thief. But wait…",NEEDS_TRANSLATION,,,
lore_event_tab_novit_domi_rHqx,1,76,latin,novit; dominus; pios; tentatione; eripere,0.556,0.556,Novit Dominus pios de tentatione eripere... and all sinners shall be damned!,Novit Dominus pios de tentatione eripere... and all sinners shall be damned!,NEEDS_TRANSLATION,,,
situ_situace_v_asi_proto__JiA2,1,76,german,dirnen; und; alkohol; reichtum; kinderlos,0.400,0.500,"Probably because he prioritized Dirnen und Alkohol. If we all had his Reichtum, we'd all be kinderlos.","Probably because he prioritized Dirnen und Trinken. If we all had his Geld, we'd all be kinderlos.",NEEDS_TRANSLATION,,,
stre_strelnice_a_sip_leti_zi64,1,76,,repül; nyílvessző; elrepül; valahova; faszba,1.000,1.000,"Repül a nyílvessző, repül és repül és elrepül valahova a faszba!","Repül a nyílvessző, repül és repül és elrepül valahova a faszba!",NEEDS_TRANSLATION,,,
bohu_bohuta_npc_latinsky__cuj7,1,76,latin,requiem; aeternam; dona; eis; domine,1.000,1.000,"Requiem aeternam dona eis, Domine.","Requiem aeternam dona eis, Domine.",NEEDS_TRANSLATION,,,
zada_hospodsky_nekdo_od_r_fZqg,1,76,german,imerwere; aber; kannst; auch; lesen,0.444,0.556,"Such a man is useful imerwere, but what of reading? Aber kannst du auch lesen?","Such a man is useful imerwere, but what of reading? Kannst Du lesen?",NEEDS_TRANSLATION,,,
stre_strelnice_tak_a_muze_ocxq,1,76,polish,tak; můžete; rovnou; vzád; střed,1.000,1.000,Tak a můžete to rovnou vzád. Střed!,,NEEDS_TRANSLATION,,,
navr_vypadnik__vodu_potre_Stdf,1,76,,vodu; potřebuju; nebo; radši; pivo,1.000,1.000,"Vodu, potřebuju vodu. Nebo radši pivo.",,NEEDS_TRANSLATION,,,
lore_event_tab_was_ich_ve_zdSu,1,76,german,ich; verstehe; dich; überhaupt; nicht,0.833,0.833,Was? Ich verstehe dich überhaupt nicht. I not understand.,Was? Ich verstehe dich überhaupt nicht. I not understand.,NEEDS_TRANSLATION,,,
gree_pozdrav_z_bist_du_mo_PSvc,1,75,,bist; morgens; als; erstes; betrunken,1.000,1.000,"!P Bist du morgens als erstes betrunken, Heinrich?","!P Bist du morgens als erstes betrunken, Heinrich?",NEEDS_TRANSLATION,,,
gree_pozdrav_n_guten_tag__rKvx,1,75,,guten; tag; brauchst; von; mir,1.000,1.000,!P Guten Tag! Was brauchst du von mir?,!P Guten Tag! Was brauchst du von mir?,NEEDS_TRANSLATION,,,
utok_utok_na_m_los_gehts__Ofup,1,75,,los; geht's; töten; wir; sie,1.000,1.000,!P Los geht's! Töten wir sie!,!P Los geht's! Töten wir sie!,NEEDS_TRANSLATION,,,
goss_uhersky_v__ach_jo_ta_ukR8,1,75,,francba; itt; egyre; szarabb; minden,1.000,1.000,"...a francba, itt egyre szarabb minden.","...a francba, itt egyre szarabb minden.",NEEDS_TRANSLATION,,,
goss_lapka_mlu_doprdele_t_gQoQ,1,75,,faszom; bele; egy; ilyen; szarházi,1.000,1.000,"A faszom bele, egy ilyen szarházi.","A faszom bele, egy ilyen szarházi.",NEEDS_TRANSLATION,,,
menh_menhart_z_ale_s_tim__jBT6,1,75,german,aber; ich; denke; nicht; war,0.833,0.833,"Aber Ich denke... you have some experience in that, nicht war?","Aber Ich denke... you have some experience in that, nicht war?",NEEDS_TRANSLATION,,,
goss_lapka_mlu_a_hochu__t_KRGu,1,75,,apám; azok; aztán; mindent; kibírnak,1.000,1.000,"Apám, azok aztán mindent kibírnak.","Apám, azok aztán mindent kibírnak.",NEEDS_TRANSLATION,,,
spol_kuman_vid_kurva_ses__dCGh,1,75,,baszd; meg; most; megdöglesz; rohadék,1.000,1.000,"Baszd meg, most megdöglesz, te rohadék!","Baszd meg, most megdöglesz, te rohadék!",NEEDS_TRANSLATION,,,
stre_strelnice_tak_hergot_08Sh,1,75,,baszki; hát; sose; találom; közepét,1.000,1.000,"Baszki, hát sose találom el a közepét!","Baszki, hát sose találom el a közepét!",NEEDS_TRANSLATION,,,
stre_strelnice_doprdele_n_pHnD,1,75,,bazmeg; nem; várjunk; csak; eltaláltam,1.000,1.000,"Bazmeg. Nem, várjunk csak. Eltaláltam!","Bazmeg. Nem, várjunk csak. Eltaláltam!",NEEDS_TRANSLATION,,,
goss_lapka_mlu_to_mohly_b_Svcr,1,75,,biztos; valami; állat; volt; nem,1.000,1.000,Biztos valami állat volt nem?,Biztos valami állat volt nem?,NEEDS_TRANSLATION,,,
goss_lapka_mlu_nejradsi_b_cN0r,1,75,,jól; esne; egy; kis; szundi,1.000,1.000,De jól esne egy kis szundi.,De jól esne egy kis szundi.,NEEDS_TRANSLATION,,,
goss_uhersky_v_ale_cherta_5OdT,1,75,,állítólag; chertan; összeszólalkozott; katz; kapitánnyal,1.000,1.000,De állítólag Chertan összeszólalkozott Katz kapitánnyal...,De állítólag Chertan összeszólalkozott Katz kapitánnyal...,NEEDS_TRANSLATION,,,
goss_lapka_mlu_pamatujes__CVpE,1,75,,emlékszel; amikor; beszarattuk; azt; kalmárt,1.000,1.000,"Emlékszel, amikor beszarattuk azt a kalmárt?","Emlékszel, amikor beszarattuk azt a kalmárt?",NEEDS_TRANSLATION,,,
arne_arne_nemec_er_hast_g_OsvU,1,75,german,hat; ein; herz; aus; gold,1.000,1.000,Er hat ein Herz aus Gold.,Er hat ein Herz aus Gold.,NEEDS_TRANSLATION,,,
opon_kuman_kom_u_erlikovy_QWOs,1,75,,erlik; seggére; lenyomok; még; egyet,1.000,1.000,"Erlik seggére, lenyomok még egyet!","Erlik seggére, lenyomok még egyet!",NEEDS_TRANSLATION,,,
goss_uhersky_v_pojd_jinak_JkuD,1,75,,gyerünk; vagy; összeszarjuk; magunkat; unalomtól,1.000,1.000,"Gyerünk, vagy összeszarjuk magunkat az unalomtól.","Gyerünk, vagy összeszarjuk magunkat az unalomtól.",NEEDS_TRANSLATION,,,
goss_uhersky_v_jestli_mys_9pZ9,1,75,,tornára; gondolsz; akkor; rosszul; hallottad,1.000,1.000,"Ha a tornára gondolsz, akkor rosszul hallottad.","Ha a tornára gondolsz, akkor rosszul hallottad.",NEEDS_TRANSLATION,,,
opon_kuman_kom_hja_pozdra_jSra,1,75,,hahá; add; üdvözletem; alvilági; démonoknak,1.000,1.000,"Hahá, add át üdvözletem az alvilági démonoknak!","Hahá, add át üdvözletem az alvilági démonoknak!",NEEDS_TRANSLATION,,,
nech_npc_odmit_hmm_links__n8qM,1,75,,hmm; links; die; ecke; chrrr,1.000,1.000,"Hmm, links um die Ecke, chrrr...","Hmm, links um die Ecke, chrrr...",NEEDS_TRANSLATION,,,
lore_event_tab_homo_sum_e_lQ0k,1,75,,homo; sum; inter; homines; vivo,1.000,1.000,Homo sum et inter homines vivo.,Homo sum et inter homines vivo.,NEEDS_TRANSLATION,,,
nech_npc_odmit_hmmrf_dava_VQ4e,1,75,,hrmmmph; davar; masa; u-matan; tov,1.000,1.000,Hrmmmph... davar masa u-matan tov...,Hrmmmph... Davar masa u-matan tov...,NEEDS_TRANSLATION,,,
nech_npc_odmit_hmmrf_dava_yHer,1,75,,hrmmph; davar; masa; u-matan; tov,1.000,1.000,Hrmmph... davar masa u-matan tov...,Hrmmph... Davar masa u-matan tov...,NEEDS_TRANSLATION,,,
prat_pratelsky_tak_fajn_t_vjed,1,75,,hát; most; móresre; tanítalak; faszfej,1.000,1.000,"Hát jó, most móresre tanítalak, faszfej!","Hát jó, most móresre tanítalak, faszfej!",NEEDS_TRANSLATION,,,
opon_kuman_kom_hej_chlapi_iDl9,1,75,,fiúk; ott; van; még; egy,1.000,1.000,"Hé, fiúk, ott van még egy!","Hé, fiúk, ott van még egy!",NEEDS_TRANSLATION,,,
goss_uhersky_v_jo_to_je_v_xCq2,1,75,,igaz; így; tényleg; nagyon; fos,1.000,1.000,"Igaz, ez így tényleg nagyon fos...","Igaz, ez így tényleg nagyon fos...",NEEDS_TRANSLATION,,,
odev_cechmistr_jo_to_je_p_32Ye,1,75,german,das; ist; richtig; verdammte; scheisse,0.625,0.625,"Ja, das ist richtig, but he’s still my brother. Verdammte Scheiße!","Ja, das ist richtig, but he’s still my brother. Verdammte Scheiße!",NEEDS_TRANSLATION,,,
goss_uhersky_v_jo_tak_to__2QkU,1,75,,igazad; van; nyakig; ülünk; szarban,1.000,1.000,"Ja, igazad van,nyakig ülünk a szarban.","Ja, igazad van,nyakig ülünk a szarban.",NEEDS_TRANSLATION,,,
stre_strelnice_dneska_str_YUUE,1,75,,úgy; lövök; mint; maga; úristen,1.000,1.000,"Ma úgy lövök, mint maga az úristen!","Ma úgy lövök, mint maga az úristen!",NEEDS_TRANSLATION,,,
rozl_obchodnik_masa_umata_plda,1,75,,masa; u-matan; tov; sheinen; dank,1.000,1.000,Masa u-matan tov. Sheinen dank!,Masa u-matan tov. Sheinen dank!,NEEDS_TRANSLATION,,,
prat_pratelsky_zase_jses__FZl8,1,75,,megint; itt; vagy; takarodj; fenébe,1.000,1.000,Megint itt vagy?! Takarodj a fenébe!,Megint itt vagy?! Takarodj a fenébe!,NEEDS_TRANSLATION,,,
stre_strelnice_ze_ja_se_v_2JTC,1,75,,szarért; célozgatok; lőhetnék; akár; vakon,1.000,1.000,"Mi a szarért célozgatok, lőhetnék akár vakon is...","Mi a szarért célozgatok, lőhetnék akár vakon is...",NEEDS_TRANSLATION,,,
goss_lapka_mlu_zase_neseh_efSP,1,75,,már; megint; hát; tök; nem,1.000,1.000,"Mi, már megint? Hát tök új, nem?","Mi, már megint? Hát tök új, nem?",NEEDS_TRANSLATION,,,
bark_kuman_na__jakej_sejt_YoSQ,1,75,,milyen; ördög; szart; benneteket; kutyazabálók,1.000,1.000,"Milyen ördög szart benneteket, kutyazabálók?","Milyen ördög szart benneteket, kutyazabálók?",NEEDS_TRANSLATION,,,
kuma_spizovaci_uz_bychom__0vQZ,1,75,,most; már; ideje; lenne; elindulni,1.000,1.000,Most már ideje lenne elindulni.,Most már ideje lenne elindulni.,NEEDS_TRANSLATION,,,
deni_zena_such_mela_jsem__02Ba,1,75,,měla; jsem; utéct; dokud; šlo,1.000,1.000,"Měla jsem utéct, dokud to šlo...",,NEEDS_TRANSLATION,,,
prat_pratelsky_tak_a_dost_3mCn,1,75,,most; már; elég; szétverem; pofád,1.000,1.000,Na most már elég! Szétverem a pofád!,Na most már elég! Szétverem a pofád!,NEEDS_TRANSLATION,,,
pass_event_rva_oh_gott_es_qsZW,1,75,,gott; geht; schon; wieder; los,1.000,1.000,"Oh Gott, es geht schon wieder los.","Oh Gott, es geht schon wieder los.",NEEDS_TRANSLATION,,,
gree_pozdrav_z_pal_soste__Qs4k,1,75,,pal; soste; džal; bari; bul,1.000,1.000,"Pal soste džal, tu bari bul?!",,NEEDS_TRANSLATION,,,
poda_kuman_kom_a_brneni_t_WiCY,1,75,,rajtad; már; semmi; sem; segít,1.000,1.000,Rajtad már semmi sem segít!,Rajtad már semmi sem segít!,NEEDS_TRANSLATION,,,
goss_lapka_mlu_doufam_ze__EoQ1,1,75,,remélem; hogy; gyors; meló; lesz,1.000,1.000,"Remélem, hogy gyors meló lesz.","Remélem, hogy gyors meló lesz.",NEEDS_TRANSLATION,,,
rudo_rudokupec_sancta_pet_ehIs,1,75,latin,sancta; petronilla; hmm; weiss; nicht,0.800,1.000,Sancta Petronilla? Hmm… Weiß nicht.,!P Sancta Petronilla? Hmm… Weiss nicht.,NEEDS_TRANSLATION,,,
zakl_hrac_sicut_et_nos_di_ZIKp,1,75,,sicut; nos; dimittimus; debitoribus; nostris,1.000,1.000,Sicut et nos dimittimus debitoribus nostris.,Sicut et nos dimittimus debitoribus nostris.,NEEDS_TRANSLATION,,,
cech_cechmistr_so_ist_das_BwcW,1,75,german,ist; das; eben; unsere; gilde,0.385,0.385,"So ist das eben, it’s hard to get by without friends, but that’s what unsere Gilde is for - to help one another...","So ist das eben, it’s hard to get by without friends, but that’s what unsere Gilde is for — to help one another...",NEEDS_TRANSLATION,,,
lore_event_tab_temeritas__aaub,1,75,,temeritas; est; damnare; quod; nescias,1.000,1.000,"Temeritas est damnare, quod nescias!","Temeritas est damnare, quod nescias!",NEEDS_TRANSLATION,,,
ulri_event_tab_dekuji_za__c8f9,1,75,german,und; auf; wiedersehen; mein; freund,0.714,0.714,"Thank you for the fighting und auf Wiedersehen, mein Freund.","Thank you for the fighting und auf Wiedersehen, mein Freund.",NEEDS_TRANSLATION,,,
turn_kutnohors_to_uz_jsme_K57J,1,75,,jsme; viděli; předveď; něco; novýho,1.000,1.000,To už jsme viděli! Předveď něco novýho!,,NEEDS_TRANSLATION,,,
vrac_kradene_z_und_das_si_CSYv,1,75,german,und; das; sind; gute; nachrichten,0.833,0.833,Und das sind gute Nachrichten? Did you find it?,Und das sind gute Nachrichten? Did you find it?,NEEDS_TRANSLATION,,,
eldr_puskar_el_cenne_hm_n_eH2O,1,75,german,nein; das; glaube; ich; nicht,0.556,0.556,"Valuable, hmm... Nein, das glaube ich nicht. But to me he’s valuable in himself!","Valuable, hmm... Nein, das glaube ich nicht. But to me he’s valuable in himself!",NEEDS_TRANSLATION,,,
cech_cechmistr_pekne_si_k_AJvT,1,75,german,steirische; würste; das; gefällt; mir,0.455,0.455,"We’ll have some wine with it, steirische Würste, cut into some salted ham... Oh ja, das gefällt mir!","We’ll have some wine with it, Steirische Würste, cut into some salted ham... Oh ja, das gefällt mir!",NEEDS_TRANSLATION,,,
horn_hornik_zdar_buh_na_k_SmxT,1,75,,y'alright; we're; needing; cribbing; caps,1.000,1.000,Y'alright? We're needing cribbing by the caps.,Best of luck to you! Some planks are needed on the timbering in the rundle.,NEEDS_TRANSLATION,,,
goss_uhersky_v_zikmund_se_6VMg,1,75,,zsigmond; már; régóta; szarik; ránk,1.000,1.000,Zsigmond már régóta szarik ránk.,Zsigmond már régóta szarik ránk.,NEEDS_TRANSLATION,,,
gree_pozdrav_z_aaah_laso__Kmpm,1,75,,áááh; lášo; dějs; del; dejl,1.000,1.000,Áááh... Lášo dějs te del o Dejl!,,NEEDS_TRANSLATION,,,
cin__bohuta_npc_et_dimitt_UsPx,1,74,,dimitte; nobis; debita; nostra; sicut,1.000,1.000,...et dimitte nobis debita nostra sicut...,...et dimitte nobis debita nostra sicut...,NEEDS_TRANSLATION,,,
nicl_rytir_nic_nunc_et_in_xtEC,1,74,,nunc; hora; mortis; nostrae; amen,1.000,1.000,...nunc et in hora mortis nostrae. Amen.,...nunc et in hora mortis nostrae. Amen.,NEEDS_TRANSLATION,,,
vzde_dlc3_nemo_auuuuty_kr_5qup,1,74,,pained; groan; these; cramps; stop,1.000,1.000,<pained groan>These cramps… When will they stop…?,<pained groan>These cramps… When will they stop…?,NEEDS_TRANSLATION,,,
rozh_rytir_kon_ars_medica_5MGH,1,74,,ars; medica; naturae; magna; est,1.000,1.000,Ars medica naturae magna est!,Ars medica naturae magna est!,NEEDS_TRANSLATION,,,
kuma_spizovaci_tech_co_se_Blgu,1,74,,azokat; akiket; először; küldtek; ide,1.000,1.000,"Azokat, akiket először küldtek ide.","Azokat, akiket először küldtek ide.",NEEDS_TRANSLATION,,,
goss_gossip_ha_vsechno_me_1RrU,1,74,,christ; i'm; aching; all; over,1.000,1.000,"Christ, I'm aching all over.","Christ, I ache all over.",NEEDS_TRANSLATION,,,
goss_dlc3_goss_boze_panen_WxaO,1,74,,lord; blessed; virgin; mary; mercy,1.000,1.000,"Good Lord… Blessed Virgin Mary, have mercy on us.","Good Lord… Blessed Virgin Mary, have mercy on us.",NEEDS_TRANSLATION,,,
gree_pozdrav_n_zdravim_al_Eizw,1,74,,greetings; you're; all; covered; blood,1.000,1.000,"Greetings, but you're all covered in blood?","Greetings, but you're all covered in blood?",NEEDS_TRANSLATION,,,
lore_event_tab_guten_tag__K7RU,1,74,,guten; tag; tuchhändler; elbel; spangus,0.833,0.833,Guten Tag! Tuchhändler Elbel Spangus at your service.,Guten Tag! Tuchhändler Elbel Spangus at your service.,NEEDS_TRANSLATION,,,
dial_kuman_vyz_hagyj_beke_ZbCx,1,74,,hagyj; békén; tudod; jár; fejemben,1.000,1.000,"Hagyj békén, tudod mi jár a fejemben!","Hagyj békén, tudod mi jár a fejemben!",NEEDS_TRANSLATION,,,
obra_obrance_v_hej_vy_zku_w9jQ,1,74,,hey; fucking; pricks; fuck; off,1.000,1.000,Hey you fucking pricks! Fuck off!,Hey you fucking pricks! Fuck off!,NEEDS_TRANSLATION,,,
tara_taras_dos_humiliare__z3cG,1,74,,humiliare; sub; potenti; manu; dei,1.000,1.000,Humiliare sub potenti manu Dei!,Humiliare sub potenti manu dei!,NEEDS_TRANSLATION,,,
cin__opat_jan__illum_in_p_ha1C,1,74,,illum; paradísum; tuum; benígne; perdúcas,1.000,1.000,"illum in paradísum tuum benígne perdúcas,","illum in paradísum tuum benígne perdúcas,",NEEDS_TRANSLATION,,,
zabi_papezsky__marie_pann_CAV5,1,74,,misericordiosa; vergine; maria; cosa; vuole,1.000,1.000,Misericordiosa Vergine Maria! Cosa vuole da me?,Misericordiosa Vergine Maria! Cosa vuole da me?,NEEDS_TRANSLATION,,,
goss_lapka_mlu_stejne_to__KJaJ,1,74,,mondjuk; utána; elég; ragadós; volt,1.000,1.000,Mondjuk utána is elég ragadós volt.,Mondjuk utána is elég ragadós volt.,NEEDS_TRANSLATION,,,
dial_stalker_hm_tomu_kone_Auim,1,74,,ezt; végre; értem; mennyit; adsz,1.000,1.000,"Na, ezt végre értem... És mennyit adsz?","Na, ezt végre értem... És mennyit adsz?",NEEDS_TRANSLATION,,,
prat_pratelsky_pre_soste__Fpl1,1,74,,pre; soste; koda; hin; more,1.000,1.000,"Pre soste koda hin, more?","Pre soste koda hin, more?",NEEDS_TRANSLATION,,,
opon_oponent_s_schiebs_di_Ps5q,1,74,czech; german; slovak,schieb's; dir; den; arsch,1.000,1.000,Schieb's dir in den Arsch!,!P Schieb's dir in den Arsch!,NEEDS_TRANSLATION,,,
diva_divak_bar_skvele_ver_dATs,1,74,,skvěle; věřil; sem; skvělá; jízda,1.000,1.000,Skvěle! Věřil sem ti. Skvělá jízda!,,NEEDS_TRANSLATION,,,
diva_divak_bar_to_sem_jes_G5l9,1,74,,sem; ještě; neviděl; takový; nemehlo,1.000,1.000,"To sem ještě neviděl, takový nemehlo!",,NEEDS_TRANSLATION,,,
stre_strelnice_ty_terce_j_MHB1,1,74,,terče; jsou; nějaký; menší; nebo,1.000,1.000,"Ty terče jsou nějaký menší, nebo co...",,NEEDS_TRANSLATION,,,
zavo_zavodnik__uff_und_es_pJnh,1,74,german,uff; das; war; dann; wohl; nichts,0.167,1.000,Uff ... Das war dann wohl nichts.,!P Uff... und es ist alles vermasselt.,NEEDS_TRANSLATION,,,
nicl_rytir_nic_vita_dulce_P4jl,1,74,,vita; dulcedo; spes; nostra; salve,1.000,1.000,"Vita, dulcedo et spes nostra, salve.","Vita, dulcedo et spes nostra, salve.",NEEDS_TRANSLATION,,,
diva_divak_bar_vyborne_vs_JMWI,1,74,,výborně; vsadil; sem; tebe; chlape,1.000,1.000,"Výborně! Vsadil sem si na tebe, chlape.",,NEEDS_TRANSLATION,,,
utrz_kuman_dos_mas_ranu_j_Fze0,1,74,,úgy; harcolsz; mint; egy; fehérnép,1.000,1.000,"Úgy harcolsz, mint egy fehérnép.","Úgy harcolsz, mint egy fehérnép.",NEEDS_TRANSLATION,,,
menh_arne_nemec_daran_lie_s5Y6,1,73,,daran; liegt; der; ganze; kniff,1.000,1.000,Daran liegt der ganze Kniff.,Daran liegt der ganze Kniff.,NEEDS_TRANSLATION,,,
rozh_kupec_vel_mrize_nepo_mEGq,1,73,german,das; ist; schade; eine; schande,0.231,0.385,"Das ist schade, I don’t need bars, he does! Eine Schande, he didn’t break his neck on that jump, the bastard!","Das ist schade, I don’t need bars, he does! Das ist schade he didn’t break his neck on that jump, the bastard!",NEEDS_TRANSLATION,,,
lore_event_tab_est_rerum__AEum,1,73,,est; rerum; omnium; magister; usus,1.000,1.000,Est rerum omnium magister usus.,Est rerum omnium magister usus.,NEEDS_TRANSLATION,,,
diva_divak_bar_no_vyborne_Y1Um,1,73,,excellent; show; you're; really; lad,1.000,1.000,"Excellent! What a show. You're really good, lad!","Excellent! What a show. You're really good, lad!",NEEDS_TRANSLATION,,,
idle_kuman_mlu_heh_svinsk_hmQQ,1,73,,you're; bleeding; like; stuck; pig,1.000,1.000,"Ha, you're bleeding like a stuck pig!","Ha, you're bleeding like a stuck pig!",NEEDS_TRANSLATION,,,
lore_event_tab_genau_rika_GEoR,1,73,german,das; stimmt; nicolas; flamel; frankreich,0.375,0.625,"Ja, das stimmt, and I heard say that Nicolas Flamel of Frankreich has done it!","Ja, das ist richtig, and I heard say that Nicolas Flamel of Frankreich has done it!",NEEDS_TRANSLATION,,,
turn_kutnohors_at_uz_jede_qKIk,1,73,,make; someone; eat; dirt; already,1.000,1.000,Make someone eat dirt already!,Make someone eat dirt already!,NEEDS_TRANSLATION,,,
varo_pogrom_hl_rychle_lid_Koj5,1,73,,shnel; yidn; loyft; tsu; shul,1.000,1.000,"Shnel, yidn! Loyft tsu shul!","Shnel, yidn! Loyft tsu shul!",NEEDS_TRANSLATION,,,
sam__sara_samo_necht_je_j_npgT,1,73,,tehe; nafsho; tsruro; bitsroyr; ha-khayem,1.000,1.000,Tehe nafsho tsruro bitsroyr ha-khayem.,Tehe nafsho tsruro bitsroyr ha-khayem.,NEEDS_TRANSLATION,,,
spol_soldier_v_ladet_ihn__fG7e,1,72,german; hungarian,auf; ihn; mit; gebrüll,1.000,1.000,Auf ihn mit Gebrüll!,!P Ladet ihn einfach auf!,NEEDS_TRANSLATION,,,
goss_uhersky_v_nebud_pito_3jR1,1,72,,don't; idiot; fucking's; always; time,1.000,1.000,Don't be an idiot. Fucking's always a good time.,Don't be an idiot. Fucking's always a good time.,NEEDS_TRANSLATION,,,
bark_soldier_n_gott_sei_m_cKn9,1,72,german; hungarian,gott; sei; mit; mir,1.000,1.000,Gott sei mit mir.,!P Gott sei mit mir.,NEEDS_TRANSLATION,,,
odmi_npc_neakc_nein_du_ve_Rbx9,1,72,czech; slovak,nein; verdienst; den; tod,1.000,1.000,"Nein, du verdienst den Tod.","!P Nein, du verdienst den Tod.",NEEDS_TRANSLATION,,,
bark_soldier_n_spielt_nic_1eZe,1,72,german; hungarian,spielt; nicht; mit; uns,1.000,1.000,Spielt nicht mit uns!,!P Spielt nicht mit uns!,NEEDS_TRANSLATION,,,
eich_olbert_ei_promluvime_toNR,1,72,german,klaus; auf; wiedersehen; meine; freunde,0.500,0.625,"We shall speak later, Klaus. Auf Wiedersehen, meine Freunde.","We shall speak later, Klaus. Auf Wiedersehen, meine Freunde.",NEEDS_TRANSLATION,,,
idle_kuman_mlu_des_pod_dr_x6ai,1,72,,you're; going; worm; food; sheep-shagger,1.000,1.000,"You're going to be worm food, sheep-shagger!","You're going to be worm food, sheep-shagger!",NEEDS_TRANSLATION,,,
zada_cechmistr_jenze_tak__qMJE,1,71,german,aber; das; ist; nicht; olbert,0.400,0.500,"Aber das ist nicht so. Olbert no longer cares about money, but about politics!","Aber das ist nicht so. Olbert no longer cares about money, but about politics!",NEEDS_TRANSLATION,,,
o_zi_urso_von__krome_lidi_YPXd,1,71,czech; slovak,ausser; den; leuten; soldaten,0.500,0.500,"Außer den Leuten here in the camp, I also have Soldaten nearby and if need be they will go with us.","!P Ausser den Menschen here in the camp, I also have der Soldaten nearby and if need be they will go with us.",NEEDS_TRANSLATION,,,
opon_soldier_v_das_wirst__9BGs,1,71,german,das; wirst; bereuen; schwein,1.000,1.000,Das wirst du bereuen! Du Schwein!,!P Das wirst du bereuen! Du Schwein!,NEEDS_TRANSLATION,,,
laze_lazebnice_hm_es_ist__2Q0t,1,71,german,nicht; schlecht; mein; freund,1.000,1.000,"Hm, nicht schlecht ... nicht schlecht, mein Freund.","Hm, es ist nicht schlecht... nicht schlecht, mein Freund.",NEEDS_TRANSLATION,,,
poce_event_poc_hm_nein_me_QEh6,1,71,german,hmm; nein; mein; freund,1.000,1.000,"Hmm, nein, mein Freund. Oh nein...","Hmm, nein, mein Freund, nein...",NEEDS_TRANSLATION,,,
kupec_cechmistr_ich_hoffe_8gBA,1,71,german,ich; hoffe; weisst; tust,1.000,1.000,"Ich hoffe, du weißt, was du tust.","Ich hoffe Sie wissen, was Sie tun.",NEEDS_TRANSLATION,,,
kuma_farkasova_igen_igen__9mza,1,71,hungarian,igen; benn; van; báró,1.000,1.000,Igen igen. Benn van a Báró,!P Igen igen. Báró itt van.,NEEDS_TRANSLATION,,,
assa_npc_vidi__hodnej_hod_rjV8,1,71,hungarian,fiú; nem; akarsz; bántani,1.000,1.000,Jó fiú. jó fiú. Nem akarsz bántani.,Good boy! Good boy! You don't want to do that!,NEEDS_TRANSLATION,,,
hosp_hospodyne_komm_her_k_q3ur,1,71,german,komm; lauf; nicht; weg,1.000,1.000,Komm her! Komm her! Lauf nicht weg!,!P Komm hier! Komm hier!,NEEDS_TRANSLATION,,,
hosp_hospodyne_komm_komm__pzgh,1,71,german,komm; ugh; nichts; machen,1.000,1.000,"Komm, komm ... Ugh, nichts zu machen!","!P Komm, komm... nichts zu machen!",NEEDS_TRANSLATION,,,
spol_utok_na_m_kommt_scho_qHco,1,71,german,kommt; schon; hört; auf,0.800,0.800,"Kommt schon, hört auf, hört auf, you madmen…","!P Kommt schon, hört auf, you madmen…",NEEDS_TRANSLATION,,,
dial_bohuta_pl_nevypadam__bQRr,1,71,czech,credas; aurum; quidquid; resplendet,1.000,1.000,"Ne credas aurum, quidquid resplendet ut aurum.","!P Ne credas aurum, quidquid resplendet ut aurum.",NEEDS_TRANSLATION,,,
brab_brabant_r_clovek_nev_xId3,1,71,czech,personne; connaît; jour; l'heure,1.000,1.000,Personne ne connaît ni le jour ni l'heure.,But of that day and hour knoweth no man.,NEEDS_TRANSLATION,,,
s_he_rychtar_m_tak_jestli_5ESv,1,71,german,ist; das; verstehst; nicht,0.667,0.667,Was ist das? The reward is for the book! Verstehst du das nicht?,!P Was ist das? The reward is for the book! Verstehst nicht?,NEEDS_TRANSLATION,,,
npc__npc_rozpo_bist_du_no_Pno3,1,71,german; hungarian,stimmt; nicht; mit; dir,1.000,1.000,Was stimmt nicht mit dir?,Bist du normal?,NEEDS_TRANSLATION,,,
opon_oponent_p_ddd_EdDc,1,70,german,aber; mach; keinen; unsinn,1.000,1.000,... Aber mach keinen Unsinn!,"!P Gut, keine problem...",NEEDS_TRANSLATION,,,
reme_remeslnik_das_wird_g_BzEI,1,70,german,ach; das; wird; schon,1.000,1.000,"Ach, das wird schon.",!P Das wird gut sein.,NEEDS_TRANSLATION,,,
npc__muz_samom_was_kannst_oRSQ,1,70,german,kann; man; nichts; machen,1.000,1.000,"Ah, da kann man nichts machen ...","!P Eh, Was kannst du tun...",NEEDS_TRANSLATION,,,
rezn_reznik_sa_ich_mache__a2Yo,1,70,german,das; war's; für; heute,1.000,1.000,"Ah, das war’s für heute.","!P Ah, das war's für heute.",NEEDS_TRANSLATION,,,
hosp_hospodsky_eh_scheiss_4HCN,1,70,german,scheisse; ist; das; kalt,1.000,1.000,"Ah, Scheiße! Ist das kalt!","Eh, Scheisse, des ist Kalt!",NEEDS_TRANSLATION,,,
idle_soldier_m_was_wird_e_xJkc,1,70,german,also; soll; das; werden,1.000,1.000,Also was soll das werden?,!P Was wird es also sein?,NEEDS_TRANSLATION,,,
menh_menhart_z_nicmene_s__ZeIO,1,70,german,auf; jeden; fall; kuttenberger; fechter,0.286,0.357,Auf jeden Fall... it is not over yet with those Kuttenberger Fechter. We must somehow compete with them to preserve our honour and glory.,Auf jeden Fall... it is not over yet with those Kuttenberger Fechter. We must somehow compete with them to preserve our honour and glory.,NEEDS_TRANSLATION,,,
lore_event_tab_auf_wieder_Oh1Z,1,70,german,auf; wiedersehen; junger; herr,1.000,1.000,"Auf Wiedersehen, junger Herr.","Auf Wiedersehen, Herr Junge.",NEEDS_TRANSLATION,,,
endi_rozloucen_bis_bald_m_hmgf,1,70,german,bis; bald; mein; herr,1.000,1.000,"Bis bald, mein Herr!","!P Bis bald, Mein Herr!",NEEDS_TRANSLATION,,,
hosp_hospodyne_gutes_madc_t1BR,1,70,german,bist; ein; braves; mädchen,1.000,1.000,Bist ein braves Mädchen …,"!P Gutes Madchen, gutes...",NEEDS_TRANSLATION,,,
npc__zena_samo_chrrp_ehrm_WYvG,1,70,german,chrrrp; ehrm; mein; gott,1.000,1.000,"Chrrrp, ehrm ... Mein Gott ...","!P Chrrrp, ehrm… Mein Gott…",NEEDS_TRANSLATION,,,
kost_kibic_neu_das_gefall_w8JD,1,70,german,das; gefällt; mir; nicht,1.000,1.000,Das gefällt mir nicht.,Das gefallt mir nicht.,NEEDS_TRANSLATION,,,
situ_situace_z_das_geht_d_RVKM,1,70,german,das; geht; dich; nichts,1.000,1.000,Das geht dich nichts an ...,Das geht dich nichts an!,NEEDS_TRANSLATION,,,
posl_event_hla_das_ist_do_74tJ,1,70,german,das; ist; doch; blödsinn,1.000,1.000,Das ist doch Blödsinn ...,!P Das ist doch Blödsinn...,NEEDS_TRANSLATION,,,
nepr_soldier_k_das_ist_nu_x06m,1,70,german,das; ist; nutzlos; scheisser,1.000,1.000,"Das ist nutzlos, Scheißer …","!P Das ist nutzlos, Scheisser...",NEEDS_TRANSLATION,,,
kost_kostky_he_nichts_pas_KVMo,1,70,german,das; war; wohl; nichts,1.000,1.000,Das war wohl nichts.,"Nichts passiert, Mann.",NEEDS_TRANSLATION,,,
zavo_zavodnik__der_sieg_i_7OZH,1,70,german,der; sieg; ist; mein,1.000,1.000,Der Sieg ist mein!,!P Der Sieg ist mein!,NEEDS_TRANSLATION,,,
gree_pozdrav_m_du_bist_be_kcc4,1,70,german,bist; betrunken; ist; schrecklich,1.000,1.000,"Du bist betrunken, ist ja schrecklich!",Du bist betrunken. Das ist furchtbar!,NEEDS_TRANSLATION,,,
spol_soldier_v_du_bist_ei_vABU,1,70,german,bist; gut; wie; tot,1.000,1.000,Du bist so gut wie tot.,!P Du bist ein toter Mann!,NEEDS_TRANSLATION,,,
pozd_pozdrav_n_du_musst_m_oFwA,1,70,german,musst; meine; festtagstunika; reinigen,1.000,1.000,Du musst meine Festtagstunika reinigen.,!P Du musst meine Festtagstunika reinigen.,NEEDS_TRANSLATION,,,
rozl_louceni_p_eh_was_war_nIOr,1,70,german,warum; hältst; mich; auf,1.000,1.000,"Eh, was? Warum hältst du mich auf?",!P Eh was? Warum verzögerst du mich?,NEEDS_TRANSLATION,,,
spol_soldier_k_ein_andere_a9D4,1,70,german,ein; anderer; ist; tot,1.000,1.000,Ein anderer ist tot!,!P Ein anderer ist tot!,NEEDS_TRANSLATION,,,
zaka_zakaznik__entschuldi_j5JF,1,70,german,entschuldigung; ein; bier; bitte,1.000,1.000,"Entschuldigung! Ein Bier, bitte!",Entschuldigung! Ein Bier bitte!,NEEDS_TRANSLATION,,,
hosp_hospodyne_beruhige_d_Wove,1,70,german,ganz; ruhig; mein; mädchen,1.000,1.000,"Ganz ruhig, mein Mädchen …","!P Beruhige dich Madchen, beruhige...",NEEDS_TRANSLATION,,,
pozd_uctivy_po_gru_gott_m_ykpG,1,70,german,grüss; gott; gute; frau,1.000,1.000,"Grüß Gott, gute Frau!","Gruss Gott, meine Herrin!",NEEDS_TRANSLATION,,,
pozd_pozdrav_n_gru_gott_m_9RUG,1,70,german,grüss; gott; meine; damen,1.000,1.000,"Grüß Gott, meine Damen!","!P Grüss Gott, meine Damen!",NEEDS_TRANSLATION,,,
pozd_uctivy_po_gru_gott_m_f0Sp,1,70,german,grüss; gott; meine; herrin,1.000,1.000,"Grüß Gott, meine Herrin!","!P Gruss Gott, meine Herrin!",NEEDS_TRANSLATION,,,
spol_soldier_v_gut_gemach_bnuz,1,70,german,gut; gemacht; tötet; ihn,1.000,1.000,Gut gemacht! Tötet ihn!,!P Gut gemacht! Tötet ihn!,NEEDS_TRANSLATION,,,
npc__npc_propu_gut_ich_ge_aXsK,1,70,german,gut; ich; gehe; jetzt,1.000,1.000,"Gut, ich gehe jetzt.","!P Gut, ich gehe jetzt.",NEEDS_TRANSLATION,,,
lore_event_tab_guten_tag__UsTC,1,70,german,guten; tag; junger; mann,1.000,1.000,"Guten Tag, junger Mann.","Guten tag, Herr Junge.",NEEDS_TRANSLATION,,,
kuma_npc_hlasi_delej_ty_h_hk4G,1,70,hungarian,gyerünk; idióta; gyere; velem,1.000,1.000,"Gyerünk, te idióta! Gyere velem!","Come on, you idiot! With me!",NEEDS_TRANSLATION,,,
zaka_zakaznik__hallo_bitte_qZKt,1,70,german,hallo; kann; ich; bestellen,1.000,1.000,Hallo! Kann ich bestellen?,Hallo! Bitte!,NEEDS_TRANSLATION,,,
hled_npc_hleda_hast_du_ih_bHAq,1,70,german,hast; ihn; nicht; gesehen,1.000,1.000,Hast du ihn nicht gesehen?,!P Hast du ihn nicht gesehen?,NEEDS_TRANSLATION,,,
opon_soldier_k_hey_das_is_AZLQ,1,70,german,das; ist; der; letzte,1.000,1.000,"He, das ist der letzte!","!P Hey, das ist der letzte!",NEEDS_TRANSLATION,,,
poda_soldier_z_he_und_han_ON2K,1,70,german,dein; arm; ist; hin,1.000,1.000,"He, dein Arm ist hin.","!P He, und Hand im Arsch. (meaning: Heh, your arm is fucked!)",NEEDS_TRANSLATION,,,
hled_npc_hleda_aber_es_gi_SDc8,1,70,german,hier; bist; aber; nur,1.000,1.000,Hier bist aber nur du ...,!P Aber es gibt nur dich...,NEEDS_TRANSLATION,,,
smlo_smlouvani_vielleicht_vXf8,1,70,german,das; könnte; vielleicht; gehen,1.000,1.000,"Hm, das könnte vielleicht gehen.","!P Hm, Vielleicht könnten wir das.",NEEDS_TRANSLATION,,,
pozd_pozdrav_j_ich_fuhle__0lja,1,70,hungarian,hol; mir; etwas; wein,1.000,1.000,Hol mir etwas Wein.,!P Hol mir etwas Wein.,NEEDS_TRANSLATION,,,
npc__zena_samo_ich_kann_d_6H1Q,1,70,german,ich; kann; nicht; mehr,1.000,1.000,Ich kann nicht mehr.,!PIch kann nicht mehr.,NEEDS_TRANSLATION,,,
npc__npc_vidi__ich_komme__Vbzu,1,70,german,ich; komme; dir; helfen,1.000,1.000,Ich komme dir helfen!,Ich komme zu helfen!,NEEDS_TRANSLATION,,,
npc__npc_vidi__ich_komme__7lz0,1,70,german,ich; komme; mein; freund,1.000,1.000,"Ich komme, mein Freund!","!P Ich komme, mein Freund!",NEEDS_TRANSLATION,,,
meni_soldier_s_ich_schnei_Hnu2,1,70,german,ich; schneide; dich; auf,1.000,1.000,Ich schneide dich auf!,!P Ich schneide dich!,NEEDS_TRANSLATION,,,
situ_situace_m_ich_sprech_KKpZ,1,70,german,ich; spreche; doch; ordentlich,1.000,1.000,Ich spreche doch ordentlich!,Ich spreche kein Tschechisch!,NEEDS_TRANSLATION,,,
meni_soldier_s_ich_stech__P2I2,1,70,german,ich; stech; dich; schwein,1.000,1.000,"Ich stech dich ab, du Schwein!","!P Ich stech dich ab, du Schwein!",NEEDS_TRANSLATION,,,
idle_soldier_m_ich_werde__uxg5,1,70,german,ich; werde; dich; zerstückeln,1.000,1.000,Ich werde dich zerstückeln!,!P Ich werde dich zerstückeln!,NEEDS_TRANSLATION,,,
idle_soldier_m_ihr_seid_v_hpGd,1,70,german,ihr; seid; verdammte; feiglinge,1.000,1.000,Ihr seid verdammte Feiglinge!,!P Ihr seid verdammte Feiglinge!,NEEDS_TRANSLATION,,,
npc__zena_samo_was_kannst_ZZiR,1,70,german,kann; man; nichts; machen,1.000,1.000,Kann man nichts machen ...,!P Was kannst du tun...,NEEDS_TRANSLATION,,,
idle_soldier_m_komm_wir_g_vXt3,1,70,german,komm; wir; schiessen; dich,1.000,1.000,"Komm, wir schießen dich ab.","!P Komm, wir geben dir einen Schuss.",NEEDS_TRANSLATION,,,
assa_npc_vidi__a_kurva_co_sYpT,1,70,czech,életbe; egy; kibaszott; kutya,1.000,1.000,Kurva életbe! Egy kibaszott kutya!,Shit! A fucking dog!,NEEDS_TRANSLATION,,,
pozd_pozdrav_n_mach_mein__2llS,1,70,german,mach; mein; pferd; bereit,1.000,1.000,Mach mein Pferd bereit.,!P Mach mein Pferd bereit.,NEEDS_TRANSLATION,,,
hrac_npc_je_za_nevypichni_sGr2,1,70,czech,mareha; varekaske; jak; avri,1.000,1.000,Mareha varekaske e jak avri!,!T Mareha varekaske e jak avri!,NEEDS_TRANSLATION,,,
utik_soldier_u_mein_gott__532n,1,70,german,mein; gott; ist; los,1.000,1.000,Mein Gott! Was ist da los?!,!P Mein Gott! Was ist da los?!,NEEDS_TRANSLATION,,,
gree_obchodnik_mein_gott__rHAT,1,70,german,mein; gott; willst; diesmal,1.000,1.000,Mein Gott! Was willst du diesmal?,Mein Gott! Was willst du nochmal?,NEEDS_TRANSLATION,,,
hosp_hospodyne_mein_gott__fGcK,1,70,german,mein; gott; dieser; saustall,1.000,1.000,"Mein Gott, dieser Saustall.","!P Mein Gott, der ist Schlamperei.",NEEDS_TRANSLATION,,,
reme_remeslnik_mein_gott__42oO,1,70,german,mein; gott; viel; arbeit,1.000,1.000,"Mein Gott, so viel Arbeit!","!P Mein Gott, so viel Arbeit!",NEEDS_TRANSLATION,,,
hosp_hospodsky_mein_gott__Pful,1,70,german,mein; gott; ist; das,1.000,1.000,"Mein Gott, was ist das?","!P Mein Gott, was ist das?",NEEDS_TRANSLATION,,,
hosp_hospodsky_mein_gott__gLQ3,1,70,german,mein; gott; ist; bloss,1.000,1.000,"Mein Gott, wo ist es bloß?","Mein Gott, wo ist es?",NEEDS_TRANSLATION,,,
npc__npc_vidi__co_s_tim_g_JSMW,1,70,hungarian,mit; csinálsz; azzal; tetemmel,1.000,1.000,Mit csinálsz azzal a tetemmel??!,What are you doing with that corpse?!,NEEDS_TRANSLATION,,,
goss_lapka_mlu_ne__sem_sp_gkjo,1,70,hungarian,nem; aludtam; milyen; hangokat,1.000,1.000,"Nem én, aludtam. Milyen hangokat?",Nem én aludtam. Milyen hangokat?,NEEDS_TRANSLATION,,,
krov_kostkar_k_nicht_viel_pAuM,1,70,german,nicht; viel; dieses; spiel,1.000,1.000,"Nicht viel, dieses Spiel.",Nicht viel dieses Spiel.,NEEDS_TRANSLATION,,,
kost_kostky_he_ou_das_ist_d1PZ,1,70,german,das; ist; nicht; gut,1.000,1.000,"Oh, das ist nicht gut.","Ou, Das ist nicht gut.",NEEDS_TRANSLATION,,,
reak_soldier_k_oh_mein_go_SV0k,1,70,german,mein; gott; ist; vorbei,1.000,1.000,"Oh, mein Gott … es ist vorbei.","!P Oh, mein Gott... es ist vorbei.",NEEDS_TRANSLATION,,,
poda_soldier_z_scheiss_au_BRBK,1,70,german,scheiss; auf; dein; auge,1.000,1.000,Scheiß auf dein Auge!,!P Scheiss auf dein Auge!,NEEDS_TRANSLATION,,,
hosp_hospodsky_eh_scheiss_i3up,1,70,german,scheisse; ist; das; kalt,1.000,1.000,"Scheiße, ist das kalt!","!P Eh, Scheisse, des ist Kalt!",NEEDS_TRANSLATION,,,
npc__npc_utika_scheisse_i_Ughp,1,70,german,scheisse; nichts; wie; weg,1.000,1.000,"Scheiße, nichts wie weg!","!P Scheisse, ich muss los!",NEEDS_TRANSLATION,,,
pozd_pozdrav_n_schon_dich_hWyv,1,70,german,schön; dich; sehen; meine,0.800,0.800,"Schön dich zu sehen, meine Dame!","!P Schon dich zu sehen, meine Damen!",NEEDS_TRANSLATION,,,
zizk_kubenka_xx_XLzm,1,70,german,sehr; gut; mein; freund,1.000,1.000,"Sehr gut, mein Freund!","!P Zehr Gut, mein Freund!",NEEDS_TRANSLATION,,,
npc__npc_vidi__sprich_dei_dR9p,1,70,german,sprich; deine; gebete; arschloch,1.000,1.000,"Sprich deine Gebete, Arschloch!","!P Sprich deine Gebete, Schlampe!",NEEDS_TRANSLATION,,,
dost_soldier_d_uf_mein_go_xRKE,1,70,german,uff; mein; gott; verdammter,1.000,1.000,Uff ... mein Gott! Du verdammter ...,!P Uf... mein Gott! Du verdammter...,NEEDS_TRANSLATION,,,
vozk_vozy_a_ka_uf_ja_das__66kF,1,70,german,uff; das; war's; dann,1.000,1.000,"Uff, ja, das war’s dann ...","!P Uf, ja, das war's schon...",NEEDS_TRANSLATION,,,
poda_soldier_z_und_jetzt__UBjT,1,70,german,und; jetzt; fick; dich,1.000,1.000,Und jetzt fick dich!,!P Und jetzt fick dich!,NEEDS_TRANSLATION,,,
prat_pratelsky_und_jetzt__VG9z,1,70,german,und; jetzt; hau; scheisskerl,1.000,1.000,"Und jetzt hau ab, du Scheißkerl!","!P Und jetzt hau ab, du Scheisskerl!",NEEDS_TRANSLATION,,,
gree_pozdrav_n_verdammt_w_2ys4,1,70,german,verdammt; ist; los; bettler,1.000,1.000,"Verdammt! Was ist los, du Bettler?","!P Verdammt! Was ist los, du Bettler?",NEEDS_TRANSLATION,,,
opon_soldier_k_verdammt_e_34kg,1,70,german,verdammt; ein; letzter; noch,1.000,1.000,"Verdammt, ein letzter noch!","!P Verdammt, einen letzten!",NEEDS_TRANSLATION,,,
rezn_reznik_sa_verdammt_i_nuUh,1,70,german,verdammt; ist; das; rutschig,1.000,1.000,"Verdammt, ist das rutschig.","!P Verdammt, ist das rutschig.",NEEDS_TRANSLATION,,,
zazn_zaznamena_verdammt_w_1asF,1,70,german,verdammt; habe; ich; hingetan,1.000,1.000,Verdammt ... Wo habe ich es hingetan?,Verdammt... wo habe ich das hingetan?,NEEDS_TRANSLATION,,,
endi_rozloucen_viel_erfol_NYeo,1,70,german,viel; erfolg; mein; herr,1.000,1.000,"Viel Erfolg, mein Herr!","!P Viel Erfolg, Mein Herr!",NEEDS_TRANSLATION,,,
prat_pratelsky_warte_ich__68m9,1,70,german,warte; ich; zeige; dir,1.000,1.000,"Warte, ich zeige es dir!","!P Warte, ich zeige es dir!",NEEDS_TRANSLATION,,,
uhli_uhlir_sam_was_ist_da_4Oq3,1,70,german,wie; ist; das; möglich,1.000,1.000,Was ... Wie ist das möglich?,!P Was... Ist das möglich?,NEEDS_TRANSLATION,,,
zaka_zakaznik__was_fur_bi_pAWM,1,70,german,für; bier; gibt's; hier,1.000,1.000,Was für Bier gibt’s hier?,Was für Bier haben Sie?,NEEDS_TRANSLATION,,,
situ_situace_m_was_hab_ic_Kg6J,1,70,german,habe; ich; denn; getan,1.000,1.000,Was habe ich denn getan?,Was hab ich getan?,NEEDS_TRANSLATION,,,
opon_soldier_o_was_solls__3Zbs,1,70,german,soll; das; werden; scheisskerl,1.000,1.000,"Was soll das werden, Scheißkerl?","!P Was soll's, Scheisskerl?",NEEDS_TRANSLATION,,,
hosp_hospodsky_was_kannst_PGvi,1,70,german,soll; ich; nur; machen,1.000,1.000,Was soll ich nur machen?,Was kannst du tun?,NEEDS_TRANSLATION,,,
idle_soldier_m_wie_auch_i_wF1y,1,70,german,wie; auch; immer; arschloch,1.000,1.000,"Wie auch immer, Arschloch.","!P Wie auch immer, Schlampe.",NEEDS_TRANSLATION,,,
prov_soldier_u_hat_es_dir_yS6w,1,70,german,wie; gefällt; dir; das,1.000,1.000,Wie gefällt dir das?,!P Hat es dir gefallen?,NEEDS_TRANSLATION,,,
opon_soldier_k_wir_beende_iTLW,1,70,german,wir; beenden; das; jetzt,1.000,1.000,Wir beenden das jetzt …,!P Wir beenden das jetzt...,NEEDS_TRANSLATION,,,
poda_soldier_z_wir_werden_Wnfd,1,70,german,wir; werden; dich; ausnehmen,1.000,1.000,Wir werden dich ausnehmen.,!P Wir werden dich ausnehmen.,NEEDS_TRANSLATION,,,
neko_soldier_z_wir_werden_yMWn,1,70,german,wir; werden; dich; töten,1.000,1.000,Wir werden dich töten!,!P Wir werden dich töten!,NEEDS_TRANSLATION,,,
kova_kovar_sam_wo_habe_bl_9rgL,1,70,german,ist; diese; blöde; zange,1.000,1.000,Wo ist diese blöde Zange?,!P Wo habe... Blöde Zange?,NEEDS_TRANSLATION,,,
assa_npc_vidi__von_jde_po_IRC8,1,70,romani,yov; djal; pal; mande,1.000,1.000,Yov djal pal mande!,!T Yov djal pal mande!,NEEDS_TRANSLATION,,,
laze_lazebnice_ahm_es_war_WdvU,1,70,german,ähm; war; nicht; schlecht,1.000,1.000,"Ähm, es war nicht schlecht …","Ähm, es war nicht schlecht...",NEEDS_TRANSLATION,,,
pozd_sousedsky_ahm_ich_gl_4GUL,1,70,german,ähm; ich; glaube; nicht,1.000,1.000,Ähm … Ich glaube nicht.,Ahm... Ich glaube nicht.,NEEDS_TRANSLATION,,,
s_fr_hejtman_f_davej_si_b_isCB,1,69,german,achte; auf; deine; worte,1.000,1.000,Achte auf deine Worte!,!P Achte auf deine Worte!,NEEDS_TRANSLATION,,,
gree_pozdrav_m_aaah_laso__lX0g,1,69,,ahh; del; lacho; dives,1.000,1.000,Ahh… Te del o Del lacho dives!,!T Ahh… Te del o Del lacho dives!,NEEDS_TRANSLATION,,,
dial_henry_lazne_das_bad__tAem,1,69,german,das; bad; nein; igen,0.400,0.400,Bathhouse. Das Bad. Washing! Bathhouse wench. Woman! No watching! Nein! Got that? Igen?,!P Bathhouse. Das Bad. Washing! Bathhouse wench. Woman! No watching! Nein! Got that? Igen?,NEEDS_TRANSLATION,,,
kuma_npc_bezi__do_prdele__nyKT,1,69,hungarian,bazmeg; cimborák; hol; vagytok,1.000,1.000,"Bazmeg, cimborák! Hol vagytok?","Doprdele, fellahs! Where are you?!",NEEDS_TRANSLATION,,,
tara_taras_mura_benedictu_nlNF,1,69,latin,benedictus; deus; gloria; patri,1.000,1.000,Benedictus deus. Gloria patri.,!P Benedictus deus. Gloria patri.,NEEDS_TRANSLATION,,,
npc__npc_patra_az_te_najd_ISCA,1,69,,cha; tut; k-hudav; domarav,1.000,1.000,"Cha tut k-hudav, domarav tut!","!T Cha tut k-hudav, domarav tut!",NEEDS_TRANSLATION,,,
npc__muz_samom_chrrp_ehrm_NhWx,1,69,german,chrrp; ehrm; mein; gott,1.000,1.000,"Chrrp, ehrm ... Mein Gott ...","!P Chrrp, ehrm... Mein Gott...",NEEDS_TRANSLATION,,,
o_zi_otte_koch_ja_das_hab_960p,1,69,german,sind; wir; schon; zwei,0.400,0.400,"Da sind wir ja schon zwei! I am neither a knight nor a local, but I am not far off.","!P Ja, das haben wir gemein. I'm neither a knight nor a local, but I'm close.",NEEDS_TRANSLATION,,,
vask_vasko_to_jsem_rad_po_l02J,1,69,german,das; freut; mich; sehr,0.667,0.667,Das freut mich sehr. Let's get started.,!P Das freut mich sehr. Let's get started.,NEEDS_TRANSLATION,,,
podk_magdalena_diky_az_bu_Uk1E,1,69,german,das; freut; mich; hören,0.667,0.667,"Das freut mich zu hören! If satisfied, I pay you good!","!P Das freut mich zu hören! If satisfied, I pay you good!",NEEDS_TRANSLATION,,,
goss_gossip_na_beschiesse_j7TO,1,69,german,das; ist; doch; scheisse,0.571,0.571,Das ist doch scheiße … Did you really have to cheer her up like that?,Beschiessen... But did you have to cheer her up like that?,NEEDS_TRANSLATION,,,
o_zi_mistr_fab_das_ist_ga_yOQE,1,69,german,das; ist; ganz; einfach,0.400,0.400,"Das ist ganz einfach. Compared to a church or cathedral, it's quite primitive.","!P Das ist ganz einfach. Compared to a church or cathedral, it's quite primitive.",NEEDS_TRANSLATION,,,
o_zi_hejtman_f_to_neni_te_TKDA,1,69,german,das; ist; nicht; schwer,0.286,0.286,"Das ist nicht schwer, you just take the main road to the east and then you'll see the church towers.","!P Das ist nicht schwer, you just take the main road to the east and then you'll see the church towers.",NEEDS_TRANSLATION,,,
comb_hans_plum_das_ist_ni_fmpS,1,69,german,das; ist; nicht; schwierig,1.000,1.000,Das ist nicht schwierig.,!P Das ist nicht schwierig.,NEEDS_TRANSLATION,,,
gree_pozdrav_m_del_tume_o_XuUc,1,69,,del; tumenge; lachi; rat,1.000,1.000,Del tumenge o del lachi rat.,Del tume o Dejl lashi rachi.,NEEDS_TRANSLATION,,,
arne_arne_nemec_kuman_ver_8dAK,1,69,german,die; kumanen; verdammte; diebesratten,1.000,1.000,Die Kumanen? Verdammte Diebesratten!,Cuman? Verfluchten thieving Ungeziefer!,NEEDS_TRANSLATION,,,
s_fr_hejtman_f_treba_W5l9,1,69,german,dir; auch; vielen; dank,1.000,1.000,Dir auch vielen Dank.,!P Danke auch an Sie.,NEEDS_TRANSLATION,,,
gree_pozdrav_z_eh_te_na_u_birm,1,69,,ulahas; dilino; kar; medzvedjis,1.000,1.000,"Eh, te na ulahas dilino kar, ta na ulahas medzvedjis...","!T Eh, te na ulahas dilino kar, ta na ulahas medzvedjis...",NEEDS_TRANSLATION,,,
hosp_hospodyne_schon_scho_GnmY,1,69,,fein; ganz; guter; hund,1.000,1.000,"Fein, ganz fein … Guter Hund …","!P Schon, schon... du Wauwau, guter...",NEEDS_TRANSLATION,,,
spec_oswald_to_aber_siche_vuyU,1,69,german,gewiss; doch; mein; freund,0.333,0.333,"Gewiss doch, I would be happy to tell you more since you seem genuinely interested, mein Freund.","!P Aber sicher, I like to chat when I see such sincere interest, mein Freunde.",NEEDS_TRANSLATION,,,
dlc2_pozdrav_c_gruss_gott_mHo6,1,69,german,grüss; gott; bruder; schmied,1.000,1.000,"Grüß Gott, Bruder Schmied!","Gruss Gott, Bruder Schmied!",NEEDS_TRANSLATION,,,
henr_jasak_gyerunk_nem_er_3fAe,1,69,hungarian,gyerünk; nem; éri; meg,1.000,1.000,"Gyerünk, nem éri meg!","!P Gyerünk, nem éri meg!",NEEDS_TRANSLATION,,,
gree_pozdrav_n_heh_warum__bPMW,1,69,german,warum; bist; nackt; mann,1.000,1.000,"He … Warum bist du nackt, Mann?","!P Heh... Warum bist du nackt, Mann?",NEEDS_TRANSLATION,,,
hosp_hospodyne_hier_haben_5d1R,1,69,,hier; haben; sie; einfach,1.000,1.000,"Hier haben Sie es, haben Sie es einfach.","!P Hier haben Sie es, haben Sie es einfach.",NEEDS_TRANSLATION,,,
udav_psani_dop_hier_ist_d_uyoz,1,69,german,hier; ist; deine; belohnung,0.500,0.500,"Hier ist deine Belohnung. A reward for your service to the king, lad.","!P Hier ist deine Belohnung. A reward for your service to the king, lad.",NEEDS_TRANSLATION,,,
opil_vasko_uvidite_vy_pla_QhaB,1,69,hungarian,hirtelen; nem; akarsz; hazamenni,1.000,1.000,Hirtelen nem akarsz hazamenni?,Hirtelen nem akar hazamenni?,NEEDS_TRANSLATION,,,
spec_oswald_to_hm_was_fur_JEMX,1,69,german,das; ist; eine; überraschung,1.000,1.000,"Hm, das ist ja eine Überraschung.","!P Hm, was für eine Überraschung?",NEEDS_TRANSLATION,,,
gree_pozdrav_m_hm_was_wil_s3UM,1,69,,willst; von; mir; schurke,1.000,1.000,"Hm... Was willst du von mir, du Schurke?","!P Hm... Was willst du von mir, Schurke?",NEEDS_TRANSLATION,,,
nech_npc_odmit_hmmm_las_m_z6Yb,1,69,,hmmm; las; mikh; mame,1.000,1.000,"Hmmm, las mikh mame... las mikh.","Hmmm, las mich mome... las mich.",NEEDS_TRANSLATION,,,
nech_npc_odmit_hmmm_las_m_fQxm,1,69,,hmmm; las; mikh; mome,1.000,1.000,"Hmmm, las mikh mome... las mikh.","Hmmm, las mich mome... las mich.",NEEDS_TRANSLATION,,,
vask_hejtman_f_prijd_jind_K8VJ,1,69,german,ich; kann; jetzt; nicht,0.667,0.667,Ich kann jetzt nicht. Come some other time.,!P Ich kann jetzt nicht. Come some other time.,NEEDS_TRANSLATION,,,
spec_arne_nemec_rad_ti_vs_vhf3,1,69,german,ich; unterrichte; dich; gerne,0.500,0.500,"Ich unterrichte dich gerne, but I do not have time now, come back later.","!P Ich unterrichte Sie gerne, but I do not have time now, come back later.",NEEDS_TRANSLATION,,,
situ_situace_z_to_je_verb_NLRf,1,69,german,ist; das; etwa; verboten,0.667,0.667,Ist das etwa verboten? Is that against the law?,To je verboten? Is that against the law?,NEEDS_TRANSLATION,,,
chat_posluchac_jo_na_nej__KPdE,1,69,german,aber; sieh; dich; vor,0.400,0.400,"Ja, aber sieh dich vor! I hear he handles Lord Capon's dirty work.","!P Ja, aber sei vorsichti! I hear he handles Lord Capon's dirty work.",NEEDS_TRANSLATION,,,
o_zi_mistr_fab_ja_das_ist_IIvM,1,69,german,das; ist; nicht; einfach,0.667,0.667,"Ja, das ist nicht einfach, but we are not building a cathedral...","!P Ja, das ist nicht einfach, but we are not building a cathedral...",NEEDS_TRANSLATION,,,
hosp_hospodyne_komm_schon_dJkm,1,69,,komm; ist's; gut; kläffer,1.000,1.000,"Komm her, so ist’s gut. Komm her, Kläffer!","!P Komm schon, das ist gut. Kommt, du Klaffer!",NEEDS_TRANSLATION,,,
zave_vasko_latott_valami__7ySK,1,69,,megdugtad; lányt; skalitz; kocsmában,1.000,1.000,Megdugtad a lányt a Skalitz kocsmában?,Dugtál akkoriban lányokat Skalicában?,NEEDS_TRANSLATION,,,
o_zi_hejtman_f_mein_herr__wucU,1,69,german,mein; herr; peter; lösegeld,0.444,0.444,"Mein Herr Peter, however, had to pay him a fat Lösegeld to leave us in peace.","!P Mein Herr Peter, however, had to pay him a fat Losegeld to leave us in peace.",NEEDS_TRANSLATION,,,
o_zi_urso_von__mam_sebou__X9VG,1,69,german,meine; truppe; eine; lanze,0.333,0.333,Meine Truppe has the power of eine Lanze and my people are experienced archers. We know how to take care of ourselves.,!P Meine Mannschaft has the power of eine Lanzen and my people are experienced archers. We know how to take care of ourselves.,NEEDS_TRANSLATION,,,
zbra_brabant_tisicere_dik_4sqt,1,69,french,merci; mille; fois; brabant,0.444,0.444,Merci mille fois ! Now I will show them just what a cavalier Vauquelin Brabant is!,Mille mercis! Now I'll show them just what a cavalier Vaquelin Brabant is!,NEEDS_TRANSLATION,,,
gree_pozdrav_m_so_o_del_d_ryKq,1,69,,del; tuke; lači; rat,1.000,1.000,Mi del tuke o Del. Lači rat.,Del tume o Dejl lashi rachi.,NEEDS_TRANSLATION,,,
henr_hlidajici_amit_akars_BSdR,1,69,hungarian,mit; akarsz; hagyj; békén,1.000,1.000,Mit akarsz? Hagyj békén!,!P Amit akarsz? Ne fáradj.,NEEDS_TRANSLATION,,,
henr_jasak_miert_ertettem_dBQy,1,69,hungarian,miért; egyeztem; bele; ebbe,1.000,1.000,Miért egyeztem bele ebbe…,!P Miért egyeztem bele ebbe…,NEEDS_TRANSLATION,,,
jind_hejtman_f_musite_vsi_7hZZ,1,69,german,ich; habe; voll; kohldampf,0.286,0.286,"Must you all talk about food? It's all I can think about right now. Ich habe voll Kohldampf, damn it!","!P Must you all talk about food? It's all I can think about right now. Ich habe voll Kohldampf, damn it!",NEEDS_TRANSLATION,,,
opti_hospodsky_naturlich__9pPp,1,69,german,natürlich; warum; auch; nicht,0.571,0.571,"Natürlich, warum auch nicht? Nobody's a saint, right?","Natürlich und warum nicht? Nobody's a saint, right?",NEEDS_TRANSLATION,,,
dial_brabant_tinquiete_mo_hbMe,1,69,czech,t'inquiète; pas; mon; ami,1.000,1.000,"Ne t'inquiète pas, mon ami...","!P Ne t'inquiète pas, mon ami...",NEEDS_TRANSLATION,,,
o_zi_pisar_tyc_nein_das_g_BKru,1,69,german,nein; das; geht; nicht,0.400,0.400,"Nein, das geht nicht. We don't need anyone here in the Rathaus right now.","!P Nein, das geht nicht. We don't need anyone here in the Rathaus right now.",NEEDS_TRANSLATION,,,
kuma_npc_bezi__sam_ho_nez_8AUL,1,69,hungarian,nem; bírom; egyedül; segítsetek,1.000,1.000,"Nem bírom egyedül, segítsetek!",I can't handle this on my own! Hurry up!,NEEDS_TRANSLATION,,,
refu_opily_kum_nem_terelt_kAVn,1,69,hungarian,nem; tereltünk; együtt; libákat,1.000,1.000,Nem tereltünk együtt libákat.,!P Nem tereltünk együtt libákat.,NEEDS_TRANSLATION,,,
henr_jasak_nem_ertem_mit__S99e,1,69,hungarian,nem; tudom; mit; mond,1.000,1.000,"Nem tudom, mit mond.","!P Nem értem, mit mond.",NEEDS_TRANSLATION,,,
jasa_jasak_nem_ertesz_eng_tY0u,1,69,hungarian,nem; értesz; engem; ugye,1.000,1.000,"Nem értesz engem, ugye?","!P nem értesz engem, ugye?",NEEDS_TRANSLATION,,,
o_zi_kupec_tro_nikdo_nech_QwuZ,1,69,german,das; ist; wohl; klar,0.400,0.400,No one wants to pay the Church more than they have to. Das ist ja wohl klar.,!P No one wants to pay the Church more than they have to. Das ist doch klar.,NEEDS_TRANSLATION,,,
menh_menhart_z_oder_komm__8LB4,1,69,hungarian,oder; komm; mit; uns,0.444,0.444,"Oder komm mit uns. The journey is long, it will feel shorter if we go together.","!P Oder komm mit uns. The journey is long, it will feel shorter if we go together.",NEEDS_TRANSLATION,,,
o_zi_pisar_tyc_oh_ich_sag_xZSU,1,69,german,ich; sage; nur; ungern,0.400,0.400,"Oh, ich sage es nur ungern... But if I were you, I'd avoid the Horse Market and the Hradek district.","!P Oh, Ich sage es nur ungern... But if I were you, I'd avoid the Horse Market and the Hradecka district.",NEEDS_TRANSLATION,,,
o_zi_hejtman_f_ano_hned_n_qqQ4,1,69,hungarian,mit; der; hilfe; gottes,0.333,0.333,"Oh, yes, as soon as he got here. But my men know what to do. Mit der Hilfe Gottes, we fended him off and forced him to negotiate.","Oh, yes, as soon as he got here. But my men know what to do. With God's help, we fended him off and forced him to negotiate.",NEEDS_TRANSLATION,,,
gree_pozdrav_n_oh_was_wil_jRh3,1,69,,willst; von; mir; bettler,1.000,1.000,"Oh … Was willst du von mir, du Bettler?!","!P Oh... Was willst du von mir, du Bettler?!",NEEDS_TRANSLATION,,,
jp_c_brabant_oui_oui_drah_Atlt,1,69,,oui; mon; cher; henri,1.000,1.000,"Oui, oui, mon cher Henri !","Oui, oui, my dear Henri.",NEEDS_TRANSLATION,,,
s_ho_hospodsky_protoze_se_37sC,1,69,german,und; weiss; gott; recht,0.235,0.235,"Pah… because even though they are certainly deserters, they still wear Hungarian colours and the people here are scared to death of Sigismund... und weiß Gott zu Recht!","!P Pah… because even though they are certainly deserters, they still wear Hungarian colours and the people here are scared to death of Sigismund... und weiß Gott zu Recht!",NEEDS_TRANSLATION,,,
poly_kuman_u_s_talan_nem__q2Cy,1,69,hungarian,remélem; nem; mérgezte; meg,1.000,1.000,"Remélem, nem mérgezte meg.",Talán nem ő mérgezte meg.,NEEDS_TRANSLATION,,,
menh_menhart_z_zum_teufel_xrkw,1,69,german,scher; dich; zum; teufel,1.000,1.000,"Scher dich zum Teufel, Heinrich!",!P Zum Teufel Heinrich!,NEEDS_TRANSLATION,,,
kuch_kuchar_ko_es_ist_nic_wIjY,1,69,german,schmeckt; nicht; wie; bei,0.800,0.800,Schmeckt nicht wie bei Mutter …,!P Es ist nicht wie von Mutter...,NEEDS_TRANSLATION,,,
dial_po_souboj_dopsat_yQ3e,1,69,german,sehr; gut; mein; freund,0.667,0.667,"Sehr gut, mein Freund. You learn quickly.","Very good, my friend. You learn quickly.",NEEDS_TRANSLATION,,,
o_zi_zidovsky__sejnen_dan_kkXO,1,69,,sheynem; dank; mayn; fraynd,1.000,1.000,"Sheynem dank, mayn fraynd, sheynem dank!","!P Sheynem dank, mein Fraynd, sheynem dank!",NEEDS_TRANSLATION,,,
s_fr_hejtman_f_to_staci_a_SNdd,1,69,german,ich; dir; nicht; wehtun,0.667,0.667,That's enough. Ich will dir nicht wehtun.,!P That's enough. Ich will dir nicht wehtun.,NEEDS_TRANSLATION,,,
o_zi_mistr_fab_zabijes_ti_v2b7,1,69,german,wenn; verstehst; ich; meine,0.364,0.364,"Thus you logically kill two birds with one stone, wenn du verstehst, was ich meine?","!P Thus you logically kill two birds with one stone, wenn du weisst, was ich meine?",NEEDS_TRANSLATION,,,
ques_quest_tip_jo_taky_se_RKMo,1,69,german,und; wäre; noch; etwas,1.000,1.000,Und da wäre noch etwas...,!P Und dann gibt es da noch etwas...,NEEDS_TRANSLATION,,,
hejt_kovar_mis__vic_nevim_TVGP,1,69,german,und; das; war; alles,0.571,0.571,"Und das war alles, I don't have anything else.","... Und das war's alles, I don't have anything else.",NEEDS_TRANSLATION,,,
hosp_hospodsky__und_das_i_2Huu,1,69,german,und; das; war; alles,1.000,1.000,Und das war alles.,!P Und das war's alles.,NEEDS_TRANSLATION,,,
heny_jasak_amik_vagyunk_a_0T3B,1,69,,vagyunk; amik; nincs; fegyver,1.000,1.000,"Vagyunk, amik vagyunk. De nincs fegyver!","!P Amik vagyunk, azok vagyunk. De nincs fegyver!",NEEDS_TRANSLATION,,,
spec_oswald_to_placeholde_qSkx,1,69,german,vegib; mir; mein; freund,0.500,0.500,"Vegib mir, mein Freund. I do not have the time now, come back later.","!P Entschuldigung, mein Freund, I can't right now, but come by later.",NEEDS_TRANSLATION,,,
gree_pozdrav_n_was_willst_qtfG,1,69,,willst; von; mir; schurke,1.000,1.000,"Was willst du von mir, du Schurke?","!P Was willst du von mir, Schurke?",NEEDS_TRANSLATION,,,
gree_pozdrav_n_was_willst_MhU4,1,69,,willst; siehst; schrecklich; aus,1.000,1.000,Was willst du? Du siehst schrecklich aus!,!P Was willst du? Du siehst schrecklich aus!,NEEDS_TRANSLATION,,,
opti_hospodsky_was_bei_di_1fl0,1,69,german,ich; glaube; spinnst; wohl,0.500,0.500,"Was? Ich glaube, du spinnst wohl! Get out of here before I have the guard take you away!",Was? Bei dir piept es wohl? Get out of here before I have the guard take you away!,NEEDS_TRANSLATION,,,
o_zi_mistr_fab_was_auch_i_vYbh,1,69,german,wenn; das; sagst; junge,1.000,1.000,"Wenn du das sagst, Junge.","!P Was auch immer, Mann.",NEEDS_TRANSLATION,,,
situ_situace_z_vsak_se_uz_XGpu,1,69,german,also; lass; mich; ruhe,0.444,0.444,"You know me already. And I paid you last time, also lass mich in Ruhe.","You've already seen me. And last time I paid you, so lass mich in Ruhe.",NEEDS_TRANSLATION,,,
npc__npc_naslo_aj_proc_ty_wSXc,1,69,,yoy; devla; soske; mulyom,1.000,1.000,Yoy. Devla. Soske tu? Soske na mulyom me?,!T Ay! Soske tu? Soske na mulyom me?,NEEDS_TRANSLATION,,,
kuma_jasak_es_miert_pont__c5Nz,1,69,hungarian,miért; pont; lennénk; azok,1.000,1.000,És miért pont mi lennénk azok?,!P És miért pont mi lennénk azok?,NEEDS_TRANSLATION,,,
krov_kostkar_k_devla_miro_0KC3,1,68,,devla; miro; hin; oda,1.000,1.000,!P Devla miro! So hin oda?,Devla miro! So hin oda?,NEEDS_TRANSLATION,,,
hosp_hospodsky_hm_davar_m_2e0R,1,68,,davar; masa; u-matan; tov,1.000,1.000,"!P Hm, davar masa u-matan tov.","Hm, davar masa u-matan tov.",NEEDS_TRANSLATION,,,
krov_kostkar_k_le_peske_e_h9lP,1,68,,peske; guba; dela; brishind,1.000,1.000,"!P Le peske e guba, dela brishind.","Le peske e guba, dela brishind.",NEEDS_TRANSLATION,,,
kost_kibic_fac_miste_tuke_kLGg,1,68,,mishte; tuke; pro; kar,1.000,1.000,!P Mishte tuke pro kar has.,Mishte tuke pro kar has.,NEEDS_TRANSLATION,,,
krov_kostkar_k_sar_oda_av_8KrS,1,68,,sar; oda; avke; shaj,1.000,1.000,!P Sar oda avke shaj el?,Sar oda avke shaj el?,NEEDS_TRANSLATION,,,
hrac_npc_probu_eh_las_mich_Si7z,1,68,,aaaaah; las; mikh; khamer,1.000,1.000,"Aaaaah! Las mikh, khamer!","Aaaaah! Las mich, chamr!",NEEDS_TRANSLATION,,,
hrac_npc_probu_eh_las_mic_0p0c,1,68,,aaaah; las; mikh; khamer,1.000,1.000,"Aaaah! Las mikh, khamer!","Aaaah! Las mich, chamr!",NEEDS_TRANSLATION,,,
neme_udo_aus_t_aber__herr_EcqX,1,68,german,aber; herr; gott; geld,0.667,0.667,Aber… Herr Gott! I have no Geld. How much did I drink?,Aber… Herr Gott! I have no geld. How much have I drunk?,NEEDS_TRANSLATION,,,
neme_udo_aus_t_ale_ja_nem_Etme,1,68,german,aber; ich; habe; nichts,0.571,0.571,Aber… ich habe nichts! I lost all at dice!,But I have nothing! I lost at Wurfel.,NEEDS_TRANSLATION,,,
hosp_hospodsky_uh_scheiss_61pV,1,68,,ach; scheisse; regnet; wieder,1.000,1.000,"Ach, Scheiße. Es regnet wieder!","!P Uh, Scheisse, es regnet wieder!",NEEDS_TRANSLATION,,,
npc__npc_vidi__tady_zbran_fFwl,1,68,,aday; tuke; zbranya; nakampel,1.000,1.000,Aday tuke e zbranya nakampel.,!T Aday tuke e zbranya nakampel.,NEEDS_TRANSLATION,,,
npc__npc_vidi__ah_mein_go_ylvC,1,68,,lieber; gott; viel; blut,1.000,1.000,"Ah, lieber Gott! So viel ... Blut!","!P Ah, lieber Gott! Kämpfen... Blut!",NEEDS_TRANSLATION,,,
hosp_hospodska_nun_es_ist_eBIJ,1,68,,also; dann; mal; los,1.000,1.000,"Also, dann mal los …",!P Jetzt geht's los...,NEEDS_TRANSLATION,,,
npc__npc_je_v__andre_bul__M4j1,1,68,,andre; bul; djas; goro,1.000,1.000,"Andre bul te djas, goro!","!T Andre bul te djas, goro!",NEEDS_TRANSLATION,,,
gree_obchodnik_dikhas_sar_GXnP,1,68,,arde; sar; sal; more,1.000,1.000,"Av arde, sar sal, more?","!T Av arde, sar sal, more?",NEEDS_TRANSLATION,,,
rozl_rozloucen_bachtalo_t_U3p2,1,68,,bakhtalo; tiro; drom; chaye,1.000,1.000,"Bakhtalo tiro drom, chaye!","!T Bakhtalo tiro drom, chaye!",NEEDS_TRANSLATION,,,
free_svedek_re_prestan_do_x7eZ,1,68,,besh; tele; dilino; kar,1.000,1.000,"Besh tele, dilino kar!","!T Besh tele, kareya!",NEEDS_TRANSLATION,,,
brab_brabant_bidne_mon_am_rVPj,1,68,french,c'est; terrible; mon; ami,0.444,0.444,"C'est terrible, mon ami ! When the cannon flew apart, I thought we were done for!","!P Terrible, mon ami! When the cannon burst I thought we were done for!",NEEDS_TRANSLATION,,,
free_svedek_re_dej_ty_pes_nufG,1,68,,chiv; tire; dumukha; tele,1.000,1.000,Chiv tire dumukha tele!,!T Chiv tire dumukha tele!,NEEDS_TRANSLATION,,,
npc__npc_rozpo_ze_po_tobe_IutY,1,68,,chivava; vareso; pal; tute,1.000,1.000,Chivava vareso pal tute?,!T Chivava vareso pal tute?,NEEDS_TRANSLATION,,,
npc__npc_prezi_naposled_j_Nqad,1,68,,csak; borból; ittam; lehetett,1.000,1.000,Csak a borból ittam. Az lehetett?,The last thing I drank was wine... Could that be it?,NEEDS_TRANSLATION,,,
assa_npc_bylo__von_me_kou_as41,1,68,,danderdja; man; oda; kar,1.000,1.000,"Danderdja man, oda kar!","!T Danderdja man, oda kar!",NEEDS_TRANSLATION,,,
ulri_event_tab_das_macht__uJrT,1,68,german,das; ist; nicht; schlimm,0.800,0.800,Das ist nicht schlimm. Fight?,Das macht nichts. Fight?,NEEDS_TRANSLATION,,,
s_fr_hejtman_f_dost_at_tu_k4px,1,68,german,das; reicht; jetzt; aber,0.800,0.800,Das reicht jetzt aber. What next?,!P Das reicht jetzt aber. What next?,NEEDS_TRANSLATION,,,
bohu_bohuta_de_mortuis_ni_GcHw,1,68,,mortuis; nil; nisi; bene,1.000,1.000,De mortuis nil nisi bene...,!P De mortuis nil nisi bene...,NEEDS_TRANSLATION,,,
assa_npc_vidi__kurva_to_s_kyz6,1,68,,devla; dik; ole; danda,1.000,1.000,"Devla dik, ole danda!","!T Devla dik, ole danda!",NEEDS_TRANSLATION,,,
gree_pozdrav_m_devla_miro_lfOW,1,68,,devla; miro; rodes; gadjo,1.000,1.000,"Devla miro! So rodes, gadjo?","!T Devla miro! So rodes, gadjo?",NEEDS_TRANSLATION,,,
npc__npc_naslo_pannenkoma_40mk,1,68,,devloro; oda; mangav; tut,1.000,1.000,Devloro… oda na… mangav tut…,!T Devloro… oda na… mangav tut…,NEEDS_TRANSLATION,,,
vask_hejtman_f_stav_se_az_ohZr,1,68,german,siehst; nicht; gut; aus,0.500,0.500,Du siehst nicht gut aus. Come back when you're feeling better.,!P Sie sehen nicht gut aus. Come back when you're feeling better.,NEEDS_TRANSLATION,,,
gree_pozdrav_m_eh_vos_glo_ubMA,1,68,,vos; glots; ben; zoyne,1.000,1.000,"Eh, vos glots du, ben zoyne?","!P Eh, vos glots du, Ben zojne?",NEEDS_TRANSLATION,,,
s_fr_hejtman_f_dost_at_te_6szU,1,68,german,ich; mache; eine; pause,0.571,0.571,Enough... I do not want to destroy you. Ich mache eine Pause.,!P Enough... I don't want to destroy you too much. Ich mache eine Pause.,NEEDS_TRANSLATION,,,
idle_soldier_m_eine_hand__bFL1,1,68,,gehören; immer; zwei; dazu,1.000,1.000,Es gehören immer zwei dazu ...,!P Eine Hand klatscht nicht...,NEEDS_TRANSLATION,,,
bohu_bohuta_npc_et_lux_pe_wQme,1,68,,lux; perpetua; luceat; eis,1.000,1.000,Et lux perpetua luceat eis.,!P Et lux perpetua luceat eis,NEEDS_TRANSLATION,,,
bohu_bohuta_npc_et_tibi_r_8Mll,1,68,,tibi; reddetur; votum; jerusalem,1.000,1.000,Et tibi reddetur votum in Jerusalem.,!P Et tibi reddetur votum in Jerusalem,NEEDS_TRANSLATION,,,
npc__npc_ztrat_fajf_daroj_WjHc,1,68,,fayf; daroyf; ben; zoyne,1.000,1.000,"Fayf daroyf, ben zoyne!","!P Fajf darojf, Ben zojne!",NEEDS_TRANSLATION,,,
bibr_kuman_bib_neunavne_j_iAvo,1,68,,fáradhatatlanul; mint; víz; árja,1.000,1.000,"Fáradhatatlanul, mint a víz árja!",Tireless as a rushing stream!,NEEDS_TRANSLATION,,,
zaka_zakaznik__glezl_vayn_yiHK,1,68,,glezl; vayn; bite; sheyn,1.000,1.000,Glezl vayn! Bite sheyn.,Glezl vayn! Bitte schon.,NEEDS_TRANSLATION,,,
kost_kostky_he_godaveresk_ri9q,1,68,,godyavereske; laveha; dilineske; rugin,1.000,1.000,"Godyavereske laveha, dilineske rugin.","!T Godyavereske laveha, dilineske rugin.",NEEDS_TRANSLATION,,,
npc__npc_je_v__gor_nist_b_aPPw,1,68,,gor; nisht; ben; zoyne,1.000,1.000,"Gor nisht, ben zoyne!","Gor nisht, ben zojne!",NEEDS_TRANSLATION,,,
bark_treninkov_gott_du_ha_Szct,1,68,,gott; hast; echt; drauf,1.000,1.000,"Gott, du hast echt was drauf!","!P Gott, du hast Dampf!",NEEDS_TRANSLATION,,,
reak_soldier_k_gott_es_wa_LDxy,1,68,,gott; wäre; fast; schiefgegangen,1.000,1.000,"Gott, es wäre fast schiefgegangen.","!P Gott, es wäre fast schiefgegangen.",NEEDS_TRANSLATION,,,
kuma_npc_bezi__delejte_ku_HCI0,1,68,,gyerünk; baszd; meg; tessék,1.000,1.000,"Gyerünk, baszd meg! Tessék!","Kurva, come on! Here!",NEEDS_TRANSLATION,,,
blac_cechmistr_ajajaj_to__nVLP,1,68,german,herrje; das; ist; viel,1.000,1.000,"Herrje, das ist zu viel!","!P Ajaj, das ist zu viel!",NEEDS_TRANSLATION,,,
assa_npc_bylo__hilfe_pomo_n7NA,1,68,german,hilfe; ein; tollwütiger; hund,0.800,0.800,Hilfe! Help! Ein tollwütiger Hund!,!P Hilfe! Help! Ein tollwütiger Hund!,NEEDS_TRANSLATION,,,
lock_svedek_vi_sou_to_sna_BR4w,1,68,,hin; oda; tiro; vudar,1.000,1.000,"Hin oda tiro vudar, so?!","!T Hin oda tiro vudar, so?!",NEEDS_TRANSLATION,,,
hosp_hospodsky_hm_davar_m_OzKb,1,68,,davar; masa; u-matan; tov,1.000,1.000,"Hm, davar masa u-matan tov.","!P Hm, davar masa u-matan tov.",NEEDS_TRANSLATION,,,
gree_pozdrav_z_hm_was_wil_9fJk,1,68,,willst; von; mir; schurke,1.000,1.000,"Hm... Was willst du von mir, Schurke?","!P Hm... Was willst du von mir, Schurke?",NEEDS_TRANSLATION,,,
smlo_smlouvani_hm_mir_kom_xvyW,1,68,,hmm; mir; komen; fraynd,1.000,1.000,"Hmm, mir komen, fraynd.","!P Hm, mir komen, Fraynd.",NEEDS_TRANSLATION,,,
vyru_npc_vyrus_hmm_vos_ma_ImJx,1,68,,hmm; vos; makhst; khamer,1.000,1.000,"Hmm, vos makhst du, khamer?","Hmm, vos machst du, chamr?",NEEDS_TRANSLATION,,,
nech_npc_vyrus_hmm_vos_ma_BB0i,1,68,,hmmmm; vos; makhst; khamer,1.000,1.000,"Hmmmm, vos makhst du, khamer?","Hmm, vos machst du, chamr?",NEEDS_TRANSLATION,,,
diva_divak_bar_te_chas_mi_ilSD,1,68,,hoj; tuke; kar; bandjol,1.000,1.000,Hoj tuke o kar te bandjol!,"!T Te khas mro kar, goro!",NEEDS_TRANSLATION,,,
npc__npc_ztrat_hoj_tuke_o_reaY,1,68,,hoy; tuke; kar; bandjol,1.000,1.000,Hoy tuke o kar te bandjol!,!T Hoy tuke o kar te bandjol!,NEEDS_TRANSLATION,,,
npc__npc_naslo_no_tady_js_I9a2,1,68,,hát; itt; vagy; gond,1.000,1.000,Hát itt vagy. Mi a gond?,Here you are! What's up?,NEEDS_TRANSLATION,,,
popo_vozka_voz_huah_los_k_DMfz,1,68,,hüa; los; komm; schon,1.000,1.000,"Hüa, los! Komm schon!","!P Huäh, los! Komm!",NEEDS_TRANSLATION,,,
s_he_hejtman_s_prej_nejak_n7tD,1,68,german,ich; habe; keine; ahnung,0.500,0.500,"Ich habe keine Ahnung. It is simply some important manuscript. That is enough, is it not?","!P Ich habe keine Ahnung. It is simply some important manuscript. That is enough, is it not?",NEEDS_TRANSLATION,,,
mist_cechmistr_ich_mochte_m3oy,1,68,german,ich; möchte; dir; trauen,0.364,0.364,"Ich möchte dir trauen, but I have a good memory for faces, and to tell you the truth… You do not resemble your father much!","!P Ich möchte Ihnen vertrauen, but I have a good memory for faces, and to tell you the truth… You do not resemble your father much!",NEEDS_TRANSLATION,,,
zavi_zavis_z_g_idz_sie_pi_zc8z,1,68,,idź; się; pieprzyć; zasrańcu,1.000,1.000,"Idź się pieprzyć, ty zasrańcu…!","Spieprzaj, ty zasrańcu...",NEEDS_TRANSLATION,,,
o_zi_otte_koch_das_ist_do_hNLD,1,68,german,ist; das; nicht; offensichtlich,1.000,1.000,Ist das nicht offensichtlich?,"!P Das ist doch klar, oder?",NEEDS_TRANSLATION,,,
pusk_puskar_el_je_to_ostu_tmGi,1,68,german,eine; schande; herr; könig,0.308,0.308,It is eine Schande when outlaws have better weapons than the city garrison! And Herr König surely knows this too!,"!P It is ein Schande, when outlaws have better weapons than the city garrison! And Herr König also knows of this too!",NEEDS_TRANSLATION,,,
npc__npc_patra_nekde_tady_QBE2,1,68,,itt; kell; lennie; valahol,1.000,1.000,Itt kell lennie valahol.,He must be here somewhere…,NEEDS_TRANSLATION,,,
comb_hans_plum_ja_das_ist_HCcG,1,68,german,das; ist; nicht; schwierig,0.500,0.500,"Ja, das ist nicht schwierig, I would say it is simply a good start.","!P Ja, das ist nicht schwierig, I would say it is simply a good start.",NEEDS_TRANSLATION,,,
comb_hejtman_s_jasne_mile_lhwm,1,68,german,wie; ich; bereits; sagte,0.444,0.444,"Ja, wie ich bereits sagte, it's a quick slash to the opponent's leg.","!P Ja, Wie ich bereits sagte, it's a quick slash to the opponent's leg.",NEEDS_TRANSLATION,,,
post_brabant_japprecie_vo_X0nW,1,68,french,vous; remercie; compliment; monsieur,1.000,1.000,"Je vous remercie du compliment, monsieur !","!P J'apprécie votre compliment, monsieur!",NEEDS_TRANSLATION,,,
npc__npc_reagu_jdu_se_rad_pyYp,1,68,,jobb; lesz; megyek; megnézem,1.000,1.000,Jobb lesz ha megyek és megnézem.,I'd better go and look.,NEEDS_TRANSLATION,,,
henr_kurtizana_kaj_tuke_o_CzBV,1,68,,kaj; tuke; kar; kirňol,1.000,1.000,Kaj tuke o kar te kirňol!,!T Kaj tuke o kar te kirňol!,NEEDS_TRANSLATION,,,
npc__kuman_cri_rozparu_ti_jPAj,1,68,,kibelezlek; mint; egy; disznót,1.000,1.000,Kibelezlek mint egy disznót!,I'll fillet you like a fish!,NEEDS_TRANSLATION,,,
star_vozka_voz_komm_hopp_Dp10,1,68,,komm; schon; los; geht's,1.000,1.000,Komm schon. Los geht's.,!P Komm. Hopp!,NEEDS_TRANSLATION,,,
smlo_smlouvani_laches_ada_wmGl,1,68,,laches; ada; peske; cinava,1.000,1.000,Laches. Ada peske cinava.,!T Laches. Ada peske cinava.,NEEDS_TRANSLATION,,,
smlo_smlouvani_laches_ada_cM45,1,68,,laches; ada; peske; tsinava,1.000,1.000,Laches. Ada peske tsinava.,!T Laches. Ada peske tsinava.,NEEDS_TRANSLATION,,,
gree_obchodnic_bachtali_d_joVo,1,68,,lacho; djives; rodes; gadjo,1.000,1.000,"Lacho djives! So rodes, gadjo?","!T Lacho djives! So rodes, gadjo?",NEEDS_TRANSLATION,,,
gree_obchodnik_bachtali_d_8igk,1,68,,lacho; djives; rodes; goro,1.000,1.000,"Lacho djives! So rodes, goro?","!T Lacho djives! So rodes, goro?",NEEDS_TRANSLATION,,,
gree_obchodnik_lacho_dziv_kqdU,1,68,,lacho; djives; rodes; more,1.000,1.000,"Lacho djives! So rodes, more?","!T Lacho djives! So rodes, more?",NEEDS_TRANSLATION,,,
odmi_npc_odmit_las_mich_b_S3eg,1,68,,las; mikh; bechor; sotn,1.000,1.000,"Las mikh, bechor sotn!","Las mich, Bechor sotn!",NEEDS_TRANSLATION,,,
utik_soldier_u_lasst_uns__SzDe,1,68,,lasst; uns; hier; verschwinden,1.000,1.000,Lasst uns hier verschwinden!,!P Lasst uns hier verschwinden!,NEEDS_TRANSLATION,,,
lock_svedek_vi_nemakej_na_C1VO,1,68,,khude; kiye; oda; vudar,1.000,1.000,Ma khude kiye oda vudar!,!T Ma khude kiye oda vudar!,NEEDS_TRANSLATION,,,
assa_npc_vidi__prestan_ku_9W5j,1,68,,maker; imar; dilino; kar,1.000,1.000,"Maker imar, tu dilino kar.","!T Muk man, tu kareja!",NEEDS_TRANSLATION,,,
assa_npc_vidi__mein_gott__kOHE,1,68,german,mein; gott; dieser; hund,1.000,1.000,Mein Gott! Dieser Hund ...,!P Mein Gott! Dieser Hund...,NEEDS_TRANSLATION,,,
assa_npc_vidi__mein_gott__8q9v,1,68,german,mein; gott; lass; das,1.000,1.000,"Mein Gott, lass das!","!P Mein Gott, stop that!",NEEDS_TRANSLATION,,,
endi_rozloucen_mi_tut_ave_Rpsz,1,68,,tut; avel; bakht; sastyipen,1.000,1.000,"Mi tut avel bakht, sastyipen!","!T Mi tut avel bakht, sastyipen!",NEEDS_TRANSLATION,,,
endi_rozloucen_mi_tut_ave_4YZG,1,68,,tut; avel; bakht; sastyipen,1.000,1.000,"Mi tut avel bakht, the sastyipen!","!T Mi tut avel bakht, sastyipen!",NEEDS_TRANSLATION,,,
kost_kostky_he_miste_tuke_2FIZ,1,68,,mishte; tuke; pro; kar,1.000,1.000,Mishte tuke pro kar has...,!T Mishte tuke pro kar has...,NEEDS_TRANSLATION,,,
bohu_bohuta_mors_tua_vita_DFLg,1,68,,mors; tua; vita; mea,1.000,1.000,"Mors tua, vita mea!","!P Mors tua, vita mea!",NEEDS_TRANSLATION,,,
bibr_kuman_bib_no_jasne_BSk7,1,68,,még; szép; milyen; útvonalon,1.000,1.000,Még szép! Milyen útvonalon?,Indeed. Which track?,NEEDS_TRANSLATION,,,
lore_event_tab_nein_ze_vz_PPcF,1,68,german,nein; und; anderen; metallen,0.571,0.571,"Nein out of air, but out of mercury, lead, und anderen Metallen!","Nein out of air, but out of mercury, lead, und andere Metalle!",NEEDS_TRANSLATION,,,
pred_prekupnik_gut_dohodn_1e8s,1,68,german,nein; das; ist; wenig,0.800,0.800,"Nein, das ist zu wenig. Forget it.","Nein, das ist wenig! Forget it.",NEEDS_TRANSLATION,,,
eich_cechmistr_ne_proc_by_PK31,1,68,german,nein; warum; sollte; oder,0.308,0.308,"Nein, warum sollte es? I mean, of course it’s eccentric, but with his own money, anyone’s free to do as they like, oder?","!P Nein, warum sollte es? I mean, of course it’s eccentric, but with his own money, anyone’s free to do as they like, oder?",NEEDS_TRANSLATION,,,
npc__npc_naslo_vzdyt_tady_MOUF,1,68,,nincs; itt; semmi; kutya,1.000,1.000,"Nincs itt semmi, te kutya.","There's nothing here, you damn mutt.",NEEDS_TRANSLATION,,,
kost_kostky_he_o_kham_sit_Y8Db,1,68,,k-ham; sitinel; prekal; sakoneste,1.000,1.000,O k-ham sitinel prekal sakoneste.,!T O k-ham sitinel prekal sakoneste.,NEEDS_TRANSLATION,,,
kost_kostky_st__o_kham_si_GKfB,1,68,,kham; sitinel; prekal; sakoneste,1.000,1.000,O kham sitinel prekal sakoneste.,!T O kham sitinel prekal sakoneste.,NEEDS_TRANSLATION,,,
npc__npc_neroz_uz_to_neni_Mirp,1,68,,oda; imar; nane; p-herasutno,1.000,1.000,Oda imar nane p-herasutno!,!T Oda imar nane p-herasutno!,NEEDS_TRANSLATION,,,
ques_quest_tip_nedavno_se_WvpE,1,68,german,gibt; ein; paar; neuigkeiten,1.000,1.000,"Oh ja, es gibt ein paar Neuigkeiten.","!P Oh ja, Ich habe einige Neuigkeiten.",NEEDS_TRANSLATION,,,
gree_pozdrav_z_oh_nein_wa_9vua,1,68,,nein; willst; schon; wieder,1.000,1.000,Oh nein ... Was willst du schon wieder?,!P Oh nein... Was willst du nochmal?,NEEDS_TRANSLATION,,,
gree_pozdrav_m_oh_nein_wa_PY60,1,68,,nein; willst; schon; wieder,1.000,1.000,"Oh nein, was willst du schon wieder?","Oh nein, was willst du nochmal?",NEEDS_TRANSLATION,,,
gree_pozdrav_m_oh_nein_vo_UFHz,1,68,,nein; vos; makhst; hir,1.000,1.000,Oh nein... Vos makhst du hir?,!P Oh nein... vos machst du hier?,NEEDS_TRANSLATION,,,
prat_pratelsky_oh_schluss_CbQC,1,68,,schluss; jetzt; gibt; ärger,1.000,1.000,"Oh, Schluss! Jetzt gibt es Ärger!","!P Oh, schluss! Jetzt wird es böse!",NEEDS_TRANSLATION,,,
zavo_zavodnik__uf_miste_t_DOgW,1,68,,oof; andre; bul; oda,1.000,1.000,"Oof, andre bul oda sa.","!T Uf, andre bul oda sa.",NEEDS_TRANSLATION,,,
zavo_zavodnik__uf_andre_b_6w7G,1,68,,oof; andre; bul; djas,1.000,1.000,"Oof, andre bul te djas.","!T Uf, andre bul te djas.",NEEDS_TRANSLATION,,,
npc__npc_utika_oy_vay_ich_qVmP,1,68,yiddish_hebrew,vey; ikh; fayfe; daroyf,1.000,1.000,"Oy vey, ikh fayfe daroyf.","Oy vey, ich pfeife darauf.",NEEDS_TRANSLATION,,,
gree_pozdrav_z_eh_na_pal__EPnJ,1,68,,pal; soste; djas; goro,1.000,1.000,"Oy...  Pal soste djas, goro?","!T Oy...  Pal soste djas, goro?",NEEDS_TRANSLATION,,,
gree_pozdrav_m_eh_na_pal__Af7v,1,68,,pal; soste; djal; dilino,1.000,1.000,"Oy... Pal soste djal, dilino?","!T Oy... Pal soste djal, dilino?",NEEDS_TRANSLATION,,,
gree_pozdrav_m_eh_na_pal__GxXe,1,68,,pal; soste; djal; goro,1.000,1.000,"Oy... Pal soste djal, goro?","!T Oy... Pal soste djal, goro?",NEEDS_TRANSLATION,,,
gree_pozdrav_m_pal_soste__k3LN,1,68,,pal; soste; djal; degeshis,1.000,1.000,"Pal soste djal, degeshis?","!T Pal soste djal, degeshis?",NEEDS_TRANSLATION,,,
odmi_npc_odmit_pal_soste__N8lg,1,68,,pal; soste; djal; dilino,1.000,1.000,"Pal soste djal, dilino?","!T Pal soste djal, dilino?",NEEDS_TRANSLATION,,,
gree_pozdrav_m_pal_soste__W5R5,1,68,,pal; soste; djal; khandineya,1.000,1.000,"Pal soste djal, khandineya?!","!T Pal soste djal, khandineya?!",NEEDS_TRANSLATION,,,
odmi_npc_odmit_pal_soste__VJgH,1,68,,pal; soste; djas; dilino,1.000,1.000,"Pal soste djas, dilino?","!T Pal soste djas, dilino?",NEEDS_TRANSLATION,,,
npc__npc_vidi__pal_soste__hzOc,1,68,,pal; soste; djas; gadjo,1.000,1.000,"Pal soste djas, gadjo?","!T Pal soste djas, gadjo?",NEEDS_TRANSLATION,,,
gree_pozdrav_z_pal_soste__Zo4C,1,68,,pal; soste; djas; khandineya,1.000,1.000,"Pal soste djas, khandineya?!","!T Pal soste djas, khandineya?!",NEEDS_TRANSLATION,,,
assa_pratelske_vo_co_ti_j_mR64,1,68,,pal; soste; djas; more,1.000,1.000,"Pal soste djas, more?","!T Pal soste džas, more?",NEEDS_TRANSLATION,,,
npc__npc_vidi__pal_soste__sX3R,1,68,,pal; soste; dzhal; gadjo,1.000,1.000,"Pal soste dzhal, gadjo?","!T Pal soste dzhal, gadjo?",NEEDS_TRANSLATION,,,
npc__npc_neroz_delas_si_z_kx9Z,1,68,,pheras; keres; dilino; kar,1.000,1.000,"Pheras keres, dilino kar?","!T P-herasa keres, kareya?",NEEDS_TRANSLATION,,,
svep_svepomoc__penz_tedd__EDJA,1,68,,pénzt; fizess; különben; meghalsz,1.000,1.000,"Pénzt! Fizess, különben meghalsz!","Pénz! Tedd ide őket, különben meghalsz!",NEEDS_TRANSLATION,,,
free_obet_reag_bist_du_no_PH9c,1,68,,sag; mal; geht's; noch,1.000,1.000,"Sag mal, geht’s noch?",!P Bist du normal?,NEEDS_TRANSLATION,,,
pozd_sousedsky_mi_del_o_d_ivKq,1,68,,sar; djives; mri; chay,1.000,1.000,"Sar djives, mri chay?","!T Sar djives, mri chay?",NEEDS_TRANSLATION,,,
gree_pozdrav_z_sar_tuke_d_9v7S,1,68,,sar; tuke; djal; goro,1.000,1.000,"Sar tuke djal, goro?","!T Sar tuke djal, goro?",NEEDS_TRANSLATION,,,
npc__npc_patra_az_te_najd_qWNh,1,68,,sar; tut; khudava; dik-heha,1.000,1.000,"Sar tut khudava, tu dik-heha!","!T Sar tut khudava, tu dik-heha!",NEEDS_TRANSLATION,,,
npc__npc_neroz_kdo_to_dop_WFki,1,68,,savo; kar; oda; sas,1.000,1.000,Savo kar oda sas?,!T Savo kar oda sas?,NEEDS_TRANSLATION,,,
miko_showrunne_ph__hCPj,1,68,,savore; graienge; neve; petali,1.000,1.000,Savore graienge neve petali!,New horseshoes for each horse!,NEEDS_TRANSLATION,,,
bark_treninkov_sehr_gut_n_bcv8,1,68,,sehr; gut; noch; einmal,1.000,1.000,Sehr gut! Noch einmal!,!P Sehr gut! Noch einmal!,NEEDS_TRANSLATION,,,
vrac_kradene_z_skvele_na__3DhH,1,68,german,sehr; gut; junger; mann,0.667,0.667,"Sehr gut! You really are reliable, junger Mann.","Sehr gut! You really are reliable, junge Mann.",NEEDS_TRANSLATION,,,
opon_soldier_k_oh_komm_sc_OWQZ,1,68,,sehr; gut; komm; schon,1.000,1.000,Sehr gut. Komm schon …,!P Sehr gut. Komm schon...,NEEDS_TRANSLATION,,,
lock_owner_vid_to_sou_my__Chyt,1,68,,sem; oda; mire; vetsi,1.000,1.000,Sem oda mire vetsi!,!T Sem oda mire vetsi!,NEEDS_TRANSLATION,,,
npc__npc_neroz_co_kdybych_UvMc,1,68,,shay; chivav; pal; tute,1.000,1.000,"Shay me chivav pal tute, eh?","!T Shay me chivav pal tute, eh?",NEEDS_TRANSLATION,,,
kost_kostky_st_so_o_del_d_rVsp,1,68,,del; dela; oda; ela,1.000,1.000,"So o Del dela, oda ela.","!T So o Del dela, oda ela.",NEEDS_TRANSLATION,,,
blac_cechmistr_tak_a_je_t_GpXF,1,68,german,das; war's; dann; wohl,1.000,1.000,"So, das war's dann wohl.","!P So, das war's dann wohl.",NEEDS_TRANSLATION,,,
comb_hans_plum_soll_ich_e_qq2C,1,68,german,soll; ich; dir; zeigen,1.000,1.000,Soll ich es dir zeigen?,!P Soll ich es dir zeigen?,NEEDS_TRANSLATION,,,
npc__npc_naslo_tady_jses__YiIV,1,68,,szóval; itt; vagy; történt,1.000,1.000,Szóval itt vagy. Mi történt?,Here you are. What happened?,NEEDS_TRANSLATION,,,
bohu_bohuta_npc_te_decet__tQCc,1,68,,decet; hymnus; deus; sion,1.000,1.000,"Te decet hymnus, Deus, in Sion…","!P Te decet hymnus, Deus, in Sion",NEEDS_TRANSLATION,,,
diva_divak_bar_te_chas_mi_pAIC,1,68,,khas; mro; kar; goro,1.000,1.000,"Te khas mro kar, goro!","!T Te khas mro kar, goro!",NEEDS_TRANSLATION,,,
gree_pozdrav_m_bist_du_mo_jJsL,1,68,,trinkst; immer; gleich; morgens,1.000,1.000,Trinkst du immer gleich morgens?,Bist du morgens als erstes betrunken?,NEEDS_TRANSLATION,,,
npc__kuman_cri_no_to_snad_WTzx,1,68,,ugye; csak; viccelsz; velem,1.000,1.000,Ugye csak viccelsz velem!,You've got to be kidding!,NEEDS_TRANSLATION,,,
comb_hejtman_f_a_ted_si_t_6sEe,1,68,german,und; jetzt; mein; freund,0.571,0.571,"Und jetzt … Come try it out a few times, mein Freund.","!P Und jetzt... Come try it out a few times, mein Freunde.",NEEDS_TRANSLATION,,,
comb_hejtman_s_a_ted_si_t_EHOP,1,68,german,und; jetzt; junger; mann,0.571,0.571,"Und jetzt … try it out a few times, junger Mann.","!P Und jetzt... try it out a few times, junger Mann.",NEEDS_TRANSLATION,,,
gree_pozdrav_z_verdammt_w_AHMB,1,68,,verdammt; machst; hier; nackt,1.000,1.000,Verdammt! Was machst du hier nackt?!,!P Verdammt! Was machst du hier nackt?!,NEEDS_TRANSLATION,,,
situ_situace_p_verdammte__yjQT,1,68,,verdammter; räuber; hurensohn; teufelstier,1.000,1.000,Verdammter Räuber! Hurensohn! Teufelstier!,Verdammte Räuber. Hurensohn! Teufelstier!,NEEDS_TRANSLATION,,,
situ_situace_p_verdammte__yw44,1,68,,verdammter; räuber; hurensohn; teufelstier,1.000,1.000,Verdammter Räuber. Hurensohn! Teufelstier!,Verdammte Räuber. Hurensohn! Teufelstier!,NEEDS_TRANSLATION,,,
idle_soldier_m_sag_hallo__vwpI,1,68,,viel; spass; der; hölle,1.000,1.000,Viel Spaß in der Hölle ...,!P Sag hallo zur Hölle...,NEEDS_TRANSLATION,,,
kost_kostky_he_vos_glots__MfZ0,1,68,,vos; glots; meyn; fraynd,1.000,1.000,"Vos glots du, meyn fraynd?","Vos glots du, mein Frajnd?",NEEDS_TRANSLATION,,,
gree_obchodnik_vos_ir_vin_edV2,1,68,,vos; vintshen; far; mayn,1.000,1.000,"Vos ir vintshen far, mayn her?","Vos ir vintshen far, mein Herr?",NEEDS_TRANSLATION,,,
joha_hudebnik__warum_hast_bbwK,1,68,german,warum; hast; eine; waffe,0.571,0.571,Warum hast du eine Waffe? I told you to put it aside!,!P Warum hast die Waffe? I told you to put it aside!,NEEDS_TRANSLATION,,,
gree_obchodnic_was_willst_Gd3f,1,68,,darf's; sein; heute; morgen,1.000,1.000,Was darf's sein heute Morgen?,Was willst du heute Morgen?,NEEDS_TRANSLATION,,,
gree_pozdrav_m_was_willst_IKFw,1,68,,darf's; heute; morgen; sein,1.000,1.000,"Was darf’s heute Morgen sein, Heinrich?","Was willst du heute Morgen, Heinrich?",NEEDS_TRANSLATION,,,
ques_quest_tip_nedavno_se_RpX6,1,68,german,soll; ich; sagen; scheisskerl,0.364,0.364,"Was soll ich sagen. After our lord paid ransom for us to that Scheißkerl Chertan, there is peace here, fortunately.","!P Also, nicht viel. After our lord paid ransom for us to that Scheißkerl Chertan, there is peace here, fortunately.",NEEDS_TRANSLATION,,,
gree_pozdrav_n_was_willst_VssV,1,68,,willst; von; mir; schurke,1.000,1.000,"Was willst du von mir, Schurke?","!P Was willst du von mir, Schurke?",NEEDS_TRANSLATION,,,
o_zi_mistr_fab_was_brauch_vRq3,1,68,german,wie; kann; ich; helfen,0.667,0.667,Wie kann ich helfen? Ask what you want.,!P Was brauchen Sie? Ask what you want.,NEEDS_TRANSLATION,,,
zaka_zakaznik__wie_viele__AJCI,1,68,,wie; viele; hatte; ich,1.000,1.000,Wie viele hatte ich?,Wie viele waren es?,NEEDS_TRANSLATION,,,
spec_oswald_to_placeholde_dsDn,1,68,,wie; wollen; sie; denn,1.000,1.000,Wie? Was wollen Sie denn?,!P Wie? Was wollen Sie denn?,NEEDS_TRANSLATION,,,
gree_pozdrav_m_verdammt_w_wD4P,1,68,,wieso; bist; nackt; verdammt,1.000,1.000,"Wieso bist du nackt, verdammt?!",Verdammt! Was machst du hier nackt?!,NEEDS_TRANSLATION,,,
spec_menhart_z_sebevedomi_LGyr,1,68,german,und; das; ist; gut,0.400,0.400,"You certainly do not lack in confidence und das ist gut, but there is always room for improvement!","!P You certainly do not lack in confidence un das ist gut, but there is always room for improvement!",NEEDS_TRANSLATION,,,
goss_gossip_v__ale_kdyby__LSdF,1,68,german,wunderschön; gross; und; schlank,0.500,0.500,You should have seen her… Wunderschön! Groß und schlank - as elegant as a doe.,But if you had seen her... Wunderschön! Hoch und schlank - as elegant as a doe.,NEEDS_TRANSLATION,,,
lore_event_tab_uff_also_g_btQ1,1,68,,verkaufen; natürlich; bitte; schön,1.000,1.000,"Zu verkaufen? Oh, ja, natürlich, bitte schön!","Zu kaufen? Oh, ja, natürlich, bitte schön!",NEEDS_TRANSLATION,,,
npc__npc_oznac_to_je_potr_ebmb,1,68,,újra; kell; főzni; egészet,1.000,1.000,Újra kell főzni az egészet.,We'll have to cook it all over again.,NEEDS_TRANSLATION,,,
goss_gossip_sp_bite_sejn__B1Yi,1,67,german,sheinem; dank; aber; neyn,0.571,0.571,!P A sheinem dank… aber neyn. I don't want to risk it.,A sheinem dank… aber neyn. I don't want to risk it.,NEEDS_TRANSLATION,,,
cin__bohuta_npc_adveniat__OscC,1,67,,nos; dimittimus; debitoribus; nostris,1.000,1.000,...et nos dimittimus debitoribus nostris…,...et nos dimittimus debitoribus nostris....,NEEDS_TRANSLATION,,,
rezy_else_ach_tak_chapu_r_ZUCi,1,67,german,ach; ich; verstehe; tess; anton,0.273,0.455,"Ach so, ich verstehe. Tess will get a gift, your friend will have a chance, and that idiot Anton will stay single.","Ach so, ich verstehe. Tess will get a gift, your friend will have a chance, and that idiot Anton will stay single.",NEEDS_TRANSLATION,,,
band_bandita_v_alarm_lass_P2zV,1,67,,alarm; lasst; uns; kämpfen,1.000,1.000,Alarm! Lasst uns kämpfen!,!P Alarm! Lasst uns kämpfen!,NEEDS_TRANSLATION,,,
kost_kibic_mil_schonheit__Uj6j,1,67,,alles; läuft; nach; plan,0.800,0.800,Alles läuft nach Plan! Good game!,Schonheit wechselt mit pracht! Good game!,NEEDS_TRANSLATION,,,
o_zi_hejtman_f_also_gut_w_mYYD,1,67,,also; gut; gibt; denn,1.000,1.000,"Also gut, was gibt es denn?","!P Also gut, was ist los?",NEEDS_TRANSLATION,,,
o_zi_kocovnik__jak_by_mel_wnzr,1,67,,k-ham; labarel; prekal; sakoneste,0.800,0.800,As it should…O k-ham labarel prekal sakoneste.,!T As it should… O k-ham sitinel prekal sakoneste.,NEEDS_TRANSLATION,,,
opil_opily_kum_cus_YWCU,1,67,,étel; úgyis; szar; volt,1.000,1.000,Az étel úgyis szar volt.,Az étel amúgy is szívás volt.,NEEDS_TRANSLATION,,,
chat_opily_kum_azok_a_mel_rIbI,1,67,,azok; mély; erdők; félelmetesek,1.000,1.000,Azok a mély erdők... félelmetesek.,Azok a mély erdők... félnek.,NEEDS_TRANSLATION,,,
hlid_hlidajici_azt_mondta_MTq2,1,67,,azt; mondtam; hagyj; békén,1.000,1.000,Azt mondtam hagyj békén.,!P Azt mondtam hagyj békén.,NEEDS_TRANSLATION,,,
npc__npc_ma_do_a_dost_kur_LxTv,1,67,,bassza; meg; elég; volt,1.000,1.000,"Bassza meg, elég volt!","Kurva, that's enough!",NEEDS_TRANSLATION,,,
opil_opily_kum_basszus_ne_3Uuc,1,67,,basszus; még; anyám; hiányzik,1.000,1.000,"Basszus, még az anyám is hiányzik!","!P Basszus, nekem is hiányzik anyám.",NEEDS_TRANSLATION,,,
brab_brabant_jasne_ze_chc_Fi3o,1,67,,bien; sûr; que; oui,1.000,1.000,Bien sûr que oui !,Of course you do!,NEEDS_TRANSLATION,,,
opil_opily_kum_bar_a_cseh_Y3De,1,67,,bár; csehek; sem; megvetendőek,1.000,1.000,Bár a csehek sem megvetendőek.,!P Bár a cseheket nem szabad kidobni.,NEEDS_TRANSLATION,,,
ptac_ptacek_vi_dobre_moc__Sbja,1,67,,c'est; bon; très; bien,1.000,1.000,C'est bon! Très bien!,!P C'est bon! Très bien!,NEEDS_TRANSLATION,,,
dial_brabant_mel_sem_stes_tVgF,1,67,,c'est; bon; ami; moi,1.000,1.000,C'est un bon ami à moi…,!P C'est mon bon ami…,NEEDS_TRANSLATION,,,
goss_gossip_sp_uvidime_od_5zVb,1,67,german,das; werden; wir; sehen,0.444,0.444,Das werden wir ja sehen. We can try it starting tomorrow. Maybe it is the future!,!P Wir werden sehen. We can try it starting tomorrow. Maybe it is the future!,NEEDS_TRANSLATION,,,
npc__zena_samo_davar_masa_vqbx,1,67,,davar; masa; u-matan; tov,1.000,1.000,Davar masa u-matan tov.,!P Davar masa u-matan tov.,NEEDS_TRANSLATION,,,
o_zi_hejtman_f_cert_aby_t_ZBoZ,1,67,,der; teufel; soll; holen,1.000,1.000,Der Teufel soll Sigismund holen!,!P Der Teufel hole den Zikmund!,NEEDS_TRANSLATION,,,
npc__npc_rozpo_chovas_se__bIU4,1,67,,dik; proda; tsikno; chavo,1.000,1.000,Dik proda tsikno chavo!,!T Dik proda tsikno chavo!,NEEDS_TRANSLATION,,,
endi_rozloucen_dzan_devle_ytQP,1,67,,dja; devleha; lachi; rat,1.000,1.000,Dja Devleha! Lachi rat!,!T Dja Devleha! Lachi rat!,NEEDS_TRANSLATION,,,
dial_kuman_vyz_csak_egy_n_zVUa,1,67,,duma; egész; hidd; nekem,1.000,1.000,"Duma az egész, hidd el nekem!","Csak egy nagy beszéd, add nekem.",NEEDS_TRANSLATION,,,
henr_jasak_huh_elmondtad__jOL4,1,67,,mondtad; neki; vagy; sem,1.000,1.000,Eh! Mondtad neki vagy sem?,!P Eh? Elmondtad neki vagy sem?,NEEDS_TRANSLATION,,,
kuma_opily_kum_a_nevem_je_OXlx,1,67,,engem; jasaknak; hívnak; téged,1.000,1.000,Engem Jasaknak hívnak. És téged?,A nevem Jasak. És te?,NEEDS_TRANSLATION,,,
jasa_jasak_ez_tulajdonkep_64l8,1,67,,tulajdonképpen; elég; jól; ment,1.000,1.000,Ez tulajdonképpen… elég jól ment…,!P Ez tulajdonképpen… elég jól ment…,NEEDS_TRANSLATION,,,
cp_z_henry_fatta_la_legge_YoVN,1,67,,fatta; legge; trovato; l'inganno,1.000,1.000,"Fatta la legge, trovato l'inganno!","!P Fatta la legge, trovato l'ignano!",NEEDS_TRANSLATION,,,
ph_j_henry_spatna_odpoved_cGRo,1,67,,fatte; legga; travoto; l'ignano,1.000,1.000,"Fatte la legga, travoto l'ignano.","!P Fatte la legga, travoto l'ignano.",NEEDS_TRANSLATION,,,
menh_arne_nemec_je_to_na__Q1Oe,1,67,german,gut; ein; guter; fechter,0.800,0.800,"Gut, Heinrich! Fight for us, you are ein guter Fechter!","!P Gut Heinrich! !P Fight for us, you are ein guter Fechter!",NEEDS_TRANSLATION,,,
jese_opily_kum_ha_zavarba_MPim,1,67,,zavarba; hozol; előtte; megkeserülöd,1.000,1.000,"Ha zavarba hozol előtte, megkeserülöd!","Ha zavarba hozol előtte, ne kívánd!",NEEDS_TRANSLATION,,,
svep_svepomoc__takovy_sil_plXU,1,67,,hahaha; szar; mókás; vagy,1.000,1.000,"Hahaha, te szar! Mókás vagy!","Hahaha, te szar! Szórakoztattál!",NEEDS_TRANSLATION,,,
vzde_dlc3_nemo_panenko_ma_wNH5,1,67,,hail; mary; full; grace,1.000,1.000,"Hail Mary, full of grace…","Holy Mary, full of grace…",NEEDS_TRANSLATION,,,
incl_rychtar_p_halts_maul_ZHWB,1,67,,halt's; maul; kleiner; bastard,1.000,1.000,"Halt’s Maul, du kleiner Bastard!",Halts Maul du kleiner Bastard!,NEEDS_TRANSLATION,,,
jasa_jasak_holnap_ujra_ta_iPge,1,67,,holnap; újra; találkozom; vele,1.000,1.000,Holnap újra találkozom vele.,!P Holnap újra találkozom vele.,NEEDS_TRANSLATION,,,
refu_opily_kum_igyal_tobb_yxc2,1,67,,igyál; többet; beszélj; kevesebbet,1.000,1.000,Igyál többet és beszélj kevesebbet!,!P Igyál többet és beszélj kevesebbet!,NEEDS_TRANSLATION,,,
brab_brabant_nesmi_projit_eGD5,1,67,,suis; désolé; mon; ami,0.800,0.800,"Je suis désolé, mon ami... I am sorry.","Je suis désolé, mon ami... I'm sorry.",NEEDS_TRANSLATION,,,
poly_kuman_u_s_jobb_ha_me_9zrH,1,67,,jobb; megyünk; vagy; megütöm,1.000,1.000,"Jobb, ha megyünk, vagy megütöm.","!P Jobb, ha megyünk, vagy megütöm.",NEEDS_TRANSLATION,,,
gree_pozdrav_m_bachtali_d_T74B,1,67,,lacho; dives; kay; djas,1.000,1.000,Lacho dives! Kay djas?,!T Lacho dives! Kay djas?,NEEDS_TRANSLATION,,,
free_svedek_re_malem_si_n_gLOG,1,67,,may; cha; varekas; dukadjal,1.000,1.000,May cha varekas dukadjal!,!T May cha varekas dukadjal!,NEEDS_TRANSLATION,,,
vask_vasko_mielott_valami_D3tu,1,67,,mielőtt; valami; rossz; történik,1.000,1.000,Mielőtt valami rossz történik.,!P Mielőtt valami rossz történik.,NEEDS_TRANSLATION,,,
turn_kutnohors_mons_cutna_7w4N,1,67,,mons; cutnae; semper; augusta,1.000,1.000,Mons Cutnae semper augusta!,!P Mons Cutnae semper augusta!,NEEDS_TRANSLATION,,,
opil_opily_kum_nem_mintha_dQrB,1,67,,nehogy; megint; belehányj; ágyamba,1.000,1.000,Nehogy megint belehányj az ágyamba!,Nem mintha megint az én ágyamban fekszel le!,NEEDS_TRANSLATION,,,
bezn_npc_reagu_netter_wau_R9Yo,1,67,,netter; wauwau; lieber; hund,1.000,1.000,Netter Wauwau ... Lieber Hund.,Netter Wauwau... netter.,NEEDS_TRANSLATION,,,
zada_menhart_z_nedavno_tu_KqeO,1,67,german,ein; frau; ist; bischen,0.273,0.364,"Not long ago, ein Frau was here looking for a swordsman, but the whole thing ist ein bischen precarious.","Not long ago ein frau was here looking for a swordsman, but zee whole thing ist ein bischen precarious.",NEEDS_TRANSLATION,,,
pohr_aranka_de_amenge_adj_3gxs,1,67,,maro; amaro; amen; adadyives,1.000,1.000,O maro amaro de amen adadyives.,!P De amenge adjes amaro manrro sakone djesesko.,NEEDS_TRANSLATION,,,
brab_brabant_buh_zehnej_EFe1,1,67,,que; dieu; soit; loué,1.000,1.000,Que Dieu soit loué !,God bless!,NEEDS_TRANSLATION,,,
o_zi_hejtman_f_gut_dann_f_hIco,1,67,,schön; dann; frag; nur,1.000,1.000,"Schön, dann frag nur.","!P Gut, dann fragen Sie.",NEEDS_TRANSLATION,,,
dlc2_pozdrav_m_schon_sie__YZTV,1,67,,schön; sie; sehen; meisterschmied,1.000,1.000,"Schön, Sie zu sehen, Meisterschmied!","Schön, Sie zu sehen, Schmied!",NEEDS_TRANSLATION,,,
o_zi_aranka_so_hin_cacipe_wzVj,1,67,,hin; chachipen; andro; dzhivipen,1.000,1.000,So hin chachipen andro dzhivipen?,!T So hin chachipen andro djivipen?,NEEDS_TRANSLATION,,,
bohu_bohuta_pl_stultorum__4BGj,1,67,,stultorum; mater; sempiter; gravida,1.000,1.000,Stultorum mater sempiter gravida.,!P Stultorum mater sempiter gravida.,NEEDS_TRANSLATION,,,
refu_opily_kum_szoval_te__iU4Y,1,67,,szóval; vagy; igaz; tiszteletem,1.000,1.000,"Szóval te vagy az a Henry, igaz? Tiszteletem!","!P Szóval te vagy a Henry, igaz? Minden tisztelet.",NEEDS_TRANSLATION,,,
zave_henry_szornyu_dolgok_PyHC,1,67,,szörnyű; dolgokat; mondanak; rólatok,1.000,1.000,Szörnyű dolgokat mondanak rólatok.,Szörnyű dolgokat mondanak rólad.,NEEDS_TRANSLATION,,,
nast_nastvane__okamzite_v_xDtS,1,67,,takarodj; vagy; szétrúgom; segged,1.000,1.000,Takarodj vagy szétrúgom a segged!,"Get out of here right now, or I'll kick your arse!",NEEDS_TRANSLATION,,,
brab_brabant_vzdy_jsi_pri_Wz4p,1,67,,toujours; restée; mes; côtés,1.000,1.000,Tu es toujours restée à mes côtés !,!P Tu es toujours resté à mes côtés !,NEEDS_TRANSLATION,,,
zave_vasko_tudni_akar_mag_uSwx,1,67,,tudni; akar; valamit; magyarországról,1.000,1.000,Tudni akar valamit Magyarországról.,!P Tudni akar Magyarországról.,NEEDS_TRANSLATION,,,
npc__npc_si_st_xxx_yewo,1,67,,ugh; francba; rosszul; vagyok,1.000,1.000,"Ugh... A francba, rosszul vagyok.","Oww... Shit, I feel rough.",NEEDS_TRANSLATION,,,
comb_mikulas_p_a_ted_si_t_etJS,1,67,german,und; jetzt; mein; freund,0.571,0.571,"Und jetzt, come try few times, mein Freund!","!P Und jetzt, come try few times, mein Freund!",NEEDS_TRANSLATION,,,
o_zi_zidovsky__vos_machst_zGjZ,1,67,,vos; makhst; mayn; fraynd,0.800,0.800,"Vos makhst du, mayn fraynd? What misfortune?","!P Vos machst du, mein Fraynd? What bad luck?",NEEDS_TRANSLATION,,,
npc__npc_si_vs_pockat_tad_RWgN,1,67,,várjunk; csak; valami; hiányzik,1.000,1.000,Várjunk csak. Valami hiányzik!,Wait… something's missing here!,NEEDS_TRANSLATION,,,
gree_obchodnik_guten_morg_1RGA,1,67,,darf; heute; morgen; sein,1.000,1.000,Was darf es heute Morgen sein?,Wie wird es heute morgen?,NEEDS_TRANSLATION,,,
comb_hejtman_f_wollen_sie_ncG1,1,67,,willst; du's; mir; zeigen,1.000,1.000,Willst du’s mir zeigen?,!P Wollen Sie es zeigen?,NEEDS_TRANSLATION,,,
lore_event_tab_hergot_to__yC0I,1,67,german,herrgot; ich; heisse; henslin,0.364,0.364,"You are telling me! Herrgot, life has been hard. Ich heiße Henslin. I am an innkeeper, but my inn has been razed to the ground.","You're telling me! Hergot, life's been hard on me. Ich heiße Henslin. I'm an innkeeper, but my inn's been razed to the ground.",NEEDS_TRANSLATION,,,
miko_showrunne_pripravte__yNnk,1,67,,zamur; dik; proda; prekidkeriben,1.000,1.000,"Zamur, dik proda prekidkeriben!","Zamure, look at these races!",NEEDS_TRANSLATION,,,
nepr_nepritel__mein_gott__Jl3O,1,66,german,mein; gott; ist; los,1.000,1.000,!P Mein Gott! Was? Was ist los?,!P Mein Gott! Was? Was ist los?,NEEDS_TRANSLATION,,,
bibr_kuman_bib_upadli_jst_Ht1T,1,66,,baromság; oltár; krachiné; pofa,1.000,1.000,"Baromság! Az oltár Krachiné, és pofa be!",Nonsense. The altar is Karachin’s and that is the end of it.,NEEDS_TRANSLATION,,,
unik_aktivita__blaha_jen__ox8y,1,66,german,blaha; bayern; mein; onkel; günther,0.200,0.333,"Blaha is idiot playing lord! I more noble than he ever be, all the way from Bayern I am! Mein Onkel, Günther, is real noble!","Blaha is idiot playing lord! I more noble than he ever be, all the way from Bayern I am! Mein Onkel, Günther, is real noble!",NEEDS_TRANSLATION,,,
bezn_npc_reagu_netter_kot_2xKD,1,66,,braver; köter; ganz; brav,1.000,1.000,Braver Köter ... ganz brav.,Netter Köter... netter.,NEEDS_TRANSLATION,,,
o_zi_kupec_tro_nun_fragen_As97,1,66,,dann; schiess; mal; los,1.000,1.000,Dann schieß mal los. What is it?,"!P Nun, fragen Sie mich. Let's hear it.",NEEDS_TRANSLATION,,,
comb_hejtman_s_klidne_ale_QoN6,1,66,german,das; ist; kein; problem,0.444,0.444,"Das ist kein Problem, but first get yourself together, you can barely walk.","!P Das ist kein problem, but first get yourself together, you can barely walk.",NEEDS_TRANSLATION,,,
comb_mikulas_p_klidne_ale_yzRY,1,66,german,das; ist; kein; problem,0.364,0.364,"Das ist kein Problem, but first pull yourself together a bit, or you drop dead here.","!P Das ist kein Problem, but first pull yourself together a bit, or you drop dead here.",NEEDS_TRANSLATION,,,
menh_menhart_z_scheise_da_02TC,1,66,german,das; ist; wirklich; gildenschwert,1.000,1.000,Das ist wirklich das Gildenschwert!,Das ist wirklich das Gildenschwert!,NEEDS_TRANSLATION,,,
npc__npc_reagu_smarja_ten_1jbD,1,66,,devla; djuklo; danderla; varekas,1.000,1.000,"Devla, o djuklo danderla varekas!","!T Devla, o djuklo danderla varekas!",NEEDS_TRANSLATION,,,
eldr_puskar_el_er_ist_wer_geI2,1,66,german,ist; wertvoll; weil; geschickt,0.500,0.500,"Er ist wertvoll, weil er geschickt ist! He’s truly very skilled...","Er ist wertvoll, weil er geschickt ist! He’s truly very skilled...",NEEDS_TRANSLATION,,,
diva_divak_bar_no_vyborne_ASJ9,1,66,hungarian,aztán; móka; tényleg; vagy,1.000,1.000,Ez az! Ez aztán jó móka! Te aztán tényleg jó vagy!,Ez az! Ez aztán jó móka! Te aztán tényleg jó vagy!,NEEDS_TRANSLATION,,,
idle_kuman_mlu_haha_tu_ru_p5Uo,1,66,hungarian,hehe; egy; kéz; nem,1.000,1.000,"Hehe, egy kéz nem kéz...","Hehe, egy kéz nem kéz...",NEEDS_TRANSLATION,,,
diva_divak_bar_kde_si_to__vRVI,1,66,czech,kde; viděl; takhle; zvorat,1.000,1.000,Kde si to viděl? Takhle to zvorat!,,NEEDS_TRANSLATION,,,
npc__npc_reagu_priste_si__AI7H,1,66,,legközeleb; pörköltet; főzök; belőled,1.000,1.000,Legközeleb pörköltet főzök belőled.,Next time I'll roast you!,NEEDS_TRANSLATION,,,
eldr_puskar_el_farar_v_gr_5Khz,1,66,german,sein; name; ist; havel,0.500,0.500,"Na ja, na ja, the priest in Grund should know. Sein Name ist Havel.","Na ja, na ja, the priest in Grund should know. Sein Name ist Havel.",NEEDS_TRANSLATION,,,
gree_obchodnik_ein_nackte_BzmD,1,66,german,nackter; kunde; auch; ein,1.000,1.000,"Nackter Kunde, auch ein Kunde!","Nackter Kunde, auch ein Kunde!",NEEDS_TRANSLATION,,,
gree_pozdrav_z_oh_nein_vo_e4I1,1,66,,neyn; vis; makhst; hir,1.000,1.000,Oh neyn... vis makhst du hir?,Oh nein... vis makhst du hier?,NEEDS_TRANSLATION,,,
npc__npc_vidi__oy_pejres__NbO3,1,66,,peyresh; ikh; fayfe; daroyf,1.000,1.000,"Oy, peyresh! Ikh fayfe daroyf.","!P Oy, Pejresh! Ich fajfe darojf.",NEEDS_TRANSLATION,,,
npc__npc_reagu_kurva_dela_znrm,1,66,,keres; sem; varekas; danderla,1.000,1.000,"Oy, so keres! Sem varekas danderla!","!T Oy, so keres! Sem varekas danderla!",NEEDS_TRANSLATION,,,
goss_gossip_v__budoucnost_hV6W,1,66,german,gott; sie; selbst; rippen,0.308,0.308,"Perhaps one day, if the future is willing. But even so, they were as beautiful as if Gott sie selbst put them there. Rippen - her ribs.","Perhaps one day, if the future is willing. But even so, they were as beautiful as if Gott selbst put them there. Rippen - her ribs.",NEEDS_TRANSLATION,,,
kost_kostky_pr_scheiss_dr_2SVx,1,66,,scheiss; drauf; verdammtes; pech,1.000,1.000,Scheiß drauf!! Verdammtes Pech.,Scheiss drauf! Verdammtes Pech.,NEEDS_TRANSLATION,,,
goss_gossip_sp_a_jo_to_mi_w8L3,1,66,german,meine; frau; hirse; buchweizen,0.364,0.364,"That is what meine Frau makes me eat. Always Hirse, Buchweizen and all these other… grains.","That is what meine Frau makes me eat. Alwas Hirse, Buchweizen and all these other… grains.",NEEDS_TRANSLATION,,,
zavo_zavodnik__wie_was_wi_f3kU,1,66,german,wie; ist; das; möglich,1.000,1.000,Was? Wie ist das möglich?,"!P Wie? Was, wie ist das möglich?",NEEDS_TRANSLATION,,,
endi_rozloucen_bis_bald_m_7udN,1,65,german,bis; bald; mein; herr,1.000,1.000,"!P Bis bald, Mein Herr!","!P Bis bald, Mein Herr!",NEEDS_TRANSLATION,,,
gree_pozdrav_z_gut_pracht_LYzL,1,65,german,gut; prächtig; mein; freund,1.000,1.000,"!P Gut, prächtig, mein Freund.","!P Gut, prächtig, mein Freund.",NEEDS_TRANSLATION,,,
gree_pozdrav_n_kannst_du__7FNT,1,65,german,kannst; nicht; waschen; schwein,1.000,1.000,"!P Kannst du nicht waschen, Schwein?!","!P Kannst du nicht waschen, Schwein?!",NEEDS_TRANSLATION,,,
gree_pozdrav_n_mein_gott__UrxS,1,65,german,mein; gott; ist; los,1.000,1.000,!P Mein Gott! Was ist los?,!P Mein Gott! Was ist los?,NEEDS_TRANSLATION,,,
gree_pozdrav_n_verdammt_w_RA6W,1,65,german,verdammt; ist; los; bettler,1.000,1.000,"!P Verdammt! Was ist los, du Bettler?","!P Verdammt! Was ist los, du Bettler?",NEEDS_TRANSLATION,,,
o_zi_rychtar_h_ale_ano_v__JejW,1,65,german,aber; hast; recht; leipa,0.375,0.500,"Aber ja, du hast recht. In the case of the Lord of Leipa, the law is on his side.","!P Aber ja, du hast Recht. In the case of the lord from Lipa, the law is on his side.",NEEDS_TRANSLATION,,,
idle_kuman_mlu_porad_krva_LO40,1,65,hungarian,csak; nem; vérzel; faszfej,1.000,1.000,"Csak nem vérzel, faszfej?","Csak nem vérzel, faszfej?",NEEDS_TRANSLATION,,,
posl_event_hla_das_ist_do_BEH9,1,65,german,das; ist; doch; blödsinn,1.000,1.000,Das ist doch Blödsinn...,,NEEDS_TRANSLATION,,,
comb_hejtman_f_das_ist_ke_uxUx,1,65,german,das; ist; kein; problem,0.400,0.400,"Das ist kein Problem, but fix yourself up a bit first, you can barely walk.","!P Das ist kein problem, but first get yourself together, you can barely walk.",NEEDS_TRANSLATION,,,
zaka_zakaznik__ein_groes__7MtT,1,65,german,ein; grosses; bier; bitte,1.000,1.000,Ein großes Bier bitte!,Ein großes Bier bitte!,NEEDS_TRANSLATION,,,
ques_quest_tip_er_ist_hie_dacB,1,65,german,ist; hier; der; festung,1.000,1.000,Er ist hier in der Festung.,Er ist hier in der Festung.,NEEDS_TRANSLATION,,,
prov_kuman_pro_tos_neceka_HjQ7,1,65,hungarian,erre; nem; számítottál; ugye,1.000,1.000,"Erre nem számítottál, ugye?","Erre nem számítottál, ugye?",NEEDS_TRANSLATION,,,
vrba_spizovaci_tohle_ti_t_qYn2,1,65,hungarian,itt; nem; fog; segíteni,1.000,1.000,Ez itt nem fog segíteni.,Ez itt nem fog segíteni.,NEEDS_TRANSLATION,,,
nase_nasel_ztr_gott_sei_d_IuOe,1,65,german,gott; sei; dank; ist,1.000,1.000,Gott sei Dank! Da ist es!,Gott sei Dank! Da ist es!,NEEDS_TRANSLATION,,,
lore_event_tab_gott_zum_g_KQoG,1,65,german,gott; zum; grusse; pilger,1.000,1.000,"Gott zum Gruße, Pilger!","Gott zum Gruße, Pilger!",NEEDS_TRANSLATION,,,
kost_kostky_pr_gutes_spie_k7KX,1,65,german,gutes; spiel; mein; freund,1.000,1.000,"Gutes Spiel, mein Freund.","Gutes Spiel, mein Freund.",NEEDS_TRANSLATION,,,
zaka_zakaznik__hallo_ich__ZCaI,1,65,german,hallo; ich; möchte; bestellen,1.000,1.000,Hallo! Ich möchte bestellen.,Hallo! Ich möchte bestellen.,NEEDS_TRANSLATION,,,
hrac_henry_ich_bin_ein_ku_7uvl,1,65,german,ich; bin; ein; kuttenberger,1.000,1.000,Ich bin ein Kuttenberger!,Ich bin ein Kuttenberger!,NEEDS_TRANSLATION,,,
situ_situace_m_ich_mochte_QibQ,1,65,german,ich; möchte; mich; beschweren,1.000,1.000,Ich möchte mich beschweren!,Ich möchte mich beschweren!,NEEDS_TRANSLATION,,,
goss_situace_z_ich_wurde__ArjE,1,65,german,ich; würde; dich; heiraten,1.000,1.000,Ich würde dich heiraten!,Ich würde dich heiraten!,NEEDS_TRANSLATION,,,
goss_lapka_mlu_jo_to_bylo_lP7f,1,65,czech,lovag; hogy; baszná; meg,1.000,1.000,"Ja, az a kurva lovag, hogy baszná meg.","Ja, az a kurva lovag, hogy baszná meg.",NEEDS_TRANSLATION,,,
reak_kuman_kom_dobry_boj__w0YE,1,65,hungarian,csata; volt; isten; tanúm,1.000,1.000,"Jó csata volt, Isten a tanúm!","Jó csata volt, Isten a tanúm!",NEEDS_TRANSLATION,,,
dial_po_souboj_nechame_to_r678,1,65,german,ich; bin; auch; müde,0.500,0.667,"Let's stop, Ich bin auch müde.","Let's stop, Ich bing auch müde.",NEEDS_TRANSLATION,,,
zaka_zakaznik__mein_gott__DBlx,1,65,german,mein; gott; ist; spät,1.000,1.000,"Mein Gott, es ist spät!","Mein Gott, es ist spät!",NEEDS_TRANSLATION,,,
krov_kostkar_k_mein_gott__qIma,1,65,german,mein; gott; ich; weinen,1.000,1.000,"Mein Gott, ich will weinen.","Mein Gott, Ich will weinen.",NEEDS_TRANSLATION,,,
hadk_event_rva_coze_co_si_foAY,1,65,hungarian,van; mit; képzelsz; fasz,1.000,1.000,"Mi van? Mit képzelsz, te fasz?","Mi van? Mit képzelsz, te fasz?",NEEDS_TRANSLATION,,,
prat_pratelsky_tak_delej__Ko20,1,65,hungarian,mit; pofázol; húzz; innen,1.000,1.000,Mit pofázol? Húzz innen!,Mit pofázol? Húzz innen!,NEEDS_TRANSLATION,,,
kuma_spizovaci_co_se_tak__pjQw,1,65,hungarian,mit; vigyorogsz; ilyen; pimaszul,1.000,1.000,Mit vigyorogsz ilyen pimaszul?,Mit vigyorogsz ilyen pimaszul?,NEEDS_TRANSLATION,,,
stal_stalker_co_mi_lezes__mcuS,1,65,hungarian,miért; zavarod; meg; álmomat,1.000,1.000,Miért zavarod meg az álmomat?,Miért zavarod meg az álmomat?,NEEDS_TRANSLATION,,,
kuma_basan_com_ne_akard_h_WXRT,1,65,czech,akard; hogy; mérges; legyek,1.000,1.000,"Ne akard, hogy mérges legyek!","Ne akard, hogy mérges legyek!",NEEDS_TRANSLATION,,,
meni_menim_si__nenechte_j_5VHC,1,65,czech,hagyjátok; hogy; meglógjanak; lőjetek,1.000,1.000,"Ne hagyjátok, hogy meglógjanak! Lőjetek!","Ne hagyjátok, hogy meglógjanak! Lőjetek!",NEEDS_TRANSLATION,,,
goss_lapka_mlu_pockej__ty_GjMj,1,65,czech,már; haja; volt; békáknak,1.000,1.000,Ne már! Haja volt a békáknak?,Ne már! Haja volt a békáknak?,NEEDS_TRANSLATION,,,
kuma_kuman_uto_nemel_jsi__abjW,1,65,hungarian,nem; kellett; volna; idejönnöd,1.000,1.000,Nem kellett volna idejönnöd!,Nem kellett volna idejönnöd!,NEEDS_TRANSLATION,,,
prat_pratelsky_nemeli_bys_IarJ,1,65,hungarian,nem; kéne; inkább; levágnunk,1.000,1.000,Nem kéne inkább levágnunk?,Nem kéne inkább levágnunk?,NEEDS_TRANSLATION,,,
proh_dlc2_stre_oh_ja_sehe_wKjt,1,65,,warst; mir; völlig; unterlegen,0.800,0.800,Oh ja! Du warst mir völlig unterlegen! That was worth it.,Oh ja! Sehen und sterben! Tohle stálo za to.,NEEDS_TRANSLATION,,,
arne_arne_nemec_tuche_z_t_vstB,1,65,hungarian,stoffe; daraus; frankfurt; mit; stoffen,0.300,0.500,Stoffe... they make clothing daraus. In Frankfurt gibt es a big trade mit Stoffen.,Stoffe... they make clothing daraus. In Frankfurt gibt es a big trade mit Stoffen.,NEEDS_TRANSLATION,,,
turn_kutnohors_ten_kouzli_mgoL,1,65,czech,ten; kouzlí; jak; perkajst,1.000,1.000,Ten kouzlí jak perkajst!,,NEEDS_TRANSLATION,,,
menh_menhart_z_do_te_doba_iCZ2,1,65,german; hungarian,gott; sei; mit; dir,0.667,0.667,"Until then, Gott sei mit dir.","Until then, Gott sei mit dir.",NEEDS_TRANSLATION,,,
pozd_sousedsky_viel_erfol_ZLN4,1,65,german,viel; erfolg; mein; freund,1.000,1.000,"Viel Erfolg, mein Freund.","Viel Erfolg, mein Freund.",NEEDS_TRANSLATION,,,
prip_zakaznik__zum_wohl_m_Axpd,1,65,german,zum; wohl; meine; freunde,1.000,1.000,"Zum Wohl, meine Freunde!","Zum wohl, meine Freunde!",NEEDS_TRANSLATION,,,
gree_pozdrav_z_du_stinkst_Y90Z,1,64,,stinkst; ziemlich; weisst; das,1.000,1.000,"!P Du stinkst ziemlich, weißt du das?","!P Du stinkst ziemlich, weißt du das?",NEEDS_TRANSLATION,,,
gree_pozdrav_n_was_willst_zSyJ,1,64,,willst; siehst; schrecklich; aus,1.000,1.000,!P Was willst du? Du siehst schrecklich aus!,!P Was willst du? Du siehst schrecklich aus!,NEEDS_TRANSLATION,,,
menh_menhart_z_a_kein_har_dHH5,1,64,german,aber; kein; harnisch; kampf,0.429,0.571,"Aber kein Harnisch! No armour, only clothing. That is the best Kampf.","Aber kein Harnisch! No armour, only clothing. That is the best Gefecht.",NEEDS_TRANSLATION,,,
lore_event_tab_bene_ambul_6gRd,1,64,italian,bene; ambula; nomine; patris,1.000,1.000,Bene ambula – in nomine patris!,Bene ambula – in nomine patris!,NEEDS_TRANSLATION,,,
turn_kutnohors_dost_kecu__81VH,1,64,,dost; keců; doprdele; boj,1.000,1.000,Dost keců doprdele! Boj! Boj!,,NEEDS_TRANSLATION,,,
svep_hrac_ehh_a_kutya_a_s_FTCi,1,64,,ehh; kutya; szádba; akarja,1.000,1.000,"Ehh, a kutya a szádba akarja?","Ehh, a kutya a szádba akarja?",NEEDS_TRANSLATION,,,
brab_ptacek_re_nechas_toh_8Ycg,1,64,,espèce; d'abruti; chien; anglais,1.000,1.000,Espèce d'abruti de chien anglais !,You idiotic brainless English dog!,NEEDS_TRANSLATION,,,
erik_erik_dost_fick_dich__sydi,1,64,german,fick; dich; ins; knie,1.000,1.000,Fick dich ins Knie!,Fick dich ins Knie!,NEEDS_TRANSLATION,,,
eich_olbert_ei_gott_segne_X0vA,1,64,german,gott; segne; dich; klaus,1.000,1.000,"Gott segne dich, Klaus!","Gott segne Dich, Klaus!",NEEDS_TRANSLATION,,,
stre_strelnice_hele_to_ne_ZtV2,1,64,polish,hele; nebylo; tak; špatný,1.000,1.000,"Hele, to nebylo tak špatný!",,NEEDS_TRANSLATION,,,
goss_lapka_mlu_bacha_na_b_pVd1,1,64,hungarian,hohó; csak; nem; lúdvércek,1.000,1.000,"Hohó, csak nem lúdvércek?","Hohó, csak nem lúdvércek?",NEEDS_TRANSLATION,,,
brab_brabant_r_tomu_je_ho_LxCz,1,64,,n'ira; plus; nulle; part,1.000,1.000,Il n'ira plus nulle part.,That's a lot ot take in.,NEEDS_TRANSLATION,,,
musa_musa_reag_inna_lilla_Tiu1,1,64,,inna; lillahi; ilayhi; raji'un,1.000,1.000,Inna lillahi wa inna ilayhi raji'un...,Inna lillahi wa inna ilayhi raji'un...,NEEDS_TRANSLATION,,,
uvod_menhart_z_spis_je_mi_0lZo,1,64,german,ich; werde; dich; bezahlen,0.400,0.400,It's rather unpleasant. Couldn't you stop by there for the sword? Ich werde dich bezahlen…,It's rather unpleasant. Couldn't you stop by there for the sword? Ich werde dich bezahlen…,NEEDS_TRANSLATION,,,
ques_quest_tip_tu_myslim__0DIQ,1,64,german,das; ist; sie; unglücklich,0.375,0.500,"Ja, das ist sie. I do not know what is wrong, but she has recently been very unglücklich.","!P Ja, das ist sie. I do not know what is wrong, but she has recently been very unglücklich...",NEEDS_TRANSLATION,,,
diva_divak_bar_jak_si_to__0OcB,1,64,czech,jak; jel; nestydíš; nešiko,1.000,1.000,"Jak si to jel, co? Že se nestydíš, ty nešiko!",,NEEDS_TRANSLATION,,,
lore_brabant_presne_jak_t_iMtq,1,64,french,monsieur; audentes; fortuna; iuvat,0.273,0.364,"Just as Monsieur Chapon says, Audentes Fortuna Iuvat! That day I was the bravest of them all and won the day!","Just as Sir Hans says, Audantes Fortuna Iuvat! That day I was the bravest of them all and won the day!",NEEDS_TRANSLATION,,,
diva_divak_bar_ja_vedel_p_WN5x,1,64,czech,věděl; proč; tebe; vsadit,1.000,1.000,Já věděl proč na tebe vsadit.,,NEEDS_TRANSLATION,,,
eldr_puskar_el_wirst_du_i_6TqC,1,64,german,mein; geselle; ist; weg,0.667,0.667,Mein Geselle ist weg. I can’t help you.,Mein Geselle ist weg. I can’t help you.,NEEDS_TRANSLATION,,,
soub_arne_nemec_pokracuju_GuyQ,1,64,hungarian,mit; der; hilfe; gottes,1.000,1.000,Mit der Hilfe Gottes…,Mit der Hilfe Gottes…,NEEDS_TRANSLATION,,,
zada_cechmistr_ani_nahodo_EkPf,1,64,german,nein; auf; keinen; fall,0.333,0.333,"Nein, auf keinen Fall! It’s all much more complicated and I still can’t believe it.","Nein, auf keinen Fall! It’s all much more complicated and I still can’t believe it.",NEEDS_TRANSLATION,,,
pred_prekupnik_nein_das_i_LC4S,1,64,german,nein; das; ist; sinnlos,1.000,1.000,"Nein, das ist sinnlos!","Nein, das ist sinnlos!",NEEDS_TRANSLATION,,,
eich_cechmistr_nichts_pas_yuyM,1,64,german,nichts; passiert; mein; bruder,0.444,0.444,"Nichts passiert, mein Bruder. Allow me to introduce our newest member, Master Henry.","Nichts passiert, mein Bruder. Allow me to introduce our newest member, Master Henry.",NEEDS_TRANSLATION,,,
brab_ptacek_re_co_blbnes__hnet,1,64,,qu'est-ce; qui; vous; prend,1.000,1.000,"Qu'est-ce qui vous prend, Henry ?",What has got into you Henry?,NEEDS_TRANSLATION,,,
dlc2_pozdrav_c_schon_dich_uPBk,1,64,german,schön; dich; sehen; gildenbruder,1.000,1.000,"Schön, dich zu sehen, Gildenbruder!","Schön, dich zu sehen, Gildenbruder!",NEEDS_TRANSLATION,,,
menh_menhart_z_pak_tu_zas_009i,1,64,hungarian,mit; der; hilfe; gottes,0.500,0.500,Then everything will be good and fair here again... mit der Hilfe Gottes.,Then everything will be good and fair here again... mit der Hilfe Gottes.,NEEDS_TRANSLATION,,,
hosp_hospodsky__und_das_i_Llft,1,64,german,und; das; ist; alles,1.000,1.000,Und das ist alles.,Und das ist alles.,NEEDS_TRANSLATION,,,
ques_quest_tip_jo_taky_se_yL5u,1,64,german,und; noch; etwas; zdimir,0.333,0.444,"Und noch etwas, Zdimir the smith finally found a new apprentice.",Und noch etwas***/And another thing. Zdimir the smith finally found a new apprentice.,NEEDS_TRANSLATION,,,
s_el_puskar_el_ja_vedel_z_ze1g,1,64,german,vielen; dank; mein; freund,0.500,0.500,"Vielen Dank, mein Freund! I knew you wouldn’t let me down, Henry!","Vielen Dank, mein Freund! I knew you wouldn’t let me down, Henry!",NEEDS_TRANSLATION,,,
menh_menhart_z_to_je_ale__5ob2,1,64,german,für; ein; schönes; schwert,1.000,1.000,Was für ein schönes Schwert...,Was für ein schönes Schwert...,NEEDS_TRANSLATION,,,
rozh_kupec_vel_tak_to_byc_GNwW,1,64,german,auf; wiedersehen; mein; freund,0.571,0.571,"Well, that’s settled, auf Wiedersehen mein Freund.","Well, that’s settled, Auf Wiedersehen mein Freund.",NEEDS_TRANSLATION,,,
vyzv_arne_nemec_wunderbar_pTRy,1,64,german,wunderbar; das; freut; uns,1.000,1.000,Wunderbar. Das freut uns.,Wunderbar. Das freut uns.,NEEDS_TRANSLATION,,,
dial_henry_ty_zenska_waru_PDNd,1,64,german,warum; looken; keine; liebe,0.500,0.667,You. Woman. Warum looken? That bad! Keine liebe!,!P You. Woman. Warum kuken? To fujvároš! Keine liebe!,NEEDS_TRANSLATION,,,
gree_pozdrav_z_gepriesen__YxW0,1,63,,gepriesen; sei; der; herr,1.000,1.000,!P Gepriesen sei der Herr!,!P Gepriesen sei der Herr!,NEEDS_TRANSLATION,,,
gree_pozdrav_z_gepriesen__YZwt,1,63,,gepriesen; sei; der; herr,1.000,1.000,"!P Gepriesen sei der Herr, Heinrich!","!P Gepriesen sei der Herr, Heinrich!",NEEDS_TRANSLATION,,,
gree_pozdrav_n_verdammt_w_bqla,1,63,,verdammt; machst; hier; nackt,1.000,1.000,!P Verdammt! Was machst du hier nackt?!,!P Verdammt! Was machst du hier nackt?!,NEEDS_TRANSLATION,,,
gree_pozdrav_z_verdammter_zdPk,1,63,,verdammter; mann; siehst; aus,1.000,1.000,"!P Verdammter Mann, du siehst aus!","!P Verdammter Mann, du siehst aus!",NEEDS_TRANSLATION,,,
gree_pozdrav_n_verdammt_w_UDOf,1,63,,pverdammt; machst; hier; nackt,1.000,1.000,!PVerdammt! Was machst du hier nackt?!,!PVerdammt! Was machst du hier nackt?!,NEEDS_TRANSLATION,,,
endi_rozloucen_dzan_devle_9Om9,1,63,,džan; devleha; lačhi; rat,1.000,1.000,!T Džan Devleha! Lačhi rat!,!T Džan Devleha! Lačhi rat!,NEEDS_TRANSLATION,,,
reak_kuman_kom_diky_diky__VdKK,1,63,,déli; szélre; mondom; köszönöm,1.000,1.000,"A déli szélre mondom, köszönöm.","A déli szélre mondom, köszönöm.",NEEDS_TRANSLATION,,,
zasa_obet_reag_doprdele_v_hfTy,1,63,,faszomba; meg; honnan; jött,1.000,1.000,"A faszomba, ez meg honnan jött?","A faszomba, ez meg honnan jött?",NEEDS_TRANSLATION,,,
utrz_kuman_dos_do_rititak_9WtE,1,63,,francba; dögölj; már; meg,1.000,1.000,A francba... dögölj már meg...,A francba... dögölj már meg...,NEEDS_TRANSLATION,,,
utrz_kuman_dos_muj_kun_te_fWNh,1,63,,lovam; széjjel; kúr; téged,1.000,1.000,A lovam széjjel kúr téged!,A lovam széjjel kúr téged!,NEEDS_TRANSLATION,,,
utik_utikam_z__kurva_to_b_zDB0,1,63,,picsába; baszki; vér; szarok,1.000,1.000,"A picsába... baszki, vér! Szarok rá.","A picsába... baszki, vér! Szarok rá.",NEEDS_TRANSLATION,,,
rozh_kupec_vel_hm_ale_jo__ymWP,1,63,german,aber; das; ergibt; sinn,0.364,0.364,"Aber ja, das ergibt Sinn! Tell you what, Blacksmith, look around here and I’ll think it over.","Aber ja, das ergibt Sinn! Tell you what, Blacksmith, look around here and I’ll think it over.",NEEDS_TRANSLATION,,,
arne_arne_nemec_jenze_men_UNsx,1,63,german,aber; menhard; mir; und,0.333,0.667,Aber Menhard stand zu mir und helped mir.,!P Aber Menhard stand mir bei und helped mir.,NEEDS_TRANSLATION,,,
utik_utikam_z__ahhh_zasra_UiVo,1,63,,ahhh; bassza; meg; jaj,1.000,1.000,"Ahhh... bassza meg! Jaj, ne!","Ahhh... bassza meg! Jaj, ne!",NEEDS_TRANSLATION,,,
idle_kuman_mlu_sotva_stoj_RMPD,1,63,,alig; állsz; lábadon; szaros,1.000,1.000,"Alig állsz a lábadon, te szaros!","Alig állsz a lábadon, te szaros!",NEEDS_TRANSLATION,,,
stre_strelnice_vy_ste_mi__cula,1,63,,arréb; tettétek; céltáblát; ismerjétek,1.000,1.000,"Arréb tettétek a céltáblát, ismerjétek be!","Arréb tettétek a céltáblát, ismerjétek be!",NEEDS_TRANSLATION,,,
goss_uhersky_v_ale_to_ner_ElPH,1,63,,attól; még; adósságod; megmarad,1.000,1.000,Attól még az adósságod megmarad!,Attól még az adósságod megmarad!,NEEDS_TRANSLATION,,,
bark_kuman_na__pri_vsech__zm3D,1,63,,összes; démonokra; dögölj; meg,1.000,1.000,"Az összes démonokra, dögölj meg!","Az összes démonokra, dögölj meg!",NEEDS_TRANSLATION,,,
reak_reakce_na_at_tam_pak_BoQp,1,63,,tam; pak; nikdo; neuklouzne,1.000,1.000,Ať tam pak nikdo neuklouzne!,,NEEDS_TRANSLATION,,,
gree_pozdrav_z_bachtali_d_M7ey,1,63,,bachtáli; detehárin; kaj; džas,1.000,1.000,Bachtáli detehárin! Kaj džas?,,NEEDS_TRANSLATION,,,
s_me_oswald_to_beruhige_s_aAVi,1,63,german,beruhige; dich; herr; albich,0.250,0.333,"Beruhige dich. I know everything, Herr Albich the physician is already upstairs preparing all that is necessary.","!P Beruhige Sie sich. I know everything, Herr Albich Medicus is already upstairs preparing all that is necessary.",NEEDS_TRANSLATION,,,
gree_obchodnik_betrunken__ACTG,1,63,,betrunken; oder; schon; verkatert,1.000,1.000,Betrunken oder schon verkatert?,Betrunken oder schon verkatert?,NEEDS_TRANSLATION,,,
louc_zena_such_buh_nas_op_PcAK,1,63,,bůh; nás; opatruj; všechny,1.000,1.000,Bůh nás opatruj všechny.,,NEEDS_TRANSLATION,,,
ptac_ptacek_ml_jak_ja_nes_pQm6,1,63,,comme; déteste; les; paysans,1.000,1.000,Comme je déteste les paysans!,Comme je déteste les paysans!,NEEDS_TRANSLATION,,,
reak_kuman_kom_a_to_bylo__z9pu,1,63,,csak; ennyi; volt; juhééé,1.000,1.000,Csak ennyi volt? Juhééé!,Csak ennyi volt? Juhééé!,NEEDS_TRANSLATION,,,
vrac_kradene_z_ok_nevadi__TLtG,1,63,german,kann; man; nichts; machen,0.364,0.364,Da kann man nichts machen... I will have to tell the bailiff. Maybe his people will have more luck than you.,Da kann man nichts machen... I will have to tell the bailiff. Maybe his people will have more luck than you.,NEEDS_TRANSLATION,,,
inga_menhart_z_stimmt_slo_zHvJ,1,63,german,das; stimmt; vertrau; mir,0.444,0.444,"Das stimmt! The king gave us his word and this is not over yet, vertrau mir!","Das stimmt! The king gave us his word and this is not over yet, vertrau mir!",NEEDS_TRANSLATION,,,
goss_lapka_mlu_dal_bych_s_WSFT,1,63,,ennék; egy; kis; húst,1.000,1.000,De ennék egy kis húst.,De ennék egy kis húst.,NEEDS_TRANSLATION,,,
gree_pozdrav_z_devla_miro_bTVW,1,63,,devla; miro; rodes; gadžo,1.000,1.000,"Devla miro! So rodes, gadžo?",,NEEDS_TRANSLATION,,,
zada_cechmistr_du_hast_mu_oVmu,1,63,german,hast; mumm; mein; freund,0.800,0.800,"Du hast Mumm! But be careful, mein Freund!","Du hast Mumm! But be careful, mein Freund!",NEEDS_TRANSLATION,,,
gree_pozdrav_z_eh_na_pal__8TLH,1,63,,pal; soste; džal; dilino,1.000,1.000,"Eh na... Pal soste džal, dilino?",,NEEDS_TRANSLATION,,,
gree_pozdrav_z_eh_vos_glo_eaj7,1,63,,vos; glots; ben; zoyne,1.000,1.000,"Eh... Vos glots du, ben zoyne?","Eh... Vos glots du, ben zoyne?",NEEDS_TRANSLATION,,,
cech_cechmistr_es_ist_ein_95ox,1,63,german,ist; eine; grossartige; gelegenheit,0.308,0.308,"Es ist eine großartige Gelegenheit! Clear your head, meet new people, and if you like, you can even place a wager.","Es ist eine großartige Gelegenheit! Clear your head, meet new people, and if you like, you can even place a wager.",NEEDS_TRANSLATION,,,
menh_menhart_z_me_tez_ale_fNEd,1,63,german,tut; mir; auch; leid,0.571,0.571,Es tut mir auch leid... But there is no use complaining now.,Es tut mir auch leid...  But there is no use complaining now.,NEEDS_TRANSLATION,,,
reak_kuman_kom_nemel_sanc_tg6q,1,63,,esélyed; sem; volt; faszszopó,1.000,1.000,"Esélyed sem volt, te faszszopó!","Esélyed sem volt, te faszszopó!",NEEDS_TRANSLATION,,,
zakl_hrac_et_dimitte_nobi_EApM,1,63,,dimitte; nobis; debita; nostra,1.000,1.000,Et dimitte nobis debita nostra.,Et dimitte nobis debita nostra.,NEEDS_TRANSLATION,,,
eldr_puskar_el_findest_du_jJoS,1,63,german,findest; ihn; für; mich,1.000,1.000,Findest du ihn für mich?,Findest du ihn für mich?,NEEDS_TRANSLATION,,,
svep_svepomoc__fizess_vag_FWTb,1,63,,fizess; vagy; túróba; vagdallak,1.000,1.000,"Fizess, vagy túróba vagdallak!","Fizess, vagy túróba vagdallak!",NEEDS_TRANSLATION,,,
kuma_spizovaci_zmlknete_n_nWO1,1,63,,fogjátok; vagy; eltöröm; lábatok,1.000,1.000,"Fogjátok be, vagy eltöröm a lábatok.","Fogjátok be, vagy eltöröm a lábatok.",NEEDS_TRANSLATION,,,
gree_pozdrav_m_gepriesen__up5G,1,63,,gepriesen; sei; der; herr,1.000,1.000,"Gepriesen sei der Herr, Heinrich!","Gepriesen sei der Herr, Heinrich!",NEEDS_TRANSLATION,,,
fano_ztracena__no_tak_chc_F6tT,1,63,,gyerünk; vért; akarok; látni,1.000,1.000,"Gyerünk, vért akarok látni!","Gyerünk, vért akarok látni!",NEEDS_TRANSLATION,,,
frid_menhart_z_ehrliche_d_6LgU,1,63,,hab; vielen; dank; fridusch,0.750,1.000,"Hab vielen Dank, Fridusch.",!P Ehrliche Danke Fridusch.,NEEDS_TRANSLATION,,,
stal_stalker_nech_me_plan_R1km,1,63,,hagyj; már; esküvőm; tervezgetem,1.000,1.000,"Hagyj már, az esküvőm tervezgetem.","Hagyj már, az esküvőm tervezgetem.",NEEDS_TRANSLATION,,,
poda_kuman_kom_zer_hlinu__lvc3,1,63,,harapj; egy; kis; füvet,1.000,1.000,Harapj egy kis füvet!,Harapj egy kis füvet!,NEEDS_TRANSLATION,,,
prat_pratelsky_hmm_smrdis_NQhQ,1,63,,hmm; tele; lehet; erszénye,1.000,1.000,"Hmm, tele lehet az erszénye!","Hmm, tele lehet az erszénye!",NEEDS_TRANSLATION,,,
sam__samuel_hmm_maj_to_ta_ddLe,1,63,german,hmm; ist; wirklich; schön,0.750,1.000,Hmm… es ist wirklich schön in here.,!P Hmmm… wirklich schön in here.,NEEDS_TRANSLATION,,,
diva_divak_kom_joho_treti_Nh75,1,63,,hohó; három; egymás; után,1.000,1.000,"Hohó, három egymás után!","Hohó, három egymás után!",NEEDS_TRANSLATION,,,
odmi_npc_neakc_nejdriv_va_bmbt,1,63,,huh; van; többi; disznóval,1.000,1.000,"Huh, és mi van a többi disznóval?!","Huh, és mi van a többi disznóval?!",NEEDS_TRANSLATION,,,
opon_kuman_kom_tak_to_bys_95V2,1,63,,hát; akkor; ennyi; volna,1.000,1.000,Hát akkor ennyi volna.,Hát akkor ennyi volna.,NEEDS_TRANSLATION,,,
goss_lapka_mlu_no_jako_po_DAHC,1,63,,hát; lent; föld; alatt,1.000,1.000,"Hát lent, a föld alatt.","Hát lent, a föld alatt.",NEEDS_TRANSLATION,,,
goss_uhersky_v_no_prej_du_YNSM,1,63,,hát; állítólag; nyomatékosan; követelte,1.000,1.000,Hát állítólag nyomatékosan követelte...,Hát állítólag nyomatékosan követelte...,NEEDS_TRANSLATION,,,
prat_pratelsky_hej_votoc__OcMl,1,63,,fordítsd; meg; kancád; tűnés,1.000,1.000,"Hé! Fordítsd meg a kancád, és tűnés!","Hé! Fordítsd meg a kancád, és tűnés!",NEEDS_TRANSLATION,,,
prat_pratelsky_hej_ty_na__LEWQ,1,63,,ott; lovon; húzz; innen,1.000,1.000,"Hé, te ott a lovon! Húzz el innen!","Hé, te ott a lovon! Húzz el innen!",NEEDS_TRANSLATION,,,
nepr_kuman_nep_tahni_pse__HaaJ,1,63,,húzz; innen; kibaszott; kutya,1.000,1.000,"Húzz innen, te kibaszott kutya!","Húzz innen, te kibaszott kutya!",NEEDS_TRANSLATION,,,
opti_rychtar_p_ja_ich_hab_1mIO,1,63,german,ich; hab; ihn; verhaftet,0.333,0.333,"Ja, ich hab ihn verhaftet. Right piece of work, that one. Had a fair few crimes on his head.","Ja, ich hab ihn verhaftet. Right piece of work, that one. Had a fair few crimes on his head.",NEEDS_TRANSLATION,,,
utik_utikam_z__dobre_vzda_vkAx,1,63,,jól; van; megadom; magam,1.000,1.000,Jól van! Megadom magam!,Jól van! Megadom magam!,NEEDS_TRANSLATION,,,
fano_ztracena__do_nej_pan_cmSD,1,63,,kapd; őket; garbow; büszkesége,1.000,1.000,"Kapd el őket, Garbow büszkesége!","Kapd el őket, Garbow büszkesége!",NEEDS_TRANSLATION,,,
reak_kutnohors_kdybys_rad_5XVM,1,63,,kdybys; radši; doma; seděl,1.000,1.000,Kdybys radši doma seděl!,,NEEDS_TRANSLATION,,,
idle_kuman_mlu_dva_na_jed_NRZj,1,63,,kettő; egy; ellen; kutyák,1.000,1.000,"Kettő az egy ellen, kutyák?!","Kettő az egy ellen, kutyák?!",NEEDS_TRANSLATION,,,
opon_kuman_kom_kdo_dalsi__qQKU,1,63,,akar; még; sírra; pisálni,1.000,1.000,Ki akar még sírra pisálni?,Ki akar még sírra pisálni?,NEEDS_TRANSLATION,,,
prov_kuman_pro_se_mnou_si_RHUE,1,63,,kár; volt; belém; kötnöd,1.000,1.000,Kár volt belém kötnöd...,Kár volt belém kötnöd...,NEEDS_TRANSLATION,,,
spol_spolubojo_sam_to_nez_emdG,1,63,,kéne; egy; kis; segítség,1.000,1.000,Kéne egy kis segítség!,Kéne egy kis segítség!,NEEDS_TRANSLATION,,,
meni_menim_si__jsou_blizk_g998,1,63,,közel; vannak; üssétek; őket,1.000,1.000,Közel vannak! Üssétek őket!,Közel vannak! Üssétek őket!,NEEDS_TRANSLATION,,,
bff__brabant_z_poteseni_n_Er2C,1,63,,plaisir; est; pour; moi,1.000,1.000,Le plaisir est pour moi.,Le plaisir est pour moi.,NEEDS_TRANSLATION,,,
zada_henry_vlastne_ti_to__G0vS,1,63,german,leider; ist; das; nutzlos,0.800,0.800,Leider ist das nutzlos... We do not need this.,Leider ist das nutzlos... We do not need this.,NEEDS_TRANSLATION,,,
kuma_kuman_uto_placeholde_rd2p,1,63,,majd; móresre; tanítalak; rohadék,1.000,1.000,"Majd én móresre tanítalak, te rohadék!","Majd én móresre tanítalak, te rohadék!",NEEDS_TRANSLATION,,,
stre_strelnice_zase_jen_d_NWSs,1,63,,megint; csak; két; pont,1.000,1.000,Megint csak két pont?,Megint csak két pont?,NEEDS_TRANSLATION,,,
nekd_nekdo_si__prasiva_sv_du6d,1,63,,mocskos; disznó; csak; gyertek,1.000,1.000,Mocskos disznó! Csak gyertek!,Mocskos disznó! Csak gyertek!,NEEDS_TRANSLATION,,,
opon_oponentov_ted_ses_mr_gazQ,1,63,,most; már; halott; vagy,1.000,1.000,Most már halott vagy!,Most már halott vagy!,NEEDS_TRANSLATION,,,
stre_strelnice_zase_jen_n_kFOP,1,63,,már; megint; csak; széle,1.000,1.000,Már megint csak a széle!,Már megint csak a széle!,NEEDS_TRANSLATION,,,
prat_pratelsky_zase_ty_zm_gNQW,1,63,,már; megint; takarodj; innen,1.000,1.000,Már megint te?! Takarodj innen!,Már megint te?! Takarodj innen!,NEEDS_TRANSLATION,,,
nepr_kuman_kom_kam_si_mys_jQOK,1,63,,mégis; hová; mész; kinyírlak,1.000,1.000,"Mégis, hová mész? Kinyírlak!","Mégis, hová mész? Kinyírlak!",NEEDS_TRANSLATION,,,
prat_pratelsky_je_te_skod_s6Rd,1,63,,nagy; kár; érted; cimbora,1.000,1.000,"Nagy kár érted, cimbora.","Nagy kár érted, cimbora.",NEEDS_TRANSLATION,,,
hadk_event_rva_nemluv_na__y2hg,1,63,czech,pofázz; nekem; büdös; szád,1.000,1.000,"Ne pofázz nekem, büdös a szád!","Ne pofázz nekem, büdös a szád!",NEEDS_TRANSLATION,,,
s_he_rychtar_m_ani_ne_tak_l3OI,1,63,german,nicht; sehr; auf; ihn,0.571,0.571,"Nicht so sehr auf ihn, more on the book he stole.","Nicht so sehr auf ihn, more on the book he stole.",NEEDS_TRANSLATION,,,
turn_kutnohors_nikdo_na_t_NcnF,1,63,,nikdo; tebe; nemá; joooo,1.000,1.000,Nikdo na tebe nemá! Joooo!,,NEEDS_TRANSLATION,,,
menh_menhart_z_normalne_n_foS2,1,63,german,normalerweise; nicht; sind; normal,0.400,0.800,"No, normalerweise nicht, but things in Kuttenberg sind nicht normal.","!P No, normalerweise, but keine normal things in Kuttenberg.",NEEDS_TRANSLATION,,,
gree_pozdrav_z_pal_soste__b97V,1,63,,pal; soste; džal; degešis,1.000,1.000,"Pal soste džal, degešis?",,NEEDS_TRANSLATION,,,
gree_pozdrav_m_pal_soste__r2nI,1,63,,pal; soste; jal; goro,1.000,1.000,"Pal soste jal, goro?","Pal soste jal, goro?",NEEDS_TRANSLATION,,,
bohu_bohuta_npc_pax_bonum_9h8m,1,63,latin,requiem; æternam; dona; domine,1.000,1.000,"Requiem æternam dona ei, Domine...","Requiem æternam dona ei, Domine...",NEEDS_TRANSLATION,,,
voja_jostuv_vo_samy_kravi_veXR,1,63,,samý; kraviny; maj; sebe,1.000,1.000,Samý kraviny maj u sebe. Kurva.,,NEEDS_TRANSLATION,,,
gree_pozdrav_m_sar_tuke_d_1i1w,1,63,,sar; tuke; džal; goro,1.000,1.000,"Sar tuke džal, goro?",,NEEDS_TRANSLATION,,,
idle_soldier_m_scheiss_au_DlnI,1,63,czech; german; slovak,scheiss; auf; den,1.000,1.000,Scheiß auf den Scheiß!,!P Scheiss auf den Scheiss!,NEEDS_TRANSLATION,,,
dlc2_pozdrav_m_schon_sie__V81M,1,63,,schön; sie; sehen; schmied,1.000,1.000,"Schön, Sie zu sehen, Schmied!",,NEEDS_TRANSLATION,,,
zada_kradene_z_sehr_gut_a_XzWC,1,63,german,sehr; gut; mein; freund,0.500,0.500,"Sehr gut, but take care and use your head, mein Freund!","Sehr gut, but take care and use your head, mein Freund!",NEEDS_TRANSLATION,,,
kupec_poslednib_tedy_dobr_qNVf,1,63,german,sehr; gut; junger; mann,0.667,0.667,"Sehr gut, let it be as you wish, junger Mann.","Sehr gut, let it be as you wish, junger Mann.",NEEDS_TRANSLATION,,,
pass_event_rva_seid_still_sjUJ,1,63,,seid; still; ihr; dummköpfe,1.000,1.000,"Seid still, ihr Dummköpfe!","Seid still, ihr Dummköpfe!",NEEDS_TRANSLATION,,,
svep_svepomoc__sok_baj_va_htPI,1,63,,sok; baj; van; veled,1.000,1.000,Sok baj van veled!,Sok baj van veled!,NEEDS_TRANSLATION,,,
stre_strelnice_tak_kurva__bo66,1,63,,találd; már; baszd; meg,1.000,1.000,"Találd már el, baszd meg!","Találd már el, baszd meg!",NEEDS_TRANSLATION,,,
prat_pratelsky_nech_si_ty_LGGA,1,63,,tartsd; meg; hülyeségeidet; tűnj,1.000,1.000,Tartsd meg hülyeségeidet és tűnj el!,Tartsd meg hülyeségeidet és tűnj el!,NEEDS_TRANSLATION,,,
opon_kuman_kom_kurva_chce_KB71,1,63,,akarod; szopni; erlik; farkát,1.000,1.000,Te is le akarod szopni Erlik farkát!,Te is le akarod szopni Erlik farkát!,NEEDS_TRANSLATION,,,
reak_kuman_kom_u_tengriho_3P8q,1,63,,tengri; szemöldökére; kész; van,1.000,1.000,"Tengri szemöldökére, kész van!","Tengri szemöldökére, kész van!",NEEDS_TRANSLATION,,,
zada_kradene_z_je_videt_z_ER9j,1,63,german,vielen; dank; mein; freund,0.444,0.444,"They will hardly believe it at the guild, how swiftly you handled it. Vielen Dank, mein Freund!","They will hardly believe it at the guild, how swiftly you handled it. Vielen Dank, mein Freund!",NEEDS_TRANSLATION,,,
turn_kutnohors_to_i_svyho_EIG4,1,63,,svýho; starýho; biju; víc,1.000,1.000,To i svýho starýho biju víc!,,NEEDS_TRANSLATION,,,
npc__kuman_se__je_nas_vic_9x9I,1,63,,többen; vagyunk; esélye; sincs,1.000,1.000,"Többen vagyunk, esélye sincs!","Többen vagyunk, esélye sincs!",NEEDS_TRANSLATION,,,
pohr_aranka_na_zurnav_ame_HMHP,1,63,,ľidja; amen; andro; bini,0.750,1.000,"U ma ľidja amen andro bini,","!P Na zurnav amen, numa skipisar amen katar o hitro.",NEEDS_TRANSLATION,,,
reak_kuman_kom_uch_neceka_qrlF,1,63,,váratlanul; kemény; volt; fattyú,1.000,1.000,"Uh, váratlanul kemény volt a fattyú.","Uh, váratlanul kemény volt a fattyú.",NEEDS_TRANSLATION,,,
menh_menhart_z_schon_ihn__rsNo,1,63,,verschone; ihn; nicht; arne,1.000,1.000,"Verschone ihn nicht, Arne!","Verschone ihn nicht, Arne!",NEEDS_TRANSLATION,,,
menh_menhart_z_dobra_tedy_0DCj,1,63,german,der; eid; nicht; war,0.364,0.364,"Very well, we will leave out... der Eid... the oath. But it will stay between us two, nicht war?","Very well, we will leave out... der Eid... the oath. But it will stay between us two, nicht war?",NEEDS_TRANSLATION,,,
turn_kutnohors_vypadni_ch_SroR,1,63,,vypadni; chcem; další; souboj,1.000,1.000,Vypadni! Chcem další souboj!,,NEEDS_TRANSLATION,,,
rozh_janka_od__proc_bych__XSEJ,1,63,german,warum; sollte; ich; das,0.400,0.400,"Warum sollte ich das? My husband brought him in, lodged him, and in the end, I got the scene for it!","Warum sollte ich das? My husband brought him in, lodged him, and in the end, I got the scene for it!",NEEDS_TRANSLATION,,,
odev_cechmistr_dobre_zes__U8jr,1,63,german,vielen; dank; junger; mann,0.500,0.500,"Well, at least you recovered the goods, vielen Dank, junger Mann!","Well, at least you recovered the goods, Vielen Dank, junger Mann!",NEEDS_TRANSLATION,,,
fals_henry_co_treba_mens__LNYU,1,63,,mens; sana; corpore; sano,0.800,0.800,What about... “Mens sana in corpore sano.”,What about... “Mens sana in corpore sano.”,NEEDS_TRANSLATION,,,
prat_pratelsky_vyzen_ho_n_cYtE,1,63,,zavard; vagy; szétverem; pofáját,1.000,1.000,"Zavard el, vagy szétverem a pofáját!","Zavard el, vagy szétverem a pofáját!",NEEDS_TRANSLATION,,,
stre_strelnice_a_zas_jen__yJuV,1,63,,megint; csak; két; pont,1.000,1.000,És megint csak két pont...,És megint csak két pont...,NEEDS_TRANSLATION,,,
stre_strelnice_a_dalsi_sl_lpe6,1,63,,még; egy; szép; találat,1.000,1.000,És még egy szép találat!,És még egy szép találat!,NEEDS_TRANSLATION,,,
stre_strelnice_takhle_se__p7Tl,1,63,,így; kell; ezt; csinálni,1.000,1.000,Így kell ezt csinálni!,Így kell ezt csinálni!,NEEDS_TRANSLATION,,,
diva_divak_bar_andre_bul__7Auk,1,62,,andre; bul; djas; gadjo,1.000,1.000,"!T Andre bul te djas, gadjo!","!T Andre bul te djas, gadjo!",NEEDS_TRANSLATION,,,
goss_lapka_mlu_koukam_ze__XgfM,1,62,,akkor; ezt; tőlük; örökölted,1.000,1.000,Akkor ezt tőlük örökölted.,Akkor ezt tőlük örökölted.,NEEDS_TRANSLATION,,,
diva_divak_bar_andre_bul__1Qis,1,62,,andre; bul; džas; gádžo,1.000,1.000,"Andre bul te džas, gádžo!",,NEEDS_TRANSLATION,,,
ryti_poustevni_ave_maria__sir8,1,62,,ave; maria; gratia; plena,1.000,1.000,"Ave, Maria, gratia plena.","Ave, Maria, gratia plena.",NEEDS_TRANSLATION,,,
kuma_opily_kum_azok_a_kut_V30f,1,62,,azok; kutyák; rossz; jel,1.000,1.000,Azok a kutyák... ez rossz jel!,Azok a kutyák... ez rossz jel!,NEEDS_TRANSLATION,,,
druh_vasko_azt_mondja_o_u_s4oE,1,62,,azt; mondja; úszik; legjobban,1.000,1.000,"Azt mondja, ő úszik a legjobban.","Azt mondja, ő úszik a legjobban.",NEEDS_TRANSLATION,,,
zave_vasko_nejak_se_zivit_dfYb,1,62,,baszd; meg; összes; királyt,1.000,1.000,Baszd meg az összes királyt!,Baszd meg az összes királyt!,NEEDS_TRANSLATION,,,
incl_rytir_kon_benedictio_qqrS,1,62,,benedictio; domini; sit; tecum,1.000,1.000,Benedictio Domini sit tecum.,Benedictio Domini sit tecum.,NEEDS_TRANSLATION,,,
opil_kuman_si__barki_aki__EOLp,1,62,,bárki; aki; tegnap; élt,1.000,1.000,"Bárki, aki tegnap élt,","Bárki, aki tegnap élt,",NEEDS_TRANSLATION,,,
dial_brabant_smutna_le_hi_cgcp,1,62,,c'est; une; triste; histoire,1.000,1.000,C'est une triste histoire...,C'est une triste histoire...,NEEDS_TRANSLATION,,,
nepr_kuman_kom_heeeej_jes_aXDp,1,62,,chickenshit; we're; done; yet,1.000,1.000,Chickenshit! We're not done yet!,Chickenshit! We're not done yet!,NEEDS_TRANSLATION,,,
menh_menhart_z_glaub_mir__nBYD,1,62,,doch; glaub; mir; verdammt,1.000,1.000,"Doch! Glaub mir, verdammt!","Doch! Glaub mir, verdammt!",NEEDS_TRANSLATION,,,
bark_event_tab_du_bist_be_RFpB,1,62,,bist; besser; als; ich,1.000,1.000,Du bist besser als ich.,Du bist besser als ich.,NEEDS_TRANSLATION,,,
o_zi_aranka_eh_so_hin_cac_ug8F,1,62,,hin; chachipen; andro; dzhivipen,1.000,1.000,"Eh, so hin chachipen andro dzhivipen?","Eh, so hin chachipen andro dzhivipen?",NEEDS_TRANSLATION,,,
poly_vasko_elobb_tudj_azt_Rw9f,1,62,,előbb; tudj; aztán; ítélj,1.000,1.000,"Előbb tudj, aztán ítélj.","Előbb tudj, aztán ítélj.",NEEDS_TRANSLATION,,,
meni_menim_si__neuteces_5bck,1,62,hungarian,előlem; nem; lépsz; meg,1.000,1.000,Előlem nem lépsz meg,Előlem nem lépsz meg,NEEDS_TRANSLATION,,,
dark_event_tab_ez_az_orsz_HvZv,1,62,,ország; tele; van; bolondokkal,1.000,1.000,Ez az ország tele van bolondokkal.,Ez az ország tele van bolondokkal.,NEEDS_TRANSLATION,,,
rozh_rytir_kon_benedictio_9jMP,1,62,,benedictio; domini; sit; tecum,0.800,0.800,Farewell. Benedictio Domini sit tecum.,Farewell. Benedictio Domini sit tecum.,NEEDS_TRANSLATION,,,
prov_kuman_pro_podriznu_te_sWpv,1,62,,felaprítlak; mint; egy; csirkét,1.000,1.000,"Felaprítlak, mint egy csirkét!","Felaprítlak, mint egy csirkét!",NEEDS_TRANSLATION,,,
veli_spizovaci_chlapi_sba_tl5c,1,62,,fiúk; csomagoljatok; hamarosan; indulunk,1.000,1.000,Fiúk! Csomagoljatok! Hamarosan indulunk!,Fiúk! Csomagoljatok! Hamarosan indulunk!,NEEDS_TRANSLATION,,,
prat_pratelsky_vem_si_toh_80ka,1,62,,fogd; azt; lovat; tűnj,1.000,1.000,Fogd azt a lovat és tűnj el!,Fogd azt a lovat és tűnj el!,NEEDS_TRANSLATION,,,
prov_soldier_u_fur_den_an_UJb1,1,62,czech; german; slovak,für; den; anfang,1.000,1.000,Für den Anfang ...,!P Für den Anfang...,NEEDS_TRANSLATION,,,
vrac_kradene_z_vyborne_sk_jyQg,1,62,german,gut; gemacht; mein; freund,0.667,0.667,"Gut gemacht! I am glad you can be relied on, mein Freund.","Gut gemacht! I am glad you can be relied on, mein Freund.",NEEDS_TRANSLATION,,,
goss_lapka_mlu_slysel_si__2BvI,1,62,,hallottad; éjjel; azokat; hangokat,1.000,1.000,Hallottad éjjel azokat a hangokat?,Hallottad éjjel azokat a hangokat?,NEEDS_TRANSLATION,,,
o_zi_kocovnik__co_by_rom__WM7O,1,62,romani,rom; romeha; gadjo; gadjeha,0.500,1.000,"How…? Rom romeha, gadjo gadjeha.","!T What… Rom romeha, gadjo gadjeha.",NEEDS_TRANSLATION,,,
goss_gossip_v__no_to_ja_z_Oequ,1,62,german,ein; hund; meine; frau,0.333,0.444,"I know how it is, and I do not even have ein Hund. Meine Frau gives me enough trouble.","Well I know all about that, and I don't even have a hund at home. Meine frau is more than enough.",NEEDS_TRANSLATION,,,
npc__npc_patra_ja_te_najd_t2eN,1,62,german,ich; habe; genug; zeit,0.667,0.667,I'll find you! Ich habe genug Zeit!,I'll find you! Ich habe genug Zeit!,NEEDS_TRANSLATION,,,
nepr_kuman_kom_tohle_neni_jlTZ,1,62,,i'm; finished; yet; stop,1.000,1.000,I'm not finished yet! Stop!,I'm not finished yet! Stop!,NEEDS_TRANSLATION,,,
menh_menhart_z_s_vsYP,1,62,german,ich; bin; ein; meisterfechter,0.571,0.571,Ich bin ein Meisterfechter! I give you my word of honour!,Ich bin ein Meisterfechter! I give you my word of honour!,NEEDS_TRANSLATION,,,
cin__legatuv_m_il_cibo_da_KnhL,1,62,,cibo; queste; parti; cagare,1.000,1.000,Il cibo da queste parti fa un po’... cagare.,Il cibo da queste parti fa un po'... cagare.,NEEDS_TRANSLATION,,,
cin__opat_jan__immenso_se_J4VC,1,62,,imménso; semper; prosecútus; amóre,1.000,1.000,"imménso semper es prosecútus amóre,","imménso semper es prosecútus amóre,",NEEDS_TRANSLATION,,,
cin__opat_jan__in_requiem_eB0I,1,62,,réquiem; íngredi; iúbeas; sempitérnam,1.000,1.000,in réquiem íngredi iúbeas sempitérnam.,in réquiem íngredi iúbeas sempitérnam.,NEEDS_TRANSLATION,,,
turn_kutnohors_pekne_to_p_P6jd,1,62,,let's; see; nice; fencing,1.000,1.000,Let's see some nice fencing!,Let's see some nice fencing!,NEEDS_TRANSLATION,,,
goss_lapka_mlu_dneska_se__kYIu,1,62,,iszonyú; fura; álmom; volt,1.000,1.000,Ma iszonyú fura álmom volt.,Ma iszonyú fura álmom volt.,NEEDS_TRANSLATION,,,
dial_stalker_co_laska_du__Bbor,1,62,,szerelem; szerelmes; vagy; bele,1.000,1.000,"Mi, szerelem? Du? Szerelmes vagy bele!","Mi, szerelem? Du? Szerelmes vagy bele!",NEEDS_TRANSLATION,,,
dark_event_tab_micsoda_mi_QRLJ,1,62,,micsoda; mire; akarsz; kilyukadni,1.000,1.000,Micsoda? Mire akarsz kilyukadni?,Micsoda? Mire akarsz kilyukadni?,NEEDS_TRANSLATION,,,
vajd_vajda_mizerere_tuke__u1Fi,1,62,,mizerere; tuke; pro; yandre,1.000,1.000,Mizerere tuke pro yandre!,Mizerere tuke pro yandre!,NEEDS_TRANSLATION,,,
cin__menhart_z_well_well__m2SF,1,62,,haben; wir; denn; hier,1.000,1.000,"Na, was haben wir denn hier?","Na, was haben wir denn hier?",NEEDS_TRANSLATION,,,
cin__opat_jan__neque_dolo_cL52,1,62,,neque; dolor; erit; ultra,1.000,1.000,"neque dolor erit ultra,","neque dolor erit ultra,",NEEDS_TRANSLATION,,,
stre_strelnice_nevadi_pri_Bms2,1,62,,nevadí; příště; trefim; líp,1.000,1.000,"Nevadí, příště se trefim líp!",,NEEDS_TRANSLATION,,,
reak_kutnohors_haviri_to__7G8F,1,62,,none; finer; than; miner,1.000,1.000,None is finer than a miner!,None is finer than a miner!,NEEDS_TRANSLATION,,,
gree_pozdrav_z_teda_jindr_2BLo,1,62,,now; bath; wouldn't; hurt,1.000,1.000,"Now Henry, a bath wouldn't hurt you!","Now Henry, a bath wouldn't hurt you!",NEEDS_TRANSLATION,,,
cin__opat_jan__nunc_a_mal_bBNt,1,62,,nunc; malis; ómnibus; liberátum,1.000,1.000,"nunc, a malis ómnibus liberátum,","nunc, a malis ómnibus liberátum,",NEEDS_TRANSLATION,,,
prst_bohuta_npc_pater_nos_hBuJ,1,62,,pater; noster; qui; cælis,1.000,1.000,"Pater noster, qui es in cælis...","Pater noster, qui es in cælis...",NEEDS_TRANSLATION,,,
menh_arne_nemec_richtig_g_dPsA,1,62,,richtig; muss; gerechtigkeit; geben,1.000,1.000,Richtig! Es muss Gerechtigkeit geben.,Richtig! Es muss Gerechtigkeit geben.,NEEDS_TRANSLATION,,,
stre_strelnice_sakra_to_m_BF8L,1,62,,sakra; mohlo; bejt; černýho,1.000,1.000,"Sakra, to mohlo bejt do černýho!",,NEEDS_TRANSLATION,,,
nicl_rytir_nic_salve_regi_Edzg,1,62,,salve; regina; mater; misericordiae,1.000,1.000,"Salve Regina, Mater misericordiae.","Salve Regina, Mater misericordiae.",NEEDS_TRANSLATION,,,
stre_strelnice_takhle_kdy_XP28,1,62,,takhle; kdyby; lítalo; pořád,1.000,1.000,Takhle kdyby to lítalo pořád!,,NEEDS_TRANSLATION,,,
dial_vasko_tedd_amit_tenn_Ukb5,1,62,,tedd; amit; tenned; kell,1.000,1.000,"Tedd, amit tenned kell.","Tedd, amit tenned kell.",NEEDS_TRANSLATION,,,
reak_kutnohors_nad_jindru_NG0o,1,62,,there's; one; quite; like,1.000,1.000,There's no one quite like Henry! Henry!,There's no one quite like Henry! Henry!,NEEDS_TRANSLATION,,,
cin__dlc3_modl_tibi_domin_JCZx,1,62,,tibi; dómine; fratrem; nostrum,1.000,1.000,"Tibi, Dómine, fratrem nostrum","Tibi, Dómine, fratrem nostrum",NEEDS_TRANSLATION,,,
cin__dlc3_modl__tuam_ergo_gI6w,1,62,,tuam; ergo; cleméntiam; deprecámur,1.000,1.000,"Tuam ergo cleméntiam deprecámur,","Tuam ergo cleméntiam deprecámur,",NEEDS_TRANSLATION,,,
zikm_musa_z_ma_tudsz_besz_pZiB,1,62,,tudsz; beszélni; csinálta; ezt,1.000,1.000,Tudsz beszélni? Ki csinálta ezt?,Tudsz beszélni? Ki csinálta ezt?,NEEDS_TRANSLATION,,,
cin__opat_jan__ut_quem_in_el6a,1,62,,quem; hac; vita; mortáli,1.000,1.000,"ut, quem in hac vita mortáli","ut, quem in hac vita mortáli",NEEDS_TRANSLATION,,,
cin__opat_jan__ut_quia_pr_XsKq,1,62,,quia; prima; iam; transiérunt,1.000,1.000,"ut, quia prima iam transiérunt,","ut, quia prima iam transiérunt,",NEEDS_TRANSLATION,,,
gree_pozdrav_z_ti_tu_opil_ojsd,1,62,,you've; more; than; tipple,1.000,1.000,You've had more than a tipple.,You've had more than a tipple.,NEEDS_TRANSLATION,,,
goss_lapka_mlu_covece_tla_LSCX,1,62,,öregem; rohadtul; nyom; cipő,1.000,1.000,"Öregem, rohadtul nyom ez a cipő!","Öregem, rohadtul nyom ez a cipő!",NEEDS_TRANSLATION,,,
menh_menhart_z_tedy_alesp_1Zzl,1,61,german,aber; groschen; nicht; war,0.571,0.571,"Aber... you will at least accept einige Groschen, nicht war?","Aber... you will at least accept einige Groschen, nicht war?",NEEDS_TRANSLATION,,,
hled_npc_hleda_nevis_o_to_9hgi,1,61,,d'you; know; anything; about,1.000,1.000,D'you know anything about it?,D'you know anything about it?,NEEDS_TRANSLATION,,,
uvod_menhart_z_ale_jimram_poUS,1,61,german,emmeram; und; zurück; gut,0.250,0.333,"Emmeram still has the fencing sword. Und we need it zurück. You admit, without the sword this house does not look so gut.","Emeram still has the fencing sword. Und we need it zurück. You admit, without the sword this house does not look so gut.",NEEDS_TRANSLATION,,,
miko_handlir_m_ocas_jak_p_ulyk,1,61,,grastane; pora; pes; lyidjan; sar; banderi,0.000,1.000,Grastane pora pes lyidjan sar o banderi!,A tail flutters like a banner!,NEEDS_TRANSLATION,,,
prat_pratelsky_tak_jdi_po_mVgL,1,61,,gyerünk; még; mindig; figyellek,1.000,1.000,"Gyerünk, még mindig figyellek!","Gyerünk, még mindig figyellek!",NEEDS_TRANSLATION,,,
bark_kuman_na__haha_dosta_tVqS,1,61,,haha; you're; going; thrashing,1.000,1.000,"Haha, you're going to get a thrashing!","Haha, you're going to get a thrashing!",NEEDS_TRANSLATION,,,
opon_kuman_kom_eja_ted_vy_mCrU,1,61,,hehay; kiss; erlik's; arse,1.000,1.000,"Hehay, kiss Erlik's arse!","Hehay, kiss Erlik's arse!",NEEDS_TRANSLATION,,,
arne_arne_nemec_ted_nemam_SKKF,1,61,german,ich; habe; keine; lust,0.667,0.667,Ich habe keine Lust to talk with you anymore.,Ich habe keine Lust to talk with you anymore.,NEEDS_TRANSLATION,,,
zada_menhart_z_hleda_bojo_sj4x,1,61,german,für; ein; duel; und,0.214,0.286,"She is a widow, poor thing. She was looking for a warrior für ein Duel. Und that is something the city council does not like to see.",It is a poor widow. Seeking a fighter für ein duel. Und das ist etwas which the city council does not like to see.,NEEDS_TRANSLATION,,,
reak_kutnohors_neni_muzsk_a4HQ,1,61,,there's; man; like; miner,1.000,1.000,There's no man like a miner!,There's no man like a miner!,NEEDS_TRANSLATION,,,
gree_pozdrav_n_teda_jindr_Lbl6,1,61,,well; you're; completely; soused,1.000,1.000,"Well Henry, you're completely soused!","Well Henry, you're completely soused!",NEEDS_TRANSLATION,,,
nepr_kuman_kom_kam_si_mys_ofk3,1,61,,d'you; think; you're; going,1.000,1.000,Where d'you think you're going?,Where d'you think you're going?,NEEDS_TRANSLATION,,,
bark_kuman_na__jses_mrtve_xafH,1,61,,you're; dead; man; fucker,1.000,1.000,"You're a dead man, fucker!","You're a dead man, fucker!",NEEDS_TRANSLATION,,,
neko_nekoho_ta_dostanes_t_9B1e,1,61,,you're; going; pasting; fucker,1.000,1.000,"You're going to get a pasting, fucker!","You're going to get a pasting, fucker!",NEEDS_TRANSLATION,,,
idle_kuman_mlu_skoncime_t_SSRB,1,61,,you're; nearly; done; shithead,1.000,1.000,"You're nearly done for, shithead!","You're nearly done for, shithead!",NEEDS_TRANSLATION,,,
menh_menhart_z_arne_iED9,1,60,,arne; lass; uns; hören,1.000,1.000,Arne? Lass es uns hören!,Arne? Lass es uns hören!,NEEDS_TRANSLATION,,,
jind_menhart_z_to_udelal__QdsJ,1,60,german,emmeram; sohn; einer; hündin,0.750,1.000,Emmeram did this? Sohn einer Hündin!,Emmeram did this? Sohn einer Hündin!,NEEDS_TRANSLATION,,,
menh_menhart_z_ehtopo_vas_5Skm,1,60,,wie; sagt; man; das,0.800,0.800,Er... Wie sagt man das...? A bet!,Er... Wie sagt man das...? A bet!,NEEDS_TRANSLATION,,,
sest_stalker_katerinu_ta__NSX2,1,60,,katherine; enyém; érted; csak,0.750,1.000,"Katherine? Ő az enyém, érted? Csak az enyém!","Katherine? Ő az enyém, érted? Csak az enyém!",NEEDS_TRANSLATION,,,
menh_menhart_z_na_ja_to_j_DOay,1,60,german,herr; gott; sehr; glücklich,0.500,0.667,"Na ja! You are right. Herr Gott, you must have been sehr Glücklich!","Na ja! You are right. Herr Gott, you must have been sehr Glücklich!",NEEDS_TRANSLATION,,,
npc__npc_reagu_a_uz_sem_n_bpmY,1,60,czech; hungarian,gyere; vissza; szar,1.000,1.000,"Ne gyere vissza, te szar!","Don't come in here again, you fleabag!",NEEDS_TRANSLATION,,,
menh_menhart_z_z_frankfur_YXf0,1,60,german,frankfurt; langschwert; und; anderen; ländern,0.071,0.357,The Frankfurt Meisters of Langschwert travel thus and start swordfighting schools in towns of Deutsch land und anderen Ländern.,The Frankfurt Meisters of Langschwert travel thus and start swordfighting schools in towns of  Deutschland und anderen Ländern.,NEEDS_TRANSLATION,,,
ozra_brabant_vaquelin_bra_KEEM,1,60,,vauquelin; brabant; chevalier; d'arrezo,0.750,1.000,"Vauquelin Brabant, Chevalier d'Arrezo!","!P Vaquelin Brabant, chévalier d'Arrezo!",NEEDS_TRANSLATION,,,
idle_kuman_mlu_tos_posral_O8DQ,1,60,,you've; fucked; badly; shithead,1.000,1.000,"You've fucked up badly, shithead!","You've fucked up badly, shithead!",NEEDS_TRANSLATION,,,
bibr_handlir_m_na_na_na_d_2bS6,1,59,,bibrek; ujaravas; hoy; oda; skushineha,0.167,0.833,Damn it Bibrek! Ujaravas hoy oda skushineha!,"Damn it Bibrek, I should have guessed you would try that!",NEEDS_TRANSLATION,,,
reak_soldier_k_das_war_sc_8wLg,1,59,german,das; war; schnell,1.000,1.000,"Das war schnell, he he.","!P Das war schnell, he he.",NEEDS_TRANSLATION,,,
samo_samomluva_gut_das_is_mUWY,1,59,german,gut; das; ist,1.000,1.000,Gut ... Das ist gut.,!P Gut... das ist gut.,NEEDS_TRANSLATION,,,
assa_obet_bezi_hilfe_kdok_xQ7D,1,59,german,hilfe; ist; jemand,1.000,1.000,Hilfe! Hilfe! Ist da jemand?,Hilfe! Hilfe! Wo ist wer?,NEEDS_TRANSLATION,,,
npc__npc_bezi__straze_wac_DGkJ,1,59,german,hilfe; ist; jemand,1.000,1.000,Hilfe! Ist da jemand? Hilfe!,Hilfe! Wo ist wer? Hilfe!,NEEDS_TRANSLATION,,,
svep_svepomoc__hmm_beke_s_QCkL,1,59,,hmm; béke; szerencsés; vagy,0.750,1.000,Hmm. Béke. Szerencsés vagy!,Hmm. Béke. Szerencsés vagy!,NEEDS_TRANSLATION,,,
menh_menhart_z_hm_versteh_7RzY,1,59,german,ich; verstehe; sehr; schlecht,0.429,0.571,Hmm... Ich verstehe. But it ended sehr schlecht. Bad!,Hmm... Ich verstehe. But it ended sehr schlecht. Bad!,NEEDS_TRANSLATION,,,
npc__npc_se_vz_ich_ergebe_aNth,1,59,german,ich; ergebe; mich,1.000,1.000,Ich ergebe mich! Ich ergebe …,!P Ich ergebe mich! Ich ergebe...,NEEDS_TRANSLATION,,,
goss_gossip_v__ich_ich_wa_jjfa,1,59,german,ich; hatte; glück,0.231,0.231,Ich? Ich hatte Glück. Dogs like me. And the one they have there is not in any better shape than the master of the house or the cook.,Ich? Ich war glücklich. Dogs like me. And the one they have there is not in any better shape than the master of the house or the cook.,NEEDS_TRANSLATION,,,
o_zi_pisar_tyc_stimmt_was_wd3Q,1,59,german,ist; alles; ordnung,0.250,0.250,"Ist alles in Ordnung? If he's not in his room, then he must have some important work to take care of in the city.","!P Stimmt was nicht? If he's not in his room, then he must have some important work to take care of in the city.",NEEDS_TRANSLATION,,,
poce_event_poc_ja_ja_die__ZnuX,1,59,german,diese; verdammte; schlucht,1.000,1.000,"Ja, ja, diese verdammte Schlucht.","Ja, ja, die verdammte Schlucht.",NEEDS_TRANSLATION,,,
arne_arne_nemec_ja_ja_got_yNSw,1,59,german,gott; sei; dank,1.000,1.000,"Ja, ja … Gott sei Dank.","!P Ja, ja… Gott sei Dank.",NEEDS_TRANSLATION,,,
hosp_hospodyne_kommt_scho_hd3d,1,59,german,kommt; meine; damen,1.000,1.000,"Kommt, meine Damen. Kommt!","Kommt schon, Madels! Komm!",NEEDS_TRANSLATION,,,
brab_brabant_oui_oui_mon__hCB7,1,59,french,oui; mon; ami,1.000,1.000,"Oui, oui, mon ami !","!P Oui oui, mon ami…",NEEDS_TRANSLATION,,,
o_zi_zidovsky__epes_naste_dhnR,1,59,yiddish_hebrew,vey; khometz; ben-yayen,0.429,0.429,"Oy vey, oy vey, khometz ben-yayen. Bad, fortunately. Thanks for asking.","!P Oy vey, oy vey, khometz ben-yayen. Forunately, bad. Thanks for asking.",NEEDS_TRANSLATION,,,
vyje_mestan_de_teufel_ode_KATc,1,59,german,schlag; ein; oder; lass,0.200,0.400,"Schlag ein oder lass es, I can’t let it go for less. My wife would kill me!","!P Teufel oder nichts, I can’t let it go for less. My wife would kill me!",NEEDS_TRANSLATION,,,
pass_event_rva_warum_schr_XuQw,1,59,german,warum; schreist; arschloch,1.000,1.000,Warum schreist du so? Du Arschloch!,Warum schreist du so? Arschloch!,NEEDS_TRANSLATION,,,
bibr_kuman_bib_pica_radsi_Ebch,1,59,hungarian,mit; képzelsz; csinálsz,0.750,0.750,"You cheat! Mit képzelsz, mit csinálsz?",You cheat! What do you think you are doing?,NEEDS_TRANSLATION,,,
comb_mikulas_p_ale_jo_pro_CnAL,1,58,german,aber; warum; nicht,1.000,1.000,"Aber ja, warum nicht?","!P Aber ja, warum nicht?",NEEDS_TRANSLATION,,,
neme_udo_aus_t_ale_to_je__0FS2,1,58,german,das; ist; schade,1.000,1.000,"Ah, das ist schade.","!P Ah, that is ein Schade.",NEEDS_TRANSLATION,,,
rezn_reznik_sa_ah_das_ist_mNzX,1,58,german,ich; bin; fertig,1.000,1.000,"Ah, ich bin fertig.","!P Ah, das ist fertig.",NEEDS_TRANSLATION,,,
laze_lazebnice_fertig_das_mMS5,1,58,german,alles; ist; fertig,1.000,1.000,Alles ist fertig.,Fertig! Das ist alles...,NEEDS_TRANSLATION,,,
spec_arne_nemec_also_auf__8Oin,1,58,german,also; auf; geht's,1.000,1.000,"Also, auf geht's!",!P Also auf geht's!,NEEDS_TRANSLATION,,,
opon_soldier_k_auf_wieder_an4J,1,58,german,auf; wiedersehen; arschloch,1.000,1.000,"Auf Wiedersehen, du Arschloch.","!P Auf Wiedersehen, du Schlampe.",NEEDS_TRANSLATION,,,
idle_soldier_m_beten_und__mAyU,1,58,german,beten; und; sterben,1.000,1.000,Beten und sterben.,!P Beten und sterben.,NEEDS_TRANSLATION,,,
hosp_hospodyne_gut_gut_sc_idxR,1,58,german,brav; ist's; gut,1.000,1.000,"Brav, so ist’s gut …","Gut, gut... schon.",NEEDS_TRANSLATION,,,
npc__npc_ztrat_es_ist_sin_FWln,1,58,german,das; ist; sinnlos,1.000,1.000,Das ist sinnlos!,!P Es ist sinnlos!,NEEDS_TRANSLATION,,,
prat_pratelsky_das_ist_un_0Xds,1,58,german,das; ist; unmöglich,1.000,1.000,Das ist unmöglich!,!P Das ist unmöglich!,NEEDS_TRANSLATION,,,
dial_po_souboj_das_ist_kl_MM6Z,1,58,german,das; sieht; man,1.000,1.000,Das sieht man.,Das ist klar.,NEEDS_TRANSLATION,,,
opon_soldier_k_das_sollte_BNG9,1,58,german,das; sollten; wir,1.000,1.000,Das sollten wir.,!P Das sollten wir.,NEEDS_TRANSLATION,,,
assa_pratelske_das_is_blut_8jIe,1,58,german,das; tut; weh,1.000,1.000,Das tut weh!,Das is Blut!,NEEDS_TRANSLATION,,,
opon_soldier_k_fertig_du__VgJI,1,58,german,das; war's; bastard,1.000,1.000,"Das war’s, du Bastard!","!P Fertig, du Bastard!",NEEDS_TRANSLATION,,,
assa_npc_vidi__ty_silence_kLXJ,1,58,yiddish_hebrew,dilinyi; goy; sal,1.000,1.000,Dilinyi goy sal!,!T Dilinyi goy sal!,NEEDS_TRANSLATION,,,
prat_pratelsky_du_kannst__WSPh,1,58,german,kannst; mich; mal,1.000,1.000,Du kannst mich mal!,!P Du kannst mich mal!,NEEDS_TRANSLATION,,,
zizk_samuel_epes__AhwH,1,58,german,epes; mein; fraynd,1.000,1.000,"Epes, mein fraynd!","Epes, meyn fraynd!",NEEDS_TRANSLATION,,,
kuma_farkasova_baro_laszl_ZssE,1,58,hungarian,farkas; lászló; báró,1.000,1.000,Farkas László Báró!,!P Báró László Farkas!,NEEDS_TRANSLATION,,,
kube_kubenka_z_gott_verda_XuvM,1,58,german,gott; verdamme; dich,1.000,1.000,Gott verdamme dich!,!P Gott verdamme dich!,NEEDS_TRANSLATION,,,
gree_pozdrav_m_gru_gott_w_imjE,1,58,german,grüss; gott; brauchst,1.000,1.000,"Grüß Gott! Was brauchst du, Heinrich?","Grüß Gott! Was du brauchst, Heinrich?",NEEDS_TRANSLATION,,,
gree_pozdrav_m_gru_gott_w_cqFd,1,58,german,grüss; gott; brauchst,1.000,1.000,Grüß Gott! Was brauchst du?,Grüß Gott! Was du brauchst?,NEEDS_TRANSLATION,,,
gree_pozdrav_z_gru_gott_w_3QeF,1,58,german,grüss; gott; brauchst,1.000,1.000,"Grüß Gott! Was du brauchst, Heinrich?","!P Grüß Gott! Was du brauchst, Heinrich?",NEEDS_TRANSLATION,,,
npc__npc_preda_gut_das_wa_Xi93,1,58,german,gut; das; war's,1.000,1.000,"Gut, das war’s.","!P Gut, das war's.",NEEDS_TRANSLATION,,,
assa_npc_vidi__guter_hund_WWW9,1,58,german,guter; hund; gut,1.000,1.000,Guter Hund! Gut so!,!P Guter Hund! Guter!,NEEDS_TRANSLATION,,,
prov_soldier_u_ha_ich_hab_qzXO,1,58,german,ich; hab; dich,1.000,1.000,"Ha, ich hab dich!","!P Ha, Ich habe dich!",NEEDS_TRANSLATION,,,
npc__npc_naslo_kasli_na_t_mohK,1,58,hungarian,hagyd; gyere; vissza,1.000,1.000,Hagyd és gyere vissza.,Forget about it and come back.,NEEDS_TRANSLATION,,,
prij_npc_akcep_du_hast_gl_wlGv,1,58,german,hast; ein; glück,1.000,1.000,Hast du ein Glück.,"!P Du hast Glück, Mann.",NEEDS_TRANSLATION,,,
arne_arne_nemec_ty_heinri_nqeV,1,58,hungarian,besser; mit; menhard; sprache,0.333,0.667,"Heinrich, it is besser, when you with mit Menhard speak. He speaks your Sprache besser.","Heinrich, it is besser, when you with mit Menhard speak. He speaks your  Sprache besser.",NEEDS_TRANSLATION,,,
posl_event_hla_hm_das_mac_5oWA,1,58,german,das; macht; sinn,1.000,1.000,"Hm, das macht Sinn ...","!P Hm, das macht Sinn...",NEEDS_TRANSLATION,,,
kova_kovar_sam_hm_gut_noc_e30S,1,58,german,gut; noch; mal,1.000,1.000,"Hm, gut ... Noch mal.","!P Hm, Gut... Nochmals.",NEEDS_TRANSLATION,,,
smlo_smlouvani_hm_was_sol_wle1,1,58,german,soll's; warum; nicht,1.000,1.000,"Hm, was soll’s, warum nicht?","!P Hm, was soll's nicht.",NEEDS_TRANSLATION,,,
smlo_smlouvani_hm_warum_n_TMWh,1,58,german,hmm; warum; nicht,1.000,1.000,"Hmm, warum nicht?","!P Hm, Warum nicht?",NEEDS_TRANSLATION,,,
npc__kuman_cri_no_kde_je_Cyvw,1,58,hungarian,hol; pokolba; lehet,1.000,1.000,Hol a pokolba lehet?,Where the hell is he?,NEEDS_TRANSLATION,,,
pokr_treninkov_na_tohle_b_rKYz,1,58,czech; slovak,den; ganzen; tag,0.600,0.600,I could watch this den ganzen Tag.,!P I could watch this den ganzen Tag lang.,NEEDS_TRANSLATION,,,
gott_cechmistr_ich_bin_au_EUKj,1,58,german,ich; bin; gespannt,1.000,1.000,Ich bin gespannt.,Ich bin auch schaulustig.,NEEDS_TRANSLATION,,,
zavo_zavodnik__ich_hab_ge_FGsh,1,58,german,ich; hab; gewonnen,1.000,1.000,Ich hab gewonnen!,!P Ich hab' gewonnen!,NEEDS_TRANSLATION,,,
prot_protivnik_ja_koncim_aXrg,1,58,german,ich; habe; genug,1.000,1.000,Ich habe genug.,!P Ich habe genug.,NEEDS_TRANSLATION,,,
opon_soldier_k_ich_habe_i_SSu9,1,58,german,ich; habe; ihn,1.000,1.000,Ich habe ihn!,!P Ich habe ihn!,NEEDS_TRANSLATION,,,
zaka_zakaznik__ich_hatte__Q3Tg,1,58,german,ich; hätte; gern,1.000,1.000,Ich hätte gern…,Ich hätte gern!,NEEDS_TRANSLATION,,,
npc__soldier_s_ich_kriege_kc5p,1,58,german,ich; kriege; ihn,1.000,1.000,Ich kriege ihn!,!P Ich kriege ihn!,NEEDS_TRANSLATION,,,
nepr_soldier_n_ich_zerhac_uPou,1,58,german,ich; zerhack; dich,1.000,1.000,Ich zerhack dich!,!P Ich zerhacke dich!,NEEDS_TRANSLATION,,,
nast_vozy_a_ka_ja_da_ist__hyM1,1,58,german,ist; noch; platz,1.000,1.000,"Ja, da ist noch Platz.","!P Ja, da ist noch Platz.",NEEDS_TRANSLATION,,,
goss_gossip_ob_ja_alles_s_if6R,1,58,german,das; ist; alles,1.000,1.000,"Ja, das ist alles.",!P Ja! Alles sein.,NEEDS_TRANSLATION,,,
npc__npc_naslo_mein_gott__37CI,1,58,german,mein; gott; nein,1.000,1.000,Mein Gott! Nein!,!P Mein Gott! Nein!,NEEDS_TRANSLATION,,,
npc__npc_naslo_mein_gott__PPex,1,58,german,mein; gott; warum,1.000,1.000,Mein Gott... Warum!?,!P Mein Gott... Warum!?,NEEDS_TRANSLATION,,,
npc__kuman_cri_na_co_ten__DewT,1,58,hungarian,miért; ugatsz; kutya,1.000,1.000,Miért ugatsz kutya?,Why's that dog barking?,NEEDS_TRANSLATION,,,
eich_cechmistr_nah_ich_we_IAyA,1,58,german,ich; weiss; nicht,1.000,1.000,Na... Ich weiß nicht...,!P Nah... Ich weiss nicht...,NEEDS_TRANSLATION,,,
npc__npc_vidi__nenos_to_s_wwnt,1,58,czech,hozd; ezt; ide,1.000,1.000,Ne hozd ezt ide be!,Take that away!,NEEDS_TRANSLATION,,,
opon_soldier_k_nicht_viel_6cCF,1,58,german,nicht; viel; trottel,1.000,1.000,"Nicht viel, du Trottel.","!P Nicht viel, du Trottel.",NEEDS_TRANSLATION,,,
bezn_npc_reagu_ein_andere_VZB7,1,58,german,noch; ein; köter,1.000,1.000,Noch ein Köter ...,Ein anderer Hund...,NEEDS_TRANSLATION,,,
bezn_npc_reagu_ein_andere_WBbN,1,58,german,noch; ein; köter,1.000,1.000,Noch ein Köter.,Ein anderer Hund...,NEEDS_TRANSLATION,,,
opon_soldier_k_noch_ein_s_EMkU,1,58,german,noch; ein; scheisskerl,1.000,1.000,Noch ein Scheißkerl?,!P Noch ein Scheisskerl?,NEEDS_TRANSLATION,,,
pokr_treninkov_noch_ein_s_0bYP,1,58,german,noch; ein; schlag,1.000,1.000,Noch ein Schlag!,!P Noch ein Schlag!,NEEDS_TRANSLATION,,,
opon_oponent_s_oh_die_sch_vTYD,1,58,german,ein; schwert; wie,1.000,1.000,"Oh, ein Schwert, wie?","!P Oh, die Schwert, ja?",NEEDS_TRANSLATION,,,
reak_soldier_k_oh_gott_se_O7hh,1,58,german,gott; sei; dank,1.000,1.000,"Oh, Gott sei Dank.","!P Oh, Gott sei Dank.",NEEDS_TRANSLATION,,,
utrz_soldier_d_oh_gott_ic_3al8,1,58,german,gott; ich; wurde,1.000,1.000,"Oh, Gott, ich wurde …","!P Oh, Gott, ich wurde...",NEEDS_TRANSLATION,,,
utik_soldier_u_oh_mein_go_U921,1,58,german,mein; gott; jungs,1.000,1.000,"Oh, mein Gott, Jungs …","!P Oh, mein Gott, Jungs...",NEEDS_TRANSLATION,,,
s_bo_henry_paaaatr_nooostr_udWh,1,58,,paaaaahter; nooooohster; queeee; asss; kaylis,0.200,1.000,"Paaaaahter nooooohster, queeee asss in kaylis…","!P Paaaaahter nooooohster, queeee asss in kaylis…",NEEDS_TRANSLATION,,,
bohu_bohuta_vi_requiem_ae_4hqU,1,58,latin,requiem; aeternam; dona,0.375,0.375,"Requiem aeternam dona ei. Eternal rest grant unto him, O Lord.","Requiem aeternam dona ei. Eternal rest grant unto him, Lord.",NEEDS_TRANSLATION,,,
gree_pozdrav_m_servus_oh__MUrf,1,58,german,servus; mein; gott,1.000,1.000,"Servus ... Oh, mein Gott!","Servus... Oh, mein Gott!",NEEDS_TRANSLATION,,,
endi_rozloucen_salom_mein_AMDw,1,58,german,sholem; mein; herr,1.000,1.000,"Sholem, mein Herr!","!P Shalom, mein Herr!",NEEDS_TRANSLATION,,,
reme_remeslnik_eh_hier_un_Kpvo,1,58,german,hier; und; fertig,1.000,1.000,"So, hier und ... fertig!","!P Eh, hier, und... Fertig!",NEEDS_TRANSLATION,,,
hosp_hospodsky_so_noch_ei_rFVV,1,58,german,noch; eine; runde,1.000,1.000,"So, noch eine Runde?",!P So noch eine Runde?,NEEDS_TRANSLATION,,,
dial_po_souboj_takze_noch_L3Hh,1,58,german,noch; eine; runde,1.000,1.000,So … Noch eine Runde?,So… Noch einmal?,NEEDS_TRANSLATION,,,
meni_soldier_s_sprich_ein_ng5C,1,58,german,sprich; ein; gebet,1.000,1.000,Sprich ein Gebet!,!P Sprich ein Gebet!,NEEDS_TRANSLATION,,,
utrz_soldier_d_uf_meine_a_Ykvv,1,58,german,uff; meine; arme,1.000,1.000,"Uff, meine Arme …","!P Uf, meine Arme...",NEEDS_TRANSLATION,,,
gree_pozdrav_n_eh_mein_go_yaGd,1,58,german,uff; mein; gott,1.000,1.000,Uff ... Mein Gott?!,!P Eh... Mein Gott?,NEEDS_TRANSLATION,,,
gree_obchodnik_eh_was_ist_cHiU,1,58,german,ugh; ist; los,1.000,1.000,"Ugh, was ist los?","Eh, Was ist los?",NEEDS_TRANSLATION,,,
reak_soldier_k_und_er_ist_kzgC,1,58,german,und; ist; erledigt,1.000,1.000,Und er ist erledigt.,!P Und er ist fertig.,NEEDS_TRANSLATION,,,
hosp_hospodsky_verdammt_n_ln0d,1,58,german,verdammt; noch; mal,1.000,1.000,Verdammt noch mal...,Verdammt nochmal...,NEEDS_TRANSLATION,,,
utrz_soldier_d_verdammt_m_ICrj,1,58,german,verdammt; meine; finger,1.000,1.000,"Verdammt, meine Finger!","!P Verdammt, meine Finger!",NEEDS_TRANSLATION,,,
gree_pozdrav_m_was_du_bra_uXwU,1,58,german,brauchst; mein; freund,1.000,1.000,"Was brauchst du, mein Freund?","Was du brauchst, mein Freund?",NEEDS_TRANSLATION,,,
hosp_hospodska_aber_das_i_8Plt,1,58,german,für; ein; scheiss,1.000,1.000,Was für ein Scheiß!,!P Was für ein Scheißding!,NEEDS_TRANSLATION,,,
pozd_uctivy_po_was_gibt_e_Ijsp,1,58,german,gibt; meine; dame,1.000,1.000,"Was gibt es, meine Dame?","!P Was gibt es, meine Herren?",NEEDS_TRANSLATION,,,
free_obet_reag_was_ist_de_EA1Z,1,58,german,ist; dein; problem,1.000,1.000,Was ist dein Problem?,!P Was ist dein Problem?,NEEDS_TRANSLATION,,,
priv_obchodnic_was_machst_TjIB,1,58,german,ist; los; blutest,1.000,1.000,Was ist los? Du blutest.,"!P Was machst du, du blutest?",NEEDS_TRANSLATION,,,
zaka_zakaznik__was_bedeut_xdx4,1,58,german,soll; das; heissen,1.000,1.000,Was soll das heißen?,Was bedeutet das?,NEEDS_TRANSLATION,,,
prat_pratelsky_was_soll_d_pnMk,1,58,german,soll; das; sein,1.000,1.000,Was soll das sein?,!P Was soll das sein?,NEEDS_TRANSLATION,,,
smlo_smlouvani_hm_was_sol_U6Dk,1,58,german,soll's; warum; nicht,1.000,1.000,"Was soll’s, warum nicht?","!P Hm, was soll's nicht.",NEEDS_TRANSLATION,,,
gree_obchodnik_was_wunsch_LXKv,1,58,german,wünschst; mein; herr,1.000,1.000,"Was wünschst du, mein Herr?","Was wünscht du, mein Herr?",NEEDS_TRANSLATION,,,
gree_obchodnik_herr_nackt_MOtL,1,58,german,willkommen; herr; nackepo,1.000,1.000,"Willkommen, Herr Nackepo!","Herr Nackter Arsch, willkommen!",NEEDS_TRANSLATION,,,
npc__npc_rozpo_zkousis_mo_xPUY,1,58,czech; slovak,lass; den; scheiss,0.500,0.500,You're testing my patience! Lass den Scheiß!,You're testing my patience! Scheiß nicht!,NEEDS_TRANSLATION,,,
hrac_npc_probu_oh_was_ist_wRmX,1,57,german,aaaah; ist; los,1.000,1.000,Aaaah … Was ist los?,!P Aaah… Was ist los?,NEEDS_TRANSLATION,,,
chat_posluchac_a_mladiku__bt1r,1,57,german,junger; mann; komm,1.000,1.000,"Ah, junger Mann, komm her!","!P Ah junger Mann, komm her!",NEEDS_TRANSLATION,,,
o_zi_zidovsky__aha_rozumi_VcnY,1,57,german,aha; ich; verstehe,0.250,0.250,"Aha, ich verstehe... Well in that case, you'd be better off going to the tavern at the top of the street.","!P Aha, Ich verstehe... Well in that case, you'd be better off going to the tavern at the top of the street.",NEEDS_TRANSLATION,,,
neme_kozina_tak_jo_meine__0U4p,1,57,german,meine; freunde; geld,0.333,0.333,"Alright, meine freunde, hand over the Geld and I won't, you know, hurt you!","Alright meine freunde, hand over the geld and I won't uhh… hurt you!",NEEDS_TRANSLATION,,,
menh_menhart_z_arneho_oko_Jwqe,1,57,german,gott; sei; dank,0.273,0.273,"Arne's eye alright, his sight come back, only scar remain. Gott sei Dank.","!P Arne's eye alright, his sight come back, only scar remain. Gott sei dank.",NEEDS_TRANSLATION,,,
assa_npc_bylo__au_er_hat__4rdI,1,57,german,hat; mich; gebissen,1.000,1.000,Au! Er hat mich gebissen!,!P Ow! Er hat mich gebissen!,NEEDS_TRANSLATION,,,
joha_hudebnik__au_buj_dos_4VNX,1,57,german,autsch; meine; nase,1.000,1.000,"Autsch, meine Nase!",!P Ow! Meine nase!,NEEDS_TRANSLATION,,,
kuma_npc_bezi__tady_do_pr_S6du,1,57,,bazmeg; itt; vannak,1.000,1.000,"Bazmeg, itt vannak! Itt vannak!","Doprdele, here! They're here!",NEEDS_TRANSLATION,,,
hosp_hospodyne_du_bist_ne_xrQI,1,57,,braver; hund; haha,1.000,1.000,"Braver Hund … Braver Hund, haha.","!P Du bist nett... Du bist nett, ha ha.",NEEDS_TRANSLATION,,,
komp_jizdni_lu_cungarav___f7Sy,1,57,,chungarav; pre; tute,1.000,1.000,Chungarav... Chungarav pre tute!,!T Chungarav... Chungarav pre tute!,NEEDS_TRANSLATION,,,
spec_oswald_to_danke_mein_rNMO,1,57,german,danke; mein; freund,0.429,0.429,"Danke mein Freund. I am flattered, but I am only a humble enthusiast.","!P Danke mein Freunde. I'm flattered, but I'm just an amateur enthusiast.",NEEDS_TRANSLATION,,,
menh_arne_nemec_danke_mei_GqnV,1,57,german,danke; mein; freund,1.000,1.000,"Danke, mein Freund.","!P Danke, mein Freund.",NEEDS_TRANSLATION,,,
rozh_majitel_s_to_jsem_ja_ljZw,1,57,german,das; bin; ich,0.375,0.375,"Das bin ich. What do you want? Spit it out, I've no time to waste.","!P Das bin ich. What do you want? Spit it out, I've no time to waste.",NEEDS_TRANSLATION,,,
rozh_majitel_s_to_je_ohav_Vmw1,1,57,german,das; ist; schreklich,0.300,0.300,Das ist schreklich! It's enough to make you scared to go outside these days!,!P Das ist schreklich! It's enough to make you scared to go outside these days!,NEEDS_TRANSLATION,,,
menh_menhart_z_stimmt_ale_ZL8G,1,57,german,das; stimmt; gefecht,0.500,0.500,"Das stimmt... But it is not good! Without a third man, there will be no Gefecht. So, Heinrich...","Das stimmt... But it is not good! What i more, without a third man, there will be no Gefecht. So, Heinrich...",NEEDS_TRANSLATION,,,
hosp_hospodska_saumensche_ExRf,1,57,,diese; schweine; ekelhaften,1.000,1.000,Diese Schweine! Diese ekelhaften Schweine!,!P Saumenscher und Saukerle!,NEEDS_TRANSLATION,,,
henr_menhart_z_du_bist_ei_SI4x,1,57,german,bist; ein; arschloch,0.500,0.500,"Du bist ein Arschloch! I will pay for Heinrich, so it is settled with you, Fridusch.","Du bist ein Arschloch! I will pay for Heinrich, so it is settled with you, Friedusch.",NEEDS_TRANSLATION,,,
npc__npc_preda_du_hast_be_n08J,1,57,,hast; bekommen; wolltest,1.000,1.000,"Du hast bekommen, was du wolltest.",!P Du hast bekommen was du wolltest.,NEEDS_TRANSLATION,,,
band_bandita_u_du_hast_pe_Igrs,1,57,,hast; pech; bastard,1.000,1.000,"Du hast Pech, du Bastard!","!P Du hast Pech, du Bastard!",NEEDS_TRANSLATION,,,
neme_udo_aus_t_du__poc_se_5fcn,1,57,,willst; etwas; trinken,1.000,1.000,Du… come here… willst du etwas trinken?,Du… come here… hast du trinken?,NEEDS_TRANSLATION,,,
hans_hans_uher_ech_do_pic_iP88,1,57,,ech; piče; zajebanej,1.000,1.000,"Ech do piče, do zajebanej piče...","Eh, fuck, goddamn fuck…",NEEDS_TRANSLATION,,,
zavo_zavodnik__eh_des_man_4pul,1,57,,desh; manusha; droma,1.000,1.000,"Eh, desh manusha, desh droma.","!T Eh, desh manusha, desh droma.",NEEDS_TRANSLATION,,,
o_zi_otte_koch_das_habe_i_pH3p,1,57,german,ein; schreckliches; gemetzel,0.600,0.600,"Ein schreckliches Gemetzel, I heard about it.","!P Schreckliches Gemetzel, I already heard about it.",NEEDS_TRANSLATION,,,
s_fr_hejtman_f_dost_uz_js_pNWT,1,57,german,das; kannst; nicht,0.750,0.750,Enough! Das kannst du nicht.,!P Enough! Sie konnen es nicht.,NEEDS_TRANSLATION,,,
ohen_samuel_buh_mi_odpust_UPLO,1,57,german,gott; mukhl; mir,1.000,1.000,Gott mukhl mir!,Got mukhl mir!,NEEDS_TRANSLATION,,,
dial_po_souboj_gottseidan_MJi1,1,57,german,gott; sei; dank,0.600,0.600,Gott sei Dank. It was a nasty blow.,Gottseidank. It was a nasty blow.,NEEDS_TRANSLATION,,,
opon_soldier_k_ha_ha_fahr_xDss,1,57,,fahr; zur; hölle,1.000,1.000,"Ha ha, fahr zur Hölle!","!P Ha ha, Fahr zur Hölle!",NEEDS_TRANSLATION,,,
npc__npc_vidi__hej_warum__cDj6,1,57,german,hey; warum; liegst,1.000,1.000,Hey! Warum liegst du da?,!P Hey! Warum liegst du da?,NEEDS_TRANSLATION,,,
o_zi_mistr_fab_vysoke_obl_P2IS,1,57,german,ein; wunderschönes; gotteshaus,0.333,0.333,"High arches, slender pillars, carved pinnacles, ein wunderschönes Gotteshaus!","!P High arches, slender pillars, carved pinnacles, a Wunderschoner Tempel!",NEEDS_TRANSLATION,,,
o_zi_kupec_tro_hm_das_kom_zfUE,1,57,german,das; kommt; darauf,0.429,0.429,"Hm, Das kommt darauf an… It takes all day on foot.","!P Hm, Das kommt darauf an… It takes all day on foot.",NEEDS_TRANSLATION,,,
smlo_smlouvani_hm_viellei_8azp,1,57,german,das; könnte; gehen,1.000,1.000,"Hm, das könnte gehen.","!P Hm, Vielleicht könnten wir das.",NEEDS_TRANSLATION,,,
goss_gossip_sp_hm__tenhle_Gplg,1,57,german,hmm; verdammt; hochnäsig,1.000,1.000,Hmm ... verdammt hochnäsig.,!P Hm... verdammt Hochnäsig.,NEEDS_TRANSLATION,,,
pred_prekupnik_hm_tady_ma_uCY5,1,57,german,das; ist; alles,0.750,0.750,"Hmm, here you go. Das ist alles.","Hm, here you go und das ist alles.",NEEDS_TRANSLATION,,,
rozh_majitel_s_hmm_nejak__rmVy,1,57,german,hör; auf; lügen,0.273,0.273,"Hör auf zu lügen! Stop lying! Either tell me what the miners want from me, or I'll have you locked up!","!P Hör auf zu lügen! Stop lying! Either tell me what the miners want from me, or I'll have you locked up!",NEEDS_TRANSLATION,,,
s_fr_hejtman_f_dam_ale_uz_9nV9,1,57,german,ich; glaube; dir,0.500,0.500,"Ich glaube dir, but let us stop for today.","!P Ich glaube dir, but let us stop for today.",NEEDS_TRANSLATION,,,
goss_gossip_ob_ich_weiss__VKfz,1,57,german,ich; weiss; nicht,0.273,0.273,Ich weiß nicht. He went crawling to the Rathaus today to beg for a pardon. We'll see.,Ich weiss nicht. Today he went crawling to the Rathaus to beg for a pardon. We'll see.,NEEDS_TRANSLATION,,,
poda_kuman_kom_tu_mas_mez_2Beu,1,57,,itt; rés; pajzson,1.000,1.000,Itt a rés a pajzson!,Itt a bejárat!,NEEDS_TRANSLATION,,,
spec_arne_nemec_jasna_vec_pzhV,1,57,german,das; ergibt; sinn,0.429,0.429,"Ja, das ergibt Sinn. Blunt weapons are best in a real melee.","!P Ja, das macht Sinn. Blunt weapons are best in a real fight.",NEEDS_TRANSLATION,,,
s_ho_hospodsky_pravda_ale_Xy5B,1,57,german,das; ist; richtig,0.333,0.333,"Ja, das ist richtig, but people will not soon forget the terrible things his army did here.","!P Ja, das ist richtig, but people will not soon forget the terrible things his army did here.",NEEDS_TRANSLATION,,,
o_zi_hans_plum_das_stimmt_holv,1,57,german,das; würde; reichen,0.333,0.333,"Ja, das würde reichen, but the monastery gate is the seat of the command of the city guard.","!P Ja das wurde reichen, but the Monastery Gate is the seat of the command of the city guard.",NEEDS_TRANSLATION,,,
mist_cechmistr_ja_es_ist__sxCD,1,57,german,ist; nicht; schön,0.300,0.300,"Ja, es ist nicht schön, but there is no talking to people like that. At least you did not take any risk.","!P Ja, es ist nicht schön, but there is no talking to people like that. At least you did not take any risk.",NEEDS_TRANSLATION,,,
eich_cechmistr_ano_a_je_c_gxHv,1,57,german,genau; junger; mann,0.333,0.333,"Ja, genau! And it is getting harder and harder to save what we can! That is why I wanted to ask for your help, junger Mann.","!P Ja, genau! And it is getting harder and harder to save what we can! That is why I wanted to ask for your help, junge Mann.",NEEDS_TRANSLATION,,,
neme_udo_aus_t_no_to_mas__LMgv,1,57,german,jaaa; das; stimmt,1.000,1.000,"Jaaa, das stimmt!","Jaaa, das ist recht.",NEEDS_TRANSLATION,,,
poly_vasko_jo_izt_kivan_n_wEye,1,57,hungarian,évágyot; kívánot; nekünk,1.000,1.000,Jó évágyot kívánot nekünk.,Jó ízt kíván nekünk.,NEEDS_TRANSLATION,,,
hosp_hospodyne_keine_sorg_pHMB,1,57,,keine; sorge; mädchen,1.000,1.000,"Keine Sorge Mädchen, Keine Sorge...","!P Keine Sorge Madchen, Keine Sorge...",NEEDS_TRANSLATION,,,
hosp_hospodyne_komm_her_g_VkbK,1,57,,komm; schon; kläffer,1.000,1.000,"Komm schon, Kläffer. Na komm …","!P Komm schon du Kläffer, komm schon...",NEEDS_TRANSLATION,,,
ptac_henry_ha_tue_stelle__fyoU,1,57,,tua; belleza; abaghlia,1.000,1.000,La tua belleza mi… Mi abaghlia!,!P La tua belleza mi… Mi abaghlia!,NEEDS_TRANSLATION,,,
roza_henry_ha_tue_stelle__rfko,1,57,,tua; bellisa; abaghlia,1.000,1.000,La tua bellisa mi… mi abaghlia!,!P La tua belleza mi… Mi abaghlia!,NEEDS_TRANSLATION,,,
npc__npc_vidi__las_mich_l_62Vk,1,57,,las; mikh; khazer,1.000,1.000,"Las mikh! Las mikh, khazer!","!P Las mich! Las mich, chazer!",NEEDS_TRANSLATION,,,
comb_hejtman_s_neblazni_t_wn7D,1,57,czech; slovak,lass; den; unsinn,0.429,0.429,Lass den Unsinn! Come some other time when it's light.,!P Bitte sei nicht verrückt... Come some other time when it's light out.,NEEDS_TRANSLATION,,,
neko_soldier_z_leck_mich__UNW6,1,57,german,leck; mich; doch,1.000,1.000,Leck mich doch.,!P Leck mich doch.,NEEDS_TRANSLATION,,,
opti_hospodsky_ddd_7Gj6,1,57,german,meine; frau; gott,0.429,0.429,"Meine Frau? Gott, and where'd you hear this? Nobody knows this!","Meine Frau? Hergot, and where'd you hear this? Nobody knows this!",NEEDS_TRANSLATION,,,
henr_jasak_mi_a_mit_csina_iS76,1,57,hungarian,van; mit; csináltál,1.000,1.000,Mi van? Mit csináltál?,!P Mi a? Mit csinált?,NEEDS_TRANSLATION,,,
poly_kuman_u_s_mit_akarsz_TJBw,1,57,hungarian,mit; akarsz; disznó,1.000,1.000,Mit akarsz te disznó?,!P Mit akarsz te disznó?,NEEDS_TRANSLATION,,,
henr_jasak_mit_nezel_engem_3jGB,1,57,hungarian,mit; bámulsz; rám,1.000,1.000,Mit bámulsz rám?,!P Mit nézel engem?,NEEDS_TRANSLATION,,,
henr_jasak_mi_a_baj_vele_Q1bq,1,57,hungarian,mit; mondtál; neki,1.000,1.000,Mit mondtál neki?,!P Mi a baj vele?,NEEDS_TRANSLATION,,,
kost_kostky_st_nane_chave_tg0E,1,57,,nane; chave; bakht,1.000,1.000,"Nane chave, nane bakht.","!T Nane chave, nane bakht.",NEEDS_TRANSLATION,,,
kuma_opily_kum_se_mnou_ne_Rsoz,1,57,czech,bámulj; rám; fordíts,1.000,1.000,"Ne bámulj rám, fordíts!","Ne hallgass rám, fordíts ide!",NEEDS_TRANSLATION,,,
dial_kuman_vyz_ne_is_besz_OjFD,1,57,czech,mondd; pokolba; vele,1.000,1.000,Ne is mondd! A pokolba vele!,Ne is beszélj nekem róla.,NEEDS_TRANSLATION,,,
rozh_hospodsky_jasne_ze_ne_ac7g,1,57,german,nein; natürlich; nicht,1.000,1.000,"Nein, natürlich nicht!","!P Nein, natürlich nicht!",NEEDS_TRANSLATION,,,
kuma_jasak_nem_is_az_tavo_16Jd,1,57,hungarian,nem; távolról; sem,1.000,1.000,Nem is az. Távolról sem.,!P Nem is az. Távolról sem.,NEEDS_TRANSLATION,,,
goss_gossip_v__ale_tak_to_2D5I,1,57,german,das; ist; schade,1.000,1.000,"Oh, das ist schade.","Oh, that is schade.",NEEDS_TRANSLATION,,,
o_zi_mistr_fab_oh_das_ist_3Mje,1,57,german,wenn; das; ist,0.600,0.600,"Oh, wenn das so ist, alright then...","!P Oh, das ist schon, alright then...",NEEDS_TRANSLATION,,,
kost_kostky_he_oy_vej_mei_BK2d,1,57,yiddish_hebrew,vey; meyn; fraynd,1.000,1.000,"Oy vey, meyn fraynd.","Oy vej, mein Frajnd.",NEEDS_TRANSLATION,,,
arne_menhart_z_spreche_si_GwQU,1,57,hungarian,rede; mit; ihm,0.750,0.750,Rede mit ihm. So he knows what he has to do.,Spreche sie mit ihm. So he knows what he has to do.,NEEDS_TRANSLATION,,,
utik_soldier_u_scheisse_r_IQdj,1,57,,scheisse; raus; hier,1.000,1.000,"Scheiße, raus … raus hier!","!P Scheisse, raus... raus hier!",NEEDS_TRANSLATION,,,
hosp_hospodyne_gefallt_es_2ReG,1,57,,schmeckt; dir; brav,1.000,1.000,"Schmeckt es dir? Ja? Brav, brav …",!P Gefallt es Ihnen? Ja? Gut... Gut.,NEEDS_TRANSLATION,,,
comb_mikulas_p_neblazni_t_PeXh,1,57,german,sei; nicht; dumm,0.375,0.375,"Sei nicht dumm. This is not best time for that. Come some other time, and make certain it is light out.","!P Sei nicht dumm. This is not best time for that. Come some other time, and make certain it is light out.",NEEDS_TRANSLATION,,,
hosp_hospodsky__a_to_je_t_ZVKL,1,57,german,und; das; war's,1.000,1.000,Und das war's.,!P Und das war's alles.,NEEDS_TRANSLATION,,,
s_el_puskar_el_ale_ale_ce_qEvl,1,57,german,ein; ganzes; fass,0.214,0.214,"Wait, wait… Ein ganzes Fass? Forget about it. I would only sell something like that to one of my verified customers.","!P Wait, wait… Ein ganzes Fass? Forget about it. I'd only sell something like that to one of my verified customers.",NEEDS_TRANSLATION,,,
s_fr_hejtman_f_proc_si_pr_wxtj,1,57,german,warum; hast; aufgehört,0.600,0.600,Warum hast du aufgehört? Shall we continue?,!P Warum hast du aufgehort? Shall we continue?,NEEDS_TRANSLATION,,,
npc__npc_vidi__warum_lieg_dMbD,1,57,german,warum; liegst; hey,1.000,1.000,Warum liegst du da? Hey!,!P Warum liegst du da? Hey!,NEEDS_TRANSLATION,,,
henr_arne_nemec_so_schmah_KZ4B,1,57,german,für; eine; schande,1.000,1.000,Was für eine Schande!,Die Schande davon!,NEEDS_TRANSLATION,,,
gree_obchodnik_was_machst_OmcS,1,57,,machst; hier; säufer,1.000,1.000,"Was machst du hier, du Säufer?","Was machst du hier, betrunken?",NEEDS_TRANSLATION,,,
hosp_hospodyne_was_willst_Ai5N,1,57,,willst; kuschlige; bestie,1.000,1.000,"Was willst du, du kuschlige Bestie?",!P Was willst du ha? Du pelziges Biest.,NEEDS_TRANSLATION,,,
o_zi_kupec_tro_ostatne_an_arbr,1,57,german,und; warum; auch,0.750,0.750,"We do not go there either, und warum auch?","!P We do not go there either, warum auch?",NEEDS_TRANSLATION,,,
lore_event_tab_wie_auch_i_I6tb,1,57,german,wie; auch; immer,0.500,0.500,"Wie auch immer, I won't try to convince you.","Wie auch immer, I won't try to convince you otherwise.",NEEDS_TRANSLATION,,,
forc_samuel_mesuge_fuZM,1,57,,zay; mishpokhe; fraynd,1.000,1.000,"Zay mishpokhe, fraynd, zay mishpokhe.","!P Zay mishpokhe, Fraynd, zay mishpokhe.",NEEDS_TRANSLATION,,,
hosp_hospodska__sons_noch_UmfJ,1,56,,sonst; noch; etwas,1.000,1.000,... Sonst noch etwas?,!P... Sons noch etwas?,NEEDS_TRANSLATION,,,
utik_utikam_z__doprdele_b_eJ7w,1,56,,francba; ahh; leléptem,1.000,1.000,"A francba... Ahh, leléptem.","A francba... ááá, .leléptem.",NEEDS_TRANSLATION,,,
gree_pozdrav_m_gutn_avent_9MO2,1,56,german,gut; ovent; fraynd,1.000,1.000,"A gut ovent, fraynd!","!P Gutn avent, Frajnd!",NEEDS_TRANSLATION,,,
kost_kostky_vy_a_sejnem_d_YrkL,1,56,,scheinem; dank; fraynd,1.000,1.000,"A scheinem dank, fraynd.","A schejnem dank, frajnd.",NEEDS_TRANSLATION,,,
kost_kostky_he_a_sejnem_d_m50n,1,56,,sheynem; dank; fraynd,1.000,1.000,"A sheynem dank, fraynd!","A shejnem dank, Frajnd!",NEEDS_TRANSLATION,,,
krov_kostkar_k_a_sejnem_d_EenC,1,56,,sheynem; dank; fraynd,1.000,1.000,"A sheynem dank, fraynd.","A schejnem dank, frajnd.",NEEDS_TRANSLATION,,,
hrac_npc_probu_uh_so_hin__vlMJ,1,56,,aaaah; hin; oda,1.000,1.000,Aaaah… so hin oda?,!T Aaaah… so hin oda?,NEEDS_TRANSLATION,,,
hrac_npc_probu_uh_so_hin__OggX,1,56,,aaah; hin; oda,1.000,1.000,Aaah… so hin oda?,!T Aaah… so hin oda?,NEEDS_TRANSLATION,,,
dost_soldier_d_aah_nein_v_lvHc,1,56,,aah; nein; verflucht,1.000,1.000,Aah … nein. Verflucht!,!P Aah… nein. Verflucht!,NEEDS_TRANSLATION,,,
uvod_menhart_z_ale_jeste__Qj6R,1,56,german,aber; ein; ding,0.600,0.600,Aber ein Ding I must still do.,Aber ein Ding I must still do…,NEEDS_TRANSLATION,,,
spec_menhart_z_aber_genug_ialR,1,56,german,aber; genug; geredet,0.429,0.429,Aber genug geredet! The best way to show you will be through practice.,!P Aber genug geredet! The best way to show you will be through practice.,NEEDS_TRANSLATION,,,
arne_arne_nemec_aber_hein_lZYr,1,56,german,aber; zuerst; harnisch,0.429,0.429,"Aber Heinrich, zuerst you must take off that steel Harnisch.","!P Aber Heinrich, erste you must take off that steel Harnisch.",NEEDS_TRANSLATION,,,
menh_arne_nemec_aber_jetz_wrU3,1,56,german,aber; jetzt; schicksal,0.600,0.600,Aber jetzt Schicksal smiles upon us and Heinrich is here!,!P Aber jetzt Schicksal smiles upon us and Heinrich is here!,NEEDS_TRANSLATION,,,
ques_quest_tip_pockat_ale_gUmq,1,56,german,aber; warte; eigentlich,0.500,0.500,"Aber warte, eigentlich... Actually there is one thing!","!P Aber warte, eigentlich... Actually there is one thing!",NEEDS_TRANSLATION,,,
ulri_event_tab_warum_aber_PTrn,1,56,german,aber; warum; fechten,0.600,0.600,"Aber warum? So no talk, but fechten... er, fight?!","Warum aber? So no talk, but Fechten... er, fight?!",NEEDS_TRANSLATION,,,
samo_samomluva_nichts_fal_GOdh,1,56,,ach; egal; vergiss,1.000,1.000,"Ach, egal ... Vergiss es.",!P Nichts falsch... nichts falsch.,NEEDS_TRANSLATION,,,
zaka_zakaznik__eh_schon_s_uapv,1,56,,ach; passt; schon,1.000,1.000,"Ach, passt schon …","Eh, schon... schon.",NEEDS_TRANSLATION,,,
nepr_soldier_p_achtung_be_FdT4,1,56,,achtung; beissendes; biest,1.000,1.000,Achtung! Beißendes Biest!,!P Achtung! Beissendes Biest!,NEEDS_TRANSLATION,,,
bohu_bohuta_acta_non_verb_nQT3,1,56,,acta; non; verba,1.000,1.000,"Acta, non verba!","!P Acta, non verba!",NEEDS_TRANSLATION,,,
bohu_bohuta_npc_ad_te_omn_5sKJ,1,56,,omnis; caro; veniet,1.000,1.000,Ad te omnis caro veniet.,!P Ad te omnis caro veniet.,NEEDS_TRANSLATION,,,
uhli_uhlir_sam_ah_nein_er_GvQj,1,56,,nein; brennt; wieder,1.000,1.000,"Ah, nein ... Er brennt wieder.",!P Ah nein... Er brennt wieder.,NEEDS_TRANSLATION,,,
gree_obchodnic_a_sar_dziv_zDib,1,56,,sar; djives; goro,1.000,1.000,"Ah, sar djives, goro?","!T Ah, sar djives, goro?",NEEDS_TRANSLATION,,,
gree_obchodnik_a_sar_dziv_Ksfk,1,56,,sar; djives; more,1.000,1.000,"Ah, sar djives, more?","!T Ah, sar djives, more?",NEEDS_TRANSLATION,,,
kost_kostky_he_aj_gadzo_k_GY0Z,1,56,,gadjo; kada; bajinav,1.000,1.000,"Aj gadjo, kada bajinav...","!T Aj gadjo, kada bajinav...",NEEDS_TRANSLATION,,,
uvod_menhart_z_ale_dobre__OP45,1,56,german,alles; ist; gut,0.250,0.250,"Alles ist gut, Heinrich. People here have grown accustomed, it seems. Even that matter with Emmeram, I think settled.","Alles ist gut, Heinrich. People here have grown accustomed, it seems. Even that matter with Emeram, I think settled.",NEEDS_TRANSLATION,,,
opon_oponent_s_alles_klar_Giev,1,56,,alles; klar; arschloch,1.000,1.000,"Alles klar, Arschloch!","!P Alles klar, Arschloch!",NEEDS_TRANSLATION,,,
jp_c_brabant_jen_podivej__Wa48,1,56,french,mon; ami; monsieur,0.250,0.250,"And look, mon ami, how the fresh air suits Monsieur Chapon! He has finally stopped drowning in self-pity.","And look, mon ami, how the fresh air suits Lord Capon! He has finally stopped drowning in self-pity.",NEEDS_TRANSLATION,,,
npc__npc_bezi__straze_nej_gfRt,1,56,,andre; bul; jas,1.000,1.000,Andre bul te jas!,!T Andre bul te jas!,NEEDS_TRANSLATION,,,
odmi_npc_odmit_andre_bul__90eC,1,56,,andre; minj; djas,1.000,1.000,Andre minj te djas!,!T Andre minj te djas!,NEEDS_TRANSLATION,,,
situ_situace_z_auf_den_ma_uNIQ,1,56,czech; german; slovak,auf; den; markt,0.600,0.600,Auf den Markt. To buy food.,Auf den Markt. To buy food.,NEEDS_TRANSLATION,,,
bibr_kuman_bib_vyrostl_z__QBLz,1,56,,ősök; gyökeréből; ered,1.000,1.000,Az ősök gyökeréből ered!,He has grown from ancestral roots!,NEEDS_TRANSLATION,,,
kuma_npc_reagu_kurva_na_n_BF7o,1,56,,bassza; meg; kapjátok,1.000,1.000,Bassza meg! Kapjátok el!,Kurva! Let's get him!,NEEDS_TRANSLATION,,,
dial_henry_lazne_zenska_s_VXCL,1,56,german,schwein; nicht; amor,0.429,0.429,Bathhouse! Woman! Afraid! You go away! Du Schwein! Nicht amor!,!P Bathhouse! Woman! Afraid! You go away! Yuck! Du Schwein! Nicht amor!,NEEDS_TRANSLATION,,,
npc__npc_rozpo_bavi_te_to_PnPL,1,56,,bavines; pes; laches,1.000,1.000,Bavines pes laches?,!T Bavines pes laches?,NEEDS_TRANSLATION,,,
npc__kuman_cri_sakra_jake_MeVt,1,56,,bazmeg; volt; szemét,1.000,1.000,"Bazmeg, ki volt az a szemét...?!","Shit, what bastard...?!",NEEDS_TRANSLATION,,,
utok_utok_na_m_schlag_das_LWWq,1,56,,bis; aufs; blut,1.000,1.000,Bis aufs Blut!,!P Schlag das Blut!,NEEDS_TRANSLATION,,,
gree_obchodnik_bite_sejn__a0Ca,1,56,,bite; sheyn; mamzer,1.000,1.000,"Bite sheyn, mamzer?","Bite shein, Mamzer?",NEEDS_TRANSLATION,,,
lore_event_tab_borur_peni_kbSH,1,56,german,borur; mein; fraynd,0.333,0.333,"Borur, money is a solemn matter, but not all is yet lost, mein Fraynd!","Borur, money is a solemn matter, but not all is yet lost, mayn Fraynd!",NEEDS_TRANSLATION,,,
hosp_hospodsky_so_wollen__rGqF,1,56,,darf's; noch; sein,1.000,1.000,Darf’s noch was sein?,!P So wollen eine weitere?,NEEDS_TRANSLATION,,,
dial_henry_das_boot_coren_Q2X1,1,56,german,das; boot; warum,0.750,0.750,Das boot! Steal! Warum?,!P Das boot! Steal. Warum?,NEEDS_TRANSLATION,,,
lock_owner_vid_das_ist_me_LSHp,1,56,german,das; ist; meins,1.000,1.000,Das ist meins!,!P Das ist meins!,NEEDS_TRANSLATION,,,
odev_cechmistr_das_ist_sc_hXMu,1,56,german,das; ist; schade,0.375,0.375,"Das ist schade, but God willing, we will catch him next time.","That’s a shame, but God willing, we’ll catch him next time.",NEEDS_TRANSLATION,,,
spec_arne_nemec_das_hangt_Jb5L,1,56,german,das; kommt; darauf,0.600,0.600,Das kommt darauf an... What you would like?,!P Das hängt ab... What would you like?,NEEDS_TRANSLATION,,,
npc__npc_rozpo_nech_me_be_IWim,1,56,,man; smirom; precherantsona,1.000,1.000,"De man smirom, precherantsona!","!T De man smirom, precherantsona!",NEEDS_TRANSLATION,,,
assa_npc_vidi__kyho_slaka_mzRi,1,56,,devla; maker; imar,1.000,1.000,"Devla, maker imar.","!T Devla, de man smirom!",NEEDS_TRANSLATION,,,
zasa_obet_reag_kurva_tref_fZQM,1,56,,devla; talyinde; man,1.000,1.000,"Devla, talyinde man!","!T Devla, talyinde man!",NEEDS_TRANSLATION,,,
bibr_kuman_bib__nadherneh_Aytv,1,56,,dicsérjük; csodás; paripákat,1.000,1.000,Dicsérjük a csodás paripákat!,Revere this magnificent stallion!,NEEDS_TRANSLATION,,,
eich_cechmistr_vis_ze_mi__qZS9,1,56,german,nun; das; hat,0.250,0.250,"Did you know he saved my life? Nun ja, das hat er! Few men were brave enough to fight like he did.","Did you know he saved my life? Nun, ja, das ist sie! Few men were brave enough to fight like he did.",NEEDS_TRANSLATION,,,
npc__npc_rozpo_votravuj_s_KUZQ,1,56,,dja; k-hal; avredjene,1.000,1.000,Dja te k-hal avredjene!,!T Dja te k-hal avredjene!,NEEDS_TRANSLATION,,,
s_ho_hospodsky_tak_toho_m_sAuB,1,56,german,verdammt; noch; mal,0.500,0.500,Don't even remind me of him! Verdammt noch mal!,!P Don't even remind me of him! Verflucht!,NEEDS_TRANSLATION,,,
ptac_ptacek_vi_jen_mu_dej_B7sv,1,56,,donne-lui; fils; pute,1.000,1.000,"Donne-lui ça, fils de pute!","!P Donne-lui ça, fils de pute!",NEEDS_TRANSLATION,,,
opon_soldier_k_du_bist_fe_EYEZ,1,56,,bist; erledigt; mann,1.000,1.000,"Du bist erledigt, Mann!","!P Du bist fertig, Mann!",NEEDS_TRANSLATION,,,
assa_npc_vidi__jeste_neko_ikyM,1,56,,bringst; noch; jemanden,1.000,1.000,Du bringst noch jemanden um!,!P Du wirst noch jemanden umbringen!,NEEDS_TRANSLATION,,,
prat_pratelsky_du_gehst_a_fAbb,1,56,,gehst; also; nicht,1.000,1.000,Du gehst also nicht?,!P Du gehst also nicht?,NEEDS_TRANSLATION,,,
gree_pozdrav_m_eh_las_mic_qBnt,1,56,,las; mikh; khazer,1.000,1.000,"Eh, las mikh, khazer!","!P Eh, las mich, chazer!",NEEDS_TRANSLATION,,,
gree_pozdrav_m_eh_las_mic_Q3Pk,1,56,,las; mikh; mamzer,1.000,1.000,"Eh... las mikh, mamzer!","!P Eh... Las mich, Mamzer!",NEEDS_TRANSLATION,,,
gree_obchodnic_ehm_bite_s_HwA8,1,56,,ehm; bite; sheyn,1.000,1.000,Ehm… bite sheyn?,Ehm… Bite shein?,NEEDS_TRANSLATION,,,
hosp_hospodska_einen_mome_Pdf5,1,56,,einen; moment; noch,1.000,1.000,Einen Moment noch!,Just a moment!,NEEDS_TRANSLATION,,,
sest_stalker_dost_uz_to_s_Wbls,1,56,,elég; legyen; már,0.750,0.750,Elég legyen már! Enough!,Elég legyen már! Enough.,NEEDS_TRANSLATION,,,
bibr_kuman_bib_vali_se_vp_JUHl,1,56,,előrezúdul; mint; folyó,1.000,1.000,"Előrezúdul, mint a folyó!",He surges forward like a river!,NEEDS_TRANSLATION,,,
spec_menhart_z_vcasnost_a_uifi,1,56,german,entschuldige; mein; freund,0.333,0.333,"Entschuldige, mein Freund.. Timing and distance, those are the core teachings of a good swordsman!","!P Entschuldigen Freund. Timing and distance, those are the core teachings of a good swordsman!",NEEDS_TRANSLATION,,,
spec_menhart_z_mistr_umi__gJGE,1,56,german,entschuldige; mein; freund,0.375,0.375,"Entschuldige, mein Freund… a master knows how to estimate his strength and condition.",A Master knows how to estimate his strength and condition and knows when to prepare for battle and when not.,NEEDS_TRANSLATION,,,
smlo_smlouvani_epes_sejne_dvSM,1,56,,epes; sheynen; dank,1.000,1.000,Epes! A sheynen dank.,!P Epes! Sheinen dank.,NEEDS_TRANSLATION,,,
smlo_smlouvani_epes_sejne_duqE,1,56,,epes; sheynem; dank,1.000,1.000,Epes! Sheynem dank.,!P Epes! Sheinen dank.,NEEDS_TRANSLATION,,,
bohu_bohuta_npc_exaudi_or_Y0vy,1,56,,exaudi; orationem; meam,1.000,1.000,Exaudi orationem meam…,!P Exaudi orationem meam,NEEDS_TRANSLATION,,,
npc__soldier_s_fick_dich__rpxH,1,56,,fick; dich; wichser,1.000,1.000,"Fick dich, du Wichser!","!P Fick dich, du Wichser!",NEEDS_TRANSLATION,,,
npc__npc_patra_schovavas__4ph9,1,56,,garudes; tut; djuvlyatar,1.000,1.000,"Garudes tut djuvlyatar, eh?","!T Garudes tut djuvlyatar, eh?",NEEDS_TRANSLATION,,,
zjed_npc_zdrav_gegruet_se_dfkr,1,56,,gegrüsset; seist; maria,1.000,1.000,"Gegrüsset seist du, Maria!",Gegrüßet seist du Maria!,NEEDS_TRANSLATION,,,
pozd_npc_zdrav_gegruet_se_BECv,1,56,,gelobt; seist; maria,1.000,1.000,"Gelobt seist du, Maria!",Gegrüßet seist du Maria!,NEEDS_TRANSLATION,,,
horn_pozdrav_h_gluck_auf__WUjB,1,56,,glück; auf; freund,1.000,1.000,"Glück auf, Freund!","!P Glück auf, Mann!",NEEDS_TRANSLATION,,,
spec_menhart_z_dobra_podi_DPPb,1,56,german,gut; mein; freund,0.375,0.375,"Gut, mein Freund. Let us see just how well you understand.","!P Gut, mein Freund. Let us see just how well you understand.",NEEDS_TRANSLATION,,,
gree_pozdrav_m_guten_aben_8l50,1,56,,guten; abend; brauchst,1.000,1.000,Guten Abend! Was brauchst du?,Guten Abend! Was du brauchst?,NEEDS_TRANSLATION,,,
gree_pozdrav_m_gut_margn__XjzL,1,56,,gutn; morgn; fraynd,1.000,1.000,"Gutn morgn, fraynd!","!P Gut margn, Frajnd!",NEEDS_TRANSLATION,,,
hosp_hospodyne_hey_klaffe_v9Ql,1,56,,kläffer; komm; schon,1.000,1.000,"He, Kläffer! Komm schon!",Hey! Kläffer! Komm schon!,NEEDS_TRANSLATION,,,
idle_soldier_m_he_los_geh_x2dD,1,56,,heh; los; geht's,1.000,1.000,Heh... Los geht’s!,!P Heh... Los geht's!,NEEDS_TRANSLATION,,,
npc__npc_vidi__hilfe_hilf_XlQI,1,56,,hilfe; helft; mir,1.000,1.000,Hilfe! So helft mir!,"!P Hilfe! Hilfe, Menschen!",NEEDS_TRANSLATION,,,
smlo_smlouvani_hm_mir_kom_EtFU,1,56,,mir; komen; fraynd,1.000,1.000,"Hm, mir komen, fraynd.","!P Hm, mir komen, Frajnd.",NEEDS_TRANSLATION,,,
goss_gossip_sp_doplnit_ne_c0Wq,1,56,,bräuchten; wir; dafür,1.000,1.000,"Hm, was bräuchten wir dafür?","!P Hm, was wäre dazu nötig?",NEEDS_TRANSLATION,,,
npc__kuman_cri_hmm_srat_n_9bJN,1,56,,hmm; bassza; meg,1.000,1.000,Hmm. Bassza meg.,Hmm. Sod that.,NEEDS_TRANSLATION,,,
npc__kuman_cri_kam_ta_bes_LjHx,1,56,,hová; kószáltál; dög,1.000,1.000,Hová kószáltál el te dög?!,Where did the bastard go?,NEEDS_TRANSLATION,,,
npc__kuman_cri_kde_je_ta__UTBm,1,56,,hová; tünt; dög,1.000,1.000,Hová tünt ez a dög?!,Where is the bastard?,NEEDS_TRANSLATION,,,
vask_hejtman_f_nikoho_tu__TdWR,1,56,german,ich; bin; allein,0.429,0.429,I don't have anyone else here at the moment. Ich bin allein.,!P I don't have anyone handy at the moment. Ich bin allein.,NEEDS_TRANSLATION,,,
s_fr_hejtman_f_uz_me_to_n_OtNw,1,56,german,ich; bin; leid,0.750,0.750,Ich bin es leid. What next?,!P Ich bin es leid. What next?,NEEDS_TRANSLATION,,,
o_zi_rychtar_h_ffff_3LD4,1,56,german,ich; bin; froh,0.429,0.429,"Ich bin froh they did not hang him, that would have been an awful shame...","!P Es ist gut they didn't hang him, that would have been an awful shame...",NEEDS_TRANSLATION,,,
s_fr_hejtman_f_konec_vzda_kdlE,1,56,german,ich; gebe; auf,0.750,0.750,Ich gebe auf! You win.,!P Ich gebe auf! You won.,NEEDS_TRANSLATION,,,
svat_quest_tip_dal_sem_sl_5iQW,1,56,german,ich; habe; gehört,0.500,0.500,"Ich habe gehört, there have been some disputes between the miners in Kuttenberg.","Ich habe auch gehört, there have been some disputes between the miners in Kuttenberg.",NEEDS_TRANSLATION,,,
spec_menhart_z_rozumim_ik_iY7U,1,56,german,ich; habe; verstanden,0.300,0.300,"Ich habe verstanden. Against an armoured opponent, a mace is much more effective.","!P Ich habe verstanden. Against an armoured opponent, a mace is much more effective.",NEEDS_TRANSLATION,,,
eich_cechmistr_ich_wei_ni_LsVq,1,56,german,ich; weiss; nicht,0.429,0.429,"Ich weiß nicht, and I saw no reason to look into it.","!P Ich weiß nicht, and I thought it wasn’t worth digging into.",NEEDS_TRANSLATION,,,
zada_nikdo_nec_to_netusim_kxFK,1,56,german,ich; weiss; nicht,0.214,0.214,"Ich weiß nicht. He just dropped everything, but why - you’ll have to ask him. Lives down by the old mill near Pách.","Ich weiß nicht. He just dropped everything, but why—you’ll have to ask him. Lives down by the old mill near Pách.",NEEDS_TRANSLATION,,,
o_zi_mistr_fab_kdyby_nepr_RsvQ,1,56,german,meine; heilige; barbara,0.231,0.231,"If that despicable Hungarian king did not come and dismiss the whole city council, I could be building meine Heilige Barbara at this time.","!P If that despicable Hungarian king hadn't have come and dismissed the whole city council, I could have been building meine Heilige Barbara at this time.",NEEDS_TRANSLATION,,,
mist_cechmistr_das_ist_mo_gQ7O,1,56,german,das; ist; möglich,0.429,0.429,"Ja, das ist möglich. I do not remember him much… But it has been a long time.","!P Ja, das ist möglich. I do not remember him much… But it has been a long time.",NEEDS_TRANSLATION,,,
o_zi_mistr_fab_ja_das_kan_simn,1,56,german,das; kann; sein,0.750,0.750,"Ja, das kann sein, speak.","!P Ja, das kann sein, speak.",NEEDS_TRANSLATION,,,
menh_arne_nemec_ja_heinri_LV2F,1,56,german,danke; für; alles,0.750,0.750,"Ja, Heinrich, you good swordsman. Danke für alles …","!P Ja, Heinrich, you good swordsman. Danke für alles…",NEEDS_TRANSLATION,,,
eich_cechmistr_vim_slysel_jFXb,1,56,german,ich; habe; gehört,0.600,0.600,"Ja, ich habe es gehört... Young and headstrong, eh?","!P Ja, ich habe es gehört... Young and headstrong, eh?",NEEDS_TRANSLATION,,,
zaka_zakaznik__ja_ja_jede_Ldw7,1,56,,jeden; tag; dasselbe,1.000,1.000,Jeden Tag dasselbe …,"Ja, ja, jeden Tag so.",NEEDS_TRANSLATION,,,
npc__soldier_s_jetzt_bist_lS1j,1,56,,jetzt; bist; dran,1.000,1.000,Jetzt bist du dran!,!P Jetzt bist du fertig!,NEEDS_TRANSLATION,,,
pozd_sousedsky_lacho_dives_TamD,1,56,,kay; djan; bibi,1.000,1.000,"Kay djan, bibi?","!T Kay djan, bibi?",NEEDS_TRANSLATION,,,
npc__npc_neroz_kde_ses_de_38VJ,1,56,,kay; sal; mogul,1.000,1.000,"Kay sal, tu mogul!","!T Kay sal, tu mogul!",NEEDS_TRANSLATION,,,
rozp_npc_rozpo_kde_ses_ku_mRmx,1,56,,kay; sal; rikono,1.000,1.000,"Kay sal, tu rikono?!","!T Kay sal, tu rikono?!",NEEDS_TRANSLATION,,,
rozp_npc_rozpo_kde_ses_uk_DdQr,1,56,,kay; sal; arde,1.000,1.000,Kay sal? Av arde!,!T Kay sal? Av arde!,NEEDS_TRANSLATION,,,
hosp_hospodyne_klaffer_ko_g5bM,1,56,,kläffer; komm; mir,1.000,1.000,Kläffer! Komm zu mir!,!P Kläffer! Komm zu mir!,NEEDS_TRANSLATION,,,
zasa_svedek_re_tady_jde_v_Jm6V,1,56,,kamel; miro; meriben,1.000,1.000,Ko kamel miro meriben?!,!T Ko kamel miro meriben?!,NEEDS_TRANSLATION,,,
rozp_npc_rozpo_co_proti_m_Y4UY,1,56,,pal; mande; djal,1.000,1.000,Ko pal mande djal?,!T Ko pal mande djal?,NEEDS_TRANSLATION,,,
herm_rudokupec_komm_morge_Gt1P,1,56,,komm; morgen; früh,1.000,1.000,Komm morgen früh...,!P Komm morgen früh...,NEEDS_TRANSLATION,,,
samo_samomluva_eh_komm_du_YxPm,1,56,,komm; schon; scheissteil,1.000,1.000,"Komm schon, du Scheißteil.","!P Eh, komm, du Schlampe...",NEEDS_TRANSLATION,,,
idle_soldier_m_komm_schon_1CqI,1,56,,komm; schon; feigling,1.000,1.000,"Komm schon, Feigling!","!P Komm schon, Feigling!",NEEDS_TRANSLATION,,,
hosp_hospodyne_komm_schon_qW1e,1,56,,komm; schon; köter,1.000,1.000,"Komm schon, Köter!",!P Komm schon! Köter!,NEEDS_TRANSLATION,,,
bark_treninkov_komm_nochm_GpFZ,1,56,,komm; noch; mal,1.000,1.000,Komm! Noch mal!,!P Komm! Nochmal!,NEEDS_TRANSLATION,,,
star_vozka_voz_komm_pferd_Suwa,1,56,,komm; pferdchen; hopp,1.000,1.000,"Komm, Pferdchen. Hopp!","!P Komm, Pferdchen. Hopp!",NEEDS_TRANSLATION,,,
npc__npc_vidi__ses_snad_v_KTbd,1,56,,koro; mato; sal,1.000,1.000,Koro mato sal?,!T Koro mato sal?,NEEDS_TRANSLATION,,,
priv_obchodnic_las_mich_c_ZLNi,1,56,,lass; mich; chazer,1.000,1.000,"Lass mich, chazer!","Las mich, chazer!",NEEDS_TRANSLATION,,,
priv_obchodnic_las_mich_m_KJD5,1,56,,lass; mich; mamzer,1.000,1.000,"Lass mich, du Mamzer!",Las mich! Mamzer!,NEEDS_TRANSLATION,,,
bibr_kuman_bib_at_se_jeho_sgEu,1,56,,legyen; gyors; csikója,1.000,1.000,Legyen gyors a csikója!,Let its foal be swift!,NEEDS_TRANSLATION,,,
prat_pratelsky_los_komm_s_AH0R,1,56,,los; komm; schneller,1.000,1.000,"Los, komm! Schneller!","!P Los, komm! Schneller!",NEEDS_TRANSLATION,,,
lock_svedek_vi_nech_ten_z_hEFr,1,56,,pipin; proda; vudar,1.000,1.000,Ma pipin proda vudar!,!T Ma pipin proda vudar!,NEEDS_TRANSLATION,,,
lore_event_tab_nichts_pas_6uPF,1,56,,macht; nichts; junge,1.000,1.000,"Macht nichts, Junge.","Nichts passiert, Junge.",NEEDS_TRANSLATION,,,
goss_gossip_ob_masa_umata_kwzj,1,56,,masa; u-matan; tov,1.000,1.000,Masa u-matan tov!,!P Masa umatan tov!,NEEDS_TRANSLATION,,,
free_obet_reag_malem_si_m_lZ6W,1,56,,may; man; demadjal,1.000,1.000,May man demadjal!,!T May man demadjal!,NEEDS_TRANSLATION,,,
free_obet_reag_mohls_mi_n_vazy,1,56,,may; man; dukadjal,1.000,1.000,May man dukadjal!,!T May man dukadjal!,NEEDS_TRANSLATION,,,
okol_npc_reagu_to_bylo_vo_HEMf,1,56,,may; man; khudlya,1.000,1.000,May man khudlya!,!T May cha man khudlya!,NEEDS_TRANSLATION,,,
gree_pozdrav_m_salom_alej_fcuG,1,56,,mazl; tov; fraynd,1.000,1.000,"Mazl tov, fraynd!","!P Mazel tov, Frajnd!",NEEDS_TRANSLATION,,,
npc__kuman_cri_co_se_kurv_nMgW,1,56,,fasz; folyik; itt,1.000,1.000,Mi a fasz folyik itt?,What the fuck is going on?,NEEDS_TRANSLATION,,,
rozl_rozloucen_mi_o_del_t_wXzn,1,56,,del; tut; arakhel,1.000,1.000,Mi o del tut arakhel!,!P Mi o del tut arakhel!,NEEDS_TRANSLATION,,,
kost_kostky_st_mir_komen__GTKs,1,56,,mir; komen; fraynd,1.000,1.000,"Mir komen, fraynd!","Mir komen, Frajnd!",NEEDS_TRANSLATION,,,
vajd_vajda_miri_romni_mel_fFVT,1,56,romani,miri; romni; gadjo,0.429,0.429,Miri romni had vision… And she describe a gadjo just like you.,!P Miri romni had a divination… And she described a gadjo just like you.,NEEDS_TRANSLATION,,,
npc__kuman_cri_no_to_si_d_Fmpt,1,56,,most; szórakozol; velem,1.000,1.000,Most szórakozol velem?!,You're having a laugh!,NEEDS_TRANSLATION,,,
lock_obyvatel__nech_ty_dv_ZYNO,1,56,,muk; oda; vudar,1.000,1.000,Muk oda vudar!,!T Muk oda vudar!,NEEDS_TRANSLATION,,,
prat_pratelsky_ty_jses_ta_D3YJ,1,56,,már; megint; húzz,1.000,1.000,Már megint te?! Húzz el!,You again?! Piss off!,NEEDS_TRANSLATION,,,
npc__npc_reinf_zase_co_to_GOi6,1,56,,már; megint; fene,1.000,1.000,Már megint? Mi a fene.,Again? What is that?,NEEDS_TRANSLATION,,,
npc__npc_reinf_porad_to_s_KUBw,1,56,,még; mindig; hallom,1.000,1.000,Még mindig hallom…,I still hear it…,NEEDS_TRANSLATION,,,
idle_soldier_m_na_los_kom_9b75,1,56,,los; komm; schon,1.000,1.000,"Na los, komm schon.","!P Na los, komm schon.",NEEDS_TRANSLATION,,,
npc__npc_vidi__na_naker_o_0Ps4,1,56,,andre; bul; djas,1.000,1.000,Na! Andre bul te djas!,!T Na! Andre bul te djas!,NEEDS_TRANSLATION,,,
kuma_farkasova_nem_nincs__QPY9,1,56,,nem; nincs; sátorban,1.000,1.000,Nem. Nincs a sátorban.,!P Nem. Nincs a sátorban.,NEEDS_TRANSLATION,,,
npc__npc_naslo_ale_nic_tu_EYif,1,56,,nincs; ott; semmi,1.000,1.000,Nincs ott semmi.…,But there's nothing here…,NEEDS_TRANSLATION,,,
comb_hans_plum_nun_wenn_s_XBNM,1,56,german,nun; wenn; willst,0.300,0.300,"Nun, wenn du willst, you can finish it all by putting him back on his feet with an uppercut to his chin.","!P Nun, wenn Sie wollen, you can finish it all by putting him back on his your feet with an uppercut to his chin.",NEEDS_TRANSLATION,,,
endi_rozloucen_o_del_tuha_YER3,1,56,,del; tuha; goro,1.000,1.000,"O Del tuha, goro!","!T O Del tuha, goro!",NEEDS_TRANSLATION,,,
npc__npc_vidi__o_kar_tut__Nqxu,1,56,,kar; tut; tashlyarel,1.000,1.000,O kar tut te tashlyarel!,!T O kar tut te tashlyarel!,NEEDS_TRANSLATION,,,
cros_handlir_m_to_zas_byl_pyTh,1,56,,oda; sas; avka,1.000,1.000,Oda sas avka...,That was something else…,NEEDS_TRANSLATION,,,
npc__npc_nahod_pane_boze__P30i,1,56,german,gott; warum; ich,1.000,1.000,Oh Gott ... Warum ich?,!P My God… Warum ich?,NEEDS_TRANSLATION,,,
npc__npc_vidi__ah_nein_me_rnDI,1,56,,nein; lieber; gott,1.000,1.000,"Oh nein, lieber Gott!","!P Ah nein, lieber Gott!",NEEDS_TRANSLATION,,,
s_he_hejtman_s_a_kde_si_n_YULJ,1,56,german,gott; sei; dank,0.600,0.600,"Oh, ja? Gott sei Dank! Where did you run into him?","!P Oh, ja? Gott sei Dank! Where did you run into him?",NEEDS_TRANSLATION,,,
utik_soldier_u_oh_gott_ne_RbQR,1,56,,lieber; gott; nein,1.000,1.000,"Oh, lieber Gott, nein!","!P Oh, lieber Gott, nein!",NEEDS_TRANSLATION,,,
prat_pratelsky_oh_willst__2JcC,1,56,,willst; hart; spielen,1.000,1.000,"Oh, willst du hart spielen?","!P Oh, willst du hart spielen?",NEEDS_TRANSLATION,,,
gree_pozdrav_m_oh_was_wil_2o7j,1,56,,willst; von; mir,1.000,1.000,Oh ... Was willst du von mir?!,Oh... Was willst du von mir?!,NEEDS_TRANSLATION,,,
hrac_henry_vysoky_jalovec_Fd4l,1,56,czech; slovak,juniper; über; den,0.600,0.600,"Over the juniper…! No, wait…! Über den juniper!","Over the juniper…! No, wait…! Über den juniper!",NEEDS_TRANSLATION,,,
zaka_zakaznik__oy_vey_faj_wFRL,1,56,yiddish_hebrew,vey; fayfe; daroyf,1.000,1.000,"Oy vey, fayfe daroyf...","Oy vey, fajfe darojf...",NEEDS_TRANSLATION,,,
gree_pozdrav_z_eh_na_kame_GEdQ,1,56,,kames; vareso; gadjo,1.000,1.000,"Oy... Kames vareso, gadjo?","!T Oy... Kames vareso, gadjo?",NEEDS_TRANSLATION,,,
idle_soldier_m_puh_keine__udl8,1,56,,pah; keine; sorge,1.000,1.000,"Pah, keine Sorge...","!P Pah, keine Sorge...",NEEDS_TRANSLATION,,,
pes__npc_reagu_pal_soste__Ysdj,1,56,,pal; soste; djhas,1.000,1.000,Pal soste djhas?,!T Pal soste djhal?,NEEDS_TRANSLATION,,,
npc__npc_vidi__pal_soste__8GPh,1,56,,pal; soste; dzhal,1.000,1.000,Pal soste dzhal?,!T Pal soste dzhal?,NEEDS_TRANSLATION,,,
zasa_svedek_re_vo_co_mu_j_bNNv,1,56,,pal; soste; jal,1.000,1.000,Pal soste jal?,!T Pal soste jal?,NEEDS_TRANSLATION,,,
prov_soldier_u_pech_gehab_YQlK,1,56,,pech; gehabt; arschloch,1.000,1.000,"Pech gehabt, Arschloch.","!P Pech gehabt, Arschloch.",NEEDS_TRANSLATION,,,
gree_obchodnik_pejres_vos_ZWtl,1,56,,peyresh; vos; makhst,1.000,1.000,Peyresh! Vos makhst du?,Peyresh! Vos machst du?,NEEDS_TRANSLATION,,,
assa_npc_vidi__kurva_cokl_0fyH,1,56,,picsába; egy; kutya,1.000,1.000,Picsába! Egy kutya!,Kurva! A dog!,NEEDS_TRANSLATION,,,
bohu_bohuta_pulsate_et_ap_yglU,1,56,,pulsate; aperietur; vobis,1.000,1.000,Pulsate et aperietur vobis!,!P Pulsate et aperietur vobis!,NEEDS_TRANSLATION,,,
svep_svepomoc__chces_zit__Ynjb,1,56,,pénzt; vagy; életet,1.000,1.000,Pénzt vagy életet!,Pénz vagy életed!,NEEDS_TRANSLATION,,,
prat_pratelsky_raus_hier__w30F,1,56,,raus; hier; wichser,1.000,1.000,"Raus hier, du Wichser!","!P Raus hier, du Wichser!",NEEDS_TRANSLATION,,,
pozd_sousedsky_lacho_dives_bldU,1,56,,sar; djives; romeya,1.000,1.000,"Sar djives, Romeya?","!T Sar djives, Romeya?",NEEDS_TRANSLATION,,,
npc__npc_rozpo_ses_jak_ma_gMMx,1,56,,sar; tsikno; chavoro,1.000,1.000,Sar o tsikno chavoro.,!T Sar o tsikno chavoro.,NEEDS_TRANSLATION,,,
pozd_sousedsky_mi_del_o_d_LULb,1,56,,sar; sal; more,1.000,1.000,"Sar sal, more?","!T Sar sal, more?",NEEDS_TRANSLATION,,,
npc__npc_vidi__scheisse_j_cwCz,1,56,,scheisse; jetzt; reicht,1.000,1.000,Scheiße! Jetzt reicht es ...,!P Scheisse! Jetzt reicht es...,NEEDS_TRANSLATION,,,
zaka_zakaznik__sejnem_dan_bipd,1,56,,scheynem; dank; fraynd,1.000,1.000,"Scheynem dank, fraynd!","Schonem dank, freund!",NEEDS_TRANSLATION,,,
free_svedek_re_nekoho_zra_EmMi,1,56,,sem; varekas; dukaves,1.000,1.000,Sem varekas dukaves!,!T Sem varekas dukaves!,NEEDS_TRANSLATION,,,
npc__npc_neroz_mam_zacit__qinN,1,56,,shay; chivav; pale,1.000,1.000,Shay me chivav pale?,!T Shay me chivav pale?,NEEDS_TRANSLATION,,,
smlo_smlouvani_sejnen_dan_SnjD,1,56,,sheynem; dank; fraynd,1.000,1.000,"Sheynem dank, fraynd.","!P Sheynen dank, Fraynd.",NEEDS_TRANSLATION,,,
smlo_smlouvani_sejnen_dan_jKYM,1,56,,sheynen; dank; fraynd,1.000,1.000,"Sheynen dank, fraynd.","!P Sheinen dank, Fraynd.",NEEDS_TRANSLATION,,,
dark_event_tab_sigmund_eg_jYgo,1,56,,egy; kancafingnyit; sem,1.000,1.000,Sigismund egy kancafingnyit sem ér.,Sigmund egy kancafingnyit sem ér.,NEEDS_TRANSLATION,,,
goss_gossip_v__tak_jak_to_mI9J,1,56,german,mein; guter; nachbar,0.750,0.750,"So how are things, mein guter Nachbar?","So how are things, meine Nachbar?",NEEDS_TRANSLATION,,,
npc__npc_vidi__co_delas_s_r3xT,1,56,,keres; ola; zbranyaha,1.000,1.000,So keres ola zbranyaha?,!T So keres ola zbranyaha ?,NEEDS_TRANSLATION,,,
npc__npc_vidi__co_to_mrtv_y7yl,1,56,,oda; mulo; manush,1.000,1.000,So oda…? O mulo manush!,!T So oda…? O mulo manush!,NEEDS_TRANSLATION,,,
pozd_sousedsky_lacho_RCNz,1,56,,taves; mri; chay,1.000,1.000,"So taves, mri chay?","!T So taves, mri chay?",NEEDS_TRANSLATION,,,
goss_gossip_sp_hm__wie_im_05DQ,1,56,,wie; immer; also,1.000,1.000,So wie immer also.,"!P Eh, so wie immer.",NEEDS_TRANSLATION,,,
lock_owner_vid_co_na_to_c_3VuZ,1,56,,soske; proda; chalaves,1.000,1.000,Soske proda chalaves?,!T Soske proda chalaves?,NEEDS_TRANSLATION,,,
assa_npc_vidi__proc_se_rv_WzV7,1,56,,soske; tumen; maren,1.000,1.000,Soske tumen maren?,!T Soske tumen maren?,NEEDS_TRANSLATION,,,
gree_obchodnik_schnell_Ew6K,1,56,,sprich; oder; geh,1.000,1.000,Sprich oder geh!,Sprich oder renne!,NEEDS_TRANSLATION,,,
ukon_vozka_voz_ou_stehen__RRSc,1,56,,stehen; bleiben; halt,1.000,1.000,Stehen bleiben … Halt!,"!P Ou, Stehen bleiben... Halt!",NEEDS_TRANSLATION,,,
npc__kuman_cri_naseru_ti__8noQ,1,56,,szarni; fogok; sírodra,1.000,1.000,Szarni fogok a sírodra!,I'll shit on your grave!,NEEDS_TRANSLATION,,,
pozd_sousedsky_mi_del_o_d_ETpB,1,56,,kay; djas; more,1.000,1.000,"Ta kay djas, more?","!T Ta kay djas, more?",NEEDS_TRANSLATION,,,
pozd_sousedsky_the_tumenge_uFzV,1,56,,mishtes; som; palikerav,1.000,1.000,"Ta mishtes som, palikerav.","!T Ta mishtes som, palikerav.",NEEDS_TRANSLATION,,,
pozd_sousedsky_eh_the_tum_h1Jm,1,56,,aves; bakhtalo; more,1.000,1.000,"Te aves bakhtalo, more.","!T Te aves bakhtalo, more.",NEEDS_TRANSLATION,,,
rozl_rozloucen_taves_bach_KOnR,1,56,,aves; bakhtalyi; bibi,1.000,1.000,"Te aves bakhtalyi, bibi!","!T Te aves bakhtalyi, bibi!",NEEDS_TRANSLATION,,,
zavo_zavodnik__te_chas_mi_G9MG,1,56,,khas; mro; kar,1.000,1.000,Te khas mro kar!,!T Te khas mro kar!,NEEDS_TRANSLATION,,,
s_fr_hejtman_f_to_staci_u_18e2,1,56,german,nacht; ich; ausruhen,0.600,0.600,That is enough. It is almost nacht. Ich will ausruhen.,!P That's enough. It's almost nacht. Ich will ausruhen.,NEEDS_TRANSLATION,,,
ptac_ptacek_vi_jo_poveden_JIZz,1,56,,touché; joli; coup,1.000,1.000,Touché! Joli coup!,!P Touché! Joli coup!,NEEDS_TRANSLATION,,,
hled_npc_hleda_taky_hleda_P3E3,1,56,,tish; rodes; lyivinelas,1.000,1.000,Tu tish rodes ko lyivinelas?,!T Tu tish rodes ko lyivinelas?,NEEDS_TRANSLATION,,,
nepr_soldier_b_tote_die_b_Wi7Z,1,56,,töte; die; bestie,1.000,1.000,Töte die Bestie!,!P Töte die Bestie!,NEEDS_TRANSLATION,,,
npc__kuman_cri_okamzite_s_YYOd,1,56,,tünés; most; azonnal,1.000,1.000,Tünés. Most azonnal!,Fuck off right now!,NEEDS_TRANSLATION,,,
nast_nastvane__koukej_zmi_QaEF,1,56,,tűnj; sóhajomból; azonnal,1.000,1.000,Tűnj el a sóhajomból! Azonnal!,Get out of my sight! Right now!,NEEDS_TRANSLATION,,,
miko_handlir_m_a_nam_pale_D3gF,1,56,,amenge; t-hardyi; mol,1.000,1.000,U amenge t-hardyi mol!,And brandy for us!,NEEDS_TRANSLATION,,,
hosp_hospodsky_uh_scheiss_5bJt,1,56,,scheisse; regnet; wieder,1.000,1.000,"Uh, Scheiße. Es regnet wieder!","Uh, Scheisse, es regnet wieder!",NEEDS_TRANSLATION,,,
gree_pozdrav_m_eh_te_chas_c4zf,1,56,,khas; dadeskero; kar,1.000,1.000,Uh... Te khas le dadeskero kar!,!T Uh... Te khas le dadeskero kar!,NEEDS_TRANSLATION,,,
s_he_rychtar_m_tak_proc_m_Y6X4,1,56,german,und; wenn; schon,0.500,0.500,Und wenn schon? Then why are you wasting my time?,!P Und wenn schon? Then why are you wasting my time?,NEEDS_TRANSLATION,,,
laze_lazebnice_na_und_sin_Kqga,1,56,,und; bist; zufrieden,1.000,1.000,Und? Bist du zufrieden?,Na und? Sind Sie zufrieden?,NEEDS_TRANSLATION,,,
npc__npc_si_st_musel_jsem_yWJ3,1,56,,valami; rosszat; zabáltam,1.000,1.000,Valami rosszat zabáltam.,I must have eaten something bad.,NEEDS_TRANSLATION,,,
npc__npc_patra_musel_jit__6R9t,1,56,,valhova; erre; mehetet,1.000,1.000,Valhova erre mehetet.,He must've gone somewhere this way.,NEEDS_TRANSLATION,,,
pred_prekupnik_jo_to_je_j_Hquz,1,56,german,verstehe; mein; freund,0.750,0.750,"Verstehe. And who are you looking for, mein Freund?","Ich verstehe, and who are you looking for, mein Freund?",NEEDS_TRANSLATION,,,
s_fr_hejtman_f_diky_ale_k_7IRj,1,56,german,dir; alle; ehre,0.375,0.375,Very good! It is a pleasure to meet such a swordsman! Dir alle Ehre!,!P Very good! It is a pleasure to meet such a swordsman! Alle Ehre fur Sie!,NEEDS_TRANSLATION,,,
pokr_treninkov_vidazin_pr_yBpt,1,56,,vidyazin; pre; tute,1.000,1.000,Vidyazin pre tute!,!T Vidyazin pre tute!,NEEDS_TRANSLATION,,,
gree_obchodnik_vos_machst_K34S,1,56,,vos; makhst; mamzer,1.000,1.000,"Vos makhst du, mamzer?!","Vos machst du, Mamzer?!",NEEDS_TRANSLATION,,,
gree_obchodnic_vos_machst_tFZ7,1,56,,vos; makhst; mamzer,1.000,1.000,Vos makhst du? Mamzer!,Vos machst du? Mamzer!,NEEDS_TRANSLATION,,,
bibr_kuman_bib_at_se_jeho_k5w2,1,56,,vágjon; gyorsan; esze,1.000,1.000,Vágjon gyorsan az esze!,Let its mind be sharp!,NEEDS_TRANSLATION,,,
rudo_rudokupec_was_ist_de_ZwcN,1,56,german,ist; denn; los,1.000,1.000,Was ist denn los?,!P Was ist denn los?,NEEDS_TRANSLATION,,,
gree_pozdrav_m_was_mochte_Nspi,1,56,,möchtest; früh; morgen,1.000,1.000,Was möchtest du so früh am Morgen?,Was möchtest du morgens so?,NEEDS_TRANSLATION,,,
kupec_poslednib_was_soll__dDJ1,1,56,german,soll; ich; tun,0.273,0.273,"Was soll ich tun? The end justifies the means. But the important thing, master, is what you are still missing...","Was soll ich tun? The end justifies the means. But the important thing, master, is what you’re still missing...",NEEDS_TRANSLATION,,,
gree_pozdrav_n_was_willst_tN1c,1,56,,willst; von; mir,1.000,1.000,Was willst du von mir?,!P Was willst du von mir?,NEEDS_TRANSLATION,,,
comb_hejtman_f_so_alt_wie_wJVn,1,56,german,weisst; meine; truppe,0.429,0.429,"Weißt du, meine Truppe I teach mainly to fight with pikes.","!P Wissen Sie, Meine Mannschaft I teach mainly to fight with pikes.",NEEDS_TRANSLATION,,,
gree_pozdrav_n_mein_gott__I276,1,56,,wie; war; das,1.000,1.000,Wie war das?,!P Was heisst das?,NEEDS_TRANSLATION,,,
hosp_hospodska_und_wer_wi_YcWF,1,56,,wie; willst; bezahlen,1.000,1.000,Wie willst du bezahlen?,!P Wie werden Sie bezahlen?,NEEDS_TRANSLATION,,,
rozh_kupec_vel_co_mi_to_t_cht9,1,56,german,willst; mich; verarschen,0.429,0.429,"Willst du mich verarschen? You, owning a house in Kuttenberg, yeah right?","Verarschen Sie mich? You, owning a house in Kuttenberg, yeah right?",NEEDS_TRANSLATION,,,
prat_pratelsky_wo_sind_di_Rqkk,1,56,,sind; die; anderen,1.000,1.000,"Wo sind die anderen, hm?","!P Wo sind die anderen, hm?",NEEDS_TRANSLATION,,,
goss_gossip_na_no_fidis_g_zI1c,1,56,german,ist; doch; prima,0.750,0.750,You see? Ist doch prima!,You see? Wunderbar!,NEEDS_TRANSLATION,,,
bibr_kuman_bib_nejvybrane_YMnt,1,56,,áldozzunk; legkiválóbb; tejjel,1.000,1.000,Áldozzunk a legkiválóbb tejjel!,Let us offer the finest milk!,NEEDS_TRANSLATION,,,
dost_kuman_dos_co_to_1Kwd,1,56,,áááá; hörrr; pffff,1.000,1.000,"Áááá, hörrr... pffff.","Áááá,, hörrr... pffff.",NEEDS_TRANSLATION,,,
npc__npc_naslo_hodnej_pej_xvjH,1,56,,örizz; csak; bennünnket,1.000,1.000,Örizz csak bennünnket,Good boy! Keep guarding us!,NEEDS_TRANSLATION,,,
npc__npc_pobiz_ugyan_mar__w3kL,1,55,,ugyan; már; gyere,1.000,1.000,!P Ugyan már! Na gyere!,Ugyan már! Na gyere!,NEEDS_TRANSLATION,,,
knez_knez_tros_fac_mihi_h_43Ee,1,55,,fac; mihi; hominium,1.000,1.000,"""Fac mihi hominium.""","!P ""Fac mihi hominium.""",NEEDS_TRANSLATION,,,
zave_henry_a_helyiek_feln_NgcY,1,55,,helyiek; félnek; tőletek,1.000,1.000,A helyiek félnek tőletek.,A helyiek félnek Holttól.,NEEDS_TRANSLATION,,,
reme_remeslnik_aach_komme_zHyv,1,55,,aaah; komen; vir,1.000,1.000,"Aaah, komen vir.","!P Aaah, Kommen vir.",NEEDS_TRANSLATION,,,
uvod_menhart_z_ale_vubec__O1qb,1,55,german,ach; warum; meinst,0.667,1.000,"Ach du, warum meinst du es?","Ach du, warum meist du es?",NEEDS_TRANSLATION,,,
rozh_brabant_adieu_et_bon_W5vF,1,55,,adieu; bonne; chance,1.000,1.000,Adieu et bonne chance !,!P Adieu et bonne chance!,NEEDS_TRANSLATION,,,
tibo_tibor_amaro_cinko_ph_Z86T,1,55,,amaro; tsikno; phral,1.000,1.000,Amaro tsikno phral!,!P Amaro cinko phral!,NEEDS_TRANSLATION,,,
s_he_hejtman_s_a_tady_mas_ngcE,1,55,german,ein; bisschen; mehr,0.429,0.429,"And here is ein bisschen mehr from me on top of that, for taking care of that villain.","!P And here is ein Zuschlag from me on top of that, for taking care of that villain.",NEEDS_TRANSLATION,,,
kost_kostky_pr_miste_tuke_QBQH,1,55,,andre; mindj; kareha,1.000,1.000,Andre mindj le kareha!,!T Andre mindj le kareha!,NEEDS_TRANSLATION,,,
dial_po_souboj_schluss_sc_i0eT,1,55,,aufhören; schluss; jetzt,0.750,0.750,Aufhören! Schluss jetzt! I have had enough.,"Schluss, schluss! I've had enough.",NEEDS_TRANSLATION,,,
olbr_knez_niko_bis_pueri__jigi,1,55,,bis; pueri; senes,1.000,1.000,Bis pueri senes…,!P Bis pueri senes…,NEEDS_TRANSLATION,,,
zaka_zakaznik__bitte_sejn_zaK5,1,55,,bite; sheyn; fraynd,1.000,1.000,"Bite sheyn, fraynd!","Bitte Schon, freund!",NEEDS_TRANSLATION,,,
spec_oswald_to_das_wirkli_ofVs,1,55,german,das; wirklich; nicht,0.250,0.250,Das geht wirklich nicht. Science is not like fishing. Knowledge and scientific learning come at an indisputable price.,!P Das wirklich nicht. Science is not like fishing. Knowledge and scientific knowledge undoubtedly have a price.,NEEDS_TRANSLATION,,,
lock_owner_vid_das_ist_me_u97z,1,55,german,das; ist; meins,0.600,0.600,Das ist meins! Hands off!,!P Das ist meins! Hands off!,NEEDS_TRANSLATION,,,
npc__npc_vidi__dikhen_man_OgmN,1,55,,devla; dik-hen; manushale,1.000,1.000,"Devla! Dik-hen, manushale!","!T Devla! Dik-hen, manushale!",NEEDS_TRANSLATION,,,
rozl_rozloucen_dza_devleh_LlC9,1,55,,djan; devleha; romeya,1.000,1.000,"Djan Devleha, Romeya!","!T Djan Devleha, Romeya!",NEEDS_TRANSLATION,,,
npc__npc_si_vs_no_jasne_t_oM08,1,55,,egyértelmű; valaki; ellopta,1.000,1.000,Egyértelmű. Valaki ellopta.,"It's clear as day, someone must've stolen it!",NEEDS_TRANSLATION,,,
kuma_vasko_egyunk_es_menj_a1oH,1,55,,együnk; tűnjünk; innen,1.000,1.000,"Együnk, és tűnjünk innen!",Együnk és menjünk ki,NEEDS_TRANSLATION,,,
s_he_hejtman_s_eh_das_ist_T08W,1,55,german,das; ist; schade,0.375,0.375,"Eh, das ist schade... I was hoping the locals would have something returned to them.","!P Eh, das ist schade... I was hoping the locals would have something returned to them.",NEEDS_TRANSLATION,,,
npc__npc_ma_do_tak_uz_toh_oiLi,1,55,,elegem; van; ebből,1.000,1.000,Elegem van ebből!,"Alright, I've had enough!",NEEDS_TRANSLATION,,,
sest_stalker_dost_uz_co_t_1AfI,1,55,,elég; legyen; már,1.000,1.000,Elég legyen már! What you do?,Elég legyen már! Mit műveltél?,NEEDS_TRANSLATION,,,
vask_vasko_tak_do_strehu_2QqT,1,55,,garde; viel; glück,1.000,1.000,En garde! Viel Glück!,En garde! Viel Gluck!,NEEDS_TRANSLATION,,,
bark_kuman_si__tak_na_toh_anL8,1,55,,ezer; ördög; pokol,1.000,1.000,Ezer ördög és pokol!,A fenébe is!,NEEDS_TRANSLATION,,,
opil_opily_kum_nazdar_HOj1,1,55,,folyton; horgászni; akarsz,1.000,1.000,Folyton horgászni akarsz?,Még mindig szeretnél horgászni?,NEEDS_TRANSLATION,,,
o_zi_hagen_tro_ganz_wie_s_mT26,1,55,,ganz; wie; willst,1.000,1.000,"Ganz, wie du willst …",!P Ganz wie Sie wollen...,NEEDS_TRANSLATION,,,
menh_arne_nemec_genau_hei_t3qo,1,55,,genau; gerettet; ärsche,0.750,0.750,"Genau, Heinrich! Glory to you! You have gerettet our Ärsche!",!P Genau Heinrich! Glory to you! You have our Arschen retten!,NEEDS_TRANSLATION,,,
menh_menhart_z_klar_kein__A12t,1,55,,gewiss; kein; problem,1.000,1.000,Gewiss. Kein Problem.,!P Klar. !P Kein Problem.,NEEDS_TRANSLATION,,,
goss_gossip_ob_zelicko_to_XLlF,1,55,german,lecker; und; gesund,0.429,0.429,Good old cabbage… I cannot get enough of it! Lecker und gesund!,!P Good old cabbage… I cannot get enough of it! Gut und gesund!,NEEDS_TRANSLATION,,,
kuma_vasko_placeholder_3_pVtI,1,55,,nyugodtak; leszünk; akkor,1.000,1.000,"Ha mi nyugodtak leszünk, akkor ők is.","Amikor mi nyugodtak vagyunk, ők is.",NEEDS_TRANSLATION,,,
ptac_ptacek_vi_ha_pekne_s_NRev,1,55,,l'as; bien; puni,1.000,1.000,Ha! Tu l'as bien puni !,!P Ha! Tu l'as bien puni !,NEEDS_TRANSLATION,,,
prij_velitel_s_vyzente_je_BeVy,1,55,,hajtsátok; őket; mindenkit,1.000,1.000,Hajtsátok ki őket! Mindenkit!,Drive them out! All of them!,NEEDS_TRANSLATION,,,
jasa_kumani_na_placeholde_5iBe,1,55,,hova; mész; haver,1.000,1.000,Hova mész haver?,!P Hova mész haver?,NEEDS_TRANSLATION,,,
henr_jasak_he_megmutatom_uRrg,1,55,,majd; megmutatom; neked,1.000,1.000,Hé! Majd én megmutatom neked!,!P Hé! Megmutatom!,NEEDS_TRANSLATION,,,
slec_aktivita__ten_mec_ch_cZHI,1,55,german,wunderschön; ein; meisterstück,0.375,0.375,I want sword for decoration only. But it must be wunderschön! Ein Meisterstück!,!P I want sword for decoration only. But it must be wunderschön! Ein Meisterstück!,NEEDS_TRANSLATION,,,
zada_kradene_z_dek_tady_o_v8TI,1,55,german,ich; bin; überrascht,0.375,0.375,Ich bin überrascht! I did not expect the matter would be resolved this quickly.,Überraschend! I did not expect the matter would be resolved this quickly.,NEEDS_TRANSLATION,,,
ques_quest_tip_prej_ve_me_Sx3d,1,55,german,ich; habe; gehört,0.375,0.375,Ich habe gehört some woman is repairing the old bathhouse in the Hoprink.,Ich habe gehört that some woman is repairing the old bathhouse in Hops Street.,NEEDS_TRANSLATION,,,
zave_vasko_most_le_kellen_AWD8,1,55,,inkább; menjünk; aludni,1.000,1.000,Inkább menjünk aludni!,!P Most le kellene feküdnünk…,NEEDS_TRANSLATION,,,
s_ho_hospodsky_ten_se_tu__AoFb,1,55,,jetzt; weiss; ich's,1.000,1.000,Ja! Jetzt weiß ich’s!,!P Ja! Ich weiß!,NEEDS_TRANSLATION,,,
rozh_hospodsky_a_to_sem_a_uhb6,1,55,german,das; ist; richtig,0.600,0.600,"Ja, das ist richtig! All I did was talk to her!","!P Ja, das ist richtig! All I did was talk to her!",NEEDS_TRANSLATION,,,
arne_arne_nemec_jetzt_geh_buSj,1,55,,jetzt; geht's; los,1.000,1.000,Jetzt geht’s los!,!P Jetzt geht's los!,NEEDS_TRANSLATION,,,
posl_event_hla_karno_beej_iGNR,1,55,,karno; be-eynekha; mamzer,1.000,1.000,Karno be-eynekha! Mamzer!,!P Karno be-ejnecha! Mamzer!,NEEDS_TRANSLATION,,,
posl_event_hla_karno_beej_iUck,1,55,,karno; be-eynekha; mamzer,1.000,1.000,"Karno be-eynekha, mamzer!",!P Karno be-ejnecha! Mamzer!,NEEDS_TRANSLATION,,,
opil_opily_kum_rosszul_va_7hZw,1,55,,kezdek; rosszul; lenni,1.000,1.000,Kezdek rosszul lenni.,Rosszul vagyok.,NEEDS_TRANSLATION,,,
prij_spizovaci_ven_hybaj__qoP9,1,55,,kifelé; mozogj; nyomorult,1.000,1.000,Kifelé! Mozogj te nyomorult!,"!P Kifelé! Szaporán, te görény!",NEEDS_TRANSLATION,,,
gree_obchodnic_kommen_vir_83TG,1,55,,komen; vir; fraynd,1.000,1.000,"Komen vir, fraynd.","Kommen vir, fraynd.",NEEDS_TRANSLATION,,,
kuma_npc_hlasi_za_mnou_ku_1d9t,1,55,,kövessetek; bassza; meg,1.000,1.000,"Kövessetek, bassza meg!","Kurva, with me!",NEEDS_TRANSLATION,,,
zave_henry_kulonben_rossz_XV31,1,55,,különben; rosszul; folytatódna,1.000,1.000,Különben rosszul folytatódna.,Különben rossznak kellene lennie.,NEEDS_TRANSLATION,,,
kate_henry_ha_tue_stelle__pnEB,1,55,,tua; bellezia; abaghlia,1.000,1.000,La tua bellezia me… mi abaghlia!,!P La tua belleza me… Mi abaghlia!,NEEDS_TRANSLATION,,,
menh_menhart_z_mekrwurdig_isTB,1,55,,letztendlich; lief; augezeichnet,1.000,1.000,Letztendlich lief es augezeichnet.,!P Letztendlich augezeichnet.,NEEDS_TRANSLATION,,,
dial_vasko_megprobal_kemk_sP0a,1,55,,megpróbál; kémkedni; utánunk,1.000,1.000,Megpróbál kémkedni utánunk.,!P Megpróbál kémkedni utánunk…,NEEDS_TRANSLATION,,,
druh_opily_kum_mi_a_helyz_g6d6,1,55,,baja; már; megint,1.000,1.000,Mi baja már megint?,Mi a helyzet?,NEEDS_TRANSLATION,,,
jasa_jasak_mi_volt_ez_az__W84o,1,55,,miféle; ötlet; volt,1.000,1.000,Miféle ötlet volt ez?,!P Mi volt ez az ötlet is?,NEEDS_TRANSLATION,,,
kuma_kuman_u_s_miert_masz_NKSb,1,55,,minek; jöttünk; ide,1.000,1.000,Minek is jöttünk ide?,!P Miért másztunk ide?,NEEDS_TRANSLATION,,,
opil_opily_kum_regota_tak_f39t,1,55,,moshattam; órákig; tóban,1.000,1.000,Moshattam órákig a tóban.,Régóta takarítottam a tóban.,NEEDS_TRANSLATION,,,
opil_kuman_si__melyen_hiv_Gudc,1,55,,mélyen; hívő; emberek,1.000,1.000,Mélyen hívő emberek...,Mélyen hívo emberek...,NEEDS_TRANSLATION,,,
rozh_hospodsky_nic_zasani_R6M3,1,55,,nein; bitte; nicht,1.000,1.000,"Nein, bitte nicht!","!P Nein, bitte nicht!",NEEDS_TRANSLATION,,,
menh_arne_nemec_nein_to_n_DHMB,1,55,german,nein; meine; idee,0.600,0.600,"Nein, not at all. Meine Idee is better.","!P Nein, not at all. Mein Idee is better.",NEEDS_TRANSLATION,,,
krov_kostkar_k_tohle_uz_n_anU7,1,55,,nothing; save; now,1.000,1.000,Nothing can save that now!,Nothing can save that!,NEEDS_TRANSLATION,,,
miko_showrunne_tenhle_je__WvGD,1,55,,odadjeno; hin; persho,1.000,1.000,Odadjeno hin persho!,This one is first!,NEEDS_TRANSLATION,,,
smlo_smlouvani_pche_chaso_ng8e,1,55,,pff; khashokh; sfoseykha,1.000,1.000,"Pff, khashokh sfoseykha...","!P Pff, Chashoch sfosejcha...",NEEDS_TRANSLATION,,,
miko_handlir_m_o_del_o_del_8pfg,1,55,,pre; soste; ujares,1.000,1.000,Pre soste ujares?,What are you waiting for?,NEEDS_TRANSLATION,,,
kuma_jasak_letepem_a_fene_T50y,1,55,,rúgjuk; szét; seggét,1.000,1.000,"Rúgjuk szét a seggét, Henry!","Letépem a fenekét, Henry!",NEEDS_TRANSLATION,,,
ptac_henry_jo_to_i_ja_Z000,1,55,,audentes; fortuna; iuvat,0.750,0.750,Same here. Audentes Fortuna Iuvat...,"Aye, me neither. Audentes Fortuna Iuvat...",NEEDS_TRANSLATION,,,
pozd_sousedsky_the_tumeng_gA93,1,55,,sar; tuke; djal,1.000,1.000,Sar tuke djal?,!T Sar tuke djal?,NEEDS_TRANSLATION,,,
ph_j_henry_scuse_me_sono__p93b,1,55,,scuse; sono; parso,1.000,1.000,"Scuse, me sono parso.","!P Scuse, me sono parso.",NEEDS_TRANSLATION,,,
ph_j_hans_uher_scusi_mi_s_szvi,1,55,,scusi; sono; perso,1.000,1.000,Scusi! Mi sono perso!,!P Scusi! !P Mi sono perso!,NEEDS_TRANSLATION,,,
ph_j_komar_skuzy_my_sono__Pbgj,1,55,,scuusi; soono; perzo,1.000,1.000,"Scuusi, mi soono perzo.","!P Scuusi, mi soono perzo.",NEEDS_TRANSLATION,,,
cp_z_henry_sei_un_proprio_Rk6D,1,55,,sei; proprio; baccalà,1.000,1.000,Sei proprio un baccalà!,!P Sei un proprio baccalá!,NEEDS_TRANSLATION,,,
ph_j_henry_spravna_odpoved_61pk,1,55,,sei; proprio; baccalá,1.000,1.000,Sei proprio un baccalá?,!P Sei proprio un baccalá?,NEEDS_TRANSLATION,,,
lega_ptacek_tvoje_pero_je_EZCK,1,55,,sei; proprio; baccalá,1.000,1.000,Sei un proprio baccalá!,!P Sei un proprio baccalá!,NEEDS_TRANSLATION,,,
gree_pozdrav_m_salom_alej_i7Uk,1,55,,sholem; aleykhem; mayn,1.000,1.000,"Sholem aleykhem, mayn her!","!P Šalom alejchem, mein Herr!",NEEDS_TRANSLATION,,,
dial_vasko_lat_hogy_szere_Y4sO,1,55,,szerelmes; lettél; ugye,1.000,1.000,"Szerelmes lettél, ugye!",Lát? Hogy szerelmes lettél?,NEEDS_TRANSLATION,,,
gree_pozdrav_z_ci_kaj_dza_JVKH,1,55,,kay; djas; goro,1.000,1.000,"Ta kay djas, goro?","!T Ta kay djas, goro?",NEEDS_TRANSLATION,,,
lock_svedek_vi_ze_na_tebe_DWSd,1,55,,takoy; varekas; vichinava,1.000,1.000,Takoy varekas vichinava!,!T Takoy varekas vichinava!,NEEDS_TRANSLATION,,,
rozl_rozloucen_taves_bach_21G7,1,55,,aves; bakhtalo; chaye,1.000,1.000,"Te aves bakhtalo, chaye!","!T Te aves bakhtalo, chaye!",NEEDS_TRANSLATION,,,
goss_dlc3_goss_prej_zpove_YsEi,1,55,,old; confessor; stefan,1.000,1.000,"The old confessor, Stefan.","The only confessor, Stefan.",NEEDS_TRANSLATION,,,
zave_henry_tevedsz_csehul_CRpX,1,55,,tévedsz; beszélsz; csehül,1.000,1.000,Tévedsz... Te beszélsz csehül!,Tévedsz... Csehül beszélsz!,NEEDS_TRANSLATION,,,
nast_nastvane__vypadni_ne_uq3N,1,55,,tűnnyél; vagy; megöllek,1.000,1.000,"Tűnnyél el, vagy megöllek!","Piss off, or I'll end you!",NEEDS_TRANSLATION,,,
o_zi_mistr_fab_tohle_je_b_BmpB,1,55,german,mehr; auch; nicht,0.273,0.273,"Unfortunately, this is just an ordinary pile of stones with a little mortar added to it. Mehr auch nicht.","!P Unfortunately, this is just an ordinary pile of stones with a little mortar added to it. Das ist alles.",NEEDS_TRANSLATION,,,
ptac_ptacek_vaffanculo_br_5iHc,1,55,,vaffanculo; brutto; stronzo,1.000,1.000,"Vaffanculo, brutto stronzo!","!P Vaffanculo, brutto stronzo!",NEEDS_TRANSLATION,,,
kuma_opily_kum_gyerunk_na_f0H5,1,55,,vigyázz; magadra; napsugaram,1.000,1.000,"Vigyázz magadra, napsugaram.","Gyerünk, napom.",NEEDS_TRANSLATION,,,
post_brabant_hromadu_stri_mdjm,1,55,,vous; êtes; sérieux,1.000,1.000,Vous êtes sérieux ?,!P Vous êtes sérieux?,NEEDS_TRANSLATION,,,
henr_jasak_varj_hova_mesz_Rgbo,1,55,,várj; hova; mész,1.000,1.000,"Várj, hova mész?","!P Várj, hova mész?",NEEDS_TRANSLATION,,,
spol_utok_na_m_pockejte_n_om1R,1,55,,wait; don't; crazy,1.000,1.000,Wait… Don't be crazy.,Wait… Don't be foolish.,NEEDS_TRANSLATION,,,
dial_posluchac_was_kann_m_y2vb,1,55,,soll; man; machen,1.000,1.000,Was soll man da machen?,!P Was kann man tun?,NEEDS_TRANSLATION,,,
vask_hejtman_f_tak_muzeme_EMW3,1,55,,wir; können; anfangen,1.000,1.000,Wir können anfangen.,!P Wir konnen anfangen.,NEEDS_TRANSLATION,,,
neme_udo_aus_t_wirklich_t_uygg,1,55,,wirklich; würfeln; trinken,0.750,0.750,"Wirklich! Würfeln, trinken… you know.","Wirklich! You know… Wurfel, trinken…",NEEDS_TRANSLATION,,,
turn_kutnohors_schwert_un_zKZ1,1,54,german,schwert; und; schild,1.000,1.000,!P Schwert und Schild! !P Schwert und Schild!,!P Schwert und Schild! !P Schwert und Schild!,NEEDS_TRANSLATION,,,
stre_strelnice_2_body_ne__FScY,1,54,czech,body; skvělý; hrozný,1.000,1.000,"2 body. Ne skvělý, ne hrozný...",,NEEDS_TRANSLATION,,,
menh_menhart_z_pokud_vyhr_Yh65,1,54,german,aber; sehr; gut,0.500,0.500,"Aber if we win, I will repay you sehr gut, you have my word.","!P Aber if we win, I will repay you sehr gut, you have my word.",NEEDS_TRANSLATION,,,
cp_b_brabant_ehm_ja_a184,1,54,,que; puis-je; dire,1.000,1.000,Ah… Que puis-je dire...?,"Uhm, I…",NEEDS_TRANSLATION,,,
vask_hejtman_f_jak_chces__u51j,1,54,,können; wir; starten,0.750,0.750,As you wish. Können wir starten?,!P As you wish. Wir konnen starten?,NEEDS_TRANSLATION,,,
menh_menhart_z_klid_arne_NbwO,1,54,,beruhige; dich; arne,1.000,1.000,"Beruhige dich, Arne.","Entspann dich, Arne.",NEEDS_TRANSLATION,,,
ph_j_henry_bona_serra_sin_znnN,1,54,,bona; serra; sinori,1.000,1.000,"Bona serra, sinori.","!P Bona serra, sinori.",NEEDS_TRANSLATION,,,
odev_cechmistr_danke_mein_iZWE,1,54,german,danke; mein; freund,1.000,1.000,"Danke, mein Freund, danke.","Danke, mein Freund, danke.",NEEDS_TRANSLATION,,,
refu_michal_henryk_ze_ska_2iTr,1,54,,henryk; skaly; kurwa,1.000,1.000,Henryk ze Skaly kurwa!,!P Henryk ze Skaly kurwa!,NEEDS_TRANSLATION,,,
npc__npc_bezi__hilfe_wo_i_QdVm,1,54,german,hilfe; ist; wer,1.000,1.000,Hilfe! Wo ist wer? Hilfe!,Hilfe! Wo ist wer? Hilfe!,NEEDS_TRANSLATION,,,
lore_event_tab_igen_igen__uqPK,1,54,german,igen; natürlich; kérem,0.600,0.600,"Igen, igen, natürlich kérem, come take a look.","Igen, igen, natürlich kérem, come take a look.",NEEDS_TRANSLATION,,,
henr_menhart_z_ja_ja_ja_v_FKoN,1,54,german,ich; verstehe; komm,0.500,0.500,"Ja, ja, Ich verstehe. Komm, Heinrich! We still have business to attend to.","Ja, ja, Ich verstehe. Komm, Heinrich! We still have business to attend to.",NEEDS_TRANSLATION,,,
pozd_sousedsky_mi_del_o_d_JWie,1,54,,kay; djan; djuvliye,1.000,1.000,"Kay djan, djuvliye?","!T Kay djan, djuvliye?",NEEDS_TRANSLATION,,,
pozd_sousedsky_mi_del_o_d_KKjo,1,54,,kay; djas; romnyie,1.000,1.000,"Kay djas, Romnyie?","!T Kay djas, Romnyie?",NEEDS_TRANSLATION,,,
vajd_vajda_kurda_slaka_KkTC,1,54,,khas; mro; kar,1.000,1.000,Khas mro kar!,Fuck!,NEEDS_TRANSLATION,,,
gree_pozdrav_m_las_mich_c_4VwX,1,54,,las; mikh; khazer,1.000,1.000,"Las mikh, khazer!","!P Las mich, Chazer!",NEEDS_TRANSLATION,,,
prep_legatuv_m_co_to_k_sa_IImg,1,54,,che; diavolo; permettete,1.000,1.000,Ma che diavolo?! Come vi permettete?!,Ma che diavolo! Come cazzo vi permettete?!,NEEDS_TRANSLATION,,,
blac_cechmistr_davej_pozo_6VA4,1,54,,pass; auf; verbrennst,1.000,1.000,"Pass auf, du verbrennst es!","!P Pass auf, du verbrennst es!",NEEDS_TRANSLATION,,,
pred_prekupnik_jaka_je_li_cxZK,1,54,,schön; verehrter; herr,1.000,1.000,"Schön, as you please, verehrter Herr!","Gut, as you please, geehrter herr!",NEEDS_TRANSLATION,,,
hrac_npc_je_za_prestan_le_yPbo,1,54,german,leg; das; runter,0.750,0.750,Stop that! Leg das runter!,!P Stop that! Leg us runter!,NEEDS_TRANSLATION,,,
pozd_sousedsky_eh_the_tum_H8BD,1,54,,aves; bakhtalo; romeya,1.000,1.000,"Te aves bakhtalo, Romeya!","!T Te aves bakhtalo, Romeya!",NEEDS_TRANSLATION,,,
incl_cechmistr_povi_mi_un_eYfK,1,54,german,mein; anhänger; farbe,0.429,0.429,"Tell me, mein Anhänger - what is the Farbe of an korrekt heated workpiece?","!P Tell me, adept - what is the Farbe of an echt heated workpiece?",NEEDS_TRANSLATION,,,
npc__npc_reagu_zavolej_si_IwJv,1,54,,vichin; djukles; pale,1.000,1.000,Vichin le djukles pale!,!T Vichin le djukles pale!,NEEDS_TRANSLATION,,,
assa_npc_vidi__zavolej_si_Jm5M,1,54,,vichin; les; pale,1.000,1.000,Vichin les pale!,!T Vichin les pale!,NEEDS_TRANSLATION,,,
arne_menhart_z_vielleicht_JsnC,1,54,,vielleicht; nur; arne,1.000,1.000,Vielleicht nur Arne…,Vielleicht Arne…,NEEDS_TRANSLATION,,,
npc__npc_rozpo_fick_mich__seKf,1,54,,soll; der; scheiss,0.750,0.750,Was soll der Scheiß?! Cut it out!,Fick mich nicht! Cut it out!,NEEDS_TRANSLATION,,,
gree_pozdrav_z_gru_dich_w_Yzz2,1,53,german,grüss; dich; wünschst,1.000,1.000,!P Grüß dich! Was wünschst du?,!P Grüß dich! Was wünschst du?,NEEDS_TRANSLATION,,,
gree_pozdrav_z_gru_gott_w_JdBW,1,53,german,grüss; gott; brauchst,1.000,1.000,!P Grüß Gott! Was du brauchst?,!P Grüß Gott! Was du brauchst?,NEEDS_TRANSLATION,,,
gree_pozdrav_n_gruss_gott_elp7,1,53,german,grüss; gott; mann,1.000,1.000,"!P Grüss Gott, Mann!","!P Grüss Gott, Mann!",NEEDS_TRANSLATION,,,
gree_pozdrav_z_servus_oh__dSmo,1,53,german,servus; mein; gott,1.000,1.000,"!P Servus... Oh, mein Gott!","!P Servus... Oh, mein Gott!",NEEDS_TRANSLATION,,,
gree_pozdrav_z_was_du_bra_CTuw,1,53,german,brauchst; mein; freund,1.000,1.000,"!P Was du brauchst, mein Freund?","!P Was du brauchst, mein Freund?",NEEDS_TRANSLATION,,,
gree_pozdrav_n_was_ist_lo_w9wv,1,53,german,ist; los; säufer,1.000,1.000,"!P Was ist los, du Säufer?","!P Was ist los, du Säufer?",NEEDS_TRANSLATION,,,
prat_pratelsky_do_prdele__adEQ,1,53,hungarian,picsába; menj; innen,1.000,1.000,"A picsába, menj innen!","A picsába, menj innen!",NEEDS_TRANSLATION,,,
lock_obyvatel__okamzite_t_GvG6,1,53,,akana; imar; dost,1.000,1.000,Akana imar dost!,!T Mindyar les muk!,NEEDS_TRANSLATION,,,
zizk_samuel_xx_3d3K,1,53,,vas; ayn; shlegrey,0.750,0.750,Alright! Vas ayn shlegrey!,Alright! Vas ayn rosh!,NEEDS_TRANSLATION,,,
cin__ptacek_audentes_fort_GkJT,1,53,,audentes; fortuna; iuvat,0.750,0.750,Audentes fortuna fucking iuvat.,Audentes fortuna fucking hell.,NEEDS_TRANSLATION,,,
reak_kuman_kom_ech_buh_st_WjT6,1,53,hungarian,isten; velem; volt,1.000,1.000,Az isten ma velem volt!,Az isten ma velem volt!,NEEDS_TRANSLATION,,,
kuma_basan_kriste_stuj_pr_sMoS,1,53,hungarian,isten; verjen; meg,1.000,1.000,Az Isten verjen meg!,Az Isten verjen meg!,NEEDS_TRANSLATION,,,
goss_uhersky_v_to_by_slo__NgXN,1,53,hungarian,lenne; vezér; megtiltotta,1.000,1.000,"Az jó lenne, de a vezér megtiltotta...","Az jó lenne, de a vezér megtiltotta...",NEEDS_TRANSLATION,,,
ph_j_komar_buona_sera_sin_9N5C,1,53,,buoona; seera; signoory,1.000,1.000,Buoona seera signoory!,!P Buoona seera signoory!,NEEDS_TRANSLATION,,,
assa_pratelske_ses_padlej_gNXt,1,53,,dilino; sal; more,1.000,1.000,"Dilino sal, more?","!T Dilino sal, more?",NEEDS_TRANSLATION,,,
zaka_zakaznik__eh_ich_hab_lQqN,1,53,german,ich; habe; hunger,1.000,1.000,"Eh, ich habe Hunger.","Eh, Ich habe Hunger.",NEEDS_TRANSLATION,,,
gott_cechmistr_er_ist_nic_U3v4,1,53,german,ist; nicht; gut,1.000,1.000,Er ist nicht so gut...,Er ist nicht so gut...,NEEDS_TRANSLATION,,,
gott_cechmistr_er_ist_seh_homk,1,53,german,ist; sehr; jung,1.000,1.000,Er ist sehr jung...,Er ist sehr jung...,NEEDS_TRANSLATION,,,
meni_menim_si__tebe_si_vy_C0Kx,1,53,hungarian,kis; móka; lesz,1.000,1.000,Ez jó kis móka lesz!,Ez jó kis móka lesz!,NEEDS_TRANSLATION,,,
kost_kibic_fac_fajf_darojf_vsd1,1,53,,fayf; daroyf; fraynd,1.000,1.000,"Fayf daroyf, fraynd!","Fajf darojf, Frajnd!",NEEDS_TRANSLATION,,,
nase_nasel_ztr_gott_sei_d_eXNQ,1,53,german,gott; sei; dank,1.000,1.000,Gott sei Dank!,Gott sei Dank!,NEEDS_TRANSLATION,,,
lore_event_tab_gru_gott_p_5X44,1,53,german,grüss; gott; pilger,1.000,1.000,"Grüß Gott, Pilger.","Grüß Gott, Pilger.",NEEDS_TRANSLATION,,,
gree_pozdrav_z_gut_margn__jZhy,1,53,german,gut; margn; frajnd,1.000,1.000,"Gut margn, Frajnd!",,NEEDS_TRANSLATION,,,
utrz_kuman_dos_ha_co_si_m_aYUp,1,53,hungarian,mit; gondoltál; kutya,1.000,1.000,"Ha, mit gondoltál, te kutya?","Ha, mit gondoltál, te kutya?",NEEDS_TRANSLATION,,,
zjed_npc_zdrav_heute_ist__Z4JS,1,53,german,heute; ist; wunderschön,1.000,1.000,Heute ist es wunderschön!,Heute ist es wunderschön!,NEEDS_TRANSLATION,,,
zaka_zakaznik__hm_ich_mus_38h2,1,53,german,ich; muss; los,1.000,1.000,"Hm, ich muss los.","Hm, Ich muss los.",NEEDS_TRANSLATION,,,
spec_oswald_to_jenom_douf_JgV6,1,53,german,ein; kleines; vermögen,0.333,0.333,"I just hope you have the coin, it will cost you ein kleines Vermögen - a small fortune.","I just hope you have the coin, it will cost you ein kleines Vermögen - a small fortune.",NEEDS_TRANSLATION,,,
krov_kostkar_k_ich_fajfe__oce4,1,53,,ikh; fayfe; daroyf,1.000,1.000,Ikh fayfe daroyf...,Ich fajfe darojf...,NEEDS_TRANSLATION,,,
npc__kuman_se__boze_stuj__Ujkh,1,53,hungarian,isten; legyen; velünk,1.000,1.000,Isten legyen velünk!,Isten legyen velünk!,NEEDS_TRANSLATION,,,
neme_udo_aus_t_ja_ich_bin_UHjg,1,53,german,ich; bin; händler,0.750,0.750,Ja! Ich bin merchant - Händler.,Ja! Ich bin merchant - Händler.,NEEDS_TRANSLATION,,,
poda_kuman_kom_to_brneni__hgtG,1,53,hungarian,kár; páncélért; szarházi,1.000,1.000,"Kár a jó páncélért, szarházi.","Kár a jó páncélért, szarházi.",NEEDS_TRANSLATION,,,
kost_kostky_pr_mein_gott__9znY,1,53,german,mein; gott; warum,1.000,1.000,"Mein Gott, warum?!","Mein Gott, warum?!",NEEDS_TRANSLATION,,,
krov_kostkar_k_mein_gott__zZSP,1,53,german,mein; gott; machst,1.000,1.000,"Mein Gott, was machst du?","Mein Gott, Was machst du?",NEEDS_TRANSLATION,,,
kuma_spizovaci_co_koukas__xTGL,1,53,hungarian,mit; bámulsz; fattyú,1.000,1.000,"Mit bámulsz, fattyú?","Mit bámulsz, fattyú?",NEEDS_TRANSLATION,,,
kuma_spizovaci_co_cumis__O5eA,1,53,hungarian,mit; mereszted; szemed,1.000,1.000,Mit mereszted a szemed?!,Mit mereszted a szemed?!,NEEDS_TRANSLATION,,,
nepr_kuman_kom_jeste_jsme_wLg0,1,53,hungarian,még; nem; végeztünk,1.000,1.000,Még nem végeztünk!,Még nem végeztünk!,NEEDS_TRANSLATION,,,
stre_strelnice_no_to_by_s_fylv,1,53,hungarian,nem; olyan; rossz,1.000,1.000,"Na, ez nem is olyan rossz...","Na, ez nem is olyan rossz...",NEEDS_TRANSLATION,,,
opon_kuman_kom_kurva_nene_kOXt,1,53,czech,hagyjátok; hogy; meglépjen,1.000,1.000,"Ne hagyjátok, hogy meglépjen!","Ne hagyjátok, hogy meglépjen!",NEEDS_TRANSLATION,,,
prip_zakaznik__prost_mein_SEuo,1,53,german,prost; meine; freunde,1.000,1.000,"Prost, meine Freunde!","Prost, meine Freunde!",NEEDS_TRANSLATION,,,
pozd_pozdrav_n_schon_dich_x0M7,1,53,german,schön; dich; sehen,1.000,1.000,Schön dich zu sehen!,Schön dich zu sehen!,NEEDS_TRANSLATION,,,
se_s_samuel_shlumelikhm_b_SblJ,1,53,,sholem; aleykhem; bruder,1.000,1.000,"Sholem aleykhem, bruder!","!P Shlum-elikhm, bruder!",NEEDS_TRANSLATION,,,
turn_kutnohors_tak_uz_pad_ATyf,1,53,polish,tak; padni; sakra,1.000,1.000,"Tak už padni, sakra!",,NEEDS_TRANSLATION,,,
turn_kutnohors_to_muselo__i5ZW,1,53,czech,muselo; sakra; bolet,1.000,1.000,To muselo sakra bolet...,,NEEDS_TRANSLATION,,,
tara_taras_mura_veritas_d_egnZ,1,53,latin,veritas; dei; vincit,1.000,1.000,Veritas Dei vincit!,Veritas Dei vincit!,NEEDS_TRANSLATION,,,
fano_ztracena__konecne_tu_3KRB,1,53,hungarian,végre; nem; unatkozunk,1.000,1.000,Végre nem unatkozunk!,Végre nem unatkozunk!,NEEDS_TRANSLATION,,,
krov_kostkar_k_was_ist_da_9ltV,1,53,german,ist; dazu; sagen,1.000,1.000,Was ist dazu zu sagen?,Was ist dazu zu sagen?,NEEDS_TRANSLATION,,,
gree_obchodnik_was_willst_85PY,1,53,german,willst; herr; flasche,1.000,1.000,"Was willst du, Herr Flasche?","Was willst du, Herr Flasche?",NEEDS_TRANSLATION,,,
gree_obchodnic_wie_geht_e_0vw8,1,53,german,wie; geht; dir,1.000,1.000,"Wie geht es dir so, Heinrich?","Wie geht es dir so, Heinrich?",NEEDS_TRANSLATION,,,
gree_pozdrav_m_salom_mein_7XbG,1,53,german,šalom; mein; herr,1.000,1.000,"Šalom, mein Herr!",,NEEDS_TRANSLATION,,,
cin__bohuta_npc_et_ne_nos_JhpL,1,52,czech,nos; inducas; tentationem,1.000,1.000,...et ne nos inducas in tentationem.,...et ne nos inducas in tentationem.,NEEDS_TRANSLATION,,,
idle_kuman_mlu_dalsi_rano_WJhJ,1,52,,következővel; pokolra; jutsz,1.000,1.000,A következővel a pokolra jutsz!,A következővel a pokolra jutsz!,NEEDS_TRANSLATION,,,
lore_event_tab_eh_es_ist__3FXU,1,52,german,das; ist; schwierig,1.000,1.000,"Ah, das ist schwierig...","Ah, das ist schwierig...",NEEDS_TRANSLATION,,,
kost_kostky_bu_arsch_mit__8UvT,1,52,hungarian,arsch; mit; ohren,0.600,0.600,Arsch mit Ohren! I can't believe it!,Arsch mit Ohren! I can't believe it!,NEEDS_TRANSLATION,,,
zada_cechmistr_das_ist_sc_hdBs,1,52,german,das; ist; schade,0.500,0.500,Das ist schade. I thought you’d want to be there?,Das ist schade. I thought you’d want to be there?,NEEDS_TRANSLATION,,,
zada_hospodsky_der_verdam_DvRJ,1,52,german,der; verdammte; schreiber,1.000,1.000,Der verdammte Schreiber!,Der verdammte Schreiber!,NEEDS_TRANSLATION,,,
prat_pratelsky_eh_est_ist_iPns,1,52,german,est; ist; chamr,1.000,1.000,"Eh, est ist chamr...","Eh, est ist chamr...",NEEDS_TRANSLATION,,,
hosp_hospodska_ejn_cvej_d_Pziy,1,52,,eyns; tsvey; dray,0.750,0.750,"Eyns, tsvey, dray… How many were there?","!P Eyns, tsvey, dray... How many were there?",NEEDS_TRANSLATION,,,
bark_kuman_na__narvu_ti_h_Ve6i,1,52,,feldugom; fejed; seggedbe,1.000,1.000,Feldugom a fejed a seggedbe!,Feldugom a fejed a seggedbe!,NEEDS_TRANSLATION,,,
gree_pozdrav_m_gru_dich_w_jk1D,1,52,german,grüss; dich; wünschst,1.000,1.000,Grüß dich! Was wünschst du?,Grüss dich! Was wünschst du?,NEEDS_TRANSLATION,,,
rozh_kupec_vel_jo_proc_ne_ninO,1,52,german,gut; warum; nicht,1.000,1.000,"Gut, warum nicht?","Gut, warum nicht?",NEEDS_TRANSLATION,,,
kuma_kuman_vol_pojdte_sem_hIzK,1,52,,gyertek; ide; gyorsan,1.000,1.000,"Gyertek ide! Ide, gyorsan!","Gyertek ide! Ide, gyorsan!",NEEDS_TRANSLATION,,,
menh_menhart_z_he_he_ich__aeOn,1,52,german,ich; weiss; entschuldige,0.500,0.500,Haha! Ich weiss es! I am making fun of you. Entschuldige!,Haha! Ich weiss es! I am making fun of you. Entschuldige!,NEEDS_TRANSLATION,,,
rezy_else_hm_to_je_pravda_4Y6W,1,52,german,das; stimmt; anton,0.250,0.375,"Hm, das stimmt. Anton is a haughty cockscomb and deserves a slap on the wrist.","Hm, das stimmt = Hm, that's true. Anton is a haughty cock and deserves a slap on the wrist.",NEEDS_TRANSLATION,,,
o_zi_prokop_el_hm_warum_n_SmU6,1,52,german,hmm; warum; nicht,0.286,0.429,"Hmm, warum nicht ... And you have never seen a foundry, lad?","!P Hmm, warum nicht... And you've never seen a foundry, lad?",NEEDS_TRANSLATION,,,
henr_menhart_z_verstehen__YdU2,1,52,german,ich; verstehe; ratsherr,1.000,1.000,"Ich verstehe, Ratsherr. Yes.","Ich verstehe, Ratsherr. Yes.",NEEDS_TRANSLATION,,,
mist_cechmistr_je_kovar_m_lXsD,1,52,german,martin; junger; mann,0.333,0.500,"Is Martin the blacksmith really your father, junger Mann?","!P Is Martin the blacksmith really your father, jünge Mann?",NEEDS_TRANSLATION,,,
menh_menhart_z_je_dobre_z_7vIm,1,52,german,geld; eine; schande,0.273,0.273,It is good we do not have to leave the town or pay any Geld to those fools. That would be... eine Schande... a disgrace.,It is good we do not have to leave the town or pay any Geld to those fools. That would be... eine Schande... a disgrace.,NEEDS_TRANSLATION,,,
lore_event_tab_ja_ich_hab_zPeW,1,52,german,ich; habe; etwas,0.500,0.500,"Ja, ich habe etwas, but not much of my wares survived.","Ja, ich habe etwas, but not much of my wares survived.",NEEDS_TRANSLATION,,,
ulri_event_tab_es_geht_al_kXeW,1,52,,geht; also; los,1.000,1.000,"Ja, ja! Es geht also los?","Ja, ja! Es geht also los?",NEEDS_TRANSLATION,,,
poly_volf_jezismarja_vole_x5AY,1,52,,ježišmarja; vole; pičo,0.750,0.750,"Ježišmarja, vole! This is nerve-wracking, ty pičo.","Jesus Christ, mate, this is nerve-racking, bloody hell.",NEEDS_TRANSLATION,,,
reak_kuman_kom_diky_slito_89e1,1,52,,köszönöm; irgalmas; szűzanyám,1.000,1.000,"Köszönöm, irgalmas Szűzanyám, köszönöm!","Köszönöm, irgalmas Szűzanyám, köszönöm!",NEEDS_TRANSLATION,,,
leka_lekarnik__mein_gott__1Puf,1,52,german,mein; gott; milushka,0.250,0.375,"Mein Gott! Milushka, you dance just like a young girl.","!P Mein Gott! Milushka, you dance just like a young girl.",NEEDS_TRANSLATION,,,
dial_stalker_coze_nerozum_0cd7,1,52,hungarian,van; nem; értem,1.000,1.000,Mi van? Nem értem.,Mi van? Nem értem.,NEEDS_TRANSLATION,,,
jind_stalker_mit_jelent_a_WjO1,1,52,hungarian,mit; jelent; hogy,0.750,0.750,"Mit jelent az, hogy a ""spying on""?","Mit jelent az, hogy a ""spying on""?",NEEDS_TRANSLATION,,,
kuma_spizovaci_proc_tu_je_9QZn,1,52,hungarian,mit; ácsorogsz; itt,1.000,1.000,Mit ácsorogsz itt?,Mit ácsorogsz itt?,NEEDS_TRANSLATION,,,
mist_cechmistr_nein_to_ja_8IDl,1,52,german,nein; mein; freund,0.750,0.750,"Nein, thank you, mein Freund!","Nein, thank you, mein Freund!",NEEDS_TRANSLATION,,,
uvod_arne_nemec_kein_stre_bJFB,1,52,german,nicht; nötig; fechters,0.400,0.600,"Nicht nötig! Armour or not, we are the better Fechters.","!P Kein Stress! !P Armour or not, we are the better Fechters.",NEEDS_TRANSLATION,,,
idle_kuman_mlu_ses_v_prde_qoSB,1,52,,now; you're; fucked,1.000,1.000,Now you're fucked! Fucked!,Now you're fucked! Fucked!,NEEDS_TRANSLATION,,,
kate_hejtman_f_ale_na_tom_UEsl,1,52,german,das; ist; egal,0.750,0.750,Oh nothing... Das ist egal.,Oh nothing... Das ist egal.,NEEDS_TRANSLATION,,,
kost_kostky_bu_oh_mein_go_ZkSb,1,52,german,mein; gott; nein,1.000,1.000,"Oh, mein Gott! Nein!","Oh, mein Gott! Nein!",NEEDS_TRANSLATION,,,
kupec_cechmistr_eh_copak__Tw48,1,52,german,verstehst; das; nicht,0.300,0.300,"Oh, verstehst du das nicht? It was King Wenceslas who made him his official. It’s to him he owes everything!","Oh, Verstehst du das nicht? It was King Wenceslas who made him his official. It’s to him he owes everything!",NEEDS_TRANSLATION,,,
rozh_hospodsky_nebo_to_z__oIAh,1,52,german,ich; weiss; nicht,0.375,0.375,"Or maybe it looked like I was feeling her up from a distance, Ich weiß es nicht.","Or maybe it looked like I was feeling her up from a distance, Ich weiß es nicht.",NEEDS_TRANSLATION,,,
prat_pratelsky_oy_ich_faj_TUHo,1,52,german,ich; fajfe; darojf,1.000,1.000,"Oy, Ich fajfe darojf!","Oy, Ich fajfe darojf!",NEEDS_TRANSLATION,,,
kupec_cechmistr_pche_das__klYG,1,52,german,das; ist; ungeheuerlich,0.750,0.750,"Pch, das ist ungeheuerlich...","Pch, das ist ungeheuerlich...",NEEDS_TRANSLATION,,,
jind_menhart_z_ale_prosim_vRaH,1,52,german,das; ist; einfach,0.333,0.333,"Take the pieces and put them so nice back together. Das ist einfach, ja?","Take the pieces and put them so nice back together. Das ist einfach, ja?",NEEDS_TRANSLATION,,,
menh_menhart_z_pak_my_pri_rLYf,1,52,german,uns; grosse; schande,0.182,0.273,"Then we will come and accept this challenge. They will have to fight gegen uns, otherwise it will be eine grosse Schande. A disgrace!","Then we will come and accept this challenge. They will have to fight genen uns, otherwise it will be ein grosse Schande. A disgrace!",NEEDS_TRANSLATION,,,
prov_kuman_pro_se_mnou_se_wbOo,1,52,czech,velem; akarj; szórakozni,1.000,1.000,Velem ne akarj szórakozni...,Velem ne akarj szórakozni...,NEEDS_TRANSLATION,,,
neme_udo_aus_t_verdammt_n_l1su,1,52,german,verdammt; noch; mal,1.000,1.000,Verdammt noch mal!,Verdammt noch mal!,NEEDS_TRANSLATION,,,
kupec_cechmistr_verdammt__Z88V,1,52,german,verdammt; mein; bruder,0.429,0.429,"Verdammt, mein Bruder, you surely cannot mean this seriously?","Verdammt, mein Bruder, you surely cannot mean this seriously?",NEEDS_TRANSLATION,,,
free_obet_reag_ze_zavolam_V28V,1,52,,vichinava; mire; romes,1.000,1.000,Vichinava mire romes!,!T Vichinava mire romes!,NEEDS_TRANSLATION,,,
teor_cechmistr_mozna_prec_HnpW,1,52,german,vielleicht; ein; wenig,1.000,1.000,Vielleicht ein wenig…,Vielleicht ein wenig…,NEEDS_TRANSLATION,,,
brab_brabant_r_ty_pitomej_IJwZ,1,52,,vieux; prêtre; imbécile,1.000,1.000,Vieux prêtre imbécile !,You foolish old priest!,NEEDS_TRANSLATION,,,
menh_menhart_z_to_by_gewi_moUJ,1,52,german,auf; jeden; fall,0.750,0.750,"You should, auf jeden Fall.","You should, auf jeden Fall.",NEEDS_TRANSLATION,,,
eldr_puskar_el_ty_ho_urci_V7fk,1,52,german,ich; vertraue; dir,0.429,0.429,You’ll find Pushko for sure! Ich vertraue dir!,You’ll find Pushko for sure! Ich vertraue dir!,NEEDS_TRANSLATION,,,
hejt_kovar_mis_nic_moc_Tde7,1,52,german,zum; glück; nicht,0.600,0.600,Zum Glück nicht... Nothing urgent.,Zum Glück nicht... Nothing urgent.,NEEDS_TRANSLATION,,,
dost_kuman_dos_do_hajzlu__sRkg,1,52,,áááá; picsába; faszomba,1.000,1.000,"Áááá, a picsába! A faszomba...","Áááá, a picsába! A faszomba...",NEEDS_TRANSLATION,,,
diva_divak_kom_cungarav_c_2Ta2,1,52,,čungarav; pre; tute,1.000,1.000,Čungarav... čungarav pre tute!,,NEEDS_TRANSLATION,,,
gree_pozdrav_z_guten_aben_QhN7,1,51,,guten; abend; brauchst,1.000,1.000,!P Guten Abend! Was du brauchst?,!P Guten Abend! Was du brauchst?,NEEDS_TRANSLATION,,,
kost_kibic_mil_jaj_mamo_t_Bj6J,1,51,,joj; mamo; game,1.000,1.000,"!P Joj, mamo! What a game!","!P Joj, mamo! What a game!",NEEDS_TRANSLATION,,,
gree_pozdrav_z_oh_was_wil_cpS3,1,51,,willst; von; mir,1.000,1.000,!P Oh... Was willst du von mir?!,!P Oh... Was willst du von mir?!,NEEDS_TRANSLATION,,,
nepr_nepritel__schweinehu_nHmj,1,51,,schweinehund; dreckiger; bastard,1.000,1.000,!P Schweinehund! Dreckiger Bastard!,!P Schweinehund! Dreckiger Bastard!,NEEDS_TRANSLATION,,,
gree_pozdrav_z_schonen_ta_5bv7,1,51,,schönen; tag; willst,1.000,1.000,"!P Schönen Tag, was willst du?","!P Schönen Tag, was willst du?",NEEDS_TRANSLATION,,,
rozl_rozloucen_taves_bach_XaFh,1,51,,aves; bachtalo; roma,1.000,1.000,"!P T´aves bachtalo, Roma!","!P T´aves bachtalo, Roma!",NEEDS_TRANSLATION,,,
gree_pozdrav_z_was_willst_fRie,1,51,,willst; heute; morgen,1.000,1.000,"!P Was willst du heute Morgen, Heinrich?","!P Was willst du heute Morgen, Heinrich?",NEEDS_TRANSLATION,,,
gree_pozdrav_z_was_willst_Avsq,1,51,,willst; heute; morgen,1.000,1.000,!P Was willst du heute Morgen?,!P Was willst du heute Morgen?,NEEDS_TRANSLATION,,,
gree_pozdrav_z_was_willst_wIbX,1,51,,willst; von; mir,1.000,1.000,!P Was willst du von mir?!,!P Was willst du von mir?!,NEEDS_TRANSLATION,,,
prep_utok_na_m_falle_fall_aK2t,1,51,,überfall; die; waffe,1.000,1.000,!P Überfall! An die Waffe!,!P Überfall! An die Waffe!,NEEDS_TRANSLATION,,,
endi_rozloucen_o_del_tuha_r8NH,1,51,,del; tuha; goro,1.000,1.000,"!T O del tuha, goro!","!T O del tuha, goro!",NEEDS_TRANSLATION,,,
goss_uhersky_v__vzdyt_kvu_2rzZ,1,51,,emiatt; törölték; tornát,1.000,1.000,... Emiatt törölték a tornát is!,... Emiatt törölték a tornát is!,NEEDS_TRANSLATION,,,
goss_uhersky_v__hele_tak__mZYM,1,51,,idesüss; megpróbálok; valamit,1.000,1.000,"... Idesüss, megpróbálok valamit.","... Idesüss, megpróbálok valamit.",NEEDS_TRANSLATION,,,
goss_uhersky_v_prachy_chc_5j7f,1,51,,pénz; pénzt; akarsz,1.000,1.000,"A pénz, pénzt akarsz, mi?","A pénz, pénzt akarsz, mi?",NEEDS_TRANSLATION,,,
idle_kuman_mlu_nachciju_t_Jkca,1,51,,sírodra; fogok; hugyozni,1.000,1.000,A sírodra fogok hugyozni!,A sírodra fogok hugyozni!,NEEDS_TRANSLATION,,,
npc__kuman_se__vzdej_to_z_T91g,1,51,,add; fel; rohadék,1.000,1.000,"Add fel, te rohadék!","Add fel, te rohadék!",NEEDS_TRANSLATION,,,
prov_kuman_pro_uz_to_vzdej_tt9l,1,51,,add; már; fel,1.000,1.000,Add már fel.,Add már fel.,NEEDS_TRANSLATION,,,
zakl_hrac_adveniat_regnum_8Ani,1,51,,adveniat; regnum; tuum,1.000,1.000,Adveniat regnum tuum.,Adveniat regnum tuum.,NEEDS_TRANSLATION,,,
meni_menim_si__rozsekejte_Wh24,1,51,,aprítsátok; fel; őket,1.000,1.000,Aprítsátok fel őket!,Aprítsátok fel őket!,NEEDS_TRANSLATION,,,
goss_gossip_v__me_taky_al_BN9t,1,51,german,ist; einfach; geschmackssinn,0.182,0.273,"As do I, but es ist einfach. The man of the house has no Geschmackssinn - taste. He was krank as a lad, and since then - nothing.","Me too, but es ist einfach. The man of the house does not have gesmack - taste. He was kranke as a boy and ever since then nothing.",NEEDS_TRANSLATION,,,
menh_menhart_z_jak_chtit__iJBF,1,51,german,aber; denk; dran,0.250,0.250,"As you like then. We will manage irgendwie without you. Aber denk dran... if you help, we will pay you back. You will not be sorry.","As you like then. We will manage irgendwie without you. Aber denk dran... if you help, we will pay you back. You will not be sorry.",NEEDS_TRANSLATION,,,
dost_kuman_dos_tak_ty_tak_ey8W,1,51,,azt; próbáld; meg,1.000,1.000,Azt próbáld meg!,Azt próbáld meg!,NEEDS_TRANSLATION,,,
spol_kuman_vid_kurva_nee_BWcX,1,51,,bassza; meg; neee,1.000,1.000,"Bassza meg, neee!","Bassza meg, neee!",NEEDS_TRANSLATION,,,
opon_kuman_kom_ech_von_je_c8FN,1,51,,baszki; még; lélegzik,1.000,1.000,"Baszki, még lélegzik?!","Baszki, még lélegzik?!",NEEDS_TRANSLATION,,,
neco_kuman_nec_vylez_hajz_a09K,1,51,,bújj; elő; rohadék,1.000,1.000,"Bújj elő, te rohadék!","Bújj elő, te rohadék!",NEEDS_TRANSLATION,,,
menh_menhart_z_list_od_vl_xzUg,1,51,german,arne; ein; dreck,0.200,0.300,Damned be all Kuttenberg! Not acknowledging a letter from their own king and wounding Arne? So ein Dreck!,!P Damned be all Kuttenberg! Not acknowledging a letter from their own king and wounding Arne? So ein Dreck!,NEEDS_TRANSLATION,,,
menh_arne_nemec_danke_fri_eAzu,1,51,german,danke; fridusch; aber,0.400,0.600,Danke Fridusch. Aber what about the duels?!,!P Danke Fridusch. Aber what about the duels?!,NEEDS_TRANSLATION,,,
odev_cechmistr_pokud_u_to_PNmM,1,51,german,danke; aber; nein,0.231,0.231,"Danke, aber nein, first I need to think it all over. I’ll let you know when I figure something out.","Danke, aber nein, first I need to think it all over. I’ll let you know when I figure something out.",NEEDS_TRANSLATION,,,
menh_menhart_z_danke_ze_j_3pay,1,51,german,danke; aber; schade,0.500,0.500,"Danke. You arranged it for us, aber Schade, that they have seen you doing it.","Danke. You arranged it for us, aber Schade, that they have seen you doing it.",NEEDS_TRANSLATION,,,
vrac_kradene_z_schade_ale_nfK4,1,51,german,das; ist; schade,0.214,0.214,Das ist schade... But I understand you don’t want to neglect your own forge. I’ll hand the case over to the bailiff.,Das ist schade... But I understand you don’t want to neglect your own forge. I’ll hand the case over to the bailiff.,NEEDS_TRANSLATION,,,
bff__brabant_z_hrozny_lidi_mF5z,1,51,,des; gens; horribles,1.000,1.000,Des gens horribles!,Des gens horribles!,NEEDS_TRANSLATION,,,
poda_kuman_kom_chcipnes_v_Mznc,1,51,,dögölj; meg; bádogfattyú,1.000,1.000,"Dögölj meg, te bádogfattyú!","Dögölj meg, te bádogfattyú!",NEEDS_TRANSLATION,,,
idle_kuman_mlu_kurva_tak__jgQs,1,51,,dögölj; már; meg,1.000,1.000,Dögölj már meg...,Dögölj már meg...,NEEDS_TRANSLATION,,,
gree_pozdrav_z_eh_las_mic_EI2d,1,51,,las; mikh; khazer,1.000,1.000,"Eh, las mikh, khazer?","Eh, las mikh, khazer?",NEEDS_TRANSLATION,,,
gree_pozdrav_z_eh_las_mic_DLlg,1,51,,las; mich; mamzer,1.000,1.000,"Eh... Las mich, Mamzer!",,NEEDS_TRANSLATION,,,
gree_pozdrav_z_eh_te_chas_rjRn,1,51,,chas; dadeskero; kar,1.000,1.000,Eh... Te chas le dadeskero kar!,,NEEDS_TRANSLATION,,,
gree_obchodnik_ehm_bite_s_f00H,1,51,,ehm; bite; shein,1.000,1.000,Ehm... Bite shein?,Ehm... Bite shein?,NEEDS_TRANSLATION,,,
kupec_poslednib_entschuld_GZiW,1,51,german,entschuldigung; junger; mann,0.231,0.231,"Entschuldigung, junger Mann, you play tough, but you know very well you are pulling the shorter rope, and blackmail will get you nowhere with me.","Entschuldigung, junger Mann, you play tough, but you know very well you are pulling the shorter rope, and blackmail will get you nowhere with me.",NEEDS_TRANSLATION,,,
opon_kuman_kom_prospi_se__SnZf,1,51,,eridj; aludni; rohadék,1.000,1.000,"Eridj aludni, te rohadék!","Eridj aludni, te rohadék!",NEEDS_TRANSLATION,,,
idle_kuman_mlu_kurva_tak__XzgQ,1,51,,essünk; túl; rajta,1.000,1.000,Essünk túl rajta!,Essünk túl rajta!,NEEDS_TRANSLATION,,,
opon_kuman_kom_hej_tahle__yXo3,1,51,,disznó; még; lélegzik,1.000,1.000,Ez a disznó még lélegzik!,Ez a disznó még lélegzik!,NEEDS_TRANSLATION,,,
stre_strelnice_ty_sipy_za_VsqD,1,51,,ezek; nyilak; félrehordanak,1.000,1.000,Ezek a nyilak félrehordanak!,Ezek a nyilak félrehordanak!,NEEDS_TRANSLATION,,,
opon_kuman_kom_toho_dejte_ZCUR,1,51,,ezt; hagyjátok; nekem,1.000,1.000,Ezt hagyjátok nekem!,Ezt hagyjátok nekem!,NEEDS_TRANSLATION,,,
nepr_kuman_nep_za_to_ti_t_vbiq,1,51,,ezért; szétverem; pofádat,1.000,1.000,Ezért szétverem a pofádat!,Ezért szétverem a pofádat!,NEEDS_TRANSLATION,,,
kuma_kuman_uto_je_vozbroj_Gtan,1,51,,fegyver; van; nála,1.000,1.000,Fegyver van nála!,Fegyver van nála!,NEEDS_TRANSLATION,,,
svep_svepomoc__feladod_sz_8frs,1,51,,feladod; szóval; fizess,1.000,1.000,Feladod? Szóval fizess!,Feladod? Szóval fizess!,NEEDS_TRANSLATION,,,
turn_kutnohors_flakani_si_9XDH,1,51,,flákání; schov; neděli,1.000,1.000,Flákání si schov na neděli!,,NEEDS_TRANSLATION,,,
fano_ztracena__zavis_z_ga_pnpz,1,51,,garbow-i; záviš; legjobb,1.000,1.000,Garbow-i Záviš a legjobb!,Garbow-i Záviš a legjobb!,NEEDS_TRANSLATION,,,
zaka_zakaznik__glezl_bier_Ygjv,1,51,,glezl; bier; dank,1.000,1.000,Glezl bier! Dank!,Glezl bier! Dank!,NEEDS_TRANSLATION,,,
vrba_spizovaci_nech_toho__R7N8,1,51,,hagyd; abba; asszony,1.000,1.000,"Hagyd abba, asszony!","Hagyd abba, asszony!",NEEDS_TRANSLATION,,,
stal_stalker_dej_mi_pokoj_ed6p,1,51,,hagyj; már; békén,1.000,1.000,Hagyj már békén!,Hagyj már békén!,NEEDS_TRANSLATION,,,
stal_stalker_dej_mi_uz_po_NixJ,1,51,,hagyjál; már; békén,1.000,1.000,Hagyjál már békén!,Hagyjál már békén!,NEEDS_TRANSLATION,,,
spol_kuman_spo_ha_ted_chc_O9l8,1,51,,haha; most; véged,1.000,1.000,"Haha, most véged!","Haha, most véged!",NEEDS_TRANSLATION,,,
prat_pratelsky_tak_uz_ho__OT0z,1,51,,hajtsd; már; innen,1.000,1.000,Hajtsd már el innen!,Hajtsd már el innen!,NEEDS_TRANSLATION,,,
idle_kuman_mlu_rvacka_ber_9OTT,1,51,,harc; fejükre; menjetek,1.000,1.000,Harc!!! A fejükre menjetek!!!,Harc!!! A fejükre menjetek!!!,NEEDS_TRANSLATION,,,
fano_ztracena__jen_se_pop_NrQw,1,51,,harcoljatok; mocskos; bolondok,1.000,1.000,"Harcoljatok, mocskos bolondok!","Harcoljatok, mocskos bolondok!",NEEDS_TRANSLATION,,,
rezy_else_tady_je_a_hodne_AoI5,1,51,german,und; viel; glück,0.375,0.375,"Here's a phial und viel Glück, my young little alchemist.","Here's a phial und viel Glück, my young little alchemist.",NEEDS_TRANSLATION,,,
npc__kuman_se__haha_eja_e_HAdR,1,51,,hohó; éjja; héj,1.000,1.000,"Hohó, éjja héj!!!","Hohó, éjja héj!!!",NEEDS_TRANSLATION,,,
bark_kuman_na__eja_na_nee_FJv1,1,51,,hurrá; rohaaam; juhééé,1.000,1.000,"Hurrá, rohaaam! Juhééé!","Hurrá, rohaaam! Juhééé!",NEEDS_TRANSLATION,,,
opon_kuman_kom_hej_tenle__0X7u,1,51,,mocsok; még; mindig,1.000,1.000,"Hé, az a mocsok még mindig él!","Hé, az a mocsok még mindig él!",NEEDS_TRANSLATION,,,
opon_kuman_kom_hej_uz_zbe_FVHI,1,51,,már; utolsó; lesz,1.000,1.000,"Hé, ez már az utolsó lesz!","Hé, ez már az utolsó lesz!",NEEDS_TRANSLATION,,,
npc__kuman_se__hej_uz_sem_q9k7,1,51,,már; itt; vagyok,1.000,1.000,"Hé, már itt is vagyok!","Hé, már itt is vagyok!",NEEDS_TRANSLATION,,,
opon_kuman_kom_eja_chlapi_epAs,1,51,,srácok; már; kutyáké,1.000,1.000,"Hé, srácok, ez már a kutyáké!","Hé, srácok, ez már a kutyáké!",NEEDS_TRANSLATION,,,
idle_kuman_mlu_tahni_do_p_To3M,1,51,,húzz; pokolba; fasz,1.000,1.000,"Húzz a pokolba, te fasz!","Húzz a pokolba, te fasz!",NEEDS_TRANSLATION,,,
prat_pratelsky_no_tak_zmi_DnGZ,1,51,,húzz; már; faszba,1.000,1.000,Húzz már el a faszba!,Húzz már el a faszba!,NEEDS_TRANSLATION,,,
menh_menhart_z_verstehen__vXB7,1,51,german,ich; verstehe; aber,0.750,0.750,"Ich verstehe, Heinrich, aber do not be hasty!","Ich verstehe, Heinrich, aber do not be hasty!",NEEDS_TRANSLATION,,,
kuma_spizovaci_tady_taky__jcPu,1,51,,itt; sincs; semmi,1.000,1.000,Itt sincs semmi.,Itt sincs semmi.,NEEDS_TRANSLATION,,,
kupec_poslednib_promin_al_SvZ5,1,51,german,das; ist; möglich,0.375,0.375,"Ja, das ist möglich, profit is something he understands very well.","Ja, das ist möglich, profit is something he understands very well.",NEEDS_TRANSLATION,,,
zada_cechmistr_ja_das_ist_tvIY,1,51,german,das; ist; möglich,0.333,0.333,"Ja, das ist möglich. Should I send some men along just in case?","Ja, das ist möglich. Should I send some men along just in case?",NEEDS_TRANSLATION,,,
zada_cechmistr_wie_geht_e_i35H,1,51,german,das; ist; richtig,0.333,0.333,"Ja, das ist richtig. I think it’s high time, it’s a bit of a journey.","Ja, das ist richtig. I think it’s high time, it’s a bit of a journey.",NEEDS_TRANSLATION,,,
odev_cechmistr_ja_das_ver_BBip,1,51,german,das; verstehe; ich,0.375,0.375,"Ja, das verstehe ich. I’ll try to look into it myself.","Ja, das verstehe ich. I’ll try to look into it myself.",NEEDS_TRANSLATION,,,
turn_kutnohors_joo_pekne__kikP,1,51,,joo; pěkně; kurzkampf,1.000,1.000,Joo! Pěkně na kurzkampf!,,NEEDS_TRANSLATION,,,
npc__kuman_se__eja_bitka_nzW4,1,51,,juhééé; csata; van,1.000,1.000,"Juhééé, csata van!","Juhééé, csata van!",NEEDS_TRANSLATION,,,
flav_musa_z_ma_jen_at_nes_Mmz0,1,51,,segin; n'i; nyuman,1.000,1.000,Ka segin n'i nyuman ye.,Ka segin n'i nyuman ye.,NEEDS_TRANSLATION,,,
gree_pozdrav_m_eh_na_kame_aJ09,1,51,,kames; vareso; gadjo,1.000,1.000,"Kames vareso, gadjo?","Kames vareso, gadjo?",NEEDS_TRANSLATION,,,
idle_kuman_mlu_pozor_ueXp,1,51,,ketten; vagyunk; kicsináljuk,1.000,1.000,"Ketten vagyunk, kicsináljuk!","Ketten vagyunk, kicsináljuk!",NEEDS_TRANSLATION,,,
bark_kuman_na__vytru_si_s_oehC,1,51,,kitörlöm; veled; seggem,1.000,1.000,Kitörlöm veled a seggem!,Kitörlöm veled a seggem!,NEEDS_TRANSLATION,,,
pozd_sousedsky_kochst_du__q31O,1,51,,kochst; heute; abend,1.000,1.000,Kochst du heute Abend?,Kochst du heute Abend?,NEEDS_TRANSLATION,,,
turn_kutnohors_krasna_pra_clz4,1,51,,krásná; práce; čepeli,1.000,1.000,Krásná práce na čepeli!,,NEEDS_TRANSLATION,,,
gree_pozdrav_z_las_mich_c_oPkC,1,51,,las; mich; chazer,1.000,1.000,"Las mich, Chazer!",,NEEDS_TRANSLATION,,,
idle_kuman_mlu_kurva_to_t_Wcbu,1,51,,meg; fogod; bánni,1.000,1.000,Meg fogod bánni!,Meg fogod bánni!,NEEDS_TRANSLATION,,,
s_kl_cechmistr_mein_gott__3nm3,1,51,german,mein; gott; mesoles,0.200,0.300,"Mein Gott, I can’t remember what it’s called now, but you go there from Maleshov towards Mesoles.","Mein Gott, I can’t remember what it’s called now, but you go there from Malešov towards Mezholezy.",NEEDS_TRANSLATION,,,
stre_strelnice_co_to_se_m_jq48,1,51,,fasz; van; velem,1.000,1.000,Mi a fasz van velem ma?,Mi a fasz van velem ma?,NEEDS_TRANSLATION,,,
prat_pratelsky_co_tady_de_EAoc,1,51,,faszt; keres; itt,1.000,1.000,Mi a faszt keres itt?,Mi a faszt keres itt?,NEEDS_TRANSLATION,,,
prat_pratelsky_proc_sem_k_Gooi,1,51,,faszért; jön; ide,1.000,1.000,Mi a faszért jön ide?!,Mi a faszért jön ide?!,NEEDS_TRANSLATION,,,
dost_kuman_dos_coze_kurva_TS0p,1,51,,van; bassza; meg,1.000,1.000,Mi van? Bassza meg!,Mi van? Bassza meg!,NEEDS_TRANSLATION,,,
znic_znicila_s_sakra_PlxP,1,51,,micsoda; egy; fos,1.000,1.000,Micsoda egy fos!,Micsoda egy fos!,NEEDS_TRANSLATION,,,
kuma_kuman_vol_vsichni_ke_KuZf,1,51,,mindenki; hozzám; támadó,1.000,1.000,Mindenki hozzám! Támadó!,Mindenki hozzám! Támadó!,NEEDS_TRANSLATION,,,
prat_pratelsky_na_co_cekas_n6Vp,1,51,,mire; vársz; még,1.000,1.000,Mire vársz még?!,Mire vársz még?!,NEEDS_TRANSLATION,,,
idle_kuman_mlu_chcipaku_u_UdEI,1,51,,most; elvérzel; faszikám,1.000,1.000,"Most elvérzel, faszikám!","Most elvérzel, faszikám!",NEEDS_TRANSLATION,,,
npc__kuman_se__ted_je_roz_6JIo,1,51,,most; szétcincáljuk; őket,1.000,1.000,Most szétcincáljuk őket!,Most szétcincáljuk őket!,NEEDS_TRANSLATION,,,
neco_kuman_nec_tak_se_poh_RfRd,1,51,,mozdulj; már; meg,1.000,1.000,Mozdulj már meg...,Mozdulj már meg...,NEEDS_TRANSLATION,,,
npc__kuman_se__uz_sem_tady_Z24L,1,51,,már; itt; vagyok,1.000,1.000,Már itt is vagyok!,Már itt is vagyok!,NEEDS_TRANSLATION,,,
spol_kuman_spo_ted_uz_nam_sZTm,1,51,,már; majdnem; kinyúvadt,1.000,1.000,Már majdnem kinyúvadt!,Már majdnem kinyúvadt!,NEEDS_TRANSLATION,,,
utrz_kuman_dos_uzvsak_ja__BnyQ,1,51,,máris; megmutatom; neked,1.000,1.000,Máris... Megmutatom neked....,Máris... Megmutatom neked....,NEEDS_TRANSLATION,,,
neco_kuman_nec_kurva_vylez_S6O9,1,51,,mássz; baszd; meg,1.000,1.000,"Mássz ki, baszd meg!","Mássz ki, baszd meg!",NEEDS_TRANSLATION,,,
meni_menim_si__jeste_neni_L3En,1,51,,még; nincs; vége,1.000,1.000,Még nincs vége!,Még nincs vége!,NEEDS_TRANSLATION,,,
nepr_kuman_kom_uz_mas_dost_UX81,1,51,,van; eleged; lett,1.000,1.000,"Na mi van, eleged lett?","Na mi van, eleged lett?",NEEDS_TRANSLATION,,,
idle_kuman_mlu_tak_co_je__vu62,1,51,,van; összeszartad; magad,1.000,1.000,"Na mi van, összeszartad magad?!","Na mi van, összeszartad magad?!",NEEDS_TRANSLATION,,,
odmi_npc_neakc_nein_keine_Ioud,1,51,,nein; keine; gnade,1.000,1.000,Nein! Keine Gnade!,Nein! Keine Gnade!,NEEDS_TRANSLATION,,,
kost_kostky_pa_nein_gar_n_XpkN,1,51,,nein; gar; nichts,1.000,1.000,"Nein, gar nichts.","Nein, gar nichts.",NEEDS_TRANSLATION,,,
comb_pogrom_ut_nenechte_n_IEVq,1,51,,nenechte; nikoho; naživu,1.000,1.000,Nenechte nikoho naživu!,,NEEDS_TRANSLATION,,,
idle_kuman_mlu_nemas_sanc_ufeC,1,51,,nincs; esélyed; seggfej,1.000,1.000,"Nincs esélyed, seggfej!","Nincs esélyed, seggfej!",NEEDS_TRANSLATION,,,
idle_kuman_mlu_toho_budes_3lmz,1,51,,nincs; esélyed; nyomorult,1.000,1.000,"Nincs esélyed, te nyomorult!","Nincs esélyed, te nyomorult!",NEEDS_TRANSLATION,,,
kuma_spizovaci_nic_tu_neni_I3vb,1,51,,nincs; itt; semmi,1.000,1.000,Nincs itt semmi.,Nincs itt semmi.,NEEDS_TRANSLATION,,,
utik_utikam_z__vyhral_si__cNVH,1,51,,nyertél; hagyj; békiben,1.000,1.000,Nyertél... Hagyj békiben.,Nyertél... Hagyj békiben.,NEEDS_TRANSLATION,,,
gree_obchodnik_oh_nein_si_gcGS,1,51,,nein; sie; wieder,1.000,1.000,Oh nein... Sie wieder?,Oh nein... Sie wieder?,NEEDS_TRANSLATION,,,
s_he_rychtar_m_vazne_muj__7jPA,1,51,german,gott; sei; dank,0.750,0.750,"Oh, ja? Gott sei Dank! And do you have the book?","Oh, ja? Gott sei Dank! And do you have the book?",NEEDS_TRANSLATION,,,
turn_kutnohors_on_se_snad_46XU,1,51,,snad; podělal; strachy,1.000,1.000,On se snad podělal strachy...,,NEEDS_TRANSLATION,,,
prih_menhart_z_az_nebudes_HYsh,1,51,german,für; das; turnier,0.375,0.375,"Once you are not suspected of any crime, I can sign you up für das Turnier.","Once you are not suspected of any crime, I can sign you up für das Turnier.",NEEDS_TRANSLATION,,,
turn_kutnohors_procpi_mu__pryS,1,51,,procpi; hrušku; ksichtu,1.000,1.000,Procpi mu tu hrušku do ksichtu!,,NEEDS_TRANSLATION,,,
voja_jostuv_vo_prece_je_n_TFqf,1,51,,přece; nezakopem; grošema,1.000,1.000,Přece je nezakopem i s grošema.,,NEEDS_TRANSLATION,,,
gree_pozdrav_m_schonen_ta_o6ai,1,51,,schönen; tag; willst,1.000,1.000,"Schönen Tag, was willst du?","Schönen Tag, was willst du?",NEEDS_TRANSLATION,,,
turn_kutnohors_sem_taaaaa_jJkL,1,51,,sem; tááááák; vožralej,1.000,1.000,Sem tááááák vožralej!,,NEEDS_TRANSLATION,,,
turn_kutnohors_slava_kutn_zD0P,1,51,,sláva; kutný; hoře,1.000,1.000,Sláva Kutný Hoře!,,NEEDS_TRANSLATION,,,
ques_quest_tip_tak_za_nim_osMm,1,51,german,und; viel; erfolg,0.600,0.600,"So try to go and see him, und Viel Erfolg!","So try to go and see him, und Viel Erfolg!",NEEDS_TRANSLATION,,,
nekd_nekdo_si__jen_pod_brzt,1,51,,szard; össze; magad,1.000,1.000,Szard össze magad!,Szard össze magad!,NEEDS_TRANSLATION,,,
poda_kuman_kom_nauc_se_se_70Pc,1,51,,tanulj; meg; vívni,1.000,1.000,Tanulj meg vívni!,Tanulj meg vívni!,NEEDS_TRANSLATION,,,
opon_kuman_kom_u_tengriho_n1ss,1,51,,tengrire; ennek; annyi,1.000,1.000,"Tengrire, ennek annyi.","Tengrire, ennek annyi.",NEEDS_TRANSLATION,,,
kuma_kuman_vol_utok_vsich_MCmz,1,51,,támadás; mindenki; ide,1.000,1.000,Támadás! Mindenki ide!,Támadás! Mindenki ide!,NEEDS_TRANSLATION,,,
bark_kuman_na__ted_dostan_onZA,1,51,,túró; pofádba; rohadék,1.000,1.000,"Túró a pofádba, te rohadék!","Túró a pofádba, te rohadék!",NEEDS_TRANSLATION,,,
idle_kuman_mlu_dostanes_t_JjJG,1,51,,túrót; pofádba; rohadék,1.000,1.000,"Túrót a pofádba, te rohadék!","Túrót a pofádba, te rohadék!",NEEDS_TRANSLATION,,,
nepr_kuman_pes_dej_pozor__3Eaj,1,51,,vigyázz; azzal; döggel,1.000,1.000,Vigyázz azzal a döggel!,Vigyázz azzal a döggel!,NEEDS_TRANSLATION,,,
gree_pozdrav_m_vos_glots__BqIw,1,51,,vos; glots; chamr,1.000,1.000,"Vos glots du, chamr?",,NEEDS_TRANSLATION,,,
gree_pozdrav_z_vos_machst_GuMq,1,51,,vos; machst; mamzer,1.000,1.000,"Vos machst du, Mamzer?",,NEEDS_TRANSLATION,,,
kuma_jasak_voros_haju_roka_wCFK,1,51,,vörös; hajú; róka,1.000,1.000,Vörös hajú róka.,Vörös hajú róka.,NEEDS_TRANSLATION,,,
kupec_cechmistr_was_soll__oEK5,1,51,german,soll; ich; sagen,0.375,0.375,Was soll ich sagen? I guess I’m just old now...,Was soll ich sagen? I guess I’m just old now...,NEEDS_TRANSLATION,,,
gree_obchodnik_was_willst_J3Dr,1,51,,willst; heute; morgen,1.000,1.000,Was willst du heute Morgen?,Was willst du heute Morgen?,NEEDS_TRANSLATION,,,
gree_obchodnik_was_willst_8Og0,1,51,,willst; hier; bettler,1.000,1.000,"Was willst du hier, Bettler?","Was willst du hier, Bettler?",NEEDS_TRANSLATION,,,
menh_menhart_z_no_to_jsme_lAyL,1,51,german,aber; ich; hoffe,0.333,0.333,"Well, that is what we wanted. Aber Ich hoffe... that you are not in the habit of stealing. Just this once...","Well, that is what we wanted. Aber Ich hoffe... that you are not in the habit of stealing. Just this once...",NEEDS_TRANSLATION,,,
odev_cechmistr_wie_ist_es_A9xD,1,51,german,wie; ist; gelaufen,0.600,0.600,Wie ist es gelaufen? Did you find the goods?,Wie ist es gelaufen? Did you find the goods?,NEEDS_TRANSLATION,,,
s_he_hejtman_s_tomu_sam_n_BgX6,1,51,german,ich; sicher; nicht,0.500,0.500,You do not even believe that yourself. Ich sicher nicht!,You do not even believe that yourself. Ich sicher nicht!,NEEDS_TRANSLATION,,,
menh_menhart_z_jednim_z_n_pNml,1,51,german,geht; nicht; anders,0.600,0.600,You must be one of us. Es geht nicht anders!,You must be one of us. Es geht nicht anders!,NEEDS_TRANSLATION,,,
rozh_kupec_vel_rikas_ze_m_8wTj,1,51,german,das; interessiert; mich,0.429,0.429,You say you’ll buy his things? Das interessiert mich.,You say you’ll buy his things? Das interessiert mich.,NEEDS_TRANSLATION,,,
goss_uhersky_v_a_zikmund__zZ3q,1,51,,zsigmond; meg; övékre,1.000,1.000,Zsigmond meg az övékre.,Zsigmond meg az övékre.,NEEDS_TRANSLATION,,,
stre_strelnice_a_dalsi_dv_MLs2,1,51,,még; két; pont,1.000,1.000,És még két pont!,És még két pont!,NEEDS_TRANSLATION,,,
diva_divak_kom_hezky_pekne_I6hT,1,51,,így; kell; ezt,1.000,1.000,Így kell ezt!,Így kell ezt!,NEEDS_TRANSLATION,,,
reak_kuman_kom_aa_slava_b_YMNy,1,51,,dicsőség; irgalmas; istennek,1.000,1.000,"Ó, dicsőség az irgalmas Istennek!","Ó, dicsőség az irgalmas Istennek!",NEEDS_TRANSLATION,,,
gree_pozdrav_z_ci_kaj_dza_Q51l,1,51,,kaj; džas; gadžo,1.000,1.000,"Či kaj džas, gadžo?",,NEEDS_TRANSLATION,,,
stre_strelnice_a_dalsich__PRUO,1,50,,dalších; pět; bodů,1.000,1.000,A dalších pět bodů!,,NEEDS_TRANSLATION,,,
zave_vasko_muzes_jen_douf_rDnP,1,50,,király; egy; pöcs,1.000,1.000,A király egy pöcs...,A király egy pöcs...,NEEDS_TRANSLATION,,,
stre_strelnice_a_zas_upln_OLHM,1,50,,zas; úplně; mimo,1.000,1.000,A zas úplně mimo!,,NEEDS_TRANSLATION,,,
gius_giuseppe_arrivederci_wUhP,1,50,,addio; per; sempre,1.000,1.000,Addio per sempre!,Addio per sempre!,NEEDS_TRANSLATION,,,
konr_rytir_kon_agnosco_fo_DtNc,1,50,,agnosco; fortunam; carthaginis,1.000,1.000,Agnosco fortunam Carthaginis.,Agnosco fortunam Carthaginis.,NEEDS_TRANSLATION,,,
opil_kuman_si__anyaik_sir_QkCO,1,50,,anyáik; sírba; borulnak,1.000,1.000,Anyáik sírba borulnak...,Anyáik sírba borulnak...,NEEDS_TRANSLATION,,,
stre_strelnice_aspon_ze_t_datA,1,50,,aspoň; neletělo; vedle,1.000,1.000,Aspoň že to neletělo vedle.,,NEEDS_TRANSLATION,,,
menh_menhart_z_kazdopadne_tJe1,1,50,german,auf; jeden; fall,0.333,0.333,"Auf jeden Fall, thank you for standing up for us against Fridusch. We appreciate that, be assured.","Auf jeden Fall, thank you for standing up for us against Fridusch. We appreciate that, be assured.",NEEDS_TRANSLATION,,,
goss_gossip_ha_jo_ale_to__cnOf,1,50,,aye; that's; part,1.000,1.000,"Aye, but that's not the best part of it…","Yeah, but that's not the best part of it…",NEEDS_TRANSLATION,,,
goss_lapka_mlu_ty_sem_tak_X8sY,1,50,,azokat; hallottam; bakkecskéket,1.000,1.000,Azokat is hallottam. Bakkecskéket!,Azokat is hallottam. Bakkecskéket!,NEEDS_TRANSLATION,,,
kuma_spizovaci_no_urcite_qZYI,1,50,,biztos; vagyok; benne,1.000,1.000,Biztos vagyok benne.,Biztos vagyok benne.,NEEDS_TRANSLATION,,,
odev_cechmistr_ale_to_to__1YGY,1,50,german,das; macht; sinn,0.750,0.750,"But... That, that actually... Ja, das macht Sinn.","But... That, that actually... Ja, das macht Sinn.",NEEDS_TRANSLATION,,,
nepr_prazsky_v_na_ne_prag_GNp5,1,50,,praga; caput; regni,0.750,0.750,Charge! Praga caput regni!,Charge! Praga caput regni!,NEEDS_TRANSLATION,,,
stre_strelnice_cvicna_ran_Aa3N,1,50,,cvičná; rána; nepočítá,1.000,1.000,"Cvičná rána, to se nepočítá!",,NEEDS_TRANSLATION,,,
stre_strelnice_dalsi_bod__sJuv,1,50,,další; bod; dobru,1.000,1.000,Další bod k dobru...,,NEEDS_TRANSLATION,,,
goss_gossip_sp_no_ty_tady_Dwm5,1,50,german,das; ist; einfach,0.429,0.429,"Das ist einfach. You may be guarding, but you do not do much else.","Das ist einfach. You may be guarding, but you do not do much else.",NEEDS_TRANSLATION,,,
stre_strelnice_dneska_mi__XqnF,1,50,,dneska; nějak; nejde,1.000,1.000,Dneska mi to nějak nejde.,,NEEDS_TRANSLATION,,,
prov_kuman_pro_muzes_si_t_94ja,1,50,,erre; varrjál; paszományt,1.000,1.000,Erre varrjál paszományt!,Erre varrjál paszományt!,NEEDS_TRANSLATION,,,
cs_p_arne_nemec_fick_dich_hIfC,1,50,,fick; dich; metzgerschwein,1.000,1.000,"Fick dich, du Metzgerschwein!","Fick dich, du Metzgerschwein!",NEEDS_TRANSLATION,,,
seba_rytir_seb_frangit_in_1HiB,1,50,,frangit; inertia; vires,1.000,1.000,Frangit inertia vires.,Frangit inertia vires.,NEEDS_TRANSLATION,,,
prov_kuman_pro_utikej_chl_9VQc,1,50,,fuss; csak; öcsike,1.000,1.000,"Fuss csak, öcsike!","Fuss csak, öcsike!",NEEDS_TRANSLATION,,,
menh_menhart_z_nichts_ver_GzsP,1,50,,gar; nichts; verdammt,1.000,1.000,"Gar nichts, verdammt!","Gar nichts, verdammt!",NEEDS_TRANSLATION,,,
gree_pozdrav_n_dobry_vece_6IXT,1,50,,evening; young; man,1.000,1.000,"Good evening, young man.","Good evening, young man.",NEEDS_TRANSLATION,,,
menh_menhart_z_gut_heinri_GbBY,1,50,,gut; vielen; dank,1.000,1.000,"Gut, Heinrich! Vielen Dank!","Gut, Heinrich! Vielen Dank!",NEEDS_TRANSLATION,,,
gree_pozdrav_z_gutn_avent_icYs,1,50,,gutn; avent; fraynd,1.000,1.000,"Gutn avent, fraynd!","Gutn avent, fraynd!",NEEDS_TRANSLATION,,,
opil_kuman_si__gyermekein_AO4n,1,50,,gyermekeink; sírnak; rínak,1.000,1.000,"Gyermekeink sírnak, rínak...","Gyermekeink sírnak, rínak...",NEEDS_TRANSLATION,,,
kuma_kuman_u_s_placeholde_z5AN,1,50,,hiba; volt; idejönni,1.000,1.000,Hiba volt idejönni.,Hiba volt idejönni.,NEEDS_TRANSLATION,,,
opil_kuman_si__holnapra_m_5m6d,1,50,,holnapra; már; elenyész,1.000,1.000,holnapra már elenyész.,holnapra már elenyész.,NEEDS_TRANSLATION,,,
opil_kuman_si__jaj_de_ken_b63e,1,50,,jaj; kéne; segítség,1.000,1.000,"Jaj, de kéne segítség...","Jaj, de kéne segítség...",NEEDS_TRANSLATION,,,
hrac_henry_hoch_jako_ich_NREt,1,50,,hoch; wie; ich,0.750,0.750,Jump so hoch wie Ich!,Jump so hoch wie Ich!,NEEDS_TRANSLATION,,,
henr_menhart_z_scheise_kl_8het,1,50,,kluger; mann; scheisse,1.000,1.000,Kluger Mann! Scheisse!,Kluger Mann! Scheisse!,NEEDS_TRANSLATION,,,
stre_strelnice_krucinal_s_P5JN,1,50,,krucinál; sbírat; bodu,1.000,1.000,"Krucinál, sbírat to po bodu...",,NEEDS_TRANSLATION,,,
stre_strelnice_kurva_snad_VAZY,1,50,,snad; nikoho; netrefilo,1.000,1.000,"Kurva, snad to nikoho netrefilo!",,NEEDS_TRANSLATION,,,
npc__npc_propu_laches_pal_HCTY,1,50,,laches; palikerav; gadjo,1.000,1.000,"Laches… Palikerav, gadjo!","Laches… Palikerav, gadjo!",NEEDS_TRANSLATION,,,
mann_cechmistr_lass_es_un_Hdxm,1,50,,lass; uns; tun,1.000,1.000,Lass es uns tun!,Lass es uns tun!,NEEDS_TRANSLATION,,,
hrac_npc_je_za_leg_es_run_3lPm,1,50,german,leg; das; runter,0.500,0.750,Leg das runter! Stop that!,!P Leg us runter! Stop that!,NEEDS_TRANSLATION,,,
goss_lapka_mlu_vis_treba__dV1z,1,50,,lehet; hogy; megátkozta,1.000,1.000,"Lehet, hogy megátkozta.","Lehet, hogy megátkozta.",NEEDS_TRANSLATION,,,
vzde_dlc3_nemo_pane_jezis_owYg,1,50,,lord; jesus; mercy,1.000,1.000,Lord Jesus… have mercy…,Lord Jesus… have mercy…,NEEDS_TRANSLATION,,,
reak_kutnohors_lizni_ho_v_i6Rc,1,50,,make; feel; fire,1.000,1.000,Make him feel the fire!,Make him feel the fire!,NEEDS_TRANSLATION,,,
kuma_spizovaci_nepodivame_gsa5,1,50,,megkeressük; azt; kettőt,1.000,1.000,Megkeressük azt a kettőt?,Megkeressük azt a kettőt?,NEEDS_TRANSLATION,,,
henr_arne_nemec_menhart_b_12YS,1,50,,menhard; beruhige; dich,1.000,1.000,"Menhard, beruhige dich!","Menhard, beruhige dich!",NEEDS_TRANSLATION,,,
kuma_spizovaci_a_co_bych__y99G,1,50,,mást; tehetnék; még,1.000,1.000,Mi mást tehetnék még?,Mi mást tehetnék még?,NEEDS_TRANSLATION,,,
prov_kuman_pro_pockej_na__jFz9,1,50,,mindjárt; jön; következő,1.000,1.000,Mindjárt jön a következő!,Mindjárt jön a következő!,NEEDS_TRANSLATION,,,
prat_pratelsky_mir_komen__7sNx,1,50,,mir; komen; frajnd,1.000,1.000,"Mir komen, Frajnd...","Mir komen, Frajnd...",NEEDS_TRANSLATION,,,
kuma_spizovaci_jak_dlouho_Sn4M,1,50,,mióta; rohadunk; itt,1.000,1.000,Mióta is rohadunk itt?,Mióta is rohadunk itt?,NEEDS_TRANSLATION,,,
prvn_vasko_ach_boze_meg_m_DhSy,1,50,,még; mindig; fáj,1.000,1.000,Még mindig fáj.,Még mindig fáj.,NEEDS_TRANSLATION,,,
kupec_poslednib_nein_to_j_pmPn,1,50,german,nein; mein; bruder,0.250,0.250,"Nein, this is war, mein Bruder! And I’m giving you the chance to make amends and stay loyal to your king.","Nein, this is war, mein Bruder! And I’m giving you the chance to make amends and stay loyal to your king.",NEEDS_TRANSLATION,,,
stre_strelnice_no_uz_jsem_FtDN,1,50,,jsem; střílel; hůř,1.000,1.000,"No, už jsem střílel i hůř...",,NEEDS_TRANSLATION,,,
zavo_zavodnik__oh_nein_da_nstE,1,50,german,nein; ein; mist,0.333,1.000,Oh nein! So ein Mist.,"!P Oh nein, das ist schade.",NEEDS_TRANSLATION,,,
cin__opat_jan__sed_pax_et_En8s,1,50,,sed; pax; gáudium,1.000,1.000,"sed pax et gáudium,","sed pax et gáudium,",NEEDS_TRANSLATION,,,
zatc_mlynar_kr_sero_sapiu_HJWg,1,50,,sero; sapiunt; phryges,1.000,1.000,Sero sapiunt Phryges.,Sero sapiunt Phryges.,NEEDS_TRANSLATION,,,
krov_kostkar_k_takovej_sm_T9AD,1,50,,such; dumb; luck,1.000,1.000,Such dumb luck!,Such dumb luck!,NEEDS_TRANSLATION,,,
opil_opily_kum_pojd_si_po_v3c6,1,50,,szóval; megint; iszunk,1.000,1.000,Szóval ma megint iszunk?,Szóval ma megint iszunk?,NEEDS_TRANSLATION,,,
zatc_mlynar_kr_tacent_sat_k2db,1,50,,tacent; satis; laudant,1.000,1.000,"Tacent, satis laudant.","Tacent, satis laudant.",NEEDS_TRANSLATION,,,
kuma_spizovaci_hlidat_je_QMzf,1,50,,tartsd; rajtuk; szemed,1.000,1.000,Tartsd rajtuk a szemed!,Tartsd rajtuk a szemed!,NEEDS_TRANSLATION,,,
zavo_zavodnik__te_chas_mi_FvIA,1,50,,chas; miro; kar,1.000,1.000,Te chas miro kar!,,NEEDS_TRANSLATION,,,
cin__opat_jan__ubi_neque__2ILQ,1,50,,ubi; neque; luctus,1.000,1.000,"ubi neque luctus,","ubi neque luctus,",NEEDS_TRANSLATION,,,
vysl_safarik_vade_retro_s_TsU0,1,50,,vade; retro; satana,1.000,1.000,Vade retro Satana!,Vade retro Satana!,NEEDS_TRANSLATION,,,
s_he_hejtman_s_kurva_co_s_9VUc,1,50,german,verdammt; mein; gott,0.333,0.333,"Verdammt, Mein Gott! What were you thinking?! What will people say when the Collector robs them again?!","Verdammt, Mein Gott! What were you thinking?! What will people say when the Collector robs them again?!",NEEDS_TRANSLATION,,,
henr_menhart_z_verstehen__edkX,1,50,,verstanden; ratsherr; danke,1.000,1.000,"Verstanden, Ratsherr. Danke.","Verstanden, Ratsherr. Danke.",NEEDS_TRANSLATION,,,
opon_oponent_s_bacha_budo_cIjd,1,50,,vigyázz; lőni; fog,1.000,1.000,Vigyázz! Lőni fog!,Vigyázz! Lőni fog!,NEEDS_TRANSLATION,,,
opon_oponent_s_bacha_luk_roai,1,50,,vigyázz; van; nála,1.000,1.000,"Vigyázz, íj van nála!","Vigyázz, íj van nála!",NEEDS_TRANSLATION,,,
menh_menhart_z_was_kann_m_FHYo,1,50,,kann; man; tun,1.000,1.000,Was kann man tun?,Was kann man tun?,NEEDS_TRANSLATION,,,
obra_obrance_v_postrilime_HVbp,1,50,,we'll; shoot; scum,1.000,1.000,"We'll shoot you, scum!","We'll shoot you, scum!",NEEDS_TRANSLATION,,,
ques_quest_tip_stezovat_s_owbY,1,50,german,dobrosh; eine; aufgabe,0.286,0.429,You ought to have a word with our Huntsman Dobrosh. He might have eine Aufgabe for you.,!P You ought to have a word with our Huntsman Dobrosh. He might have einen Pfuschen for you.,NEEDS_TRANSLATION,,,
obra_obrance_v_budete_se__bnQW,1,50,,you'll; burn; hell,1.000,1.000,You'll burn in hell!,You'll burn in hell!,NEEDS_TRANSLATION,,,
cin__legatuv_m_e_buono_il_5s2N,1,50,,buono; pollo; eminenza,1.000,1.000,"È buono il pollo, Eminenza??","È buono il pollo, Eminenza??",NEEDS_TRANSLATION,,,
smlo_smlouvani_pche_chaso_om8G,1,49,,pfff; khashokh; sfoseykha,0.667,1.000,<pfff>Khashokh sfoseykha...,"!P Pff, Chashoch sfosejcha...",NEEDS_TRANSLATION,,,
pusk_puskar_el_aber_wo_be_OMbQ,1,49,,aber; bei; wem,1.000,1.000,Aber... Wo? Bei wem?,Aber... Wo? Bei wem?,NEEDS_TRANSLATION,,,
diva_divak_kom_a_dalsi_do_CY63,1,49,,another; one; down,1.000,1.000,Another one down!,Another one down!,NEEDS_TRANSLATION,,,
chat_henry_audentes_fortu_MmbY,1,49,,audentes; fortuna; iuvat,0.750,0.750,"Audentes fortuna iuvat, remember?","Audentes fortuna iuvat, remember?",NEEDS_TRANSLATION,,,
prvn_ptacek_jesteze_tys_m_4jdV,1,49,,audentes; fortuna; iuvat,1.000,1.000,Audentes fortuna iuvat?,Audentes fortuna iuvat?,NEEDS_TRANSLATION,,,
menh_menhart_z_kazdopadne_bpBe,1,49,german,auf; jeden; fall,0.333,0.333,"Auf jeden Fall, thank you for standing up for us and dealing with Fridusch. We appreciate that, be assured.","Auf jeden Fall, thank you for standing up for us and dealing with Fridusch. We appreciate that, be assured.",NEEDS_TRANSLATION,,,
neme_udo_aus_t_aus_tauber_KPU2,1,49,,aus; tauberbischofsheim; bitte,1.000,1.000,Aus Tauberbischofsheim! Bitte?,Aus Tauberbischofsheim! Bitte?,NEEDS_TRANSLATION,,,
zada_menhart_z_jestli_ale_4D3U,1,49,german,deshalb; fechthalle; aber,0.222,0.333,"Deshalb, I cannot do it myself, I do not want to lose the Fechthalle. Aber you could help her!","Deshalb, I cannot do this myself, I do not want to lose the fencing hall. Aber you could!",NEEDS_TRANSLATION,,,
gree_pozdrav_n_potrebujes_RFl0,1,49,,need; something; lad,1.000,1.000,"Do you need something, lad?","Do you need something, lad?",NEEDS_TRANSLATION,,,
meni_menim_si__nenechte_j_Ahx4,1,49,,don't; let; pass,1.000,1.000,Don't let them pass!,Don't let them pass!,NEEDS_TRANSLATION,,,
menh_menhart_z_ein_moment_AxHR,1,49,,einen; moment; fridusch,0.667,1.000,"Einen Moment, Fridusch.",!P Ein moment Fridusch.,NEEDS_TRANSLATION,,,
bohu_bohuta_npc_bellum_bo_VOD5,1,49,,lux; perpetua; luceat,1.000,1.000,Et lux perpetua luceat ei...,Et lux perpetua luceat ei...,NEEDS_TRANSLATION,,,
nepr_kuman_nep_pes_zkurve_cp2g,1,49,,fucking; dog; ugh,1.000,1.000,Fucking dog! Ugh!,Fucking dog! Ugh!,NEEDS_TRANSLATION,,,
inga_cumil_v_d_a_dobre_mu_llLS,1,49,,riddance; he's; arsehole,1.000,1.000,"Good riddance, he's an arsehole.","Good riddance, he's an arsehole.",NEEDS_TRANSLATION,,,
hadk_event_rva_delej_tak__unaj,1,49,,gyerünk; gyere; mersz,1.000,1.000,"Gyerünk, gyere, ha mersz!","Gyerünk, gyere, ha mersz!",NEEDS_TRANSLATION,,,
diva_divak_bar_ha_ha_vyni_aW1Z,1,49,,hah; excellent; shooting,1.000,1.000,Hah! Excellent shooting!,Hah! Excellent shooting!,NEEDS_TRANSLATION,,,
menh_menhart_z_halt_die_k_9Tvw,1,49,,halt; die; klappe,1.000,1.000,Halt die Klappe!,Halt die Klappe!,NEEDS_TRANSLATION,,,
lock_obyvatel__hej_was_ma_BBxx,1,49,,hey; soll; das,0.667,1.000,Hey! Was soll das?,!P Hey! Was machst du?,NEEDS_TRANSLATION,,,
bark_kuman_na__eja_tak_po_e09A,1,49,,heyah; let's; fuckers,1.000,1.000,"Heyah, let's do it, fuckers!","Heyah, let's do it, fuckers!",NEEDS_TRANSLATION,,,
hadk_event_rva_tak_pojd_t_C9kw,1,49,,hát; gyere; rohadék,1.000,1.000,"Hát gyere, te rohadék!","Hát gyere, te rohadék!",NEEDS_TRANSLATION,,,
neko_nekoho_ta_natrhnu_va_QXi4,1,49,,i'll; kick; arse,1.000,1.000,I'll kick your arse!,I'll kick your arse!,NEEDS_TRANSLATION,,,
reak_kuman_kom_konecne_je_rmlx,1,49,,it's; over; last,1.000,1.000,It's over at last!,It's over at last!,NEEDS_TRANSLATION,,,
vyzv_menhart_z_kein_probl_YAI6,1,49,,kein; problem; arne,1.000,1.000,"Kein Problem, Arne!","Kein Problem, Arne!",NEEDS_TRANSLATION,,,
assa_pratelske_nejebej_do_HPUv,1,49,,mar; man; kareya,0.667,1.000,"Ma mar man, kareya!","!T Ma mar man, kareya!",NEEDS_TRANSLATION,,,
dial_cherthan_most_mar_el_LsZS,1,49,,most; már; elég,1.000,1.000,Most már elég!,Most már elég!,NEEDS_TRANSLATION,,,
uvod_zavis_z_g_pieprzyc_t_FNe2,1,49,,pieprzyć; tego; skurwysyna,1.000,1.000,Pieprzyć tego skurwysyna!,Pieprzyć tego skurwysyna!,NEEDS_TRANSLATION,,,
nepr_kuman_nep_do_prdele__z8ER,1,49,,shit; dog's; biting,1.000,1.000,Shit… the dog's biting me.,Shit… the dog's biting me.,NEEDS_TRANSLATION,,,
bark_dobra_rep_vypadas_up_vRI7,1,49,romani,tumenge; gadjo; aranka,0.111,0.333,T-he tumenge! You look just like that gadjo that Aranka was talking about!,!P The tumenge! You look just like that gadjo that Aranka was talking about!,NEEDS_TRANSLATION,,,
meni_menim_si__jsou_moc_b_wB0y,1,49,,they're; too; close,1.000,1.000,They're too close!,They're too close!,NEEDS_TRANSLATION,,,
lore_event_tab_ut_in_omni_0AKA,1,49,,omnibus; glorificetur; deus,1.000,1.000,Ut in omnibus glorificetur Deus.,Ut in omnibus glorificetur Deus.,NEEDS_TRANSLATION,,,
hadk_event_rva_mas_nejake_hA12,1,49,,valami; gond; van,1.000,1.000,Valami gond van?,Valami gond van?,NEEDS_TRANSLATION,,,
gree_pozdrav_n_proc_ses_n_kiHT,1,49,,why're; naked; lad,1.000,1.000,"Why're you naked, lad?","Why're you naked, lad?",NEEDS_TRANSLATION,,,
hude_hudebnik__tys_mi_dal_iHpK,1,49,german,meine; grazilen; finger,0.182,0.273,"You gave me a beating. If you broke meine grazilen Finger, I won't be able to play anything for a while.","!P You gave me a beating... If you broke mein golden fingern, I won't be able to play anything for a while.",NEEDS_TRANSLATION,,,
goss_gossip_ob_neni_to_ne_ANXz,1,48,yiddish_hebrew,borekh; ha-shem; meydele,0.286,0.429,"Borekh ha-shem, it could be worse. Our meydele is getting married.",!P,NEEDS_TRANSLATION,,,
bibr_kuman_bib_daban_horz_uqsj,1,48,,daban; horz; bibrek,1.000,1.000,Daban horz. I am Bibrek.,Daban horz. I am Bibrek.,NEEDS_TRANSLATION,,,
prat_pratelsky_zatracene__pXxu,1,48,,damn; end; like,1.000,1.000,"Damn it, to end up like that…","Damn it, to end up like that…",NEEDS_TRANSLATION,,,
menh_menhart_z_stimmt_for_c6cX,1,48,german,das; stimmt; fortuna,0.222,0.333,"Das stimmt. Fortuna smiled on you. You would not have the same luck again, be assured.","Das stimmt. Fortuna smiled on you. You would not have the same luck again, be assured.",NEEDS_TRANSLATION,,,
goss_uhersky_v_tos_mi_por_U7Pa,1,48,,don't; look; eyes,1.000,1.000,I don't look them in the eyes…,I don't look them in the eyes…,NEEDS_TRANSLATION,,,
arne_arne_nemec_ja_fruher_BLQs,1,48,german,hafen; schiffen; stoffe,0.250,0.375,"I was vorher working in Hafen by the Schiffen, Stoffe loading und unloading.","!P I was vorher working in Hafen by the Schiffen, Stoffe loading und unloading.",NEEDS_TRANSLATION,,,
menh_menhart_z_hm_rozumim_uYO2,1,48,german,ich; verstehe; besser,0.250,0.375,"Ich verstehe... also, besser not to go into it and just thank Fate.","Ich verstehe... also, besser not to go into it and just thank Fate.",NEEDS_TRANSLATION,,,
poce_event_poc_ja_naturli_vqui,1,48,german,natürlich; verdammte; nebakov,0.091,0.273,"Ja natürlich, and that verdammte tragedy at Nebakov has me busy dealing with the inheritance left by the poor souls who fell there.","Ja natürlich, and that verdammte debacle at Nebakow is keeping me busy sorting out what the poor wretches who perished there have left their families.",NEEDS_TRANSLATION,,,
kupec_cechmistr_verdammt__J2nW,1,48,german,mein; gott; olbert,0.400,0.600,"Mein Gott! Why do you have to frame it like this, Olbert?","Mein Gott! Why do you have to frame it like this, Olbert?",NEEDS_TRANSLATION,,,
spol_kuman_spo_a_mame_ho_wMxY,1,48,,now; we've; got,1.000,1.000,Now we've got him!,Now we've got him!,NEEDS_TRANSLATION,,,
idle_kuman_mlu_ja_ti_tu_r_c55N,1,48,,that's; arm; fucked,1.000,1.000,That's your arm fucked!,That's your arm fucked!,NEEDS_TRANSLATION,,,
prat_pratelsky_tady_uz_st_0G7w,1,48,,there's; nothing; else,1.000,1.000,There's nothing else you can do here.,There's nothing else you can do here.,NEEDS_TRANSLATION,,,
kuma_henry_veres_haju_roka_xlAy,1,48,,veresh; hayoo; roka,1.000,1.000,Veresh hayoo roka?,Veresh hayoo roka?,NEEDS_TRANSLATION,,,
spol_spolubojo_tady_konci_mnpu,1,48,,véged; van; szaros,1.000,1.000,"Véged van, te szaros!","Véged van, te szaros!",NEEDS_TRANSLATION,,,
npc__npc_neroz_wer_war_da_ZR8O,1,48,,wer; war; das,0.750,0.750,Wer war das? Fuck!,Wer war das? Fuck!,NEEDS_TRANSLATION,,,
o_zi_hejtman_f_eh_da_buh__v46d,1,47,german,ach; gott,0.286,0.286,"Ach, so Gott will, these evil times will soon be over.","I hope, God willing, these evil times will soon be over.",NEEDS_TRANSLATION,,,
eich_cechmistr_podivej_se_OX2O,1,47,german,mein; freund; boris,0.286,0.429,"Ah, listen, mein Freund… Boris could not tell you everything…","Ah, listen, mein Freund… Boris could not tell you everything…",NEEDS_TRANSLATION,,,
arne_arne_nemec_aha_was_i_GSKy,1,47,german,aha; ist; los,0.667,1.000,"Aha, was ist los?","Aha, was ist los?",NEEDS_TRANSLATION,,,
zizk_kubenka_xx_m6ug,1,47,,hehe; sehr; schön,0.667,1.000,Hehe! Sehr schön!,Hehe! Sehr schön!,NEEDS_TRANSLATION,,,
refu_michal_heinrich_vom__hug1,1,47,german,vom; felsen,1.000,1.000,Heinrich vom Felsen! Ja ja!,!P Heinrich vom Felsen! Ja ja!,NEEDS_TRANSLATION,,,
menh_menhart_z_poslechni__JUfs,1,47,german,hör; gut; bruderschaft,0.125,0.188,"Hör gut zu! Do you solemnly swear that you shall act honourably and justly, and that you shall not bring shame upon your name or mine or bring disgrace to the swordfighting Bruderschaft?","Hör gut zu! Do you solemnly swear that you shall act honourably and justly, and that you shall not bring shame upon your name or mine or bring disgrace to the swordfighting Bruderschaft?",NEEDS_TRANSLATION,,,
arne_arne_nemec_ja_ja_ale_8iKu,1,47,german,aber; kampf,0.500,0.500,"Ja, ja, aber you are injured. That is not good for any Kampf.","!P Ja, ja, aber you are injured. !P That is not good for any Gefecht.",NEEDS_TRANSLATION,,,
endi_rozloucen_ja_ja_geh__QM44,1,47,german,geh; besser,1.000,1.000,"Ja, ja ... geh besser ...","!P Aye, aye... Geh besser...",NEEDS_TRANSLATION,,,
endi_rozloucen_ja_ja_geh__NKlz,1,47,german,geh; lieber,1.000,1.000,"Ja, ja ... geh lieber ...","!P Aye, aye... Geh besser...",NEEDS_TRANSLATION,,,
npc__npc_vidi__o_devla_na_WCup,1,47,yiddish_hebrew,devla; miro,1.000,1.000,"Oy Devla miro, na, na!","!T Oy Devla miro, na, na!",NEEDS_TRANSLATION,,,
npc__npc_vidi__devla_devla_0iXT,1,47,yiddish_hebrew,devla; miro,1.000,1.000,Oy Devla! Devla miro!,!T Oy Devla! Devla miro!,NEEDS_TRANSLATION,,,
npc__npc_vidi__oy_vey_kro_BD82,1,47,yiddish_hebrew,vey; krov,1.000,1.000,Oy vey... Krov! Krov!,!P Oy vey... Krov! Krov!,NEEDS_TRANSLATION,,,
situ_situace_m_ich_verste_aOhg,1,46,german,aber; warum,1.000,1.000,Aber warum?,Ich verstehe nicht!,NEEDS_TRANSLATION,,,
roza_roza_ruth_to_mas_pra_gJ3A,1,46,,quid; pro; quo,0.750,0.750,As you say. Quid pro quo.,As you say. Quid pro quo.,NEEDS_TRANSLATION,,,
situ_situace_m_das_ist__q2iE,1,46,german,das; ist,1.000,1.000,Das ist …,Das ist…,NEEDS_TRANSLATION,,,
dost_soldier_d_eh_nutzlos_gos0,1,46,german,bringt; nichts,1.000,1.000,"Eh, bringt nichts ...","!P Eh, nutzlos...",NEEDS_TRANSLATION,,,
utrz_soldier_d_eh_meinem__4XNP,1,46,german,mein; kopf,1.000,1.000,"Eh, mein Kopf...","!P Eh, meinem Kopf...",NEEDS_TRANSLATION,,,
opon_soldier_k_er_ist_tot_UzbO,1,46,german,ist; tot,1.000,1.000,Er ist tot!,!P Er ist tot!,NEEDS_TRANSLATION,,,
pokr_treninkov_gut_gemacht_Sttv,1,46,german,gut; gemacht,1.000,1.000,Gut gemacht!,!P Gut gemacht!,NEEDS_TRANSLATION,,,
prov_soldier_u_ha_das_wars_35Ek,1,46,german,das; war's,1.000,1.000,"Ha, das war’s ...","!P Ha, das war's...",NEEDS_TRANSLATION,,,
npc__muz_samom_hm_es_ist__IoQo,1,46,german,ist; dunkel,1.000,1.000,Hm ... Es ist dunkel.,!P Hm... Es ist Dunkel.,NEEDS_TRANSLATION,,,
npc__zena_samo_hm_es_ist__rOUm,1,46,german,ist; dunkel,1.000,1.000,"Hm, es ist dunkel.","!P Hm, Es ist Dunkel.",NEEDS_TRANSLATION,,,
rezn_reznik_sa_oh_schones_MniF,1,46,german,gutes; fleisch,1.000,1.000,"Hm, ja ... Gutes Fleisch.","!P Hm, gut... schönes Fleisch.",NEEDS_TRANSLATION,,,
smlo_smlouvani_hm_warum_n_UGa2,1,46,german,warum; nicht,1.000,1.000,"Hm, warum nicht?","!P Hm, Warum nicht?",NEEDS_TRANSLATION,,,
npc__kuman_cri_kde_je_LhAv,1,46,hungarian,hol; lehet,1.000,1.000,Hol lehet?!,Where is he?,NEEDS_TRANSLATION,,,
npc__kuman_cri_kde_to_je_JOwG,1,46,hungarian,hol; van,1.000,1.000,Hol van?,Where is it?,NEEDS_TRANSLATION,,,
henr_menhart_z_was_kq6e,1,46,,huh; wer; das,0.667,1.000,Huh? Wer is das?,Huh? Wer is das?,NEEDS_TRANSLATION,,,
npc__npc_neroz_huh_der_st_e6pR,1,46,german,ein; stein,1.000,1.000,Hö? Ein Stein?,Huh? Ein Stein?,NEEDS_TRANSLATION,,,
pozd_uctivy_po_ja_ohne_al_hOXH,1,46,german,natürlich; doch,1.000,1.000,"Ja, natürlich doch.","!P Ja, ohne alles.",NEEDS_TRANSLATION,,,
npc__npc_vidi__dobre_mu_t_RXoB,1,46,hungarian,neki; szemétláda,1.000,1.000,"Jó neki, te szemétláda.","Serves him right, the bastard.",NEEDS_TRANSLATION,,,
band_bandita_v_kommt_her__6Zpa,1,46,german,kommt; los,1.000,1.000,Kommt her! Na los!,!P Kommt her! Na los!,NEEDS_TRANSLATION,,,
gree_pozdrav_n_mein_gott__jg70,1,46,german,mein; gott,1.000,1.000,"Mein Gott, Heinrich!","!P Mein Gott, Heinrich!",NEEDS_TRANSLATION,,,
npc__kuman_cri_na_koho_st_PlRo,1,46,hungarian,mit; ugatsz,1.000,1.000,Mit ugatsz?,Who are you barking at?,NEEDS_TRANSLATION,,,
npc__kuman_cri_co_to_stek_mhHQ,1,46,hungarian,miért; ugatsz,1.000,1.000,Miért ugatsz?,What are you barking for?,NEEDS_TRANSLATION,,,
npc__kuman_cri_jebu_na_to_l2XG,1,46,hungarian,nem; érdekel,1.000,1.000,Nem érdekel.,Fuck that.,NEEDS_TRANSLATION,,,
npc__npc_vidi__mrtvola_kr_6Ehn,1,46,yiddish_hebrew,mulo; devla,1.000,1.000,O mulo? Oy Devla!,!T O mulo? Oy Devla!,NEEDS_TRANSLATION,,,
assa_obet_bezi_kde_sou_na_euxd,1,46,yiddish_hebrew,devla; miro,1.000,1.000,Oy Devla miro!,!T Oy Devla miro!,NEEDS_TRANSLATION,,,
npc__npc_vidi__o_devla_so_F8fQ,1,46,yiddish_hebrew,devla; kereha,1.000,1.000,Oy Devla! So kereha?,!T Oy Devla! So kereha?,NEEDS_TRANSLATION,,,
npc__npc_vidi__o_devla_so_lZIF,1,46,yiddish_hebrew,devla; keres,1.000,1.000,Oy Devla! So keres?,!T Oy Devla! So keres?,NEEDS_TRANSLATION,,,
assa_npc_vidi__aj_mamo_ne_U4Uy,1,46,yiddish_hebrew,mamo; pre-aches,1.000,1.000,"Oy mamo, pre-aches?","!T Oy mamo, pre-aches?",NEEDS_TRANSLATION,,,
free_svedek_re_beachtung_9moj,1,46,german,pass; auf,1.000,1.000,Pass ja auf!,!P Beachtung!,NEEDS_TRANSLATION,,,
rezn_reznik_sa_schon_lang_5OaX,1,46,german,schön; langsam,1.000,1.000,Schön langsam.,!P Schön langsam.,NEEDS_TRANSLATION,,,
muz__hospodsky_ja_gut_gs5p,1,46,german,sehr; gut,1.000,1.000,Sehr gut …,!P Sehr gut...,NEEDS_TRANSLATION,,,
prat_pratelsky_sitzt_nich_xuhG,1,46,german,sitzt; nicht,1.000,1.000,Sitzt nicht so da ...,!P Sitzt nicht so da...,NEEDS_TRANSLATION,,,
utrz_soldier_d_so_ein_pech_MU5z,1,46,german,ein; pech,1.000,1.000,So ein Pech!,!P So ein Pech!,NEEDS_TRANSLATION,,,
dost_soldier_d_uff_verdam_uNt9,1,46,german,uff; verdammt,1.000,1.000,"Uff, verdammt ...","!P Uff, verdammt...",NEEDS_TRANSLATION,,,
hosp_hospodsky_verdammt_n_fdc2,1,46,german,verdammt; nochmal,1.000,1.000,Verdammt nochmal ...,!P Verdammt nochmal...,NEEDS_TRANSLATION,,,
zavo_zavodnik__eh_nein_sc_kMsb,1,46,german,verdammt; leck; mich; doch,0.000,1.000,Verdammt! Leck mich doch!,"!P Eh nein, scheiss auf!",NEEDS_TRANSLATION,,,
prat_pratelsky_verdammte__bdyl,1,46,german,verdammte; hölle,1.000,1.000,Verdammte Hölle ...,!P Verdammte Hölle...,NEEDS_TRANSLATION,,,
nekd_soldier_b_verdammte__uPR1,1,46,german,verdammte; scheisskerle,1.000,1.000,Verdammte Scheißkerle!,!P Verdammte Scheißkerle!,NEEDS_TRANSLATION,,,
utik_soldier_u_verdammt_s_ZYp7,1,46,german,verdammt; scheisse,1.000,1.000,Verdammt … Scheiße!,!P Verdammt... Scheisse!,NEEDS_TRANSLATION,,,
vajd_vajda_coze_vazne_pan_9VmV,1,46,romani; yiddish_hebrew,devla; somnakooneya; chavo,0.125,0.375,"What? Is that so? Oy Devla somnakooneya, thank you! At least my younger chavo is coming home…","!P What? Is that so? Sweet Mary mother of God, thank you! At least my younger chave is coming home…",NEEDS_TRANSLATION,,,
gree_pozdrav_n_eh_mein_go_nBA6,1,46,german,mein; gott,1.000,1.000,Äh … Mein Gott?,!P Eh... Mein Gott?,NEEDS_TRANSLATION,,,
npc__npc_vzdav_vyparil_se_zOZW,1,45,,sas; imar,1.000,1.000,!T Sas - u imar na sas.,He vanished into thin air…,NEEDS_TRANSLATION,,,
gree_pozdrav_m_gutn_avent_EPec,1,45,german,gut; ovnt,1.000,1.000,A gut ovnt!,!P Gutn avent!,NEEDS_TRANSLATION,,,
menh_menhart_z_a_danke_ze_1P5x,1,45,german,aber; danke,0.400,0.400,Aber danke for trying to defend us. I will not forget that.,!P Aber danke for trying to defend us. I will not forget that.,NEEDS_TRANSLATION,,,
ques_hospodsky_aber_viell_Cjjm,1,45,german,aber; vielleicht,0.200,0.200,Aber vielleicht... My old woman saw us talking by the haybale and took it the wrong way!,Aber vielleicht... My old woman saw us talking by the haybale and misconstrued it!,NEEDS_TRANSLATION,,,
o_zi_kupec_tro_o_nich_neb_bpnn,1,45,german,gleichen; scheisskerle,0.222,0.222,"About those ones in paritcular, or about others? They are all just gleichen Scheißkerle!","!P About those specific ones, or about others? There all just gleichen Scheißkerle!",NEEDS_TRANSLATION,,,
npc__npc_bezi__genug_stra_DS4C,1,45,,nein; hilfe,1.000,1.000,"Ah nein ... Hilfe, hilfe!","Ach nein... Hilfe, hilfe!",NEEDS_TRANSLATION,,,
npc__npc_bezi__wachen_del_REu7,1,45,,nein; hilfe,1.000,1.000,Ah nein … Hilfe! Hilfe!,Ach nein… Hilfe! Hilfe!,NEEDS_TRANSLATION,,,
o_zi_kupec_tro_oh_ja_ja_p_RQmD,1,45,german,ich; verstehe,0.250,0.250,"Ah so, ich verstehe… The woods have been full of all manner of rabble recently.","!P Ah so, ich verstehe… all manner of rabble have been showing up in the woods here recently.",NEEDS_TRANSLATION,,,
npc__npc_utika_ah_mein_go_G272,1,45,german,mein; gott,1.000,1.000,"Ah, mein Gott ...","!P Ah, mein Gott...",NEEDS_TRANSLATION,,,
npc__npc_vidi__ah_nein_ne_0kht,1,45,,nein; hilfe,1.000,1.000,"Ah, nein! Hilfe, Hilfe!","!P Ah, nein! Hilfe, Hilfe!",NEEDS_TRANSLATION,,,
spec_brabant_mon_amie_jes_chrW,1,45,french,mon; ami,0.133,0.133,Am I good with a bow? Mon ami ! You should see me hunt! In the Forest of Ardennes I once hit a bison in the eye at two hundred paces!,!P Am I good with a bow? Mon ami! You should see me hunt! In the Forest of Ardennes I once hit a bison in the eye at two hundred paces!,NEEDS_TRANSLATION,,,
lore_event_tab_a_o_to_ost_W0pJ,1,45,german,junger; mann,0.333,0.333,"And I do not care about much else, junger Mann.","And I don't give a damn about much else, Herr Junge.",NEEDS_TRANSLATION,,,
opon_soldier_v_schlampe_t_rEYR,1,45,,arschloch; auge,1.000,1.000,Arschloch! Auge um Auge!,!P Schlampe! Tod für den Tod!,NEEDS_TRANSLATION,,,
npc__npc_naslo_pannenko_n_0how,1,45,,devla; miro,1.000,1.000,"Ay, Devla miro… na, na tu!","!T Ay, Devla miro… na, na tu!",NEEDS_TRANSLATION,,,
s_va_vasko_ted_se_bez_ose_U7h1,1,45,german,mein; freund,0.400,0.400,"But you're well on your way, mein Freund!","!P But you're well on your way, mein Freund!",NEEDS_TRANSLATION,,,
s_va_vasko_to_staci_uz_je_gI3K,1,45,german,das; reicht,0.286,0.286,Das reicht. It's late and I need some rest too.,!P Das reicht. It's late and I want to rest too.,NEEDS_TRANSLATION,,,
bibr_kuman_bib_vpred_se_v_ycEg,1,45,,előretör; tovább,1.000,1.000,"De előretör, tovább és tovább!","Yet he pushes onward, further and further!",NEEDS_TRANSLATION,,,
rudo_rudokupec_onkel_to_m_4NBi,1,45,german,dein; onkel,0.500,0.500,Dein Onkel? You are lucky to get to learn here.,!P Onkel? You're lucky to get your training here.,NEEDS_TRANSLATION,,,
vask_hejtman_f_jak_myslis_oLzh,1,45,,hast; mut,1.000,1.000,Du... Du hast Mut!,!P Du... Du hast Mut!,NEEDS_TRANSLATION,,,
posl_event_hla_epes_epes__AhiJ,1,45,,epes; sheyn,1.000,1.000,Epes! Epes! Sheyn!,!P Epes! Epes! Schoen!,NEEDS_TRANSLATION,,,
gree_pozdrav_m_epes_frajn_DJUk,1,45,,epes; fraynd,1.000,1.000,"Epes, fraynd... Epes!","!P Epes, Frajnd... Epes!",NEEDS_TRANSLATION,,,
menh_menhart_z_ja_ja_takt_XwkW,1,45,german,ist; gildenschwert,0.182,0.182,Es ist so… you must break into their swordfighting hall and steal their… Gildenschwert… guild sword! They must not see you.,!P Es ist so… you must break into their swordfighting hall and steal their... Gildenschwert... guild sword! They must not see you.,NEEDS_TRANSLATION,,,
lore_event_tab__a_ty_uz_b_hslm,1,45,german,junger; mann,0.250,0.250,"Eventually they will be made to pay for it, by us traders! The world is changing, junger Mann.","And before long they'll have to pay the fiddler – us traders! The world is changing, Herr Junge.",NEEDS_TRANSLATION,,,
brab_brabant_do_nich_mond_iUUM,1,45,french,mon; dieu,0.500,0.500,Give them hell! Mon Dieu !,!P Give them hell! Mon Dieu!,NEEDS_TRANSLATION,,,
npc__npc_propu_gott_segne_D8Hq,1,45,,gott; lieber,1.000,1.000,"Gott, lieber Gott.","!P Gott, Lieber Gott.",NEEDS_TRANSLATION,,,
rozl_rozloucen_lehitraot_RD4b,1,45,german,gut; voch,1.000,1.000,Gut voch!,!P Lehitraot!,NEEDS_TRANSLATION,,,
menh_menhart_z_gut_heinch_b8iZ,1,45,,gut; sehr,1.000,1.000,"Gut, Heinrich, sehr gut.","Gut, Heinchich, sehr gut.",NEEDS_TRANSLATION,,,
lore_event_tab_haha_plni__S4DQ,1,45,german,junger; mann,0.400,0.400,"Ha ha, I am pursuing my dreams and desires, junger Mann.","Ha ha, I am pursuing my dreams and desires, Herr Junge.",NEEDS_TRANSLATION,,,
kate_katerina_aleluja_dom_GUMV,1,45,,hallelujah; domine,1.000,1.000,"Hallelujah Domine, Hallelujah Domine.","Aleluja Domine, Aleluja Domine!",NEEDS_TRANSLATION,,,
npc__npc_naslo_hilfe_schn_yksK,1,45,,hilfe; schnell,1.000,1.000,"Hilfe, schnell... Hilfe…","!P Hilfe, schnell... Hilfe...",NEEDS_TRANSLATION,,,
fors_majitel_s_ale_troufn_UhFd,1,45,german,warum; nicht,1.000,1.000,Hm... Warum nicht?,!P Hm... Warum nicht?,NEEDS_TRANSLATION,,,
reme_remeslnik_hmm_gut_gut_et5Q,1,45,,hmm; gut,1.000,1.000,"Hmm, gut, gut.","!P Hmm, gut, gut.",NEEDS_TRANSLATION,,,
smlo_smlouvani_hm_hm_bite_N8mz,1,45,,hmm; bite,1.000,1.000,"Hmm, hmm... bite.","!P Hm, hm... bite.",NEEDS_TRANSLATION,,,
zavo_zavodnik__hoho_hej_h_9NwP,1,45,,hoho; hey,1.000,1.000,"Hoho, hey, hey!","!T Hoho, hey, hey!",NEEDS_TRANSLATION,,,
chat_posluchac_koukam_ze__keEk,1,45,german,mein; freund,0.333,0.333,"I see you know how to enjoy a feast, mein Freund!","!P I see you know how to enjoy a feast, mein Freund!",NEEDS_TRANSLATION,,,
zave_vasko_zabit_zenskou__XYQh,1,45,czech,élet; sajnálom,0.500,0.500,I'm sorry… Kurva élet. Sajnálom.,"!P I'm sorry… Bassza meg, sajnálom. Bízz.",NEEDS_TRANSLATION,,,
s_fr_hejtman_f_dost_staci_5vU6,1,45,german,ich; kapituliere,1.000,1.000,Ich kapituliere!,!P Ich kapituliere!,NEEDS_TRANSLATION,,,
hrac_hejtman_f_tak_hlavne_bHbW,1,45,german,ich; verstehe,0.286,0.286,"Ich verstehe, just be careful not to hit one of ours!",!P Ich verstehe. But be careful not to hit one of our men!,NEEDS_TRANSLATION,,,
o_zi_pisar_tyc_ja_das_sti_vi3F,1,45,german,ich; verstehe,0.167,0.167,"Ich verstehe. Kuttenberg is the second city of the kingdom after Prague, but it isn't difficult to find your way around here.","!P Ja, das stimmt. Kuttenberg is the second city of the kingdom after Prague, but it isn't difficult to find your way around here.",NEEDS_TRANSLATION,,,
kupec_cechmistr_vzdycky_m_aXfU,1,45,german,nichts; anderes,0.250,0.250,It’s always only been about the good of the guild and its members – nichts anderes!,"It’s always only been about the good of the guild and its members, um nichts anderes!",NEEDS_TRANSLATION,,,
nepr_soldier_k_ja_das_sti_eJaY,1,45,german,das; stimmt,1.000,1.000,"Ja, das stimmt!","!P Ja, das stimmt!",NEEDS_TRANSLATION,,,
o_zi_mistr_fab_mein_gott__hrF0,1,45,german,mein; gott,0.250,0.250,"Just heard? Mein Gott, you can't overlook something like that!","!P Just heard? Mein Gott, you can't overlook something like that!",NEEDS_TRANSLATION,,,
gree_obchodnik_komm_komm__WEvH,1,45,,kom; mayn,1.000,1.000,"Kom, kom, mayn her!","Komm, komm, mein Herr!",NEEDS_TRANSLATION,,,
hosp_hospodyne_komm_her_k_6t52,1,45,,komm; biest,1.000,1.000,"Komm her! Komm, du Biest!","!P Komm her! Kommt, du Biest!",NEEDS_TRANSLATION,,,
popo_vozka_voz_komm_pferd_BLlf,1,45,,komm; pferdchen,1.000,1.000,"Komm, Pferdchen, komm!","!P Komm, Pferdchen, komm.",NEEDS_TRANSLATION,,,
o_zi_pisar_tyc_kommt_drau_1zqg,1,45,german,kommt; drauf,0.333,0.333,Kommt drauf an. The Emperor Charles wine cellar has the best wine.,!P Kommt drauf an. The Emperor Charles wine cellar has the best wine.,NEEDS_TRANSLATION,,,
kube_kubenka_kurwa_neubie_I22V,1,45,,kurwa; neubiegaj,1.000,1.000,Kurwa! Neubiegaj! Hu hu hu!,!P Kurwa! Neubiegaj! Hu hu hu!,NEEDS_TRANSLATION,,,
popo_vozka_voz_los_los_vo_s9Cn,1,45,,los; vorwärts,1.000,1.000,"Los, los … vorwärts!","!P Los, los... vorwärts!",NEEDS_TRANSLATION,,,
o_zi_urso_von__mein_gott__iTGL,1,45,german,mein; gott,0.222,0.222,"Mein Gott, I'm a collector, not some scholar who has to understand everything and at all costs!","!P Mein Gott, I'm a collector, not some scholar who has to understand everything and at all costs!",NEEDS_TRANSLATION,,,
rozh_majitel_s_mozna_mel__axLK,1,45,german,mein; junge,0.154,0.154,"Mein Junge, smart people are in low supply. But there's no shortage of idiots who'd come to blackmail me in my own home.","!P Mein Junge, smart people are in low supply. But there's no shortage of idiots who'd come to blackmail me in my own home.",NEEDS_TRANSLATION,,,
henr_jasak_mi_a_mi_torten_lv9B,1,45,,van; történik,1.000,1.000,Mi van? Mi történik?,!P Mi a? Mi történik?,NEEDS_TRANSLATION,,,
diva_divak_bar_mistes_gad_kZqT,1,45,,mishtes; gadjo,1.000,1.000,"Mishtes, gadjo, mishtes!","!T Mishtes, gadjo, mishtes!",NEEDS_TRANSLATION,,,
refu_opily_kum_amit_akarsz_EviS,1,45,hungarian,mit; akarsz,1.000,1.000,Mit akarsz?,!P Amit akarsz?,NEEDS_TRANSLATION,,,
kuma_jasak_mire_szamitott_Uj83,1,45,hungarian,mit; vártál,1.000,1.000,Mit vártál?,!P Mire számítottál?,NEEDS_TRANSLATION,,,
spec_cerny_bar_no_lehky_t_qVXz,1,45,french,mon; ami,0.200,0.200,"Mon ami ! The world is so big and there is so much to tell, but you want to hear only a little?","!P Mon ami! The world is so big and there is so much to tell, but you want to hear a little?",NEEDS_TRANSLATION,,,
assa_npc_vidi__mordyr_pan_8gAO,1,45,yiddish_hebrew,murdaroshis; devla,1.000,1.000,Murdaroshis! Oy Devla…,!T Murdaroshis! Oy Devla…,NEEDS_TRANSLATION,,,
s_ho_hospodsky_rado_se_st_q1tT,1,45,german,nichts; danken,1.000,1.000,Nichts zu danken.,!P Nichts zu danken.,NEEDS_TRANSLATION,,,
utik_soldier_u_oh_nein_ne_KeKV,1,45,,nein; blut,1.000,1.000,"Oh nein, nein … Blut!","!P Oh nein, nein... Blut!",NEEDS_TRANSLATION,,,
gree_pozdrav_m_oh_so_was__exzq,1,45,,willst; schelm,1.000,1.000,"Oh... Was willst du, du Schelm?","!P Oh so... Was willst du, Schelm?",NEEDS_TRANSLATION,,,
mist_cechmistr_mein_gott__uIot,1,45,german,mein; gott,0.400,0.400,"Oh… Mein Gott, is this really all the documents?","Ech… Mein Gott, is this really all the documents?",NEEDS_TRANSLATION,,,
o_zi_aranka_o_devla_miro__FfgJ,1,45,yiddish_hebrew,devla; miro,0.286,0.286,"Oy Devla miro! Of course, the good kind that helps and comes from God.","!T Oy Devla miro! Of course, the good kind that helps and comes from God.",NEEDS_TRANSLATION,,,
gree_pozdrav_z_oh_devla_g_elTZ,1,45,yiddish_hebrew,devla; gadjo,1.000,1.000,"Oy Devla, gadjo!","!T Oy Devla, gadjo!",NEEDS_TRANSLATION,,,
gree_obchodnik_oy_oy_vos__rBtc,1,45,,vos; makhst,1.000,1.000,"Oy, oy... Vos makhst du?","Oy, oy... Vos machst du?",NEEDS_TRANSLATION,,,
miko_handlir_m_prach_se_z_lt3A,1,45,romani,prakhos; djal; opre,0.333,1.000,Prakhos djal opre!,Dust whirls around!,NEEDS_TRANSLATION,,,
kost_kostky_pr_schau_nich_ZJSz,1,45,german,schau; nicht,0.500,0.500,Schau nicht so? I will throw again.,Schau nicht so? I throw again.,NEEDS_TRANSLATION,,,
utok_utok_na_m_schweinehu_I9rj,1,45,,schweinehunde; sterbt,1.000,1.000,Schweinehunde! Sterbt! Sterbt!,!P Schweinehunde! Stirb! Stirb!,NEEDS_TRANSLATION,,,
spec_oswald_to_doba_uz_je_SEgF,1,45,german,mein; freund,0.333,0.333,"Such are the times, mein Freund. Trust, but verify.","!P Such are the times, mein Freund. Trust, but verify.",NEEDS_TRANSLATION,,,
npc__npc_vyded_to_jsi_mus_fS6e,1,45,,voltál; tetted,1.000,1.000,Te voltál. Te tetted.,It was you that did it for sure!,NEEDS_TRANSLATION,,,
o_zi_kupec_tro_to_dela_ta_KpIr,1,45,german,verdammte; schurken,0.400,0.400,That is all because of the war. Verdammte Schurken!,!P That is all because of the war. Verdammte Schurken!,NEEDS_TRANSLATION,,,
o_zi_knez_bohu_to_je_jen__gW7Q,1,45,latin,domine; noster,0.400,0.400,"That's between me, the king, et Domine noster!","That's only between me, the king et Domine noster!",NEEDS_TRANSLATION,,,
musa_musa_z_ma_tinyesira__5aHL,1,45,,tinyesira; munumunusira,1.000,1.000,Tinyesira ye munumunusira ye.,!P Tinyesira ye munumunusira ye.,NEEDS_TRANSLATION,,,
drab_brabant_vytecne_sem__ZUTx,1,45,french,très; bien,0.667,0.667,Très bien ! Give it to me!,Trés bien! Give it here!,NEEDS_TRANSLATION,,,
hosp_hospodsky_uf_borech__Pnc9,1,45,yiddish_hebrew,borekh; ha-shem,1.000,1.000,"Uf, borekh ha-shem!","Uf, Borech ha-shem!",NEEDS_TRANSLATION,,,
rozh_kupec_vel_zatracene__2JXG,1,45,german,verdammt; richtig,0.222,0.222,"Verdammt richtig, my thoughts exactly. That bastard soiled even my honour, the fucker!","Verdammt richtig, my thoughts exactly. That bastard soiled even my honour, the bastard!",NEEDS_TRANSLATION,,,
utik_soldier_u_verdammt_b_dpKi,1,45,,verdammt; blut,1.000,1.000,"Verdammt, Blut … Blut!","!P Verdammt, Blut... Blut!",NEEDS_TRANSLATION,,,
tova_rychtar_p_doprdele_p_JotX,1,45,german,verdammte; scheisse,1.000,1.000,Verdammte Scheiße!,Verdammter Scheiß!,NEEDS_TRANSLATION,,,
hrac_hejtman_f_rozumim_jd_Dkg3,1,45,german,verstehe; schon,0.400,0.400,Verstehe schon. You want to be as accurate as possible.,!P Ich verstehe. You want to be as accurate as possible.,NEEDS_TRANSLATION,,,
miko_showrunne_zavod_uz_b_0jJK,1,45,,vrasa; djan; prekal; dreshli,0.000,1.000,Vrasa djan prekal o dreshli.,Sunbeams gleam on the stirrups!,NEEDS_TRANSLATION,,,
spec_arne_nemec_moc_rad_p_IGWg,1,45,german,warum; nicht,0.143,0.143,"Warum nicht? One great master has said, what is long is not short. And keeping your opponent away from your body, that is most basic.","!P Warum nicht. As a great master once said, what is long is not short. And keeping your opponent at a distance is essential.",NEEDS_TRANSLATION,,,
spec_menhart_z_warum_nich_55YN,1,45,german,warum; nicht,1.000,1.000,Warum nicht? What can I do for you?,!P Warum nicht? What can I do for you?,NEEDS_TRANSLATION,,,
spec_menhart_z_warum_nich_hNj6,1,45,german,warum; nicht,0.500,0.500,Warum nicht? What would you like?,!P Warum nicht? What would you like?,NEEDS_TRANSLATION,,,
udav_psani_dop_was_ist_es_fMLT,1,45,german,ist; das,0.222,0.222,"Was ist das? This is no letter, it's just some meaningless scribble! Are you yanking my pizzle?","!P Was ist es? This is no letter, it's just some meaningless scribble! Are you yanking my pizzle?",NEEDS_TRANSLATION,,,
npc__npc_vidi__was_machst_qLeC,1,45,,machst; narr,1.000,1.000,"Was machst du, du Narr?","!P Was machst du, du Narr?",NEEDS_TRANSLATION,,,
gree_pozdrav_m_was_willst_Q2U1,1,45,,willst; strolch,1.000,1.000,"Was willst du, du Strolch?","Was willst du, Strolch?",NEEDS_TRANSLATION,,,
gree_pozdrav_z_was_willst_nbUG,1,45,,willst; säufer,1.000,1.000,"Was willst du, du Säufer?",!P Was willst du betrunken?,NEEDS_TRANSLATION,,,
prat_pratelsky_was_willst_CG8J,1,45,,willst; wichser,1.000,1.000,"Was willst du, du Wichser?","!P Was willst du, du Wichser?",NEEDS_TRANSLATION,,,
lore_event_tab_tak_opatrn_GLw8,1,45,german,junger; mann,0.200,0.200,"Watch yourself, junger Mann! A lady of my standing can indulge in whatever she wants... with impunity!","Watch yourself, Herr Junge! A lady of my standing can indulge in whatever she wants... with impunity!",NEEDS_TRANSLATION,,,
rozh_hospodsky_mame_tady__rKWk,1,45,german,aber; soll's,0.500,0.500,"Well, I do not know… Ah, Aber was soll's!","!P Well, I do not know… Ah, Aber was soll's!",NEEDS_TRANSLATION,,,
o_zi_kupec_tro_wenn_sie_e_56nS,1,45,german,wenn; brauchst,0.667,0.667,"Wenn du was brauchst, the goods I have here will have to do you.","!P Wenn Sie etwas brauchen, the goods I have here will have to do.",NEEDS_TRANSLATION,,,
eldr_puskar_el_mame_zakaz_V6Pk,1,45,german,verdammte; scheisse,0.133,0.133,"We’ve got a contract from the town, loads of work. The furnaces are running full tilt, verdammte Scheiße. We don’t even get to breathe.","We’ve got a contract from the town, loads of work. The furnaces are running full tilt, scheisse Werk. We don’t even get to breathe.",NEEDS_TRANSLATION,,,
fors_majitel_s_ale_ale_ta_97E6,1,45,german,meine; brüder,0.182,0.182,"You're all long dead anyway, meine Brüder. You just don't know it yet!","!P You're all long dead in any case, meine Brüder. You just don't know it yet!",NEEDS_TRANSLATION,,,
hosp_hospodska_bite_sejn_qGxi,1,44,,bite; schein,1.000,1.000,!P Bite schein!,Bite schon!,NEEDS_TRANSLATION,,,
hosp_hospodska_zaj_gezunt_alNl,1,44,,zei; gezunt,1.000,1.000,!P Zei gezunt!,Zaj gezunt!,NEEDS_TRANSLATION,,,
rozl_rozloucen_dza_devleha_iQW2,1,44,,djan; devleha,1.000,1.000,!T Djan Devleha!,!P Džan Devleha!,NEEDS_TRANSLATION,,,
pozd_sousedsky_the_tuke_O4UC,1,44,,mishtes; som,1.000,1.000,!T Ta mishtes som.,!P U mištes som.,NEEDS_TRANSLATION,,,
s_ru_ruthard_via_argentum_Hqjf,1,44,,via; argentum,1.000,1.000,"""Via argentum.""","!P ""Via argentum.""",NEEDS_TRANSLATION,,,
hosp_hospodska__bite_sejn_F7mu,1,44,,bite; sheyn,1.000,1.000,... Bite sheyn.,!P... Bite shein.,NEEDS_TRANSLATION,,,
nepr_soldier_n_aaah_du_sc_Pz3M,1,44,,aaah; arschloch,1.000,1.000,"Aaah, du Arschloch!","!P Aaah, du Schlampe!",NEEDS_TRANSLATION,,,
nepr_soldier_n_aaah_du_un_3g0W,1,44,,aaah; ungeheuer,1.000,1.000,"Aaah, du Ungeheuer!","!P Aaah, du Ungeheuer!",NEEDS_TRANSLATION,,,
npc__kuman_cri_eh_no_nic_6dVD,1,44,,aagh; hagyjuk,1.000,1.000,Aagh hagyjuk.,Oh well.,NEEDS_TRANSLATION,,,
dost_soldier_d_aah_was_zum_6Wrh,1,44,,aah; zum,1.000,1.000,Aah … Was zum …,!P Aah… Was zum…,NEEDS_TRANSLATION,,,
chat_posluchac_ale_copak__qYN8,1,44,german,aber; hat,0.500,0.500,"Aber hat, something not to his liking?","!P Aber was, something not to his liking?",NEEDS_TRANSLATION,,,
henr_menhart_z_ale_erste__owv8,1,44,german,aber; zuerst,0.500,0.500,Aber zuerst we have to leave the town.,!P Aber erste we have to leave the town.,NEEDS_TRANSLATION,,,
opon_oponent_s_achtung_er_Jmhg,1,44,,achtung; schiesst,1.000,1.000,Achtung! Er schießt!,!P Achtung! Er schiesst!,NEEDS_TRANSLATION,,,
bohu_bohuta_ad_omnia_para_qZg6,1,44,,omnia; paratus,1.000,1.000,Ad omnia paratus!,!P Ad omnia paratus!,NEEDS_TRANSLATION,,,
npc__npc_bylo__ah_nein_du_lqKg,1,44,,nein; schwein,1.000,1.000,"Ah nein, du Schwein!","!P Ah nein, du schwein!",NEEDS_TRANSLATION,,,
zaka_zakaznik__eh_das_ist_FsEp,1,44,,endlich; ruhe,1.000,1.000,"Ah, endlich Ruhe.","Eh gut, das ist ruhig.",NEEDS_TRANSLATION,,,
npc__npc_vzdav_kaslu_na_t_Hc8b,1,44,german,ein; arschloch,0.667,0.667,"Ah, forget it… So ein Arschloch.",Sod that… Arschloch!,NEEDS_TRANSLATION,,,
nepr_soldier_p_ah_verdamm_Sr1O,1,44,,verdammter; hund,1.000,1.000,"Ah, verdammter Hund!","!P Ah, verdammter Hund!",NEEDS_TRANSLATION,,,
rozh_majitel_s_ah_rekli_t_EY0p,1,44,german,ist; interessant,0.667,0.667,Aha. Es ist interessant.,!P Aha. Es ist interessant…,NEEDS_TRANSLATION,,,
o_zi_mistr_fab_nastve_moh_VRPR,1,44,german,mein; lebenswerk,0.333,0.333,"Angry? It could have been mein Lebenswerk, my life's work!","!P Angry? It could have been mein Lebenswerk, my life's work!",NEEDS_TRANSLATION,,,
lore_event_tab_jak_je_cte_zddX,1,44,german,mein; fraynd,0.667,0.667,"As you wish, mein Fraynd.","As you wish, mayn Fraynd.",NEEDS_TRANSLATION,,,
kova_kovar_sam_au_du_heis_CbtF,1,44,,verdammtes; scheissteil,1.000,1.000,"Au, verdammtes Scheißteil!","!P Au, du heisse Schlampe!",NEEDS_TRANSLATION,,,
npc__npc_je_sv_hej_nedele_nnfe,1,44,,ker; bordelyis,1.000,1.000,"Ay, ma ker bordelyis!","!T Ay, ma ker bordelyis!",NEEDS_TRANSLATION,,,
rozl_rozloucen_but_bacht__DQ5p,1,44,,bakht; more,1.000,1.000,"Bakht, more!","!T Bakht, more!",NEEDS_TRANSLATION,,,
npc__kuman_cri_kurva_4OCv,1,44,,bassza; meg,1.000,1.000,Bassza meg!,Fuck!,NEEDS_TRANSLATION,,,
npc__kuman_cri_kurva_co_QAaf,1,44,,bassza; meg,1.000,1.000,"Bassza meg, mi az?","Fuck, what?",NEEDS_TRANSLATION,,,
npc__kuman_cri_to_si_dela_r4PD,1,44,,baszakodsz; velem,1.000,1.000,Baszakodsz velem?!,Are you having a laugh or what?,NEEDS_TRANSLATION,,,
npc__npc_reagu_kurva_slys_VH8X,1,44,,bazmeg; hallotad,1.000,1.000,Bazmeg. Te is hallotad?,Fuck! Did you hear that too?,NEEDS_TRANSLATION,,,
vypr_vyprosten_ben_zojne_fS1C,1,44,,ben; zoyne,1.000,1.000,Ben zoyne!,!P Ben zoyne!,NEEDS_TRANSLATION,,,
free_svedek_re_sich_beruh_XVYk,1,44,,beruhige; dich,1.000,1.000,Beruhige dich!,!P Sich beruhigen!,NEEDS_TRANSLATION,,,
hosp_hospodsky_bite_sejn_h8BS,1,44,,bite; scheyn,1.000,1.000,Bite scheyn!,Bite schon!,NEEDS_TRANSLATION,,,
gree_obchodnik_bite_sejn_OSKI,1,44,,bite; sheyn,1.000,1.000,Bite sheyn…?,Bite shein…?,NEEDS_TRANSLATION,,,
hosp_hospodska_bitte_schon_R0ox,1,44,,bitte; schön,1.000,1.000,Bitte schön.,!P Bitte schön.,NEEDS_TRANSLATION,,,
gree_obchodnik_bite_mein__l4pA,1,44,,bitte; mayn,1.000,1.000,"Bitte, mayn her?","Bite, mein Herr?",NEEDS_TRANSLATION,,,
gree_obchodnik_bitte_was__fiQx,1,44,,bitte; brauchst,1.000,1.000,Bitte? Was brauchst du?,Bitte? Was du brauchst?,NEEDS_TRANSLATION,,,
npc__npc_je_sv_bavi_te_tu_bjRL,1,44,,bordelyis; keres,1.000,1.000,"Bordelyis keres, ha?","!T Bordelyis keres, ha?",NEEDS_TRANSLATION,,,
kost_kostky_pa_borur_fraj_i8Xu,1,44,,borur; fraynd,1.000,1.000,"Borur, fraynd...","Borur, Frajnd...",NEEDS_TRANSLATION,,,
pokr_treninkov_braver_jun_5a0p,1,44,,braver; junge,1.000,1.000,Braver Junge!,!P Braver Junge!,NEEDS_TRANSLATION,,,
endi_rozloucen_but_bacht__ZtBR,1,44,,bacht; sastyipen,1.000,1.000,"But bacht, the sastyipen!","!TBut bakht, sastyipen!",NEEDS_TRANSLATION,,,
rozl_rozloucen_but_bacht__VU2G,1,44,,bakht; chaye,1.000,1.000,"But bakht, chaye!","!P But bacht, čhaj!",NEEDS_TRANSLATION,,,
o_zi_prokop_el_ale_holt_n_tCVs,1,44,german,mein; vater,0.167,0.167,"But it's a new era. Mein Vater cast bells for angelic choirs, and I cast guns for hellish blasts.","!P Well, it's a new era. Mein Vater cast bells for angelic choirs and I cast rifles for devilish shots.",NEEDS_TRANSLATION,,,
assa_npc_vidi__doprdele_PGTM,1,44,,chas; kar,1.000,1.000,Chas kar!,!T Chas kar!,NEEDS_TRANSLATION,,,
bohu_bohuta_npc_christe_e_qEHN,1,44,,christe; eleison,1.000,1.000,"Christe, eleison,","!P Christe, eleison,",NEEDS_TRANSLATION,,,
s_fr_hejtman_f_jestli_chc_2rbT,1,44,german,wenn; möchtest,0.500,0.500,"Come back tomorrow, wenn du möchtest.","!P Wenn Sie mochten, come again tomorrow.",NEEDS_TRANSLATION,,,
assa_pratelske_prestan_s__oFp7,1,44,,man; smirom,1.000,1.000,De man smirom!,!T De man smirom!,NEEDS_TRANSLATION,,,
npc__npc_vidi__dej_to_pry_fzIy,1,44,,oda; het,1.000,1.000,De oda het!,!T De oda het!,NEEDS_TRANSLATION,,,
npc__npc_vidi__schovej_tu_I4Ze,1,44,,oda; het,1.000,1.000,De oda het.,!T De oda het.,NEEDS_TRANSLATION,,,
npc__npc_vidi__hej_zvedej_PXM9,1,44,,dikh; opre,1.000,1.000,Dikh! Opre!,!T Shun! Opre!,NEEDS_TRANSLATION,,,
lore_event_tab_potrebujes_CfUz,1,44,german,mein; fraynd,0.400,0.400,"Do you need help, are you in difficulties, mein Fraynd?","Do you need help, are you in difficulties, mayn Fraynd?",NEEDS_TRANSLATION,,,
poda_soldier_z_du_beendest_Pk31,1,44,,bist; ende,1.000,1.000,Du bist am Ende!,!P Du beendest!,NEEDS_TRANSLATION,,,
neko_soldier_z_du_bist_fe_7CwS,1,44,,bist; dran,1.000,1.000,Du bist dran!,!P Du bist fertig!,NEEDS_TRANSLATION,,,
meni_soldier_s_du_bist_tot_ysZc,1,44,,bist; tot,1.000,1.000,Du bist tot!,!P Du bist tot!,NEEDS_TRANSLATION,,,
opon_oponent_s_du_feiges__7W7V,1,44,,feiges; schwein,1.000,1.000,Du feiges Schwein!,!P Du feiges Schwein!,NEEDS_TRANSLATION,,,
npc__npc_bylo__verdammt_d_4ACx,1,44,,verdammter; dreckskerl,1.000,1.000,Du verdammter Dreckskerl!,"!P Verdammt, du Schlampe!",NEEDS_TRANSLATION,,,
poda_soldier_z_du_verdamm_yLO1,1,44,,verdammter; mistkerl,1.000,1.000,Du verdammter Mistkerl!,!P Du verdammter Mistkerl!,NEEDS_TRANSLATION,,,
npc__npc_vidi__du_wirst_s_lWkJ,1,44,,wirst; sterben,1.000,1.000,Du wirst sterben!,!P Du wirst sterben!,NEEDS_TRANSLATION,,,
npc__npc_utika_eh_mindzano_tHZI,1,44,,andre; mindž,1.000,1.000,"Eh, andre mindž!","!T Eh, mindjano!",NEEDS_TRANSLATION,,,
zaka_zakaznik__eh_bitte_s_DrAk,1,44,,bite; sheyn,1.000,1.000,"Eh, bite sheyn...","Eh, Bitte schon...",NEEDS_TRANSLATION,,,
priv_obchodnic_eh_borech__NnVA,1,44,,epes; chamr,1.000,1.000,"Eh, epes ... chamr.","Eh, epes... chamr.",NEEDS_TRANSLATION,,,
priv_obchodnik_eh_borech__MPbu,1,44,,epes; khamer,1.000,1.000,"Eh, epes...  khamer.","Eh, epes... chamr.",NEEDS_TRANSLATION,,,
zavo_zavodnik__eh_tu_mela_gzgc,1,44,,melalyi; mindj,1.000,1.000,"Eh, tu melalyi mindj.","!T Eh, tu melalyi mindj.",NEEDS_TRANSLATION,,,
samo_samomluva_uf_borech__IFem,1,44,,vos; makhst,1.000,1.000,"Eh, vos makhst du?","!P Eh, Vos machst du?",NEEDS_TRANSLATION,,,
zaca_zacatek_s_tak_do_str_Oh3F,1,44,,garde; freund,1.000,1.000,"En garde, Freund!","!P En garde, Freund!",NEEDS_TRANSLATION,,,
o_zi_rychtar_h_a_ne_propa_iO3x,1,44,german,würde; nicht,0.333,0.333,Er würde nicht be hanged like a common thief.,Und nicht lose his head like a common thief.,NEEDS_TRANSLATION,,,
bohu_bohuta_ha_eventus_do_L8r9,1,44,,eventus; docebit,1.000,1.000,Eventus docebit!,!P Eventus docebit!,NEEDS_TRANSLATION,,,
bohu_bohuta_ha_exemplum_d_UVXy,1,44,,exemplum; docet,1.000,1.000,Exemplum docet!,!P Exemplum docet!,NEEDS_TRANSLATION,,,
npc__npc_vidi__hej_zvedej_BAYF,1,44,,ushtyi; opre,1.000,1.000,Ey! Ushtyi opre!,!T Ey! Ushtyi opre!,NEEDS_TRANSLATION,,,
npc__kuman_cri_co_to_kurv_gL5l,1,44,,meg; faszom,1.000,1.000,Ez meg mi a faszom?,What the fuck is that?,NEEDS_TRANSLATION,,,
nekd_soldier_b_feige_schw_fySm,1,44,,feige; schweine,1.000,1.000,Feige Schweine!,!P Feige Schweine!,NEEDS_TRANSLATION,,,
ph_l_legatuv_m_figlio_di__GYqx,1,44,,figlio; puttana,1.000,1.000,Figlio di puttana!,!P Figlio di puttana!,NEEDS_TRANSLATION,,,
npc__npc_reagu_to_je_divn_Nobl,1,44,,furcsa; nem,1.000,1.000,"Furcsa, nem?","That's odd, isn't it?",NEEDS_TRANSLATION,,,
horn_pozdrav_h_gluckauf_0Aup,1,44,,glück; auf,1.000,1.000,Glück auf!,!P Glückauf!,NEEDS_TRANSLATION,,,
bark_soldier_n_gottes_wil_vJL5,1,44,,gottes; wille,1.000,1.000,Gottes Wille!,!P Gottes Wille!,NEEDS_TRANSLATION,,,
kate_hejtman_f_vsechna_ce_hYTW,1,44,german,gut; gemacht,0.200,0.200,"Gut gemacht! You have my admiration, you really are good with a sword. I hope my idiots learnt a thing or two from you.","Gut gemacht! You have my admiration, you really are good with a sword. I hope my idiots learnt a thing or two from you…",NEEDS_TRANSLATION,,,
s_he_hejtman_s_chlapce_an_tl5a,1,44,german,gut; gemacht,0.333,0.333,Gut gemacht! You have no idea how happy you just made me.,!P Gut gemacht! You have no idea how happy you just made me.,NEEDS_TRANSLATION,,,
vyst_vozy_a_ka_gut_was_so_gsuw,1,44,,gut; soll's,1.000,1.000,"Gut, was soll’s …","!P Gut, was soll's...",NEEDS_TRANSLATION,,,
gree_pozdrav_z_gutn_avent_843q,1,44,,gutn; abent,1.000,1.000,Gutn abent!,Gutn avent!,NEEDS_TRANSLATION,,,
kuma_npc_hlasi_jdeme_na_n_Ftny,1,44,,gyerünk; kapjátok,1.000,1.000,Gyerünk! Kapjátok el!,Come on! Let's get him!,NEEDS_TRANSLATION,,,
kuma_npc_hlasi_delej_poda_6ddm,1,44,,gyerünk; győzzük,1.000,1.000,"Gyerünk, győzzük le!",Come on! Let's take him out!,NEEDS_TRANSLATION,,,
bohu_bohuta_ha_in_medias__F4In,1,44,,mediās; rēs,1.000,1.000,Ha! In mediās rēs!,!P Ha! In mediās rēs!,NEEDS_TRANSLATION,,,
spol_soldier_v_ha_guter_s_X0Jf,1,44,,guter; schlag,1.000,1.000,"Ha, guter Schlag!","!P Ha, guter Schlag!",NEEDS_TRANSLATION,,,
spol_soldier_k_ha_sehr_gut_WhWG,1,44,,sehr; gut,1.000,1.000,"Ha, sehr gut!","!P Ha, sehr Gut!",NEEDS_TRANSLATION,,,
nekd_soldier_b_ha_lass_di_gpvj,1,44,,zeig; draufhast,1.000,1.000,"Ha, zeig, was du draufhast!","!P Ha, lass dich sehen!",NEEDS_TRANSLATION,,,
npc__kuman_cri_eh_a_kurva_CFcL,1,44,,hah; picsába,1.000,1.000,Hah? A picsába.,"Huh? Oh, fuck…",NEEDS_TRANSLATION,,,
npc__npc_ztrat_halt_die_s_zxTe,1,44,,halt; drecksau,1.000,1.000,"Halt, du Drecksau!","!P Halt, die Schlampe!",NEEDS_TRANSLATION,,,
priv_obchodnik_geh_weg_du_eyfE,1,44,,hau; bettler,1.000,1.000,"Hau ab, du Bettler!","Fort, du Bettler!",NEEDS_TRANSLATION,,,
band_bandita_v_hey_alle_h_XhNt,1,44,,alle; hierher,1.000,1.000,He! Alle hierher!,!P Hey! Alle hierher!,NEEDS_TRANSLATION,,,
poda_soldier_z_heh_scheis_2VcP,1,44,,heh; scheisser,1.000,1.000,"Heh, Scheißer …","!P Heh, scheisser...",NEEDS_TRANSLATION,,,
samo_samomluva_hm_nochmal_OENw,1,44,,noch; mal,1.000,1.000,Hm ... noch mal.,!P Hm... nochmal.,NEEDS_TRANSLATION,,,
zada_hospodsky_hmm_ty_vyp_jjJY,1,44,german,ein; haudegen,0.286,0.286,Hmm... You look like ein Haudegen. Tough man!,Hmm... You look like der schläger. Tough man!,NEEDS_TRANSLATION,,,
npc__npc_reinf_hmm_zase_B4pO,1,44,,hmmm; megint,1.000,1.000,"Hmmm, megint…","Hmm, again…",NEEDS_TRANSLATION,,,
npc__kuman_cri_koukej_zmi_w1Rw,1,44,,hordd; magad,1.000,1.000,Hordd el magad!,Fuck off!,NEEDS_TRANSLATION,,,
bohu_bohuta_npc_hosanna_i_aiKD,1,44,,hosanna; excelsis,1.000,1.000,Hosanna in excelsis.,!P Hosanna in excelsis.,NEEDS_TRANSLATION,,,
npc__kuman_cri_tam_zmizel_bHcc,1,44,,hová; ment,1.000,1.000,Hová ment?!,Where'd he go?,NEEDS_TRANSLATION,,,
npc__kuman_cri_he_co_to_k_tb4J,1,44,,huh; fasz,1.000,1.000,Huh? Mi a fasz?!,Huh? What the fuck?,NEEDS_TRANSLATION,,,
npc__npc_patra_hej_jses_t_UrNG,1,44,,itt; vagy,1.000,1.000,Hé? Itt vagy?,Hey? Are you here?,NEEDS_TRANSLATION,,,
npc__npc_vidi__hort_auf_brmz,1,44,,hört; auf,1.000,1.000,Hört auf!,!P Hört auf!,NEEDS_TRANSLATION,,,
stal_stalker_jdi_do_prdele_G5jb,1,44,,húzz; picsába,1.000,1.000,Húzz a picsába!,Húzz a picsába...,NEEDS_TRANSLATION,,,
s_fr_hejtman_f_vzdavam_se_7seu,1,44,german,ich; kapituliere,0.667,0.667,Ich kapituliere! You win.,!P Ich kapituliere! You won.,NEEDS_TRANSLATION,,,
o_zi_prokop_el_ich_verste_UEmY,1,44,german,ich; verstehe,0.167,0.167,"Ich verstehe, there is a lot of talk about hot pieces right now, eh? But I have to warn you, they do not exactly come cheap.","!P Ich verstehe, there's a lot of talk about hot pieces right now, isn't there? But I have to warn you, their price isn't exactly low.",NEEDS_TRANSLATION,,,
zavi_zavis_z_g_idz_do_dia_mi5T,1,44,,idź; diabła,1.000,1.000,Idź do diabła…!,Idź do diabła...,NEEDS_TRANSLATION,,,
s_he_hejtman_s_kez_by_to__3K5x,1,44,german,junger; mann,0.200,0.200,"If only it were that easy, but thank you, junger Mann. Surely we will all sleep better now.","!P If it were only that easy, but thank you, junger Mann. Surely we will all sleep better now.",NEEDS_TRANSLATION,,,
lore_event_tab_kurva_hej__FA8G,1,44,hungarian,igen; francba,0.182,0.182,"Igen a francba!! They ambushed and wounded both my brothers, so I alone must go to King Zsigmond now.","Igen francba! They ambushed and wounded both my brothers, so I alone must go to King Zsigmond now.",NEEDS_TRANSLATION,,,
assa_npc_vidi__tak_uz_dost_5jHj,1,44,,imar; dosta,1.000,1.000,Imar dosta!,!T Imar dosta!,NEEDS_TRANSLATION,,,
neme_udo_aus_t_jiste_vybo_wIIZ,1,44,,sehr; gut,1.000,1.000,Ja! Sehr gut!,Ja! Excellent!,NEEDS_TRANSLATION,,,
zada_nikdo_nec_jo_jde_to__TC3o,1,44,german,das; stimmt,0.182,0.182,"Ja, das stimmt! He’s going to the dogs now, and he’s a good honest fellow. He built up everything he had from nothing.","Ja, das stimmt! He’s going to the dogs now, and he’s a good honest fellow. Built up everything he had from nothing.",NEEDS_TRANSLATION,,,
rozh_hospodsky_to_mas_jed_ia0q,1,44,german,das; stimmt,0.667,0.667,"Ja, das stimmt, a woman!","!P Ja, das stimmt, a woman!",NEEDS_TRANSLATION,,,
ques_quest_tip_slysel_jse_nSca,1,44,german,ich; wüsste,0.286,0.286,"Ja, ich wüsste da was. I happen to be looking for somebody for a special job.","Ja, Ich wüsste etwas, I happen to be looking for somebody for a special job.",NEEDS_TRANSLATION,,,
opon_soldier_k_ja_sehr_gut_L7hb,1,44,,sehr; gut,1.000,1.000,"Ja, sehr gut.","!P Ja, sehr gut.",NEEDS_TRANSLATION,,,
prat_pratelsky_jetzt_reic_L3SS,1,44,,jetzt; reicht,1.000,1.000,Jetzt reicht es ...,!P Jetzt reicht es...,NEEDS_TRANSLATION,,,
npc__npc_je_v__jetzt_reic_bji9,1,44,,jetzt; reicht,1.000,1.000,Jetzt reicht es!,!P Jetzt reicht es!,NEEDS_TRANSLATION,,,
idle_soldier_m_jetzt_stir_VpfF,1,44,,jetzt; stirbst,1.000,1.000,Jetzt stirbst du...,!P Jetzt stirbst du...,NEEDS_TRANSLATION,,,
npc__npc_reagu_jen_at_tah_NNia,1,44,,jobb; elmegy,1.000,1.000,"Jobb, ha elmegy.",It had better sod off.,NEEDS_TRANSLATION,,,
spol_soldier_k_keine_gnade_NRUX,1,44,,keine; gnade,1.000,1.000,Keine Gnade!,!P Keine Gnade!,NEEDS_TRANSLATION,,,
hosp_hospodyne_komm_her_k_EnKh,1,44,,komm; los,1.000,1.000,Komm her! Na los!,!P Komm her! Komm!,NEEDS_TRANSLATION,,,
neme_udo_aus_t_die_kruge__vAIx,1,44,,krüge; hoch,1.000,1.000,Krüge hoch!,Die Kruge hoooooooooch!,NEEDS_TRANSLATION,,,
bohu_bohuta_npc_kyrie_ele_EyWq,1,44,,kyrie; eleison,1.000,1.000,"Kyrie, eleison,","!P Kyrie, eleison,",NEEDS_TRANSLATION,,,
bohu_bohuta_npc_kyrie_ele_1VSw,1,44,,kyrie; eleison,1.000,1.000,"Kyrie, eleison.","!P Kyrie, eleison.",NEEDS_TRANSLATION,,,
bark_soldier_n_kampfen_wir_6YMH,1,44,,kämpfen; wir,1.000,1.000,Kämpfen wir!,!P Kämpfen wir!,NEEDS_TRANSLATION,,,
kuma_npc_hlasi_za_mnou_js_WZXi,1,44,,kövessetek; baszhatjuk,1.000,1.000,Kövessetek! Baszhatjuk!,With me! We're fucked!,NEEDS_TRANSLATION,,,
miko_handlir_m_volovi_jho_N8T8,1,44,,guruveske; shelo,1.000,1.000,Le guruveske shelo!,A yoke for the ox!,NEEDS_TRANSLATION,,,
rozl_rozloucen_gut_du_kan_VsVZ,1,44,,leb; wohl,1.000,1.000,Leb wohl!,!P Lieb gut!,NEEDS_TRANSLATION,,,
bibr_kuman_bib_at_se_tent_gHdq,1,44,,legyen; páratlan,1.000,1.000,Legyen ez a ló páratlan!,Let this horse become an ambler!,NEEDS_TRANSLATION,,,
npc__kuman_cri_pochciju_t_SmRD,1,44,,lehugyozom; holttestedet,1.000,1.000,Lehugyozom a holttestedet!,I'll piss on your corpse!,NEEDS_TRANSLATION,,,
npc__kuman_cri_ufiknu_ti__i2Xz,1,44,,levágom; golyóidat,1.000,1.000,Levágom a golyóidat!,I'll cut your balls off!,NEEDS_TRANSLATION,,,
zaca_zacatek_s_zaciname_gavv,1,44,,los; geht's,1.000,1.000,Los geht’s!,!P Los geht's!,NEEDS_TRANSLATION,,,
bark_treninkov_los_greift_9t7j,1,44,,los; greif,1.000,1.000,"Los, greif an!","!P Los, greift an!",NEEDS_TRANSLATION,,,
prat_pratelsky_los_komm_FU6V,1,44,,los; komm,1.000,1.000,"Los, komm?","!P Los, komm?",NEEDS_TRANSLATION,,,
idle_soldier_m_los_tanzt_VF2v,1,44,,los; tanz,1.000,1.000,"Los, tanz!","!P Los, tanzt!",NEEDS_TRANSLATION,,,
star_vozka_voz_los_vorwar_MdKF,1,44,,los; vorwärts,1.000,1.000,"Los, vorwärts!","!P Los, vorwärts!",NEEDS_TRANSLATION,,,
eich_cechmistr_mach_es_ei_IOgZ,1,44,,mach; einfach,1.000,1.000,Mach es einfach!,!P Mach es einfach!,NEEDS_TRANSLATION,,,
odme_rychtar_p_hlavne_dik_MRQW,1,44,german,mein; freund,0.182,0.182,"Mainly thanks to you, mein Freund! You stood on the right side and helped us keep order in the city!","Mainly thanks to you, mein Freund! You stood on the side of right and helped us keep order in out city!",NEEDS_TRANSLATION,,,
assa_npc_vidi__stacilo_ne_4JdC,1,44,,maker; imar,1.000,1.000,Maker imar.,"!T Imar dosta, na?",NEEDS_TRANSLATION,,,
bff__brabant_z_anglicani__fWmW,1,44,,maudits; anglais,1.000,1.000,Maudits Anglais!,Maudits Anglais !,NEEDS_TRANSLATION,,,
npc__npc_reinf_zase_to_sl_u8mW,1,44,,megint; hallom,1.000,1.000,Megint hallom.,I hear it again...,NEEDS_TRANSLATION,,,
npc__npc_reagu_jdu_se_tam_ucME,1,44,,megyek; megnézem,1.000,1.000,Megyek és megnézem.,I'll go and have a look.,NEEDS_TRANSLATION,,,
vask_vasko_misto_palcatu__vW5n,1,44,german,mein; freund,0.333,0.333,"Mein Freund, I will give you a cudgel instead of a mace.","!P Mein Freund, I'll give you a cudgel instead of a mace.",NEEDS_TRANSLATION,,,
zasa_svedek_re_mein_gott__RYpL,1,44,german,mein; gott,0.667,0.667,Mein Gott! A shooter!,!P Mein Gott! A shooter!,NEEDS_TRANSLATION,,,
npc__npc_rozpo_ze_te_to_b_Um20,1,44,german,mein; gott,0.500,0.500,Mein Gott! Is this your idea of fun?!,Is this your idea of fun? Mein Gott!,NEEDS_TRANSLATION,,,
spol_utok_na_m_mein_gott__H7X0,1,44,german,mein; gott,0.667,0.667,"Mein Gott, Heinrich… What are you doing?","!P Mein Gott, Heinrich… What are you doing?",NEEDS_TRANSLATION,,,
npc__npc_je_sv_mein_gott__tYQl,1,44,german,mein; gott,0.400,0.400,"Mein Gott, what do you think you're doing?","Mein Gott, what d'you think you're doing?",NEEDS_TRANSLATION,,,
npc__kuman_cri_co_to_sakr_H3KQ,1,44,,faszom; volt,1.000,1.000,Mi a faszom volt ez?,What the hell was that?,NEEDS_TRANSLATION,,,
npc__kuman_cri_co_je_hafa_sKM9,1,44,,van; dög,1.000,1.000,Mi van te dög?,"What's your problem, mutt?",NEEDS_TRANSLATION,,,
npc__kuman_cri_jakej_zmrd_fEri,1,44,,miféle; faszszopó,1.000,1.000,Miféle faszszopó?,What son of a bitch...?,NEEDS_TRANSLATION,,,
npc__kuman_cri_ktera_svine_GB84,1,44,,miféle; szemétláda,1.000,1.000,Miféle szemétláda...?!,What wanker...?,NEEDS_TRANSLATION,,,
vask_hejtman_f_to_jsem_ra_pIi6,1,44,hungarian,mit; vergnugen,1.000,1.000,Mit Vergnugen!,!P Mit Vergnugen!,NEEDS_TRANSLATION,,,
brab_brabant_doprdele_nec_W4k2,1,44,french,mon; dieu,0.286,0.286,"Mon Dieu ! I do not want to die, and certainly not with empty hands!","Mon Dieu! I do not want to die, and certainly not with empty hands!",NEEDS_TRANSLATION,,,
npc__kuman_cri_ted_chcipn_10yD,1,44,,most; megdöglesz,1.000,1.000,Most megdöglesz!,Time to die!,NEEDS_TRANSLATION,,,
bibr_kuman_bib_prej_dosti_ixCV,1,44,,méghogy; lóverseny,1.000,1.000,Méghogy lóverseny…,So-called racing...,NEEDS_TRANSLATION,,,
prat_pratelsky_na_gut_was_xS3B,1,44,,gut; soll's,1.000,1.000,"Na gut, was soll’s …","!P Na gut, was soll's...",NEEDS_TRANSLATION,,,
npc__npc_vrati_tak_jsme_z_CZv8,1,44,,itthon; vagyunk,1.000,1.000,Na itthon vagyunk.,We're back.,NEEDS_TRANSLATION,,,
idle_soldier_m_na_los_was_cyxN,1,44,,los; gibt's,1.000,1.000,Na los! Was gibt’s?,!P Na los! Was gibt's?,NEEDS_TRANSLATION,,,
npc__npc_neroz_neni_to_vt_knke,1,44,,nane; p-heras,1.000,1.000,Nane p-heras!,!T Nane p-heras!,NEEDS_TRANSLATION,,,
samo_samomluva_nein_verda_3vuR,1,44,,nein; verdammt,1.000,1.000,Nein ... Verdammt!,!P Nein... Verdammt!,NEEDS_TRANSLATION,,,
eich_cechmistr_svet_se_me_qmu4,1,44,german,junger; mann,0.143,0.143,"Nevertheless, while the world may change, problems stay the same… And you are the one I chose to help me deal with them, junger Mann.","Nevertheless, while the world may change, problems stay the same… And you are the one I chose to help me deal with them, junge Mann.",NEEDS_TRANSLATION,,,
s_el_puskar_el_pak_je_mi__laQ9,1,44,german,nicht; das,0.200,0.200,"Nicht das, no! I... I would be happy to oblige the king if I could. But even my supply is not infinite.","!P Nicht das, no! I... I'd be happy to oblige the king if I could. But even my supply is not infinite.",NEEDS_TRANSLATION,,,
o_zi_kupec_tro_aber_nicht_eNzA,1,44,german,nichts; weiter,0.286,0.286,"Nichts weiter, just that they play at being educated men.","!P Aber nicht viel, just that they play at being men of letters.",NEEDS_TRANSLATION,,,
assa_npc_vidi__to_te_prid_tZcr,1,44,,may; dikeha,1.000,1.000,No may dikeha!,!T No may dikeha!,NEEDS_TRANSLATION,,,
kost_kostky_he_oda_sa_jekh_MqmS,1,44,,oda; yek,1.000,1.000,Oda sa yek...,!T Oda sa yek...,NEEDS_TRANSLATION,,,
nepr_soldier_n_oh_stirb_h_TOJ2,1,44,,kratz; köter,1.000,1.000,"Oh ... kratz ab, Köter!","!P Oh... stirb, Hund!",NEEDS_TRANSLATION,,,
utrz_soldier_d_oh_nein_ve_wSag,1,44,,nein; verdammt,1.000,1.000,Oh nein … verdammt.,!P Oh nein... Verdammte.,NEEDS_TRANSLATION,,,
goss_gossip_sp_doplnit_ne_LVvO,1,44,german,mein; gott,0.500,0.500,"Oh, mein Gott! I am awfully hungry.","!P Oh, mein Gott... I am awfully hungry.",NEEDS_TRANSLATION,,,
npc__npc_si_st_uuuh_moje__LlYX,1,44,,ooo; gyomrom,1.000,1.000,Ooo... A gyomrom…,Oooh... My belly...,NEEDS_TRANSLATION,,,
zaka_zakaznik__oy_vey_pej_74K0,1,44,yiddish_hebrew,vey; peyresh,1.000,1.000,"Oy vey, peyresh!","Oy vey, pejresh!",NEEDS_TRANSLATION,,,
npc__npc_ztrat_oy_chomec__Zo91,1,44,,andre; bul,1.000,1.000,"Oy, andre bul.","!P Oy, chomec ben-jajen...",NEEDS_TRANSLATION,,,
komp_jizdni_lu_he_pijes_m_DjVv,1,44,,piyes; man,1.000,1.000,"Oy, piyes man!","!T Oy, piyes man!",NEEDS_TRANSLATION,,,
zavo_zavodnik__ou_ker_c5ey,1,44,,pro; kar,1.000,1.000,"Oy, pro kar!","!T Oy, pro kar!",NEEDS_TRANSLATION,,,
idle_soldier_m_puh_blut_ja_Cui5,1,44,,pah; blut,1.000,1.000,"Pah, Blut ..","!P Pah, Blut ja...",NEEDS_TRANSLATION,,,
kost_kostky_vy_palikerav__wlNU,1,44,,palikerav; devleske,1.000,1.000,Palikerav le Devleske!,!T Palikerav le Devleske!,NEEDS_TRANSLATION,,,
opon_soldier_o_pech_gehabt_Uu9p,1,44,,pech; gehabt,1.000,1.000,Pech gehabt!,!P Pech gehabt!,NEEDS_TRANSLATION,,,
npc__npc_rozpo_neser_se_d_uJE2,1,44,,piyes; man,1.000,1.000,Piyes man!,!T Piyes man!,NEEDS_TRANSLATION,,,
ph_l_legatuv_m_piu_veloce_Sger,1,44,,piú; veloce,1.000,1.000,Piú veloce!,!P Piú veloce!,NEEDS_TRANSLATION,,,
prat_pratelsky_raus_hier_9fmg,1,44,,raus; hier,1.000,1.000,Raus hier!,!P Raus hier!,NEEDS_TRANSLATION,,,
prat_pratelsky_raus_mann_90ea,1,44,,raus; mann,1.000,1.000,"Raus, Mann!","!P Raus, Mann!",NEEDS_TRANSLATION,,,
lore_event_tab_riziko_a_z_yMF3,1,44,german,mein; fraynd,0.500,0.500,"Risk and profit, mein Fraynd, risk and profit!","Risk and profit, mayn Fraynd, risk and profit!",NEEDS_TRANSLATION,,,
pozd_sousedsky_mi_del_o_d_yixi,1,44,,sar; djiven,1.000,1.000,Sar djiven?,!T Sar djiven?,NEEDS_TRANSLATION,,,
pozd_sousedsky_lacho_dives_itNa,1,44,,sar; sal,1.000,1.000,Sar sal?,!T Sar sal?,NEEDS_TRANSLATION,,,
prat_pratelsky_scheisse_e_LaqK,1,44,,scheisse; reicht,1.000,1.000,Scheiße! Es reicht!,!P Scheisse! Es reicht!,NEEDS_TRANSLATION,,,
spec_menhart_z_sehr_gerne_PXWT,1,44,,sehr; gerne,1.000,1.000,"Sehr gerne, Heinrich.","!P Sehr Gerne, Heinrich.",NEEDS_TRANSLATION,,,
pokr_treninkov_sehr_gut_P3c3,1,44,,sehr; gut,1.000,1.000,Sehr gut!,!P Sehr gut!,NEEDS_TRANSLATION,,,
zena_hospodska_zer_gut_qTvD,1,44,,sehr; gut,1.000,1.000,Sehr gut…,!P Sehr gut…,NEEDS_TRANSLATION,,,
gree_pozdrav_m_servus_was_JJIJ,1,44,,servus; möchtest,1.000,1.000,Servus! Was möchtest du?,Servus! Was soll es?,NEEDS_TRANSLATION,,,
pozd_sousedsky_dank_zX5H,1,44,,shalom; dank,1.000,1.000,Shalom! Dank.,Dank.,NEEDS_TRANSLATION,,,
pozd_sousedsky_sejnen_dank_MYKy,1,44,,sheinen; dank,1.000,1.000,Sheinen dank.,A sheynem dank.,NEEDS_TRANSLATION,,,
pozd_sousedsky_dank_ZLPo,1,44,,sholem; dank,1.000,1.000,Sholem... Dank.,Shalom… Dank.,NEEDS_TRANSLATION,,,
npc__npc_vidi__pal_soste__Bihd,1,44,,aday; keres,1.000,1.000,So aday keres?,!T So pes aday achel?,NEEDS_TRANSLATION,,,
npc__npc_vidi__kyho_slaka_DATe,1,44,,dik-hav; mulo,1.000,1.000,So dik-hav?! O mulo?,!T So dik-hav?! O mulo?,NEEDS_TRANSLATION,,,
goss_gossip_v__tak_jak_to_JuJp,1,44,german,mein; freund,0.667,0.667,"So how are things, mein Freund?","So how are things, meine freunde?",NEEDS_TRANSLATION,,,
lock_svedek_vi_co_tam_zko_2iZF,1,44,,keres; odoj,1.000,1.000,So keres odoj?,!T So keres odoj?,NEEDS_TRANSLATION,,,
npc__npc_vidi__jeste_neko_UkSI,1,44,,keres; gadjo,1.000,1.000,"So keres, gadjo?","!T So keres, gadjo?",NEEDS_TRANSLATION,,,
npc__npc_vidi__dej_to_dol_XsgB,1,44,,keres; goro,1.000,1.000,"So keres, goro?","!T So keres, goro?",NEEDS_TRANSLATION,,,
npc__npc_vidi__co_to_ma_z_dBJN,1,44,,oda; mulo,1.000,1.000,So oda…? O mulo!,!T So oda…? O mulo!,NEEDS_TRANSLATION,,,
npc__npc_vidi__pal_soste__3bp0,1,44,,pes; achilya,1.000,1.000,So pes achilya?,!T So pes achel?,NEEDS_TRANSLATION,,,
gree_pozdrav_m_so_rodes_m_pukX,1,44,,rodes; kareya,1.000,1.000,"So rodes, kareya?","!T So rodes, kareya?",NEEDS_TRANSLATION,,,
gree_pozdrav_z_so_rodes_m_P3Ze,1,44,,rodes; melalo,1.000,1.000,"So rodes, melalo?!","!T So rodes, melalo?!",NEEDS_TRANSLATION,,,
gree_pozdrav_z_so_rodes_m_M0Fl,1,44,,rodes; kar,1.000,1.000,"So rodes, tu kar?","So rodes, mindžapúr?",NEEDS_TRANSLATION,,,
zizk_hans_uher_xx_Brh6,1,44,,sopliak; krpatý,1.000,1.000,Sopliak krpatý!,Ugly freak!,NEEDS_TRANSLATION,,,
ph_l_legatuv_m_stai_atten_UcKE,1,44,,stai; attento,1.000,1.000,Stai attento!,!P Stai attento!,NEEDS_TRANSLATION,,,
prov_soldier_u_stirb_mann_h3mE,1,44,,stirb; mann,1.000,1.000,"Stirb, Mann!","!P Stirb, Mann!",NEEDS_TRANSLATION,,,
free_obet_reag_pannenkoma_FJoe,1,44,,sunto; maria,1.000,1.000,Sunto Maria!,!T Sunto Maria!,NEEDS_TRANSLATION,,,
npc__kuman_cri_rozdrtim_t_QJak,1,44,,szétverem; fejed,1.000,1.000,Szétverem a fejed!,I'll smash your head in!,NEEDS_TRANSLATION,,,
pozd_sousedsky_lacho_dives_VPga,1,44,,kay; djas,1.000,1.000,Ta kay djas?,!T Ta kay djas?,NEEDS_TRANSLATION,,,
pozd_sousedsky_the_tumenge_UN97,1,44,,mishtes; som,1.000,1.000,Ta mishtes som.,!T Ta mishtes som.,NEEDS_TRANSLATION,,,
npc__npc_vidi__dej_to_dol_ILx8,1,44,,hin; oda,1.000,1.000,Ta so hin oda?,!T Ta so hin oda?,NEEDS_TRANSLATION,,,
free_obet_reag_vo_co_se_s_GYzW,1,44,,keres; kareya,1.000,1.000,"Ta so keres, kareya!","!T Ta so keres, kareya!",NEEDS_TRANSLATION,,,
pozd_sousedsky_eh_the_tum_hME3,1,44,,aves; bachtali,1.000,1.000,Te aves bachtali!,!T Te aves bachtali!,NEEDS_TRANSLATION,,,
se_s_samuel_takovej_je_zi_5G8L,1,44,german,nicht; wahr,0.500,0.500,"That's life, nicht wahr?","!P That's life, nicht wahr?",NEEDS_TRANSLATION,,,
o_zi_mistr_fab_a_pritom_u_wwaz,1,44,german,mein; freund,0.200,0.200,"There'll be as much light inside as if you were standing under the open sky, mein Freund.","!P There'll be as much light inside as if you were standing under the open sky, mein Freund.",NEEDS_TRANSLATION,,,
endi_rozloucen_tschus_hey_ITA9,1,44,,tschüs; heyne,1.000,1.000,"Tschüs, Heyne!","!P Tschus, Heyne!",NEEDS_TRANSLATION,,,
odmi_npc_neakc_tu_khandun_DCUO,1,44,,k-handino; kar,1.000,1.000,Tu k-handino kar!,!T Tu k-handuno kar!,NEEDS_TRANSLATION,,,
vypr_vyprosten_tu_melali__wKub,1,44,,melalo; kar,1.000,1.000,Tu melalo kar!,!T Tu melali mindj!,NEEDS_TRANSLATION,,,
zavi_zavis_z_g_ty_pieprzo_HnWJ,1,44,,pieprzony; draniu,1.000,1.000,Ty pieprzony draniu!,Ty szujo jedna...,NEEDS_TRANSLATION,,,
samo_samomluva_uff_scheis_r0nW,1,44,,uff; scheisse,1.000,1.000,Uff ... Scheiße.,!P Uff... Scheisse.,NEEDS_TRANSLATION,,,
reme_remeslnik_eh_du_schl_bdEd,1,44,,uff; scheissteil,1.000,1.000,"Uff, du Scheißteil ...","!P Eh, Du Schlampe...",NEEDS_TRANSLATION,,,
obec_povzdech__uff_verdam_F34i,1,44,,uff; verdammt,1.000,1.000,Uff... Verdammt.,Oof... Verdammt.,NEEDS_TRANSLATION,,,
utrz_soldier_d_uf_so_nicht_blqj,1,44,,uff; nicht,1.000,1.000,Uff … so nicht!,!P Uf... so nicht!,NEEDS_TRANSLATION,,,
obec_povzdech__ugh_scheis_r4XH,1,44,,ugh; scheisse,1.000,1.000,"Ugh, Scheiße…","Ugh, Scheissse...",NEEDS_TRANSLATION,,,
spec_menhart_z_a_vcasnost_vZj6,1,44,german,und; jetzt,0.333,0.333,"Und jetzt, it is not the right moment. Come back later.","Und jetzt, it is not the right timing. Come back later.",NEEDS_TRANSLATION,,,
brab_brabant_z_va_chier_gZv6,1,44,,chier; bâtard,1.000,1.000,"Va chier, bâtard!","!P Va chier, bâtard!",NEEDS_TRANSLATION,,,
kuma_farkasova_valahol_ott_SF04,1,44,,valahol; ott,1.000,1.000,Valahol ott.,!P Valahol ott.,NEEDS_TRANSLATION,,,
utik_soldier_u_verdammt_l_JN8k,1,44,,verdammt; leute,1.000,1.000,"Verdammt, Leute …","!P Verdammt, Leute...",NEEDS_TRANSLATION,,,
kube_kubenka_z_verdammter_jQPM,1,44,,verdammter; bastard,1.000,1.000,Verdammter Bastard!,!P Verdammter Bastard!,NEEDS_TRANSLATION,,,
gree_pozdrav_n_verdammter_MFXz,1,44,,verdammter; mann,1.000,1.000,Verdammter Mann!,!P Verdammter Mann!,NEEDS_TRANSLATION,,,
opon_oponent_s_verdammter_jgOB,1,44,,verdammter; metzger,1.000,1.000,Verdammter Metzger!,!P Verdammter Metzger!,NEEDS_TRANSLATION,,,
spol_soldier_v_verdammter_fScS,1,44,,verdammter; schwertkämpfer,1.000,1.000,Verdammter Schwertkämpfer ...,!P Verdammter Schwertkämpfer...,NEEDS_TRANSLATION,,,
nepr_soldier_b_verfluchte_xW1c,1,44,,verfluchter; hund,1.000,1.000,Verfluchter Hund!,!P Verfluchter Hund!,NEEDS_TRANSLATION,,,
dost_soldier_d_verpiss_di_z7aL,1,44,,verpiss; dich,1.000,1.000,Verpiss dich!,!P Verpiss dich!,NEEDS_TRANSLATION,,,
comb_menhart_z_verstehen__Odc5,1,44,,verstehst; mich,1.000,1.000,Verstehst du mich?,!P Verstehen Sie mich?,NEEDS_TRANSLATION,,,
zaca_zacatek_s_jdem_na_to_npr1,1,44,,verteidige; dich,1.000,1.000,Verteidige dich!,!P Verteidige Dich!,NEEDS_TRANSLATION,,,
kuma_kuman_v_t__popis_las_m0UV,1,44,,vörös; fekete,1.000,1.000,Vörös és fekete.,Piros és fekete.,NEEDS_TRANSLATION,,,
rozp_npc_rozpo_warum_ich__coe5,1,44,german,warum; ich,0.400,0.400,Warum ich? Because I'm German?!,Warum ich? Because I'm German?,NEEDS_TRANSLATION,,,
hrac_npc_je_za_warum_ich__hVSo,1,44,german,warum; ich,1.000,1.000,Warum ich? What did I do to you?!,!P Warum ich? What did I do to you?!,NEEDS_TRANSLATION,,,
gree_obchodnik_was_brauch_QkWc,1,44,,brauchst; nackedei,1.000,1.000,"Was brauchst du, Nackedei?","Was brauchst du, nackt?",NEEDS_TRANSLATION,,,
zaka_zakaznik__was_ist_das_evYc,1,44,,gibt's; denn,1.000,1.000,Was gibt’s denn?,Was ist das?,NEEDS_TRANSLATION,,,
s_fr_hejtman_f_co_je_to_j_ANf9,1,44,german,ist; das,0.400,0.400,Was ist das? You didn't last long.,!P Was ist das? You didn't last too long.,NEEDS_TRANSLATION,,,
odmi_npc_odmit_was_denkst_8Vbj,1,44,,machst; schurke,1.000,1.000,"Was machst du da, Schurke?","!P Was machst du da, Schurke?",NEEDS_TRANSLATION,,,
npc__npc_vidi__was_machst_zxUs,1,44,,machst; narr,1.000,1.000,Was machst du Narr?,!P Was machst du Narr?,NEEDS_TRANSLATION,,,
hosp_hospodsky_wirst_du_e_lP2E,1,44,,willst; essen,1.000,1.000,Was willst du essen?,!P Wirst du essen?,NEEDS_TRANSLATION,,,
prat_pratelsky_was_willst_QgxP,1,44,,willst; hier,1.000,1.000,Was willst du hier?,!P Was willst du hier?,NEEDS_TRANSLATION,,,
gree_pozdrav_n_was_willst_sEp7,1,44,,willst; bettler,1.000,1.000,"Was willst du, Bettler!","!P Was willst du, Bettler!",NEEDS_TRANSLATION,,,
gree_pozdrav_z_was_willst_aKSA,1,44,,willst; schuft,1.000,1.000,"Was willst du, Schuft?","!P Was willst du, Ruck?",NEEDS_TRANSLATION,,,
gree_pozdrav_z_was_willst_Xazo,1,44,,willst; strolch,1.000,1.000,"Was willst du, Strolch?","!P Was willst du, Strolch?",NEEDS_TRANSLATION,,,
pusk_puskar_el_muzeme_zko_LjTR,1,44,german,nicht; wahr,0.286,0.286,We can always confiscate the property of the kings enemies! Nicht wahr?,!P We can always confiscate property of the king's enemies! Verstanden?,NEEDS_TRANSLATION,,,
goss_gossip_sp_a_kdo_asi_c7ws,1,44,,wer; dann,1.000,1.000,Wer dann?,!P Wer noch?,NEEDS_TRANSLATION,,,
menh_menhart_z_gottverdam_5QJW,1,44,german,gott; verdammt,0.333,0.333,"What a waste, Gott verdammt! We lost and our claim was not acknowledged.",!P What a waste. Gott verdammt! We lost and our claim was not acknowledged.,NEEDS_TRANSLATION,,,
npc__npc_cilen_co_sem_kom_0XJq,1,44,german,mein; gott,0.667,0.667,What did I do to anyone?! Mein Gott…,!P What did I do to anyone?! Mein Gott…,NEEDS_TRANSLATION,,,
npc__npc_neroz_co_za_hulv_kQdJ,1,44,german,meine; güte,0.500,0.500,What lout threw that? Meine Güte!,What lout threw that? Mein Gott.,NEEDS_TRANSLATION,,,
hosp_hospodsky_zaj_gezunt_ZSQd,1,44,,zay; gezunt,1.000,1.000,Zay gezunt,Zaj gezunt!,NEEDS_TRANSLATION,,,
bibr_kuman_bib_riti_se_pr_ddan,1,44,,áttör; emelkedőn,1.000,1.000,Áttör az emelkedőn!,He speeds across the slope!,NEEDS_TRANSLATION,,,
ptac_ptacek_vi_tohle_muse_7jAf,1,44,,faire; mal,1.000,1.000,Ça a dû faire mal!,!P Ça a dû faire mal!,NEEDS_TRANSLATION,,,
npc__kuman_cri_no_kurva_WdhU,1,44,,bassza; meg,1.000,1.000,"Ó, bassza meg...","Oh, fuck…",NEEDS_TRANSLATION,,,
zaka_zakaznik___sejnem_da_O4sp,1,44,,scheinem; dank,1.000,1.000,… Scheinem dank!,...Schonem dank!,NEEDS_TRANSLATION,,,
npc__npc_pobiz_na_gyere_g_goV8,1,43,,gyere; gyerünk,1.000,1.000,!P Na gyere! Gyerünk!,Na gyere! Gyerünk!,NEEDS_TRANSLATION,,,
opil_opily_kum_a_kenyer_i_Aqhv,1,43,,kenyér; illata,1.000,1.000,A kenyér illata…,!P A kenyér illata után…,NEEDS_TRANSLATION,,,
plan_brabant_a_no_konecne_roKV,1,43,,vous; êtes,1.000,1.000,"Ah, vous êtes là!","!P Ah, vous êtes là!",NEEDS_TRANSLATION,,,
cin__brabant_to_se_prihod_bRt3,1,43,,souviens; bien,1.000,1.000,Ah. Je me souviens bien...,Ah. Je me souvens bien...,NEEDS_TRANSLATION,,,
npc__npc_reagu_drz_si_ho__ajxk,1,43,,astar; djukles,1.000,1.000,Astar le djukles!,!T Astar le djukles!,NEEDS_TRANSLATION,,,
post_brabant_au_revoir_FYgL,1,43,,revoir; merci,1.000,1.000,Au revoir. Merci…,!P Au revoir. Merci...,NEEDS_TRANSLATION,,,
ph_p_ptacek_bellissimo_ma_eyDL,1,43,,bellissimo; magnifico,1.000,1.000,Bellissimo! Magnifico!,!P Bellissimo! Magnifico!,NEEDS_TRANSLATION,,,
s_me_menhart_z_bis_bald_BmrN,1,43,,bis; bald,1.000,1.000,Bis bald.,!P Bis bald.,NEEDS_TRANSLATION,,,
zaca_zacatek_s_pripravene_Gkqr,1,43,,bist; bereit,1.000,1.000,Bist du bereit?,!P Bist du bereit?,NEEDS_TRANSLATION,,,
zaka_zakaznik__solem_fraj_XVE6,1,43,,bite; sheyn,1.000,1.000,Bite sheyn!,Bitte schon!,NEEDS_TRANSLATION,,,
o_zi_zidovsky__borech_has_wb1Z,1,43,yiddish_hebrew,borekh; ha-shem,0.333,0.333,"Borekh ha-shem! I can't complain, or rather I shouldn't…","!P Borekh ha-shem! I cannot complain, or rather, I should not…",NEEDS_TRANSLATION,,,
zasa_svedek_re_sakra_to_s_fsrP,1,43,,devla; darandjilyom,1.000,1.000,Devla! Darandjilyom!,!T Devla! Darandjilyom!,NEEDS_TRANSLATION,,,
kupec_cechmistr_neblbni_j_VDK1,1,43,german,mein; bruder,0.333,0.333,"Do not be headstrong, Henry, you cannot mean that seriously? He is mein Bruder!","Don’t be foolish, Henry, you don’t mean that seriously, do you? He’s mein Bruder!",NEEDS_TRANSLATION,,,
pokr_treninkov_ty_jsi_tak_z1NB,1,43,,bist; wunderschön,1.000,1.000,Du bist so wunderschön!,You are so wunderschon!,NEEDS_TRANSLATION,,,
s_va_vasko_davej_si_bacha_KJS5,1,43,,frecher; mistkerl,1.000,1.000,Du frecher Mistkerl!,!P Du frecher Mistkerl!,NEEDS_TRANSLATION,,,
spol_soldier_v_du_hast_es_n2HT,1,43,,hast; vermasselt,1.000,1.000,Du hast es vermasselt!,!P Du hast es vermasselt!,NEEDS_TRANSLATION,,,
endi_rozloucen_ach_devleha_tMPs,1,43,,džan; devleha,1.000,1.000,Džan Devleha!,!T Džan Devleha!,NEEDS_TRANSLATION,,,
kuma_vasko_egy_eselyt_x3qI,1,43,,egy; esélyt,1.000,1.000,Egy esélyt.,!P Egy esélyt.,NEEDS_TRANSLATION,,,
zada_cechmistr_eh_mein_go_Vp8Y,1,43,german,mein; gott,0.333,0.333,"Eh, mein Gott... Why did it have to come this far? My brother is no robber, but a merchant.","Eh, mein Gott... Why did it have to come this far? My brother’s no robber, but a merchant.",NEEDS_TRANSLATION,,,
gree_obchodnik_ehmbitte_qveV,1,43,,ehm; bite,1.000,1.000,Ehm... Bite?,Ehm... Bitte?,NEEDS_TRANSLATION,,,
dost_soldier_d_ehrrmp_nie_Df4X,1,43,,ehrrmp; niemals,1.000,1.000,Ehrrmp ... Niemals!,!P Ehrrmp... Niemals!,NEEDS_TRANSLATION,,,
s_ho_hospodsky_no_dovol_b_mx4Z,1,43,,entschuldige; mal,1.000,1.000,Entschuldige mal!,!P Gestatten Sie mal!,NEEDS_TRANSLATION,,,
posl_event_hla_epes_schoen_LzSL,1,43,,epes; sheyn,1.000,1.000,Epes! Sheyn!,!P Epes! Schoen!,NEEDS_TRANSLATION,,,
odmi_npc_odmit__fajf_daro_3u6z,1,43,,fayf; daroyf,1.000,1.000,Fayf daroyf.,Fajf darojf.,NEEDS_TRANSLATION,,,
pokr_treninkov_vymachej_m_vDoc,1,43,,duy; pal; muy,0.250,0.750,Give him duy pal o muy!,!T Give him duy pal o muy!,NEEDS_TRANSLATION,,,
horn_pozdrav_h_gluckauf_h_yu4f,1,43,,glück; auf,1.000,1.000,"Glück auf, Heinrich!","!P Glückauf, Heinrich!",NEEDS_TRANSLATION,,,
s_he_hejtman_s_gut_gemach_N4S4,1,43,german,gut; gemacht,0.286,0.286,Gut gemacht! All I need is for you to bring me stolen book.,!P Gut gemacht! All I need is for you to bring me stolen book.,NEEDS_TRANSLATION,,,
kuma_opily_kum_no_way_RoK9,1,43,,hagyj; békén,1.000,1.000,Hagyj békén!,Hadd legyek!,NEEDS_TRANSLATION,,,
zavo_zavodnik__he_lacheees_ps16,1,43,,heeee; laaaaaches,1.000,1.000,"Heeee, laaaaaches!","!T Heeee, laaaaaches!",NEEDS_TRANSLATION,,,
neme_udo_aus_t_hergot_mil_W9cG,1,43,german,herr; gott,0.667,0.667,Herr Gott! I love… Kuttenberg!,Hergot! I love… Kuttenberg!,NEEDS_TRANSLATION,,,
leka_lekarnik__au_au_au_7TyS,1,43,german,herr; gott,0.333,0.333,"Herr Gott! One day, that woman will be the death of me!","!P Her Gott! One day, that woman will be the death of me…",NEEDS_TRANSLATION,,,
neme_udo_aus_t_ja_hier_9tF3,1,43,,hier; nimm,1.000,1.000,Hier nimm es!,Ja… hier!,NEEDS_TRANSLATION,,,
odmi_npc_neakc_helft_mir_KDSz,1,43,,hilf; mir,1.000,1.000,Hilf mir …,!P Hilf mir…,NEEDS_TRANSLATION,,,
opil_opily_kum_hianyzik_a_4oP0,1,43,,hiányzik; otthonom,1.000,1.000,Hiányzik az otthonom…,!P Hiányzik az otthonom…,NEEDS_TRANSLATION,,,
nast_nastvane__tahni_odsud_bqno,1,43,,húzzál; picsába,1.000,1.000,Húzzál a picsába!,Clear off!,NEEDS_TRANSLATION,,,
kupec_cechmistr_rikam_ti__XgVF,1,43,german,junger; mann,0.286,0.286,"I tell you, calm down, junger Mann! I will never allow this!","I’m telling you, calm down, junger Mann! I’ll never allow this!",NEEDS_TRANSLATION,,,
goss_gossip_v__ich_wei_ne_gHeH,1,43,german,ich; weiss,0.167,0.167,"Ich weiß, I should not have been there. But one visit will not hurt anyone. Besides, nobody is guarding the construction site.","ICH weiß, I shouldn't have been there. But one visit won't kill anyone. Besides, nobody is guarding the construction site.",NEEDS_TRANSLATION,,,
jasa_opily_kum_inkabb_hag_XDmA,1,43,,inkább; megyek,1.000,1.000,Inkább megyek.,Inkább hagyj el.,NEEDS_TRANSLATION,,,
eich_cechmistr_ja_das_sti_MdjE,1,43,german,das; stimmt,0.286,0.286,"Ja, das stimmt. I would guess they have a camp somewhere nearby.","!P Ja, das stimmt. I would guess they have a camp somewhere nearby.",NEEDS_TRANSLATION,,,
s_ho_hospodsky_tady_u_nas_RoTj,1,43,,etwas; schon,1.000,1.000,"Ja, etwas schon…","!P Ja, etwas schon...",NEEDS_TRANSLATION,,,
o_zi_pisar_tyc_ja_was_ist_67Bm,1,43,,willst; wissen,1.000,1.000,Ja? Was willst du wissen?,"!P Ja, was ist los?",NEEDS_TRANSLATION,,,
baro_brabant_je_suis_deso_wU46,1,43,,suis; désolé,1.000,1.000,Je suis désolé !,!P Je suis désolée!,NEEDS_TRANSLATION,,,
dial_kuman_vyz_jol_XbSh,1,43,,jól; van,1.000,1.000,Jól van.,Jól.,NEEDS_TRANSLATION,,,
npc__npc_neroz_kdo_to_hazi_JxIq,1,43,,koda; chidya,1.000,1.000,Koda chidya?,!T Koda chidya?,NEEDS_TRANSLATION,,,
samo_samomluva_komm_mamzer_NEDz,1,43,,kom; mamzer,1.000,1.000,"Kom, mamzer.","!P Komm, Mamzer.",NEEDS_TRANSLATION,,,
zizk_samuel_xx_TsGx,1,43,,komen; vir,1.000,1.000,Komen vir!,Kommen vir!,NEEDS_TRANSLATION,,,
hosp_hospodyne_kommen_vir_4Uuo,1,43,,komen; vir,1.000,1.000,Komen vir...,!P Kommen vir...,NEEDS_TRANSLATION,,,
arne_arne_nemec_komm_morg_GaGD,1,43,,komm; morgen,1.000,1.000,Komm morgen!,!P Komm Morgen!,NEEDS_TRANSLATION,,,
poly_mluvici_p_menj_egyen_3yaM,1,43,,kövesd; orrodat,1.000,1.000,Kövesd az orrodat.,Menj egyenesen az orrhoz!,NEEDS_TRANSLATION,,,
cros_handlir_m_dobra_jizd_FIIe,1,43,,laches; geilyia,1.000,1.000,Laches geilyia!,Good ride!,NEEDS_TRANSLATION,,,
pozd_sousedsky_lacho_3ea9,1,43,,lacho; dyives,1.000,1.000,Lacho dyives!,!T Lacho dyives!,NEEDS_TRANSLATION,,,
ptac_brabant_nech_to_bejt_aI2A,1,43,,laissez; tomber,1.000,1.000,Laissez tomber…,Laisse béton...,NEEDS_TRANSLATION,,,
miko_handlir_m_koni_sedlo_LkYa,1,43,,gres; zen,1.000,1.000,Le gres zen!,A saddle for the horse!,NEEDS_TRANSLATION,,,
eich_cechmistr_nun_ja_sch_rLPX,1,43,,los; jetzt,1.000,1.000,Los jetzt!,"!P Nun ja, schon!",NEEDS_TRANSLATION,,,
opil_opily_kum_a_lanyaink_RvUK,1,43,,meg; asszonyaink,1.000,1.000,Meg az asszonyaink!,!P A lányaink után!,NEEDS_TRANSLATION,,,
assa_npc_vidi__hned_prest_8gHn,1,43,german,mein; gott,0.400,0.400,Mein Gott! Stop that right now!,!P Mein Gott! Stop that right now!,NEEDS_TRANSLATION,,,
assa_npc_vidi__mein_gott__31MM,1,43,german,mein; gott,0.667,0.667,Mein Gott! Stop that!,!P Mein Gott! Stop that!,NEEDS_TRANSLATION,,,
vask_vasko_placeholder_no_pyx5,1,43,,menjünk; innen,1.000,1.000,Menjünk innen!,!P Elmegyünk.,NEEDS_TRANSLATION,,,
vask_kumani_na_placeholde_BqIb,1,43,,merre; csavarogtál,1.000,1.000,Merre csavarogtál?,!P Hol basszod?,NEEDS_TRANSLATION,,,
cp_z_henry_pockej_befH,1,43,,dispiace; amico,1.000,1.000,"Mi dispiace, amico!","!P Mi dispiace, amico!",NEEDS_TRANSLATION,,,
ph_j_henry_molte_grazie_cpqE,1,43,,molte; grazie,1.000,1.000,Molte grazie.,!P Molte grazie.,NEEDS_TRANSLATION,,,
ph_j_henry_molto_grazio_iMIg,1,43,,molto; grazio,1.000,1.000,Molto grazio…?,!P Molto grazio…?,NEEDS_TRANSLATION,,,
ph_j_komar_morte_grazyje_4zMl,1,43,,morte; graaziee,1.000,1.000,Morte graaziee!,!P Morte graaziee!,NEEDS_TRANSLATION,,,
miko_showrunne_vitezem_je_u05l,1,43,,nekfeder; hin,1.000,1.000,Nekfeder hin o Henry.,The winner is Henry.,NEEDS_TRANSLATION,,,
miko_showrunne_zvitezil_t_q59t,1,43,,nekfeder; hin,1.000,1.000,Nekfeder hin... o Henry!,The winner is... Henry!,NEEDS_TRANSLATION,,,
klau_cechmistr_nikdo_ti_n_PVrl,1,43,german,mein; bruder,0.286,0.286,"No one is going to believe you are not trying to profit from it, mein Bruder.","No one’s going to believe you’re not trying to profit from it, mein Bruder.",NEEDS_TRANSLATION,,,
situ_situace_m_gut_tady_m_99c1,1,43,,nun; gut,1.000,1.000,Nun gut. Here.,Gut. Here.,NEEDS_TRANSLATION,,,
kost_kostky_pr_oh_zachind_Yhz6,1,43,,zakhindji; gacha,1.000,1.000,"Oh, zakhindji gacha!","!T Oh, zakhindji gacha!",NEEDS_TRANSLATION,,,
rozp_npc_rozpo_jaka_kurva_kF9n,1,43,,savo; djungoshis,1.000,1.000,Savo djungoshis?,!T Savo djungoshis?,NEEDS_TRANSLATION,,,
prat_pratelsky_schnella_s_ewvC,1,43,,schneller; schuft,1.000,1.000,"Schneller, du Schuft …","!P Schnella, Schurke...",NEEDS_TRANSLATION,,,
ph_j_henry_sptana_odpoved_cVs1,1,43,,proprio; bacchiala,1.000,1.000,"Si, proprio un bacchiala!","!P Si, proprio un bacchiala!",NEEDS_TRANSLATION,,,
hude_hudebnik__zatr_dal_b_MKfH,1,43,german,ein; mist,0.400,0.400,So ein Mist! I could have sworn I had that money here.,!P Verdammt... I could have sworn I had that money here...,NEEDS_TRANSLATION,,,
zasa_svedek_re_strelba_wa_Nrul,1,43,german,ist; los,0.500,0.500,Someone's shooting! Was ist los?,!P Someone's shooting! Was ist los?,NEEDS_TRANSLATION,,,
nast_nastvane__vypadni_vo_RBY6,1,43,,takarogy; innen,1.000,1.000,Takarogy innen!,Get out of here!,NEEDS_TRANSLATION,,,
kuma_opily_kum_eeeee_eeeee_ltk2,1,43,,hallod; ezt,1.000,1.000,Te is hallod ezt?,Te is ezt hallod?,NEEDS_TRANSLATION,,,
zave_henry_te_magad_is_or_dz55,1,43,,vagy; őrült,1.000,1.000,Te vagy az őrült!,Te magad is őrült vagy!,NEEDS_TRANSLATION,,,
prat_pratelsky_ty_okamzit_py1S,1,43,,kifelé; most,1.000,1.000,"Te! Kifelé, most!","You! Get out, now!",NEEDS_TRANSLATION,,,
o_zi_pisar_tyc_to_jsou_hn_3Uza,1,43,german,und; verbrechen,0.222,0.222,These are the nests of vice und Verbrechen... Streets full of thieves and swindlers.,!P These are the nests of vice und Verbrechen... Streets full of thieves and swindlers.,NEEDS_TRANSLATION,,,
npc__npc_vidi__toter_mann_o6HC,1,43,,toter; mann,1.000,1.000,Toter Mann!,!P Toter Mann!,NEEDS_TRANSLATION,,,
miko_showrunne_mistes_man_DT9Z,1,43,,tsirden; ashvar,1.000,1.000,Tsirden le ashvar!,The adorned bridle gives a tug!,NEEDS_TRANSLATION,,,
gree_pozdrav_z_ci_kaj_dza_V2Cu,1,43,,kay; djas,1.000,1.000,Tu kay djas?,!P Či kaj džas?,NEEDS_TRANSLATION,,,
prat_pratelsky_verschwind_EzlU,1,43,,verschwinde; schon,1.000,1.000,Verschwinde schon!,!P Verschwinden Sie!,NEEDS_TRANSLATION,,,
s_he_hejtman_s_proc_se_pt_yMma,1,43,german,warum; fragst,1.000,1.000,Warum fragst du?,Warum fragen Sie?,NEEDS_TRANSLATION,,,
hled_npc_hleda_was_machst_A3ir,1,43,,machst; hier,1.000,1.000,Was machst du hier?!,!P Was machst mu hier?!,NEEDS_TRANSLATION,,,
prih_menhart_z_was_zum_te_BHFG,1,43,,zum; teufel,1.000,1.000,Was zum Teufel?!,!P Was zum Teufel!?,NEEDS_TRANSLATION,,,
comb_hans_plum_wenn_du_wi_d8M3,1,43,german,wenn; willst,0.286,0.286,"Wenn du willst, I will teach you a blunt blow with the sword's pommel.","!P Wenn du willst, I will teach you a blunt blow with the sword's pummel.",NEEDS_TRANSLATION,,,
goss_gossip_na_kdybychom__BtRf,1,43,german,ein; liedchen,0.333,0.333,Why not sing ein Liedchen? The trip would go by faster…,How about singing ein Lied? The trip would go by faster…,NEEDS_TRANSLATION,,,
tren_protivnik_dobra_XQvS,1,43,,wie; willst,1.000,1.000,Wie du willst!,!P Wie du willst!,NEEDS_TRANSLATION,,,
menh_menhart_z_wunderbar__5a55,1,43,,wunderbar; danke,1.000,1.000,"Wunderbar, Heinrich, danke!","!P Wunderbar Heinrich, danke!",NEEDS_TRANSLATION,,,
pokr_treninkov_ty_vypadas_zv9Y,1,43,german,ein; ritter,0.400,0.400,You look just like ein Ritter!,!P You look just like ein Ritter!,NEEDS_TRANSLATION,,,
cech_cechmistr_ostatne_uv_0VN1,1,43,german,mein; freund,0.250,0.250,"You will see for yourself, mein Freund, how it makes you forget all your worries.","You’ll see for yourself, mein Freund, how it makes you forget all your worries.",NEEDS_TRANSLATION,,,
npc__npc_budi__vzdud_se_n_03o3,1,43,,ébresztő; gyerünk,1.000,1.000,Ébresztő! Gyerünk!,Wake up! Come on!,NEEDS_TRANSLATION,,,
zave_vasko_es_jobb_egeszs_DeGQ,1,43,,inkább; egészségünkre,1.000,1.000,És inkább egészségünkre!,És jobb egészséget!,NEEDS_TRANSLATION,,,
poly_kuman_u_s_es_mi_van__XdBW,1,43,,van; étellel,1.000,1.000,És mi van az étellel? Eh…,!P És mi van az étellel? Eh…,NEEDS_TRANSLATION,,,
brab_brabant_o_fortuno_mo_4M1I,1,43,,fortune; protectrice,1.000,1.000,"Ô Fortune, ma protectrice !",!P Ô Fortune ma protectrice !,NEEDS_TRANSLATION,,,
goss_gossip_v__ah_so_takz_GY7z,1,42,german,ein; mord,0.500,0.500,"Ah so, it was ein Mord, plain and simple!","Aha, so pure and bloody mord.",NEEDS_TRANSLATION,,,
rozp_npc_rozpo_co_za_hrdi_fjDX,1,42,,ayso; viteyzis,1.000,1.000,"Ah, ayso viteyzis!","!T Ah, ayso viteyzis!",NEEDS_TRANSLATION,,,
pozd_sousedsky_zaj_gezunt_rtwj,1,42,,aleykhem; sholem,1.000,1.000,Aleykhem sholem.,!P Alejchem shalom...,NEEDS_TRANSLATION,,,
goss_gossip_v__no_to_se_m_ZlJ7,1,42,german,ein; haus,0.286,0.286,"Are you yanking my pizzle? You inherit ein Haus, and all you do is complain!","!P You have got to be kidding. You inherit das Haus, and all you do is complain.",NEEDS_TRANSLATION,,,
post_brabant_au_revoir_ji_siYY,1,42,,revoir; henri,1.000,1.000,"Au revoir, Henri !","!P Au revoir, Henri!",NEEDS_TRANSLATION,,,
miko_handlir_m_takova_ost_Krac,1,42,,aysi; ladj,1.000,1.000,Aysi ladj!,What a disgrace!,NEEDS_TRANSLATION,,,
lega_ptacek_buona_sera_llJL,1,42,,buona; sera,1.000,1.000,Buona sera!,!P Buona sera!,NEEDS_TRANSLATION,,,
o_zi_hans_plum_das_stimmt_M93y,1,42,german,das; stimmt,0.167,0.167,"Das stimmt, actually so it isn't lost! These days people will steal anything that isn't nailed down.","!P Das stimmt, actually so it isn't lost! These days people will steal anything that isn't nailed down.",NEEDS_TRANSLATION,,,
spat_marika_dilini_goj__agsY,1,42,,dilinyi; goy,1.000,1.000,Dilinyi goy…!,Dilini goy…!,NEEDS_TRANSLATION,,,
neme_udo_aus_t_ah_nein___k6HF,1,42,german,ein; problem,1.000,1.000,Ein Problem? What problem?,Ein Problem? What problem?,NEEDS_TRANSLATION,,,
kvad_finale_jo_erste_klas_uCgr,1,42,,erste; klasse,1.000,1.000,"Erste klasse, ja?!","!P Erste klasse, ja?",NEEDS_TRANSLATION,,,
kost_kostky_vy_geld_geld__FCaD,1,42,german,geld; mein,1.000,1.000,"Geld, Geld, mein Geld!","Geld, geld, mein geld!",NEEDS_TRANSLATION,,,
tren_protivnik_koncime_le1A,1,42,,gut; ende,1.000,1.000,Gut. Ende!,!P Gut. Ende!,NEEDS_TRANSLATION,,,
poly_komar_jasny_kurwa_sjFf,1,42,,jasný; kurwa,1.000,1.000,"Jasný, kurwa!","!P Jasný, kurwa!",NEEDS_TRANSLATION,,,
hude_hudebnik__jen_cinkej_fQco,1,42,german,meine; groschen,0.182,0.182,Jingle away meine Groschen. At least I shall have something to eat on my journeys. And especially to drink!,!P Jingle away mein Groschen. At least I shall have something to eat on my journeys. And especially to drink!,NEEDS_TRANSLATION,,,
npc__npc_ztrat__zatracene_ruqK,1,42,,k-handuno; kar,1.000,1.000,K-handuno kar.,… Fucking bastard!,NEEDS_TRANSLATION,,,
meni_soldier_s_keine_chan_WwtM,1,42,,keine; chance,1.000,1.000,Keine Chance!,!P Keine Chance!,NEEDS_TRANSLATION,,,
zizk_samuel_xx_BSz4,1,42,,khashokh; sfoseykha,1.000,1.000,Khashokh sfoseykha!,Khashof sfoseykha!,NEEDS_TRANSLATION,,,
npc__npc_bezi__chomec_ben_7OU4,1,42,,khometz; ben-yayen,1.000,1.000,Khometz ben-yayen...,Chomets ben-yayen...,NEEDS_TRANSLATION,,,
pozd_sousedsky_lacho_91X6,1,42,,laches; palikerav,1.000,1.000,"Laches, palikerav.","!T Laches, palikerav.",NEEDS_TRANSLATION,,,
gius_giuseppe_mamma_mia_5cTp,1,42,,mamma; mia,1.000,1.000,Mamma mia!,!P Mamma mia!,NEEDS_TRANSLATION,,,
okol_npc_reagu_mein_gott__80OI,1,42,german,mein; gott,0.500,0.500,Mein Gott! I could have died!,!P Mein Gott! I could have died!,NEEDS_TRANSLATION,,,
stre_strelnice_to_by_slo__jIfN,1,42,hungarian,nem; rossz; lassan; biztosan,0.000,1.000,"Nem rossz. Lassan, de biztosan...","Nem rossz. Lassan, de biztosan...",NEEDS_TRANSLATION,,,
kost_kostky_bu_oh_zachind_vSUY,1,42,,zakhindji; gacha,1.000,1.000,"Oy, zakhindji gacha!","!T Oy, zakhindji gacha!",NEEDS_TRANSLATION,,,
gree_pozdrav_m_solem_alej_9ghW,1,42,,sholem; aleykhem,1.000,1.000,"Sholem aleykhem, Heinrich!","!P Šolem alejchem, Henry!",NEEDS_TRANSLATION,,,
npc__npc_neroz_nekdo_to_h_Dtx6,1,42,,varekoda; chidya,1.000,1.000,Varekoda chidya?,!T Varekoda chidya?,NEEDS_TRANSLATION,,,
o_zi_zidovsky__co_chces_s_Wz9Q,1,42,yiddish_hebrew,borekh; ha-shem,0.286,0.286,What would you like to hear? I can't complain. Borekh ha-shem!,!P What would you like to hear? I can't complain. Borekh ha-shem!,NEEDS_TRANSLATION,,,
joha_hudebnik__bez_die_we_fp7y,1,42,czech; slovak,den; wetteinsatz,0.250,0.500,Without den Wetteinsatz there will be no fight.,!P Without die Wette there will be no fight...,NEEDS_TRANSLATION,,,
zasa_obet_reag_koupil_sem_YD92,1,42,,yekh; khudnyom,1.000,1.000,Yekh khudnyom!,!T Yekh khudnyom!,NEEDS_TRANSLATION,,,
assa_npc_bylo__zasranej_c_vN1e,1,42,,zakhindjo; djuklo,1.000,1.000,Zakhindjo djuklo!,!T Zakhindjo djuklo!,NEEDS_TRANSLATION,,,
vajd_vajda_zachindzi_gaca_qbGa,1,42,,zakhindzhi; gacha,1.000,1.000,Zakhindzhi gacha!,!P Zachindzhi gacha!,NEEDS_TRANSLATION,,,
pozd_sousedsky_gru_dich_dd2S,1,41,german,grüss; dich,1.000,1.000,!P Grüß dich!,!P Grüß dich!,NEEDS_TRANSLATION,,,
gree_pozdrav_n_mein_gott__h6N7,1,41,german,mein; gott,1.000,1.000,"!P Mein Gott, Heinrich!","!P Mein Gott, Heinrich!",NEEDS_TRANSLATION,,,
gree_pozdrav_n_oh_was_ist_SfzJ,1,41,german,ist; los,1.000,1.000,!P Oh... Was ist los?,!P Oh... Was ist los?,NEEDS_TRANSLATION,,,
spol_kuman_vid_konomrde_z_5xqe,1,41,czech,disznóbaszó; anyád,1.000,1.000,A disznóbaszó kurva anyád!,A disznóbaszó kurva anyád!,NEEDS_TRANSLATION,,,
hrac_npc_probu_aaah_was_i_CWIM,1,41,german,ist; los,1.000,1.000,Ah... Was ist los?,Ah... Was ist los?,NEEDS_TRANSLATION,,,
neme_henry_tesi_me___1QVm,1,41,german,herr; udo,0.333,0.333,"Aha… a pleasure to make your acquaintance, Herr Udo.",Ah… pleasure to make your acquaintance.,NEEDS_TRANSLATION,,,
hosp_hospodsky_aaah_no_jo_1XRV,1,41,,ahhh; gut,0.500,1.000,"Ahhh… Gut, gut…",Aaah... Gut tut...,NEEDS_TRANSLATION,,,
pozd_sousedsky_zaj_gezunt_ML0j,1,41,,aleykhem; sholem,1.000,1.000,Aleykhem sholem...,Aleichem shalom...,NEEDS_TRANSLATION,,,
ulri_henry_auf_wiedersen_m2Qy,1,41,german,auf; wiedersen,1.000,1.000,Auf Wiedersen.,Auf Wiedersen.,NEEDS_TRANSLATION,,,
sara_sara_samo_baruch_has_GpRy,1,41,yiddish_hebrew,borekh; ha-shem,0.500,0.500,"Borekh ha-shem, they're gone.","!P Baruch hashem, they're gone.",NEEDS_TRANSLATION,,,
reak_kutnohors_co_si_tu_c_ILFs,1,41,czech,chceš; dokazovat,1.000,1.000,Co si tu chceš dokazovat!,,NEEDS_TRANSLATION,,,
lapk_lapka_v_r_co_tu_chces_EvS1,1,41,czech,tady; chceš,1.000,1.000,Co tady chceš?,,NEEDS_TRANSLATION,,,
npc__npc_pobiz_dza_sukares_S5bf,1,41,,dja; eyah,1.000,1.000,Dja! Eyah!,!T Dja! Eyah!,NEEDS_TRANSLATION,,,
gree_obchodnic_eh_was_ist_TwZS,1,41,german,ist; los,1.000,1.000,"Eh, was ist los?","Eh, Was ist los?",NEEDS_TRANSLATION,,,
s_el_puskar_el_zapomen_na_32U3,1,41,german,nicht; bist,0.154,0.154,"Forget about it. Even if you really were sent by the guards, was du nicht bist, I would not have that much powder to give you anyway.","!P Forget about it. Even if you really were sent my the guards, was du nicht bist, I wouldn't have that much powder to give you anyway.",NEEDS_TRANSLATION,,,
miko_showrunne_jindrich_p_UpOM,1,41,,predjal; persho,1.000,1.000,Henry predjal persho!,Henry crosses the line first!,NEEDS_TRANSLATION,,,
o_zi_kupec_tro_herr_bergo_SsCv,1,41,german,herr; von,0.333,0.333,"Herr von Bergow does have a chapel in his castle, but it is not for commoners like you.","Herr Bergow does have a chapel in his castle, but it is not for commoners like you.",NEEDS_TRANSLATION,,,
rozl_rozloucen_hm_salom_2sHn,1,41,,hmm; sholem,1.000,1.000,"Hmm, sholem..","!P Hmm, shalom...",NEEDS_TRANSLATION,,,
neme_udo_aus_t_ja_ich_hab_Gei5,1,41,german,ich; aber,1.000,1.000,Ja! Ich have aber…,Ja! Ich have aber…,NEEDS_TRANSLATION,,,
se_s_samuel_ale_spravedln_JRWm,1,41,yiddish_hebrew,borekh; ha-shem,0.500,0.500,Justice was done! Borekh ha-shem!,!P Justice was done! Baruch Hashem!,NEEDS_TRANSLATION,,,
npc__npc_vidi__chomec_ben_WXRd,1,41,,khomets; ben-yayen,1.000,1.000,Khomets ben-yayen...,!P Chomec ben-jajen...,NEEDS_TRANSLATION,,,
stre_strelnice_dneska_mi__X8Qj,1,41,hungarian,egész; vagyok,1.000,1.000,Ma egész jó vagyok.,Ma egész jó vagyok.,NEEDS_TRANSLATION,,,
gius_giuseppe_maminko_proc_B9J6,1,41,,mamma; perché,1.000,1.000,"Mamma, perché...","Mother, why...",NEEDS_TRANSLATION,,,
prat_pratelsky_pomsta_bud_qCqM,1,41,czech,megbosszulunk; félj,1.000,1.000,"Megbosszulunk, ne félj.","Megbosszulunk, ne félj.",NEEDS_TRANSLATION,,,
pozd_sousedsky_lacho_3VIq,1,41,,mishtes; palikerav,1.000,1.000,Mishtes. Palikerav.,!T Mishtes. Palikerav.,NEEDS_TRANSLATION,,,
kuma_spizovaci_co_koukate_OiXm,1,41,hungarian,mit; bámultok,1.000,1.000,Mit bámultok?,Mit bámultok?,NEEDS_TRANSLATION,,,
utrz_kuman_dos_co_to_delas_GkYP,1,41,hungarian,mit; csinálsz,1.000,1.000,Mit csinálsz?!,Mit csinálsz?!,NEEDS_TRANSLATION,,,
diva_divak_kom_co_to_delas_82Ko,1,41,hungarian,mit; művelsz,1.000,1.000,Mit művelsz?,Mit művelsz?,NEEDS_TRANSLATION,,,
kuma_spizovaci_co_se_skle_MQMk,1,41,hungarian,mit; vigyorogsz,1.000,1.000,Mit vigyorogsz?,Mit vigyorogsz?,NEEDS_TRANSLATION,,,
assa_pratelske_nech_toho_fn6i,1,41,,muk; man,1.000,1.000,Muk man!,!T Muk man!,NEEDS_TRANSLATION,,,
turn_kutnohors_na_co_ceka_RZah,1,41,czech,čekáš; zahřmí,1.000,1.000,"Na co čekáš, až zahřmí?",,NEEDS_TRANSLATION,,,
npc__kuman_se__neser_se_d_Haqz,1,41,czech,baszakodj; vele,1.000,1.000,Ne baszakodj vele!,Ne baszakodj vele!,NEEDS_TRANSLATION,,,
hadk_event_rva_necum_ty_p_20mD,1,41,czech,bámulj; kutya,1.000,1.000,"Ne bámulj, te kutya!","Ne bámulj, te kutya!",NEEDS_TRANSLATION,,,
neko_nekoho_ta_uz_se_vezou_z0aA,1,41,czech,kíméljétek; őket,1.000,1.000,Ne kíméljétek őket!,Ne kíméljétek őket!,NEEDS_TRANSLATION,,,
neco_kuman_nec_dopr_nevid_CRO7,1,41,hungarian,nem; látom,1.000,1.000,Nem látom.,Nem látom.,NEEDS_TRANSLATION,,,
dost_soldier_d_oh_mein_ko_p849,1,41,german,mein; kopf,1.000,1.000,"Oh, mein Kopf!","Oh, mein Kopf!",NEEDS_TRANSLATION,,,
gree_pozdrav_z_oy_vey_fra_dAo2,1,41,yiddish_hebrew,vey; frajnd,1.000,1.000,"Oy vey, Frajnd!",,NEEDS_TRANSLATION,,,
endi_rozloucen_salom_u6Vx,1,41,,sholem; mayn,1.000,1.000,"Sholem, mayn her!","!P Shalom, mein Herr!",NEEDS_TRANSLATION,,,
pokr_treninkov_to_nevypad_Gc9I,1,41,yiddish_hebrew,borekh; ha-shem,0.333,0.333,That didn't look good. Borekh ha-shem he's alright.,!P That didn't look good. Baruch hashem he's alright.,NEEDS_TRANSLATION,,,
pokr_treninkov_borech_has_PmAk,1,41,yiddish_hebrew,borekh; ha-shem,0.400,0.400,They haven't spilt blood. Borekh ha-shem.,Thank God no blood is flowing yet.,NEEDS_TRANSLATION,,,
zasa_obet_reag_boze_ochra_wsyW,1,41,hungarian,uram; irgalmazz,1.000,1.000,Uram irgalmazz!,Uram irgalmazz!,NEEDS_TRANSLATION,,,
npc__npc_vidi__proc_je_od_KJxo,1,41,german,mein; gott,0.500,0.500,Why's this unlocked! Mein Gott…,!P Why's this unlocked! Mein Gott…,NEEDS_TRANSLATION,,,
utik_utikam_z__sakra_au_qp9Z,1,40,,fenébe; pokolba,1.000,1.000,A fenébe... a pokolba!,A fenébe... a pokolba!,NEEDS_TRANSLATION,,,
znic_znicila_s_kurva_rukf,1,40,,francba; fegyverem,1.000,1.000,A francba! A fegyverem!,A francba! A fegyverem!,NEEDS_TRANSLATION,,,
kupec_cechmistr_ale_vzdyt_srAk,1,40,german,aber; sicherlich,0.250,0.250,"Aber ja, sicherlich... We want the same thing, after all, I’m not with Sigismund...","Aber ja, sicherlich... We want the same thing, after all, I’m not with Sigismund...",NEEDS_TRANSLATION,,,
zada_cechmistr_aber_siche_oVrz,1,40,german,aber; sicherlich,0.333,0.333,Aber sicherlich. I was just about to ask you myself.,Aber sicherlich. I was just about to ask you myself.,NEEDS_TRANSLATION,,,
lore_event_tab_a_ja_ja_bi_strC,1,40,,bitte; schön,1.000,1.000,"Ah, ja, ja, bitte, bitte schön!","Ah, ja, ja, bitte, bitte schön!",NEEDS_TRANSLATION,,,
uvod_musa_z_ma_allah_ylaa_ZjfJ,1,40,arabic,allah; yla'anak,0.200,0.200,"Allah yla'anak! Soup, you say?! Then I certainly cannot let you near Myshek!","Allah yla'anak! Soup, you say?! Then I certainly cannot let you near Myshek!",NEEDS_TRANSLATION,,,
bohu_bohuta_pl_aleluja_do_B7H4,1,40,,alleluia; domine,1.000,1.000,"Alleluia Domine, alleluia Domine.","Alleluia Domine, alleluia Domine.",NEEDS_TRANSLATION,,,
dost_kuman_dos_doprdele_t_N6zs,1,40,,bassza; meg,1.000,1.000,"Bassza meg, ez... ez...","Bassza meg, ez... ez...",NEEDS_TRANSLATION,,,
dost_kuman_dos_nasrat_nas_H3jY,1,40,,baszd; meg,1.000,1.000,"Baszd meg, baszd meg!","Baszd meg, baszd meg!",NEEDS_TRANSLATION,,,
lore_event_tab_bene_ambul_A9Z7,1,40,italian,bene; ambula,0.286,0.286,"Bene ambula, my friend. No doubt we'll meet again!","Bene ambula, my friend. No doubt we'll meet again!",NEEDS_TRANSLATION,,,
hyne_event_tab_bene_ambul_aD1b,1,40,italian,bene; ambula,0.400,0.400,"Bene ambula… travel safely, wayfarer.","Bene ambula… travel safely, wayfarer.",NEEDS_TRANSLATION,,,
kost_kostky_pr_borech_has_qKXH,1,40,yiddish_hebrew,borekh; ha-shem,0.400,0.400,Borekh ha-shem! At least I am doing well!,Borech ha-shem! At least I'm doing well!,NEEDS_TRANSLATION,,,
mich_michal_zdar_jindro_dMWX,1,40,,buongiorno; enrico,1.000,1.000,"Buongiorno, Enrico!","Good day, Henry!",NEEDS_TRANSLATION,,,
stre_strelnice_co_to_sakr_Y3iR,1,40,czech,sakra; bylo,1.000,1.000,Co to sakra bylo?,,NEEDS_TRANSLATION,,,
soub_menhart_z_das_reicht_zBJM,1,40,german,das; reicht,1.000,1.000,Das reicht!,Das reicht!,NEEDS_TRANSLATION,,,
henr_menhart_z_stimmt_to__tJTZ,1,40,german,das; stimmt,0.250,0.250,Das stimmt. A man cannot let such an offence go unpunished.,Das stimmt. A man cannot let such an offence go unpunished.,NEEDS_TRANSLATION,,,
kupec_poslednib_kasli_pre_okFL,1,40,german,mein; bruder,0.200,0.200,"Don’t be vain, mein Bruder, in the end you’ll even look like a hero.","Don’t be vain, mein Bruder, in the end you’ll even look like a hero.",NEEDS_TRANSLATION,,,
pb_s_brabant_dobra_hlidam_qFwr,1,40,french,bien; monsieur,0.167,0.333,"Eh bien… I will watch the stairs, if Monsieur le Chapon so insists!","!P Eh bien…! I will watch the stairs, if Mousieur le Chapon so insists!",NEEDS_TRANSLATION,,,
gree_pozdrav_z_epes_frajn_Nm9x,1,40,,epes; fraynd,1.000,1.000,"Epes, fraynd, epes!","Epes, fraynd, epes!",NEEDS_TRANSLATION,,,
brab_ptacek_re_prestan_pr_IqYd,1,40,,fichtre; arrêtez,1.000,1.000,Fichtre ! Arrêtez !,Damn it! Stop it!,NEEDS_TRANSLATION,,,
reak_kutnohors_do_toho_ji_RcF8,1,40,,you're; one,1.000,1.000,"Go, Henry, go! You're one of us! Henry!","Go, Henry, go! You're one of us! Henry!",NEEDS_TRANSLATION,,,
kost_kostky_he_gor_nist_g_c5ml,1,40,,gor; nisht,1.000,1.000,Gor nisht... Gor nisht!,Gor nisht... Gor nisht!,NEEDS_TRANSLATION,,,
prat_pratelsky_no_tak_vyp_BqX0,1,40,,gyerünk; tűnj,1.000,1.000,"Gyerünk, gyerünk! Tűnj el!","Gyerünk, gyerünk! Tűnj el!",NEEDS_TRANSLATION,,,
arne_arne_nemec_heinrich__pdXf,1,40,german,ist; los,1.000,1.000,Heinrich! Was ist los?,Heinrich! Was ist los?,NEEDS_TRANSLATION,,,
jorg_jorg_prank_zatracene_ihv6,1,40,german,herr; gott,0.222,0.222,Herr Gott! You're nowt like them Stripes. This is a whole new tune!,Herr Gott! You're nothing like them Stripes. This is a whole new tune!,NEEDS_TRANSLATION,,,
kupec_poslednib_hm_vim_ze_xHEG,1,40,german,junger; mann,0.222,0.222,"Hm, I know you’re a respected Master in the guild, but what guarantee can you give me, junger Mann?","Hm, I know you’re a respected Master in the guild, but what guarantee can you give me, junger Mann?",NEEDS_TRANSLATION,,,
neme_udo_aus_t_ich_bin__o_5zMN,1,40,german,ich; bin,0.667,0.667,Ich bin… drunk!,Ich bin… drunk!,NEEDS_TRANSLATION,,,
s_el_puskar_el_ich_wei_36X2,1,40,german,ich; weiss,1.000,1.000,Ich weiß.,Ich weiß.,NEEDS_TRANSLATION,,,
dark_event_tab_bog_s_tobo_DBMW,1,40,hungarian,isten; veled,0.667,0.667,"Isten veled, good man.","Isten veled, good man.",NEEDS_TRANSLATION,,,
kupec_poslednib_ja_das_st_MV8J,1,40,german,das; stimmt,0.333,0.333,"Ja, das stimmt, but trade and politics simply go hand in hand.","Ja, das stimmt, but trade and politics simply go hand in hand.",NEEDS_TRANSLATION,,,
zada_cechmistr_ja_ale_uz__0Qas,1,40,german,das; stimmt,0.222,0.222,"Ja, das stimmt... But I won’t be for long once the masters find out what my brother’s done.","Ja, das stimmt... But I won’t be for long once the masters find out what my brother’s done.",NEEDS_TRANSLATION,,,
vyzv_menhart_z_ja_ich_auc_8val,1,40,german,ich; auch,1.000,1.000,"Ja, Ich auch.","Ja, Ich auch.",NEEDS_TRANSLATION,,,
rozh_kupec_vel_hm_a_o_co__4Gfj,1,40,german,ist; los,1.000,1.000,"Ja, was ist los?","Ja, was ist los?",NEEDS_TRANSLATION,,,
stre_strelnice_ja_to_tref_Bu3e,1,40,,trefil; vážně,1.000,1.000,Já to trefil! Já to vážně trefil!,,NEEDS_TRANSLATION,,,
spol_utok_na_m_pro_kristo_HO45,1,40,,khas; ve-sholem,1.000,1.000,Khas ve-sholem!,Christ's wounds…,NEEDS_TRANSLATION,,,
zavo_zavodnik__komm_huah_hN7S,1,40,,komm; hüa,0.500,1.000,Komm! Hüa!,!P Komm! Huäh!,NEEDS_TRANSLATION,,,
kate_hejtman_s_jen_ho_nec_Bw0Z,1,40,german,meine; dame,0.222,0.222,"Leave him be, meine Dame, nobody with any sense would take on my men.","Leave him be, meine Dame, nobody with any sense would take on my men.",NEEDS_TRANSLATION,,,
muz__kocovnik__vsak_se_uk_Hme8,1,40,,maay; dikeha,1.000,1.000,Maay dikeha!,You'll see!,NEEDS_TRANSLATION,,,
eldr_puskar_el_mein_gesel_P9Xw,1,40,german,mein; geselle,0.222,0.222,"Mein Geselle, apprentice. He’s gone missing and now we can’t keep up!","Mein Geselle, apprentice. He’s gone missing and now we can’t keep up!",NEEDS_TRANSLATION,,,
klau_poslednib_eh_mein_go_3WxR,1,40,german,mein; gott,0.182,0.182,Mein Gott! So many people have already forgotten how things should be and are just trying to profit from how they are.,Mein Gott! So many people have already forgotten how things should be and are just trying to profit from how they are.,NEEDS_TRANSLATION,,,
npc__npc_reagu_mein_gott__RdRn,1,40,german,mein; gott,0.667,0.667,Mein Gott! That dog is up to no good!,Mein Gott! That dog is up to no good!,NEEDS_TRANSLATION,,,
situ_situace_z_mein_gott__KWpx,1,40,german,mein; gott,0.500,0.500,"Mein Gott, I don't believe this!","Mein Gott, I don't believe this!",NEEDS_TRANSLATION,,,
kupec_cechmistr_mein_gott_LQI9,1,40,german,mein; gott,0.222,0.222,"Mein Gott, I never would have thought it’d all end like this.","Mein Gott, I never would have thought it’d all end like this.",NEEDS_TRANSLATION,,,
zizk_kubenka_ty_ses_ale_p_YeKZ,1,40,german,mein; gott,0.250,0.250,"Mein Gott, you're a pigdog if ever I've seen one!","Mein Gott, you're a pigdog if ever I've seen one!",NEEDS_TRANSLATION,,,
jind_menhart_z_no_vazne_t_2qAJ,1,40,german,meine; güte,0.222,0.222,"Meine Güte! Oh Heinrich, you are master! I would never know it was once in two pieces.","Meine Güte! Oh Heinrich, you are master! I would never know it was once in two pieces.",NEEDS_TRANSLATION,,,
nepr_nepritel__parchante__6Lb0,1,40,,murderer; bloody,1.000,1.000,Murderer! A bloody murderer!,Murderer! A bloody murderer!,NEEDS_TRANSLATION,,,
sam__sara_samo_jenze_mart_Lpdh,1,40,yiddish_hebrew,goy; isur; de-orayisa,0.083,0.250,My father found out we were seeing each other and did his best to drive him away. To marry a goy is isur de-orayisa. Forbidden.,My father found out we were seeing each other and did his best to drive him away. To marry a goy is isur de-orayisa. Forbidden.,NEEDS_TRANSLATION,,,
prio_cherthan_ne_hazudj_n_mlCo,1,40,czech,hazudj; nekem,1.000,1.000,Ne hazudj nekem.,Ne hazudj nekem.,NEEDS_TRANSLATION,,,
jind_stalker_nem_ertelek_y3H6,1,40,hungarian,nem; értelek,1.000,1.000,Nem értelek.,Nem értelek.,NEEDS_TRANSLATION,,,
menh_menhart_z_nicht_jetz_5jH5,1,40,german,nicht; jetz,0.667,0.667,"Nicht jetz, Heinrich. Later, ja?","Nicht jetz, Heinrich. Later, ja?",NEEDS_TRANSLATION,,,
brab_brabant_z_tady_to_mas_qoKj,1,40,,prise; coup,1.000,1.000,Prise de coup!,!P Prise de coup!,NEEDS_TRANSLATION,,,
pred_prekupnik_a_mel_bych_LCvc,1,40,german,mein; freund,0.286,0.286,"Stop by once you have something better for sale, mein Freund.","Stop by once you have something better for sale, mein Freund.",NEEDS_TRANSLATION,,,
vzde_dlc3_nemo_uz_uz_si_p_DJaX,1,40,,they're; coming,1.000,1.000,They're… they're coming for me!,They're… they're coming for me!,NEEDS_TRANSLATION,,,
free_obet_reag_na_romku_s_8l1M,1,40,,tromado; sal,1.000,1.000,Tromado sal?,!T Tromado sal?,NEEDS_TRANSLATION,,,
menh_arne_nemec_und_danke_oPkN,1,40,german,und; danke,1.000,1.000,"Und danke, Heinrich.","Und danke, Heinrich.",NEEDS_TRANSLATION,,,
jind_menhart_z_co_je_ti_v_4ALL,1,40,german,ist; los,0.500,0.500,Was ist los? Did something happen?,Was ist los? Did something happen?,NEEDS_TRANSLATION,,,
priv_obchodnik_was_machst_2WjA,1,40,,machst; blutest,1.000,1.000,"Was machst du, du blutest?","Was machst du, du blutest?",NEEDS_TRANSLATION,,,
vajd_vajda_hledali_jsme_j_HyaE,1,40,romani,aranka; gadjo,0.250,0.250,"We search for her, but not find. Then Aranka has vision, so we wait for gadjo who will help us.","!P We searched for her, but nothing. Then Aranka had her prophecy, so we waited for the gadjo to help us.",NEEDS_TRANSLATION,,,
jind_menhart_z_co_co_to_k_WHD0,1,40,german,ist; das,1.000,1.000,What? Was ist das?,What? Was ist das?,NEEDS_TRANSLATION,,,
kate_hejtman_s_tak_to_vid_eFRZ,1,40,german,meine; dame,0.200,0.200,"You see, meine Dame, we aren't idle here. My men train like that every day.","You see, meine Dame, we aren't idle here. My men train like that every day.",NEEDS_TRANSLATION,,,
neme_udo_aus_t_zicke_zack_K5Gn,1,40,,zicke; zacke,1.000,1.000,"Zicke, Zacke, Zicke, Zacke...","Zicke, Zacke, Zicke, Zacke...",NEEDS_TRANSLATION,,,
fano_ztracena__placeholde_JPCS,1,40,,öld; meg,1.000,1.000,Öld meg!,Csapd le!,NEEDS_TRANSLATION,,,
gree_pozdrav_z_guten_aben_gOTS,1,39,,guten; abend,1.000,1.000,!P Guten Abend!,!P Guten Abend!,NEEDS_TRANSLATION,,,
gree_pozdrav_z_guten_morg_UKHq,1,39,,guten; morgen,1.000,1.000,"!P Guten Morgen, Heinrich!","!P Guten Morgen, Heinrich!",NEEDS_TRANSLATION,,,
rozl_rozloucen_o_del_tuha_gLBR,1,39,,del; tuha,1.000,1.000,!P O del tuha!,!P O del tuha!,NEEDS_TRANSLATION,,,
gree_pozdrav_z_servus_was_Ewo3,1,39,,servus; soll,1.000,1.000,!P Servus! Was soll es?,!P Servus! Was soll es?,NEEDS_TRANSLATION,,,
gree_pozdrav_n_servus_mann_aeO0,1,39,,servus; mann,1.000,1.000,"!P Servus, Mann!","!P Servus, Mann!",NEEDS_TRANSLATION,,,
pozd_sousedsky_the_tumenge_95RZ,1,39,,mištes; namištes,1.000,1.000,!P Ta mištes the namištes.,!P Ta mištes the namištes.,NEEDS_TRANSLATION,,,
gree_pozdrav_n_verdammter_I2it,1,39,,verdammter; mann,1.000,1.000,!P Verdammter Mann!,!P Verdammter Mann!,NEEDS_TRANSLATION,,,
endi_rozloucen_viel_erfol_WftK,1,39,,viel; erfolg,1.000,1.000,"!P Viel Erfolg, Heinrich!","!P Viel Erfolg, Heinrich!",NEEDS_TRANSLATION,,,
gree_pozdrav_z_was_mochte_wIra,1,39,,möchtest; morgens,1.000,1.000,!P Was möchtest du morgens so?,!P Was möchtest du morgens so?,NEEDS_TRANSLATION,,,
gree_pozdrav_n_was_willst_5gia,1,39,,willst; bettler,1.000,1.000,"!P Was willst du, Bettler!","!P Was willst du, Bettler!",NEEDS_TRANSLATION,,,
gree_pozdrav_n_was_willst_uNgp,1,39,,willst; schelm,1.000,1.000,"!P Was willst du, Schelm?","!P Was willst du, Schelm?",NEEDS_TRANSLATION,,,
idle_kuman_mlu_ber_ho_po__UlM0,1,39,,fejére; menj,1.000,1.000,A fejére menj!,A fejére menj!,NEEDS_TRANSLATION,,,
utrz_kuman_dos_kurvakrvac_p1y6,1,39,,fenébe; vérzek,1.000,1.000,A fenébe... Vérzek!,A fenébe... Vérzek!,NEEDS_TRANSLATION,,,
utrz_kuman_dos_sakra_do_p_ZYtY,1,39,,francba; ujjaim,1.000,1.000,A francba! Az ujjaim!,A francba! Az ujjaim!,NEEDS_TRANSLATION,,,
spol_kuman_vid_kurva_pozor_cDks,1,39,,francba; vigyázz,1.000,1.000,"A francba, vigyázz!","A francba, vigyázz!",NEEDS_TRANSLATION,,,
voja_jostuv_vo_a_helemese_naw0,1,39,,helemese; copak,1.000,1.000,"A helemese, copak to je?",,NEEDS_TRANSLATION,,,
nepr_kuman_nep_do_pici_ko_bo76,1,39,,picsába; megharapott,1.000,1.000,"A picsába, megharapott!","A picsába, megharapott!",NEEDS_TRANSLATION,,,
kuma_spizovaci_cert_aby_t_Fb7Y,1,39,,pokolba; vele,1.000,1.000,A pokolba vele.,A pokolba vele.,NEEDS_TRANSLATION,,,
goss_uhersky_v_svoje_prac_sIR2,1,39,,saját; pénzemet,1.000,1.000,A saját pénzemet!,A saját pénzemet!,NEEDS_TRANSLATION,,,
menh_menhart_z_ale_co_uz__jNaD,1,39,german,aber; nichts,0.286,0.286,Aber nichts... we can only restore our good name by victory in combat.,Aber nichts... we can only restore our good name by victory in combat.,NEEDS_TRANSLATION,,,
npc__npc_bezi__straze_sch_jCgm,1,39,,ach; scheisse,1.000,1.000,"Ach, Scheiße!","Ach, Scheisse!",NEEDS_TRANSLATION,,,
spol_kuman_spo_dej_mu_Qfev,1,39,,adj; neki,1.000,1.000,Adj neki!,Adj neki!,NEEDS_TRANSLATION,,,
npc__kuman_se__dem_do_nej_LMWJ,1,39,,adjunk; nekik,1.000,1.000,Adjunk nekik!,Adjunk nekik!,NEEDS_TRANSLATION,,,
rozh_majitel_s_aha_schon_T433,1,39,,aha; schön,0.500,1.000,Aha. Schön...,!P Aha. Schön...,NEEDS_TRANSLATION,,,
ctvr_musa_z_ma__ala_ka_an_h1Gc,1,39,,ala; ben,1.000,1.000,Ala ka an ben!,Ala ka an ben!,NEEDS_TRANSLATION,,,
utrz_kuman_dos_kurva_ma_h_hYW5,1,39,,aúú; fejem,1.000,1.000,Aúú... a fejem!,Aúú... a fejem!,NEEDS_TRANSLATION,,,
idle_kuman_mlu_vezmi_ho_z_CvR0,1,39,,balról; támadj,1.000,1.000,Balról támadj.,Balról támadj.,NEEDS_TRANSLATION,,,
utrz_kuman_dos_jebat_Jqm9,1,39,,bassza; meg,1.000,1.000,Bassza meg...,Bassza meg...,NEEDS_TRANSLATION,,,
dost_kuman_dos_do_pici_to_2r9G,1,39,,baszd; meg,1.000,1.000,Baszd meg....,Baszd meg....,NEEDS_TRANSLATION,,,
utrz_kuman_dos_jebat_ti_m_qxNl,1,39,,baszom; anyádat,1.000,1.000,Baszom az anyádat!,Baszom az anyádat!,NEEDS_TRANSLATION,,,
spol_spolubojo_kurva_tak__SvcZ,1,39,,bazmeg; segítség,1.000,1.000,Bazmeg. Segítség!,Bazmeg. Segítség!,NEEDS_TRANSLATION,,,
eich_cechmistr_jiste_form_XHtb,1,39,german,junger; mann,0.250,0.250,"Because things are more complicated than they seem, junger Mann.","Because things are more complicated than they seem, junger Mann.",NEEDS_TRANSLATION,,,
gree_obchodnik_bite_sejn_rNbA,1,39,,bite; shein,1.000,1.000,Bite shein…,Bite shein…,NEEDS_TRANSLATION,,,
odev_cechmistr_jestli_mne_cfyq,1,39,german,mein; freund,0.286,0.286,"But if you still want to help me, that’s entirely up to you, mein Freund.","But if you still want to help me, that’s entirely up to you, mein Freund.",NEEDS_TRANSLATION,,,
kupec_poslednib_ale_nesto_lpis,1,39,german,mein; bruder,0.222,0.222,"But you’re not even standing against him, mein Bruder. How many times have I explained it to you?","But you’re not even standing against him, mein Bruder. How many times have I explained it to you?",NEEDS_TRANSLATION,,,
turn_kutnohors_buh_zehnej_mlTL,1,39,,bůh; žehnej,1.000,1.000,Bůh žehnej!,,NEEDS_TRANSLATION,,,
prov_kuman_ude_kurvo_nemy_0Z0I,1,39,,bűzös; disznó,1.000,1.000,Bűzös disznó!,Bűzös disznó!,NEEDS_TRANSLATION,,,
prat_pratelsky_delej_pryc_lnK7,1,39,,csináld; innen,1.000,1.000,Csináld! El innen!,Csináld! El innen!,NEEDS_TRANSLATION,,,
menh_menhart_z_stimmt_hei_94tr,1,39,german,das; stimmt,1.000,1.000,"Das stimmt, Heinrich!","Das stimmt, Heinrich!",NEEDS_TRANSLATION,,,
tahn_jolanda_degesis_diab_InSr,1,39,,degeshis; diabolicus,1.000,1.000,Degeshis diabolicus!,Degeshis diabolicus!,NEEDS_TRANSLATION,,,
idle_kuman_mlu_svinsky_ku_mfaW,1,39,,disznó; kurvák,1.000,1.000,Disznó kurvák!,Disznó kurvák!,NEEDS_TRANSLATION,,,
goss_situace_z_du_bist_wu_jZYs,1,39,,bist; wunderschön,1.000,1.000,Du bist wunderschön!,Du bist wunderschön!,NEEDS_TRANSLATION,,,
goss_gossip_na_als_ob_er__3yqf,1,39,,widerlicher; bastard,1.000,1.000,Du widerlicher bastard...,Du widerlicher bastard...,NEEDS_TRANSLATION,,,
poda_kuman_kom_primo_do_m_FCBf,1,39,,egyenest; húsba,1.000,1.000,Egyenest a húsba!,Egyenest a húsba!,NEEDS_TRANSLATION,,,
npc__npc_bezi__eh_gor_nist_aGzn,1,39,,gor; nisht,1.000,1.000,"Eh, gor nisht...","Eh, Gor nisht...",NEEDS_TRANSLATION,,,
prov_soldier_u_to_slo_ein_hkQW,1,39,german,ein; zwei,1.000,1.000,Ein zwei…,Ein zwei…,NEEDS_TRANSLATION,,,
idle_kuman_mlu_zlomim_ti__azsK,1,39,,eltöröm; lábad,1.000,1.000,Eltöröm a lábad!,Eltöröm a lábad!,NEEDS_TRANSLATION,,,
utik_utikam_z__staci_vyhr_BiY0,1,39,,elég; nyertél,1.000,1.000,Elég! Nyertél!,Elég! Nyertél!,NEEDS_TRANSLATION,,,
reak_kuman_kom_vzal_te_ya_epso,1,39,,ennek; annyi,1.000,1.000,Ennek is annyi!,Ennek is annyi!,NEEDS_TRANSLATION,,,
spol_kuman_spo_jo_J6AT,1,39,,erlik; golyóira,1.000,1.000,Erlik golyóira!,Erlik golyóira!,NEEDS_TRANSLATION,,,
dost_kuman_dos_u_erlikovy_H7QV,1,39,,erlik; tökeire,1.000,1.000,Erlik tökeire...,Erlik tökeire...,NEEDS_TRANSLATION,,,
idle_kuman_mlu_chcat_na_t_MhPz,1,39,,gyors; lesz,1.000,1.000,Ez gyors lesz..,Ez gyors lesz..,NEEDS_TRANSLATION,,,
diva_divak_kom_co_to_bylo_vLvL,1,39,,meg; volt,1.000,1.000,Ez meg mi volt?!,Ez meg mi volt?!,NEEDS_TRANSLATION,,,
utrz_kuman_dos_tohle_ti_s_A7aT,1,39,,most; komoly,1.000,1.000,Ez most komoly?,Ez most komoly?,NEEDS_TRANSLATION,,,
prov_kuman_ude_sezer_to_bRCO,1,39,,ezt; kapd,1.000,1.000,Ezt kapd ki!,Ezt kapd ki!,NEEDS_TRANSLATION,,,
kuma_kuman_uto_ma_zbran_KiNS,1,39,,fegyvere; van,1.000,1.000,Fegyvere van!,Fegyvere van!,NEEDS_TRANSLATION,,,
meni_menim_si__rozsekam_t_gcrV,1,39,,felaprítalak; rohadék,1.000,1.000,"Felaprítalak, te rohadék!","Felaprítalak, te rohadék!",NEEDS_TRANSLATION,,,
brab_brabant_z_fils_de_pu_TPtr,1,39,,fils; pute,1.000,1.000,Fils de pute!,Fils de pute!,NEEDS_TRANSLATION,,,
turn_kutnohors_flakni_ho__EBcb,1,39,,flákni; hranou,1.000,1.000,Flákni ho hranou!,,NEEDS_TRANSLATION,,,
priv_obchodnic_geh_weg_du_QBUb,1,39,,fort; bettler,1.000,1.000,"Fort, du Bettler!","Fort, du Bettler!",NEEDS_TRANSLATION,,,
snid_henry_dostal_jsem_za_7Q49,1,39,,fortuna; iuvat,1.000,1.000,Fortuna Iuvat!,Fortuna Iuvat!,NEEDS_TRANSLATION,,,
odev_cechmistr_dobre_toho_Ww9s,1,39,german,mein; freund,0.333,0.333,"Good. I appreciate that and I remain deeply in your debt, mein Freund.","Good. I appreciate that and I remain deeply in your debt, mein Freund.",NEEDS_TRANSLATION,,,
odmi_npc_neakc_gor_nist_E2I7,1,39,,gor; nisht,1.000,1.000,Gor nisht!,Gor nisht!,NEEDS_TRANSLATION,,,
gree_pozdrav_m_gut_pracht_Zw54,1,39,,gut; prächtig,1.000,1.000,"Gut, prächtig.","Gut, prächtig.",NEEDS_TRANSLATION,,,
gree_pozdrav_m_guten_aben_9rKq,1,39,,guten; abend,1.000,1.000,"Guten Abend, Heinrich!","Guten Abend, Heinrich!",NEEDS_TRANSLATION,,,
gree_pozdrav_m_guten_morg_t9lf,1,39,,guten; morgen,1.000,1.000,"Guten Morgen, Heinrich!","Guten Morgen, Heinrich!",NEEDS_TRANSLATION,,,
bark_kuman_na__tak_pojd_t_xohW,1,39,,gyerünk; disznóbaszó,1.000,1.000,"Gyerünk, te disznóbaszó!","Gyerünk, te disznóbaszó!",NEEDS_TRANSLATION,,,
idle_kuman_mlu_tak_podte__Ma3U,1,39,,gyerünk; szemetek,1.000,1.000,"Gyerünk, ti szemetek!","Gyerünk, ti szemetek!",NEEDS_TRANSLATION,,,
idle_kuman_mlu_rychle_ho__SlHY,1,39,,gyorsan; lerendezzük,1.000,1.000,Gyorsan lerendezzük!,Gyorsan lerendezzük!,NEEDS_TRANSLATION,,,
idle_kuman_mlu_zbabely_ho_UFgu,1,39,,gyáva; szarevő,1.000,1.000,Gyáva szarevő!,Gyáva szarevő!,NEEDS_TRANSLATION,,,
opon_oponentov_smula_fSk1,1,39,,micsoda; pech,1.000,1.000,"Ha, micsoda pech...","Ha, micsoda pech...",NEEDS_TRANSLATION,,,
poda_podareny__ha_dobra_r_nCoJ,1,39,,szép; találat,1.000,1.000,Ha... Szép találat!,Ha... Szép találat!,NEEDS_TRANSLATION,,,
reak_kuman_kom_ahahaja_ej_hlgZ,1,39,,hahahá; éjja,1.000,1.000,"Hahahá, éjja hó!","Hahahá, éjja hó!",NEEDS_TRANSLATION,,,
opon_kuman_kom_kurva_vide_80AE,1,39,,heh; láttátok,1.000,1.000,"Heh, láttátok?","Heh, láttátok?",NEEDS_TRANSLATION,,,
menh_menhart_z_jindro_ma__Em46,1,39,german,gut; ein,0.250,0.500,Henry! Gut! I have ein Job for you. You will help?,Henry! Gut! I have leetle job for you. You will help?,NEEDS_TRANSLATION,,,
dial_musa_z_ma_hergot_hm__6K65,1,39,german,gott; hmm,0.125,0.250,Herr Gott? Hmm… I see some German words have caught on in Italy.,!P Mein Gott? Hmm… I see some German words have caught on in Italy.,NEEDS_TRANSLATION,,,
rozh_kupec_vel_hm_to_te_c_ZqZZ,1,39,german,mein; freund,0.154,0.154,"Hm, that’s a tough job ahead of you, mein Freund. But you’re young and wealthy, so you surely have strength and coin enough.","Hm, that’s a tough job ahead of you, mein Freund. But you’re young and wealthy, so you surely have strength and coin enough.",NEEDS_TRANSLATION,,,
prov_kuman_ude_haha_pico__WGzz,1,39,,háhá; picsa,1.000,1.000,"Háhá, picsa!","Háhá, picsa!",NEEDS_TRANSLATION,,,
goss_uhersky_v_hm_no_lrTX,1,39,,hát; igen,1.000,1.000,"Hát, igen...","Hát, igen...",NEEDS_TRANSLATION,,,
prat_pratelsky_hej_koukej_0wer,1,39,,húzz; picsába,1.000,1.000,Hé! Húzz a picsába!,Hé! Húzz a picsába!,NEEDS_TRANSLATION,,,
prov_kuman_ude_ej_do_lebe_1OGb,1,39,,koppan; koponya,1.000,1.000,Hé! Koppan a koponya!,Hé! Koppan a koponya!,NEEDS_TRANSLATION,,,
kuma_kuman_vol_hej_vsichn_SX0u,1,39,,mindenki; ide,1.000,1.000,Hé! Mindenki ide!,Hé! Mindenki ide!,NEEDS_TRANSLATION,,,
prat_pratelsky_hej_vypadn_M4Ig,1,39,,takarodj; innen,1.000,1.000,Hé! Takarodj innen el!,Hé! Takarodj innen el!,NEEDS_TRANSLATION,,,
diva_divak_kom_hej_jak_to_M1Am,1,39,,hova; lődözöl,1.000,1.000,"Hé, hova lődözöl!?","Hé, hova lődözöl!?",NEEDS_TRANSLATION,,,
reak_kuman_kom_eja_dobre__WxwD,1,39,,szép; győzelem,1.000,1.000,"Hé, szép győzelem!","Hé, szép győzelem!",NEEDS_TRANSLATION,,,
klau_cechmistr_tvoje_meto_j1UY,1,39,german,mein; bruder,0.154,0.154,"I don’t like your methods, mein Bruder. Henry said you got rid of those scoundrels you’d hired before?","I don’t like your methods, mein Bruder. Henry said you got rid of those scoundrels you’d hired before?",NEEDS_TRANSLATION,,,
eich_cechmistr_uff_vidim__ynqR,1,39,german,mein; freund,0.400,0.400,"I see you are not afraid of anything, mein Freund!","I see you are not afraid of anything, mein Freund!",NEEDS_TRANSLATION,,,
eich_cechmistr_kdyby_jen__LTRh,1,39,german,junger; mann,0.333,0.333,"If only it was just one someone, junger Mann!","If only it was just one someone, junger Mann!",NEEDS_TRANSLATION,,,
rozh_kupec_vel_pokud_to_j_zF7h,1,39,german,auf; wiedersehen,0.286,0.286,"If that’s all, you’d better leave, auf Wiedersehen!","If that’s all, you’d better leave, Auf Wiedersehen!",NEEDS_TRANSLATION,,,
menh_menhart_z_jestli_nev_9Vxk,1,39,hungarian,duell; mit; langschwertern,0.167,0.500,"If you do not believe me, try me! I challenge you to a Duell mit Langschwertern!","If you do not believe me, try me! I challenge you to a Duell mit Langschwertern!",NEEDS_TRANSLATION,,,
idle_kuman_mlu_pomodli_se_7yXa,1,39,,imádkozz; mocsadék,1.000,1.000,"Imádkozz, mocsadék!","Imádkozz, mocsadék!",NEEDS_TRANSLATION,,,
idle_kuman_mlu_pomodli_se_40IE,1,39,,imádkozz; bolond,1.000,1.000,"Imádkozz, te bolond.","Imádkozz, te bolond.",NEEDS_TRANSLATION,,,
utrz_kuman_dos_kurva_do_r_0fnD,1,39,,istenem; kezem,1.000,1.000,Istenem! A kezem.,Istenem! A kezem.,NEEDS_TRANSLATION,,,
utrz_kuman_dos_tak_do_hla_mqKX,1,39,,istenem; fejem,1.000,1.000,"Istenem, a fejem!","Istenem, a fejem!",NEEDS_TRANSLATION,,,
utik_utikam_z__kurva_seru_k4Is,1,39,,istenem; szarok,1.000,1.000,Istenem...szarok rá!,Istenem...szarok rá!,NEEDS_TRANSLATION,,,
s_he_rychtar_m_to_je_hlav_G7EN,1,39,german,das; stimmt,0.400,0.400,"Ja, das stimmt! Mainly for the stolen book.","Ja, das stimmt! Mainly for the stolen book.",NEEDS_TRANSLATION,,,
zada_kradene_z_ja_das_sti_I0BB,1,39,german,das; stimmt,0.286,0.286,"Ja, das stimmt, may the devil take those bastards!","Ja, das stimmt, may the devil take those bastards!",NEEDS_TRANSLATION,,,
zada_cechmistr_ja_das_sti_McU4,1,39,german,das; stimmt,0.400,0.400,"Ja, das stimmt. Damn those bastards!","Ja, das stimmt. Damn those bastards!",NEEDS_TRANSLATION,,,
mann_cechmistr_jetzt_vors_9YiO,1,39,,jetzt; vorsichtig,1.000,1.000,Jetzt vorsichtig!,Jetzt vorsichtig!,NEEDS_TRANSLATION,,,
opon_kuman_kom_hahaha_ej__EovZ,1,39,,juhééé; elkaptam,1.000,1.000,Juhééé! Elkaptam!,Juhééé! Elkaptam!,NEEDS_TRANSLATION,,,
svep_svepomoc__jo_tunj_el_gX2g,1,39,,tűnj; most,1.000,1.000,Jó! Tűnj el most!,Jó! Tűnj el most!,NEEDS_TRANSLATION,,,
spol_kuman_vid_ses_dobrej_jLkl,1,39,,jól; vagy,1.000,1.000,Jól vagy?!,Jól vagy?!,NEEDS_TRANSLATION,,,
gree_pozdrav_m_ci_kaj_dzas_5o0x,1,39,,kaj; džas,1.000,1.000,Kaj džas?,,NEEDS_TRANSLATION,,,
turn_kutnohors_kam_cumis_Tw5S,1,39,,kam; čumíš,1.000,1.000,Kam čumíš?!,,NEEDS_TRANSLATION,,,
zizk_samuel_xx_OouJ,1,39,,karno; be-eneykha,1.000,1.000,Karno be-eneykha!,Karno be-eneykha!,NEEDS_TRANSLATION,,,
dost_kuman_dos_slitovna_t_dsPk,1,39,,kegyes; szűzanya,1.000,1.000,Kegyes Szűzanya!,Kegyes Szűzanya!,NEEDS_TRANSLATION,,,
npc__npc_vidi__keine_sorge_6lF4,1,39,,keine; sorge,1.000,1.000,Keine Sorge!,Keine Sorge!,NEEDS_TRANSLATION,,,
idle_kuman_mlu_hovnozrout_7M8x,1,39,,kibaszott; szarzabálók,1.000,1.000,Kibaszott szarzabálók!,Kibaszott szarzabálók!,NEEDS_TRANSLATION,,,
nepr_kuman_nep_zasranej_c_2g5u,1,39,,kibaszott; kutya,1.000,1.000,Kibaszott... kutya...,Kibaszott... kutya...,NEEDS_TRANSLATION,,,
idle_kuman_mlu_vykuchame__KVsZ,1,39,,kibelezünk; téged,1.000,1.000,Kibelezünk téged!,Kibelezünk téged!,NEEDS_TRANSLATION,,,
mann_cechmistr_komm_schon_no7u,1,39,,komm; schon,1.000,1.000,Komm schon!,Komm schon!,NEEDS_TRANSLATION,,,
stre_strelnice_budte_ztic_mwtk,1,39,,kussoljatok; idegesítetek,1.000,1.000,"Kussoljatok, idegesítetek!","Kussoljatok, idegesítetek!",NEEDS_TRANSLATION,,,
utrz_kuman_dos_prilis_pom_06MS,1,39,,lassú; vagy,1.000,1.000,Lassú vagy!,Lassú vagy!,NEEDS_TRANSLATION,,,
rezy_else_nechci_nic_slys_13cG,1,39,german,auf; wiedersehen,0.286,0.286,"Leave me alone, I don't want to hear it! Auf Wiedersehen.","Leave me alone, I don't want to hear it! Auf Wiedersehen.",NEEDS_TRANSLATION,,,
utrz_kuman_dos_ja_ti_ty_p_eoJG,1,39,,letépem; lábad,1.000,1.000,Letépem a lábad!,Letépem a lábad!,NEEDS_TRANSLATION,,,
npc__kuman_se__zkusim_to__nWgz,1,39,,leverem; őket,1.000,1.000,Leverem őket!,Leverem őket!,NEEDS_TRANSLATION,,,
spol_kuman_spo_ted_ho_dor_x7qF,1,39,,leverjük; rohadékot,1.000,1.000,Leverjük a rohadékot!,Leverjük a rohadékot!,NEEDS_TRANSLATION,,,
goss_lapka_mlu_moc_vtipny_bcN5,1,39,,marha; vicces,1.000,1.000,Marha vicces.,Marha vicces.,NEEDS_TRANSLATION,,,
neko_nekoho_ta_zhebnes_ty_ZwE2,1,39,,megdöglesz; disznó,1.000,1.000,"Megdöglesz, te disznó!","Megdöglesz, te disznó!",NEEDS_TRANSLATION,,,
neko_nekoho_ta_chcipnete__S5BW,1,39,,megdöglötök; rohadékok,1.000,1.000,"Megdöglötök, rohadékok!","Megdöglötök, rohadékok!",NEEDS_TRANSLATION,,,
utrz_kuman_dos_nakrmim_te_pMVF,1,39,,megetetlek; kutyámmal,1.000,1.000,Megetetlek a kutyámmal!,Megetetlek a kutyámmal!,NEEDS_TRANSLATION,,,
kuma_spizovaci_zase_nic_0qWe,1,39,,megint; semmi,1.000,1.000,Megint semmi.,Megint semmi.,NEEDS_TRANSLATION,,,
nepr_kuman_kom_stuj_ty_ha_fD08,1,39,,megállj; rohadék,1.000,1.000,"Megállj, te rohadék!","Megállj, te rohadék!",NEEDS_TRANSLATION,,,
free_obet_reag_mein_gott__ShXt,1,39,german,mein; gott,0.667,0.667,Mein Gott! Look out!,Mein Gott! Look out!,NEEDS_TRANSLATION,,,
assa_npc_vidi__mein_gott__y1Kk,1,39,german,mein; gott,0.667,0.667,Mein Gott! Sit! Sit!,Mein Gott! Sit! Sit!,NEEDS_TRANSLATION,,,
odev_hospodsky_mein_gott__qHOy,1,39,german,mein; gott,0.667,0.667,Mein Gott! You really did it!,Mein Gott! You really did it!,NEEDS_TRANSLATION,,,
odev_cechmistr_oh_shit_HbqC,1,39,german,mein; gott,0.333,0.333,"Mein Gott, but this’s really important! Please hurry with it.","Mein Gott, but this’s really important! Please hurry with it.",NEEDS_TRANSLATION,,,
laze_lazebnice_mein_gott_UyBe,1,39,german,mein; gott,0.500,0.500,"Mein Gott, Henry, that was really something!","Mein Gott, Henry, that was really something!",NEEDS_TRANSLATION,,,
stal_stalker_co_zas_wEcF,1,39,,van; már,1.000,1.000,Mi van már?,Mi van már?,NEEDS_TRANSLATION,,,
zave_henry_mit_mondasz_WBIK,1,39,hungarian,mit; mondasz,1.000,1.000,Mit mondasz?,Mit mondasz?,NEEDS_TRANSLATION,,,
kupec_poslednib_mit_vergn_1EA3,1,39,hungarian,mit; vergnügen,0.333,0.333,"Mit Vergnügen, that is if Master Henry here knows about your dealings?","Mit Vergnügen, that is if Master Henry here knows about your dealings?",NEEDS_TRANSLATION,,,
svep_svepomoc__mit_megoll_RrF8,1,39,,mit; megöllek,1.000,1.000,Mit? Megöllek!,Mit? Megöllek!,NEEDS_TRANSLATION,,,
brab_brabant_r_mon_dieu__RCoa,1,39,,mon; dieu,1.000,1.000,Mon Dieu!,Mon Dieu!,NEEDS_TRANSLATION,,,
spol_kuman_spo_kriple_CyIR,1,39,,most; elkapjuk,1.000,1.000,Most elkapjuk!,Most elkapjuk!,NEEDS_TRANSLATION,,,
idle_kuman_mlu_eja_ej_ted_wuRS,1,39,,most; elkaplak,1.000,1.000,Most elkaplak!,Most elkaplak!,NEEDS_TRANSLATION,,,
menh_menhart_z_na_ja_dela_FfbT,1,39,german,ein; kleiner,0.500,0.500,"Na ja, just ein kleiner joke.","Na ja, just ein kleiner joke.",NEEDS_TRANSLATION,,,
idle_kuman_mlu_tak_co_bud_5s2z,1,39,,lesz; hullajelölt,1.000,1.000,"Na mi lesz, te hullajelölt...","Na mi lesz, te hullajelölt...",NEEDS_TRANSLATION,,,
npc__kuman_se__tak_co_pan_z6S8,1,39,,van; nyomorultak,1.000,1.000,"Na mi van, nyomorultak?","Na mi van, nyomorultak?",NEEDS_TRANSLATION,,,
goss_lapka_mlu_to_mas_ted_mCBc,1,39,,nagy; igazság,1.000,1.000,Nagy igazság.,Nagy igazság.,NEEDS_TRANSLATION,,,
eich_cechmistr_ale_pomohl_FL8z,1,39,german,natürlich; hilft,0.200,0.200,"Natürlich hilft er, but the question is how long it would take, and how much merchandise we would have left over.","Natürlich hilft er, but the question is how long it would take, and how much merchandise we would have left over.",NEEDS_TRANSLATION,,,
prov_kuman_ude_ha_do_ksic_h98Q,1,39,,nesze; pofádba,1.000,1.000,Nesze a pofádba!,Nesze a pofádba!,NEEDS_TRANSLATION,,,
poda_kuman_kom_tu_mas_bas_86Pj,1,39,,nesze; faszfej,1.000,1.000,"Nesze, te faszfej!","Nesze, te faszfej!",NEEDS_TRANSLATION,,,
dost_kuman_dos_eh_dobrej__91O0,1,39,,nesze; féreg,1.000,1.000,"Nesze, te féreg!","Nesze, te féreg!",NEEDS_TRANSLATION,,,
dial_stalker_nicht_amor_NWF7,1,39,german,nicht; amor,1.000,1.000,Nicht amor...,Nicht amor...,NEEDS_TRANSLATION,,,
utrz_kuman_dos_nesahej_na_Y5RZ,1,39,,nincs; fegyvered,1.000,1.000,Nincs fegyvered?,Nincs fegyvered?,NEEDS_TRANSLATION,,,
prat_pratelsky_tak_bude_to_yedn,1,39,,lesz; már,1.000,1.000,"No, mi lesz már?!","No, mi lesz már?!",NEEDS_TRANSLATION,,,
bark_kuman_na__zabijte_ty_7gBn,1,39,,nyírjátok; rohadékokat,1.000,1.000,Nyírjátok ki a rohadékokat!,Nyírjátok ki a rohadékokat!,NEEDS_TRANSLATION,,,
gree_pozdrav_h_neco_potre_6cRw,1,39,,něco; potřebuješ,1.000,1.000,Něco potřebuješ?,,NEEDS_TRANSLATION,,,
gree_pozdrav_m_oh_devla_g_Fr6N,1,39,,devla; gadjo,1.000,1.000,"Oh Devla, gadjo!","Oh Devla, gadjo!",NEEDS_TRANSLATION,,,
gree_obchodnik_oh_nein_du_6DUZ,1,39,,nein; bettler,1.000,1.000,"Oh nein, du Bettler...","Oh nein, du Bettler...",NEEDS_TRANSLATION,,,
gree_pozdrav_z_oh_so_was__RlCH,1,39,,willst; schelm,1.000,1.000,"Oh so... Was willst du, Schelm?",,NEEDS_TRANSLATION,,,
stre_strelnice_zasah_iB6c,1,39,,ott; van,1.000,1.000,Ott van!,Ott van!,NEEDS_TRANSLATION,,,
prov_kuman_ude_nachcat_ti_jss3,1,39,,pisi; torkodon,1.000,1.000,Pisi a torkodon!,Pisi a torkodon!,NEEDS_TRANSLATION,,,
vrba_spizovaci_bud_zticha_sVMX,1,39,,pofa; nőszemély,1.000,1.000,"Pofa be, nőszemély!","Pofa be, nőszemély!",NEEDS_TRANSLATION,,,
stre_strelnice_a_rovnou_n_R2NC,1,39,,pont; közepibe,1.000,1.000,Pont a közepibe!,Pont a közepibe!,NEEDS_TRANSLATION,,,
prat_pratelsky_proste_pad_5O5T,1,39,,prostě; padej,1.000,1.000,Prostě padej!,,NEEDS_TRANSLATION,,,
poda_podareny__ty_vole_sk_o5Om,1,39,,remek; csapás,1.000,1.000,Remek csapás!,Remek csapás!,NEEDS_TRANSLATION,,,
bohu_bohuta_npc_requiesca_KyEE,1,39,latin,requiescat; pace,1.000,1.000,Requiescat in pace...,Requiescat in pace...,NEEDS_TRANSLATION,,,
kuma_kuman_vol_poplach_do_v7xR,1,39,,riadó; roham,1.000,1.000,Riadó! Roham!,Riadó! Roham!,NEEDS_TRANSLATION,,,
kuma_kuman_vol_poplaaach__skQF,1,39,,riadóóóó; támad,1.000,1.000,Riadóóóó! Támad!,Riadóóóó! Támad!,NEEDS_TRANSLATION,,,
nepr_kuman_nep_cokle_zasr_i52L,1,39,,rohadt; dög,1.000,1.000,Rohadt dög!,Rohadt dög!,NEEDS_TRANSLATION,,,
kost_kostky_he_schade_mann_8bGe,1,39,,schade; mann,1.000,1.000,"Schade, Mann.","Schade, Mann.",NEEDS_TRANSLATION,,,
kuma_spizovaci_nic_skoda_ZpDP,1,39,,semmi; kár,1.000,1.000,Semmi. Kár.,Semmi. Kár.,NEEDS_TRANSLATION,,,
priv_obchodnic_salom_alej_dFlG,1,39,yiddish_hebrew,shalom; aleichem,1.000,1.000,Shalom aleichem!,Shalom aleichem!,NEEDS_TRANSLATION,,,
pozd_sousedsky_salom_alej_Wm4j,1,39,yiddish_hebrew,shalom; aleichem,1.000,1.000,Shalom aleichem…,Shalom aleichem…,NEEDS_TRANSLATION,,,
kupec_poslednib_zustan_si_CS9g,1,39,german,mein; bruder,0.286,0.286,"Stay guildmaster, mein Bruder, but be careful, we’ll be watching you!","Stay guildmaster, mein Bruder, but be careful, we’ll be watching you!",NEEDS_TRANSLATION,,,
nast_orbance_s_svine_praz_Mvog,1,39,,svině; pražský,1.000,1.000,Svině pražský...,,NEEDS_TRANSLATION,,,
bark_kuman_na__do_psi_diry_QXfr,1,39,,szopjál; kutyát,1.000,1.000,Szopjál kutyát!,Szopjál kutyát!,NEEDS_TRANSLATION,,,
stre_strelnice_hezky_dopr_HAma,1,39,,szépen; középen,1.000,1.000,Szépen középen!,Szépen középen!,NEEDS_TRANSLATION,,,
idle_kuman_mlu_nakopem_va_OEZL,1,39,,szétrúgjuk; seggeteket,1.000,1.000,Szétrúgjuk a seggeteket!,Szétrúgjuk a seggeteket!,NEEDS_TRANSLATION,,,
neko_nekoho_ta_natrhnu_ti_ewqd,1,39,,szétrúgom; segged,1.000,1.000,Szétrúgom a segged!,Szétrúgom a segged!,NEEDS_TRANSLATION,,,
bark_kuman_na__dostanes_p_ccoI,1,39,,szétverem; pofád,1.000,1.000,Szétverem a pofád!,Szétverem a pofád!,NEEDS_TRANSLATION,,,
hadk_event_rva_chces_si_t_Cfy2,1,39,,szétverjem; pofád,1.000,1.000,Szétverjem a pofád?,Szétverjem a pofád?,NEEDS_TRANSLATION,,,
diva_divak_kom_zasah_h_e__p52S,1,39,,talált; ju-hu-hú,1.000,1.000,"Talált, ju-hu-hú!!!","Talált, ju-hu-hú!!!",NEEDS_TRANSLATION,,,
bark_kuman_na__ty_z_kurvy_CF4g,1,39,,kutyazabáló; kurvafattya,1.000,1.000,Te kutyazabáló kurvafattya!,Te kutyazabáló kurvafattya!,NEEDS_TRANSLATION,,,
utrz_kuman_dos_ty_prasive_0tCe,1,39,,rühes; kutya,1.000,1.000,Te rühes kutya!,Te rühes kutya!,NEEDS_TRANSLATION,,,
kuma_spizovaci_co_ty_tam__OT96,1,39,,ott; hátul,1.000,1.000,"Te, ott hátul?!","Te, ott hátul?!",NEEDS_TRANSLATION,,,
endi_rozloucen_taves_bach_X8Om,1,39,,aves; bachtalo,1.000,1.000,T´aves bachtalo!,,NEEDS_TRANSLATION,,,
nekd_nekdo_si__rozrazim_t_myeo,1,39,,téged; megbaszlak,1.000,1.000,Téged is megbaszlak!,Téged is megbaszlak!,NEEDS_TRANSLATION,,,
goss_lapka_mlu_jo_povidej_4gDj,1,39,,tényleg; mesélj,1.000,1.000,Tényleg? Mesélj!,Tényleg? Mesélj!,NEEDS_TRANSLATION,,,
opon_kuman_kom_zkurvysyn__hidx,1,39,,túró; pofádba,1.000,1.000,Túró a pofádba!,Túró a pofádba!,NEEDS_TRANSLATION,,,
turn_kutnohors_udelej_to__FG2a,1,39,,udělej; znova,1.000,1.000,Udělej to znova!,,NEEDS_TRANSLATION,,,
turn_kutnohors_uz_to_z_ne_rl0C,1,39,,něj; teče,1.000,1.000,Už to z něj teče!,,NEEDS_TRANSLATION,,,
npc__kuman_se__sem_s_vama_UMRV,1,39,,veletek; vagyok,1.000,1.000,Veletek vagyok!,Veletek vagyok!,NEEDS_TRANSLATION,,,
turn_kutnohors_vidim_cerv_xwjv,1,39,,vidim; červenou,1.000,1.000,Vidim červenou!,,NEEDS_TRANSLATION,,,
nepr_kuman_pes_pozor_na_t_Bai0,1,39,,vigyázz; kutyával,1.000,1.000,Vigyázz a kutyával!,Vigyázz a kutyával!,NEEDS_TRANSLATION,,,
tria_sara_samo_vas_sagst__LJCn,1,39,,vos; zogstu,1.000,1.000,Vos zogstu?,Vos zogstu?,NEEDS_TRANSLATION,,,
turn_kutnohors_vydrz_to_z_V2My,1,39,,vydrž; zvládneš,1.000,1.000,"Vydrž, to zvládneš!",,NEEDS_TRANSLATION,,,
prov_kuman_ude_to_nedas_4WSr,1,39,,véged; van,1.000,1.000,Véged van!,Véged van!,NEEDS_TRANSLATION,,,
spol_kuman_spo_skonci_to_OU16,1,39,,végezz; vele,1.000,1.000,Végezz vele!,Végezz vele!,NEEDS_TRANSLATION,,,
rezy_else_kdo_jsi_a_co_mi_trfB,1,39,german,ist; los,0.667,0.667,Was ist los? What do you want of me?,Was ist los? What do you want of me?,NEEDS_TRANSLATION,,,
gree_pozdrav_m_was_willst_jEcP,1,39,,willst; betrunken,1.000,1.000,Was willst du betrunken?,Was willst du betrunken?,NEEDS_TRANSLATION,,,
gree_obchodnik_was_willst_rWib,1,39,,willst; heute,1.000,1.000,"Was willst du heute, Heinrich?","Was willst du heute, Heinrich?",NEEDS_TRANSLATION,,,
pred_prekupnik_co_to_sere_PMZg,1,39,german,mein; freund,0.500,0.500,"Was? I certainly do not carry that, mein Freund.","Was? I certainly do not carry that, mein Freund.",NEEDS_TRANSLATION,,,
gree_obchodnik_wie_gehts__S1AT,1,39,,wie; geht's,1.000,1.000,"Wie geht's, Heinrich?","Wie geht's, Heinrich?",NEEDS_TRANSLATION,,,
kupec_cechmistr_prozradis_epvO,1,39,german,mein; bruder,0.182,0.182,"Will you tell us why we’re here, mein Bruder? And please, take care, you’ve put me in a damned tough spot.","Will you tell us why we’re here, mein Bruder? And please, take care, you’ve put me in a damned tough spot.",NEEDS_TRANSLATION,,,
odev_cechmistr_vybral_sis_xWk7,1,39,german,junger; mann,0.154,0.154,"You’ve chosen your side and you stand by your king, that’s understandable, junger Mann... At your age, I’d’ve done the same.","You’ve chosen your side and you stand by your king, that’s understandable, junger Mann... At your age, I’d’ve done the same.",NEEDS_TRANSLATION,,,
kost_kostky_vy_zum_schluss_r4JL,1,39,,zum; schluss,1.000,1.000,Zum Schluss!,Zum Schluss!,NEEDS_TRANSLATION,,,
utrz_kuman_dos_kurvadosta_UGun,1,39,,ezt; beszoptam,1.000,1.000,Áh... ezt beszoptam.,Áh... ezt beszoptam.,NEEDS_TRANSLATION,,,
nekd_nekdo_si__pomozte_mi_zXLr,1,39,,áhh; bazmeg,1.000,1.000,"Áhh, bazmeg.","Áhh, bazmeg.",NEEDS_TRANSLATION,,,
nekd_nekdo_si__kurva_oafb,1,39,,áhh; francba,1.000,1.000,Áhh... a francba!,Áhh... a francba!,NEEDS_TRANSLATION,,,
dost_kuman_dos_ah_ma_hlava_SzXy,1,39,,ááá; fejem,1.000,1.000,Ááá... a fejem!,Ááá... a fejem!,NEEDS_TRANSLATION,,,
dost_kuman_dos_moje_ruka_vNtR,1,39,,áááá; kezem,1.000,1.000,"Áááá, a kezem...","Áááá, a kezem...",NEEDS_TRANSLATION,,,
goss_lapka_mlu_a_to_je_vo_Eex5,1,39,,mióta; van,1.000,1.000,És az mióta van?,És az mióta van?,NEEDS_TRANSLATION,,,
goss_lapka_mlu_a_co_bylo__09WS,1,39,,aztán; történt,1.000,1.000,És aztán mi történt?,És aztán mi történt?,NEEDS_TRANSLATION,,,
goss_lapka_mlu_a_zpivaly__2HIN,1,39,,szépen; szólt,1.000,1.000,És szépen szólt?,És szépen szólt?,NEEDS_TRANSLATION,,,
opil_kuman_si__elveszitik_KHsH,1,38,,elveszítik; hitüket,1.000,1.000,...elveszítik hitüket...,...elveszítik hitüket...,NEEDS_TRANSLATION,,,
comb_hans_plum_hehkoukam__G4ma,1,38,german,das; langschwert,0.200,0.400,"Ah, I see you like das Langschwert too, eh?","!P ah, I see you like das Langschwert too, eh?",NEEDS_TRANSLATION,,,
pozd_sousedsky_salom_nZRg,1,38,,aleichem; shalom,1.000,1.000,Aleichem shalom!,Aleichem shalom!,NEEDS_TRANSLATION,,,
cin__legatuv_m__vGw6,1,38,,andiamo; forza,1.000,1.000,Andiamo! Forza!,Andiamo! Forza!,NEEDS_TRANSLATION,,,
zave_vasko_ty_mluvis_mada_Qfiz,1,38,,beszéled; nyelvünket,1.000,1.000,Beszéled a nyelvünket?,Beszéled a nyelvünket?,NEEDS_TRANSLATION,,,
situ_situace_v_akorat_nem_j5Q1,1,38,german,meine; muttersprache,0.400,0.400,But she doesn't like it when I speak in meine Muttersprache.,But she doesn't like it when I speak in meine Muttersprache.,NEEDS_TRANSLATION,,,
menh_henry_danke_menhart_ZxyY,1,38,,danke; menhard,0.500,1.000,"Danke, Menhard!",!P Danke Menhard.,NEEDS_TRANSLATION,,,
hyne_event_tab_deo_gratia_Mnh4,1,38,latin,deo; gratias,0.400,0.400,Deo gratias. I do hope you're right.,Deo gratias. I do hope you're right.,NEEDS_TRANSLATION,,,
tara_taras_mura_gloria_vi_earK,1,38,,discede; daemonium,1.000,1.000,Discede daemonium!,Discede daemonium!,NEEDS_TRANSLATION,,,
stre_strelnice_do_prdele__Kqk4,1,38,,prdele; práce,1.000,1.000,Do prdele práce!,,NEEDS_TRANSLATION,,,
goss_dlc3_goss_to_radsi_a_Ljee,1,38,,don't; say,1.000,1.000,Don't say that!,Don't say that!,NEEDS_TRANSLATION,,,
npc__npc_neroz_ein_stein__jaks,1,38,german,ein; stein,1.000,1.000,Ein Stein? Where did that come from?,Ein Stein? Where did that come from?,NEEDS_TRANSLATION,,,
prat_pratelsky_ej_fajf_da_IsQ2,1,38,,fajf; darojf,1.000,1.000,"Ej, Fajf darojf...","Ej, Fajf darojf...",NEEDS_TRANSLATION,,,
druh_opily_kum_ez_egy_bun_IG2b,1,38,,egy; bunkó,1.000,1.000,Ez egy bunkó!,Ez egy bunkó!,NEEDS_TRANSLATION,,,
opon_oponent_s_kryjte_se__GMmJ,1,38,,fedezékbe; nyílpuska,1.000,1.000,Fedezékbe! Nyílpuska!,Fedezékbe! Nyílpuska!,NEEDS_TRANSLATION,,,
hosp_hospodsky_gefallt_er_biQ7,1,38,,gefällt; ihnen,1.000,1.000,Gefällt er Ihnen?,Gefällt er Ihnen?,NEEDS_TRANSLATION,,,
s_he_rychtar_m_to_rad_sly_K8e9,1,38,german,gut; gemacht,0.200,0.200,"Glad to hear it… Gut gemacht! Do not forget, this is about the stolen book. There will be no reward without it.","Glad to hear it… Gut gemacht! Do not forget, this is about the stolen book. There will be no reward without it.",NEEDS_TRANSLATION,,,
gree_pozdrav_z_bud_zdrav__zrbo,1,38,,greetings; what's,1.000,1.000,"Greetings, what's up?","Greetings, what's up?",NEEDS_TRANSLATION,,,
gree_pozdrav_n_zdravim_co_o1uV,1,38,,greetings; what's,1.000,1.000,Greetings. What's up?,Greetings. What's up?,NEEDS_TRANSLATION,,,
eich_cechmistr_ganz_genau_TFtC,1,38,german,gut; gemacht,0.400,0.400,"Gut gemacht. Tell me, how do you plan on doing it?","Gut gemacht. Tell me, how do you plan on doing it?",NEEDS_TRANSLATION,,,
bark_event_tab_gute_schla_tuej,1,38,,gute; schlacht,1.000,1.000,Gute Schlacht!,Gute Schlacht!,NEEDS_TRANSLATION,,,
kuma_opily_kum_gyorsan_a__sKR8,1,38,,gyorsan; táborba,1.000,1.000,Gyorsan a táborba!,Gyorsan a táborba!,NEEDS_TRANSLATION,,,
alte_brabant_pro_krista_u_N4QG,1,38,french,monsieur; chapon,0.125,0.250,"Haha, I will enjoy hearing that histoire. Monsieur Chapon kept that a secret from me!","Ha Ha, I will enjoy hearing that histoire. Lord Capon kept that a secret from me!",NEEDS_TRANSLATION,,,
reak_kutnohors_napen_mu_j_sce7,1,38,,barley; stand,1.000,1.000,He can barley stand!,He can barley stand!,NEEDS_TRANSLATION,,,
mora_moravak_s_jindro_nal_ofE2,1,38,,beat; now,1.000,1.000,Henry! Beat him up now!,Henry! Beat him up now!,NEEDS_TRANSLATION,,,
poce_event_poc_mein_herr__Ol7x,1,38,german,herr; otto,0.167,0.333,Herr Otto will be most pleased if I present him with your head.,Mein Herr Otto will be most pleased if I present him with your head.,NEEDS_TRANSLATION,,,
lock_obyvatel__hej_ausste_Gr4k,1,38,,hey; aufhören,0.500,1.000,Hey! Aufhören!,!P Hey! Aussteigen!,NEEDS_TRANSLATION,,,
menh_menhart_z_a_co_nejak_u68U,1,38,german,eine; wette,0.667,0.667,How about... eine Wette?,How about... eine Wette?,NEEDS_TRANSLATION,,,
cin__opat_jan__humiliter__4Z97,1,38,,humíliter; commendámus,1.000,1.000,"humíliter commendámus,","humíliter commendámus,",NEEDS_TRANSLATION,,,
spol_spolubojo_ja_tady_ch_0STY,1,38,,ide; gyorsan,1.000,1.000,"Ide, gyorsan!","Ide, gyorsan!",NEEDS_TRANSLATION,,,
kupec_cechmistr_v_tom_pri_YOX7,1,38,german,meine; freunde,0.333,0.333,"In that case, I think we’re agreed, meine Freunde.","In that case, I think we’re agreed, meine Freunde.",NEEDS_TRANSLATION,,,
stal_stalker_dekuju_ti_ml_7ofj,1,38,,köszönöm; fiacskám,1.000,1.000,"Köszönöm, fiacskám!","Köszönöm, fiacskám!",NEEDS_TRANSLATION,,,
opti_hospodsky_moji_zenu__tE9b,1,38,german,meine; frau,0.250,0.250,"Leave meine Frau out of this! If I hadn't loved her, she'd still be alive!","Leave meine Frau out of this! If I hadn't loved her, she'd still be alive!",NEEDS_TRANSLATION,,,
opil_opily_kum_lanyok_pia_5hQj,1,38,,lányok; pia,1.000,1.000,"Lányok, pia...","Lányok, pia...",NEEDS_TRANSLATION,,,
s_fa_fabrizio_maledetti_v_1wjl,1,38,,maledetti; visitatori,1.000,1.000,Maledetti visitatori...,Maledetti visitatori...,NEEDS_TRANSLATION,,,
odev_cechmistr_eh_ja_hmm__YZSN,1,38,german,mein; gott,0.333,0.333,Mein Gott... I think there’s one explanation...,Mein Gott... I think there’s one explanation...,NEEDS_TRANSLATION,,,
kuma_spizovaci_jakych_dvou_LjMJ,1,38,,melyik; kettő,1.000,1.000,Melyik kettő?,Melyik kettő?,NEEDS_TRANSLATION,,,
meni_menim_si__utikaji_st_J7Pv,1,38,,menekülnek; lőjetek,1.000,1.000,Menekülnek! Lőjetek!,Menekülnek! Lőjetek!,NEEDS_TRANSLATION,,,
bark_kuman_u_s_menjunk_a__qbhI,1,38,,menjünk; táborba,1.000,1.000,Menjünk a táborba!,Menjünk a táborba!,NEEDS_TRANSLATION,,,
dial_stalker_co_to_kurva__JySJ,1,38,,faszt; csinálsz,1.000,1.000,Mi a faszt csinálsz?,Mi a faszt csinálsz?,NEEDS_TRANSLATION,,,
lega_komar_naprosto_souhl_gsrT,1,38,,sono; perzo,1.000,1.000,Mi sono… perzo.,Mi sono… perzo.,NEEDS_TRANSLATION,,,
tara_taras_mura_miles_dei_i5Uk,1,38,,miles; dei,1.000,1.000,Miles Dei.,Miles Dei.,NEEDS_TRANSLATION,,,
kuma_vasko_mondom_nyugi_z3km,1,38,,mondom; nyugi,1.000,1.000,Mondom nyugi!,Mondom nyugi!,NEEDS_TRANSLATION,,,
stre_strelnice_nebylo_to__G5gB,1,38,,nebylo; špatný,1.000,1.000,Nebylo to špatný...,,NEEDS_TRANSLATION,,,
cin__opat_jan__neque_clam_C8tJ,1,38,,neque; clamor,1.000,1.000,"neque clamor,","neque clamor,",NEEDS_TRANSLATION,,,
kuma_spizovaci_mozny_to_je_iOsg,1,38,,nincs; kizárva,1.000,1.000,Nincs kizárva.,Nincs kizárva.,NEEDS_TRANSLATION,,,
reak_kutnohors_zadna_bzun_y7GS,1,38,,fun; bash,1.000,1.000,No fun! Bash him good!,No fun! Bash him good!,NEEDS_TRANSLATION,,,
neme_udo_aus_t_noch_einmal_cJyZ,1,38,,noch; einmal,1.000,1.000,Noch einmal!,Noch einmal!,NEEDS_TRANSLATION,,,
goss_gossip_ha_jeste_ne_c_3E2A,1,38,,yet; kiddar,1.000,1.000,"Not yet, kiddar.","Not yet, lad.",NEEDS_TRANSLATION,,,
poce_event_poc_ve_vsi_po__LN7f,1,38,german,und; waisen,0.125,0.250,"Now our village has only sorrowful mothers, widows und Waisen.","Ours is now a village of sorrowful mothers, widows und Waisenkindern.",NEEDS_TRANSLATION,,,
veli_spizovaci_pohyb_kono_RVQh,1,38,,nyomás; lóbaszók,1.000,1.000,"Nyomás, lóbaszók!","Nyomás, lóbaszók!",NEEDS_TRANSLATION,,,
endi_rozloucen_hm_no_jo_s_cIXf,1,38,,aye; farewell,1.000,1.000,"Oh, aye... Farewell.","Oh, aye... Farewell.",NEEDS_TRANSLATION,,,
prat_pratelsky_oh_na_oboA,1,38,,hin; oda,1.000,1.000,"Oh, so hin oda...","Oh, so hin oda...",NEEDS_TRANSLATION,,,
s_bo_henry_paaaatr_nooost_Gk25,1,38,,paaaaah-nooooom; noooooh-stroooom; quoooo,0.333,1.000,"Paaaaah-nooooom noooooh-stroooom, quoooo…","Paaaaah-nooooom noooooh-stroooom, quoooo…",NEEDS_TRANSLATION,,,
eich_cechmistr_tak_se_tro_aDBM,1,38,german,herr; gott,0.400,0.400,"Put in a little effort, Herr Gott!","Put in a little effort, Herr Gott!",NEEDS_TRANSLATION,,,
stre_strelnice_presnej_st_PZNT,1,38,,přesnej; střed,1.000,1.000,Přesnej střed!,,NEEDS_TRANSLATION,,,
s_ku_kuman_bib_jsme_dik_m_O2XE,1,38,,rendben; lesz,1.000,1.000,Rendben lesz.,Rendben lesz.,NEEDS_TRANSLATION,,,
henr_menhart_z_richtig_du_VvfC,1,38,,richtig; dieb,1.000,1.000,"Richtig, du Dieb!","Richtig, du Dieb!",NEEDS_TRANSLATION,,,
kost_kostky_pa_sum_dovr_q9cu,1,38,,shum; dovr,1.000,1.000,Shum dovr!,Shum dovr!,NEEDS_TRANSLATION,,,
cech_cechmistr_tak_si_rik_jWUi,1,38,german,mein; freund,0.286,0.286,"So I was thinking, how about coming shooting with us too, mein Freund?","So I was thinking, how about coming shooting with us too, mein Freund?",NEEDS_TRANSLATION,,,
gree_pozdrav_n_mluv_ale_r_H8zZ,1,38,,speak; quickly,1.000,1.000,"Speak, but quickly!","Speak, but quickly!",NEEDS_TRANSLATION,,,
opil_kuman_si__szegenyseg_2jfG,1,38,,szegénység; éhínség,1.000,1.000,Szegénység és éhínség...,Szegénység és éhínség...,NEEDS_TRANSLATION,,,
bark_strelci_b_jo_rayV,1,38,,take; cover,1.000,1.000,Take cover!,Take cover!,NEEDS_TRANSLATION,,,
opil_opily_kum_te_alabecs_B72Z,1,38,,alábecsülöd; szomjúságomat,1.000,1.000,Te alábecsülöd a szomjúságomat.,Te alábecsülöd a szomjúságomat.,NEEDS_TRANSLATION,,,
odev_cechmistr_to_ze_si_d_c876,1,38,german,junger; mann,0.250,0.250,"That nowadays, each of us has to choose his side, just like you, junger Mann.","That nowadays, each of us has to choose his side, just like you, junger Mann.",NEEDS_TRANSLATION,,,
miko_showrunne_jses_prvni_fNbS,1,38,,sal; persho; more,0.000,1.000,"Tu sal persho, more!","You’re first, mate!",NEEDS_TRANSLATION,,,
menh_menhart_z_a_danke_ze_7R7J,1,38,german,und; danke,0.500,0.500,"Und danke, for standing up for uns.","Und danke, for standing up for uns.",NEEDS_TRANSLATION,,,
situ_situace_m_verdammter_hzXQ,1,38,,verdammter; idiot,1.000,1.000,Verdammter Idiot!,Verdammter Idiot!,NEEDS_TRANSLATION,,,
henr_menhart_z_verstehen__lOVu,1,38,,verstanden; komm,1.000,1.000,"Verstanden. Komm, Heinrich!","Verstanden. Komm, Heinrich!",NEEDS_TRANSLATION,,,
jasa_opily_kum_visszamegy_M3hP,1,38,,visszamegyek; táborba,1.000,1.000,Visszamegyek a táborba.,Visszamegyek a táborba.,NEEDS_TRANSLATION,,,
vyzv_menhart_z_my_tu_doch_3tDf,1,38,german,nicht; war,0.333,0.333,"We also have one promising student, nicht war?","We also have one promising student, nicht war?",NEEDS_TRANSLATION,,,
npc__npc_neroz_co_za_hulv_RXEO,1,38,german,mein; gott,0.500,0.500,What lout threw that? Mein Gott.,What lout threw that? Mein Gott.,NEEDS_TRANSLATION,,,
gree_pozdrav_z_co_je_MW3p,1,38,,what's; wrong,1.000,1.000,What's wrong?,What's wrong?,NEEDS_TRANSLATION,,,
alte_brabant_vidis_pane_p_3Cv6,1,38,french,monsieur; chapon,0.111,0.222,"You see, Monsieur Chapon? You finally overcame your fear! With a little help from a friend…","You see, Lord Capon? You finally overcame your fear! With a bit of friendly help…",NEEDS_TRANSLATION,,,
gree_pozdrav_z_vzdyt_ses__mmSB,1,38,,you're; drunk,1.000,1.000,"You're drunk, eh!","You're drunk, eh!",NEEDS_TRANSLATION,,,
stre_strelnice_za_pet_bodu_TKxs,1,38,,pět; bodů,1.000,1.000,Za pět bodů!,,NEEDS_TRANSLATION,,,
cin__menhart_z_zum_teufel_2eMB,1,38,,zum; teufel,1.000,1.000,Zum Teufel!,Zum Teufel!,NEEDS_TRANSLATION,,,
menh_arne_nemec_zum_teufe_TU1l,1,38,,zum; teufel,1.000,1.000,Zum Teufel! Heinrich!,Zum Teufel! Heinrich!,NEEDS_TRANSLATION,,,
menh_menhart_z_tvl_2UdI,1,38,,zum; teufel,1.000,1.000,"Zum Teufel, Heinrich!","Zum Teufel, Heinrich!",NEEDS_TRANSLATION,,,
neko_nekoho_ta_bijte_je_WIqP,1,38,,üssétek; őket,1.000,1.000,Üssétek őket!,Üssétek őket!,NEEDS_TRANSLATION,,,
hadk_event_rva_chces_do_d_T7z8,1,37,,akarsz; pofádba,1.000,1.000,Akarsz a pofádba?,Akarsz a pofádba?,NEEDS_TRANSLATION,,,
pozd_sousedsky_salom_XTJT,1,37,,aleichem; shalom,1.000,1.000,Aleichem shalom.,Aleichem shalom.,NEEDS_TRANSLATION,,,
bff__hrac_panbuh_s_tebou__dDW1,1,37,arabic,salam; alikem,0.250,0.500,"As salam alikem, or however you say it.","As salam alaikom, or however you say that...",NEEDS_TRANSLATION,,,
lore_event_tab_jaka_je_li_E3Fv,1,37,yiddish_hebrew,shalom; aleichem,0.500,0.500,"As you wish. Shalom aleichem, my friend.","As you wish. Shalom aleichem, my friend.",NEEDS_TRANSLATION,,,
inkv_event_pre_domini_can_NNSt,1,37,,domini; canes,1.000,1.000,"At him, domini canes!","At him, domini canes!",NEEDS_TRANSLATION,,,
pozd_npc_zdrav_zdravas_ma_9rJO,1,37,,ave; maria,1.000,1.000,Ave Maria.,Ave Maria.,NEEDS_TRANSLATION,,,
hosp_samuel_po_baruch_has_6c0i,1,37,yiddish_hebrew,borekh; ha-shem,0.500,0.500,"Borekh ha-shem, Henry, you're alright!","Borekh ha-shem, Henry, you're alright!",NEEDS_TRANSLATION,,,
spol_kuman_vid_do_erlikov_Hems,1,37,,erlik's; balls,1.000,1.000,By Erlik's balls!,By Erlik's balls!,NEEDS_TRANSLATION,,,
bark_kuman_na__jebat_vase_JZZW,1,37,,fuck; mothers,1.000,1.000,Fuck your mothers!,Fuck your mothers!,NEEDS_TRANSLATION,,,
dost_kuman_dos_pici_necej_wcns,1,37,,fuck; arm,1.000,1.000,"Fuck, my arm!","Fuck, my arm!",NEEDS_TRANSLATION,,,
bark_kuman_na__mrchozrout_6y2r,1,37,,fucking; carrion-eaters,1.000,1.000,Fucking carrion-eaters!,Fucking carrion-eaters!,NEEDS_TRANSLATION,,,
menh_menhart_z_ty_me_zaha_emzw,1,37,german,mein; student,0.091,0.182,"Fucking hell, you embarrassed me! You are mein student, but you behaved like an idiotic brute during the tournament!","Fucking shit, you embarrass me. !P You mein student but behave like dumb brute during tournament!",NEEDS_TRANSLATION,,,
vesn_npc_krici_zkurvenej__6Hhw,1,37,,fucking; killer,1.000,1.000,Fucking killer!,Fucking killer!,NEEDS_TRANSLATION,,,
goss_gossip_ha_hah_a_co_n_SPQP,1,37,,haha; jara,1.000,1.000,Haha… And what did Jara do?,Haha… And what did Jara do?,NEEDS_TRANSLATION,,,
menh_arne_nemec_fick_mich_9dZI,1,37,,heilige; scheisse,1.000,1.000,Heilige Scheisse!,Heilige Scheisse!,NEEDS_TRANSLATION,,,
jorg_jorg_prank_hej_ruhe__tbHo,1,37,german,mein; gott,0.333,0.333,"Hey, alright, alright! Wait, sonny. Mein Gott!","Hey, alright, alright! Wait, sonny. Mein Gott!",NEEDS_TRANSLATION,,,
spol_kuman_vid_hej_bacha_XTgy,1,37,,hey; watch,1.000,1.000,"Hey, watch out!","Hey, watch out!",NEEDS_TRANSLATION,,,
opon_kuman_kom_heja_hejaaa_Oa0k,1,37,,heyah; heyaaah,1.000,1.000,"Heyah, heyaaah!","Heyah, heyaaah!",NEEDS_TRANSLATION,,,
neme_udo_aus_t_ja_woll_nCZc,1,37,,händler; jawohl,1.000,1.000,"Händler, jawohl! I am.","Händler, jawohl! I am.",NEEDS_TRANSLATION,,,
cin__markvart__jsem_markv_41Jw,1,37,,markvart; von; aulitz,0.000,1.000,I am Markvart von Aulitz.,"I am Markvart von Aulitz,",NEEDS_TRANSLATION,,,
stra_straz_vd__to_je_zas__biRv,1,37,,it's; boring,1.000,1.000,It's boring here…,It's boring here…,NEEDS_TRANSLATION,,,
poly_henry_markvart_von_a_x95d,1,37,,markvart; von; aulitz,0.000,1.000,Markvart von Aulitz!,Markvart von Aulitz...,NEEDS_TRANSLATION,,,
jorg_jorg_prank_mein_gott_k0Mp,1,37,german,mein; gott,0.500,0.500,Mein Gott! You were bloody lucky.,Mein Gott! You were bloody lucky.,NEEDS_TRANSLATION,,,
hadk_event_rva_co_cumis_p_soQF,1,37,,faszomat; nézel,1.000,1.000,Mi a faszomat nézel?,Mi a faszomat nézel?,NEEDS_TRANSLATION,,,
ptac_brabant_rikal_mi_ze__e6sl,1,37,french,monsieur; nebakov,0.091,0.182,"Monsieur Chapon told me it makes him feel not good. After all you went through in Nebakov and Trosky, I understand him…","He told me it makes him sick. After all you experienced in Nebakov and Trosky, I even understand him…",NEEDS_TRANSLATION,,,
spol_kuman_spo_pekne_ze22,1,37,,nice; one,1.000,1.000,Nice one!,Nice one!,NEEDS_TRANSLATION,,,
lega_komar_non_kapisko_0yLu,1,37,,non; kapiszko,1.000,1.000,Non kapiszko!,Non kapiszko!,NEEDS_TRANSLATION,,,
lega_komar_prosim_pekne_kgdh,1,37,,non; kapiszko,1.000,1.000,Non kapiszko.,Non kapiszko.,NEEDS_TRANSLATION,,,
inga_cumil_v_d_di_do_prde_tYlZ,1,37,,fuck; off,1.000,1.000,Oh fuck off…,Oh fuck off…,NEEDS_TRANSLATION,,,
dost_kuman_dos_do_pici_6jDw,1,37,,oof; fuck,1.000,1.000,Oof… fuck!,Oof… fuck!,NEEDS_TRANSLATION,,,
s_ma_henry_radek_radomir__adg1,1,37,,radek; radomir; radoslav,0.333,1.000,Radek? Radomir? Radoslav?,Radek? Radomir? Radoslav?,NEEDS_TRANSLATION,,,
lega_komar_drz_hubu_iEHY,1,37,,skuzi; kornuto,1.000,1.000,Skuzi… Kornuto.,Skuzi… Kornuto.,NEEDS_TRANSLATION,,,
arne_arne_nemec_so_sei_es_z6Vt,1,37,,sei; dann,1.000,1.000,So sei es dann...,So sei es dann...,NEEDS_TRANSLATION,,,
arne_arne_nemec_so_heinri_XpCI,1,37,,bist; bereit,1.000,1.000,"So, Heinrich, bist du bereit?","So, Heinrich, bist du bereit?",NEEDS_TRANSLATION,,,
hled_npc_hleda_nejakej_pi_cGOI,1,37,,fucker; shot,1.000,1.000,Some fucker shot from here.,Some fucker shot from here.,NEEDS_TRANSLATION,,,
goss_uhersky_v_no_voni_co_YGuK,1,37,,don't; see,1.000,1.000,Them! Don't you see?,Them! Don't you see?,NEEDS_TRANSLATION,,,
diva_divak_kom_potreti_sk_3Bq5,1,37,,three; great,1.000,1.000,Three! Great!!,Three! Great!!,NEEDS_TRANSLATION,,,
henr_menhart_z_aus_pfeild_uzVl,1,37,,von; pfeildorf,1.000,1.000,Von Pfeildorf.,Von Pfeildorf.,NEEDS_TRANSLATION,,,
forc_dlc3_veli_was_zum_te_jDIz,1,37,,zum; teufel,1.000,1.000,Was zum Teufel!,Was zum Teufel!,NEEDS_TRANSLATION,,,
ende_mecir_end_az_naprsi__49Jq,1,37,german,mein; freund,0.182,0.182,"When hell freezes over, mein Freund! Your place is at least two steps behind mine!","When hell freezes over, mein Freund! Your place is at least two steps behind mine!",NEEDS_TRANSLATION,,,
goss_gossip_ob_ano_sehr_r_erwk,1,37,,sehr; romantisch,1.000,1.000,"Yes, sehr romantisch.","Yes, sehr romantisch.",NEEDS_TRANSLATION,,,
prov_kuman_ude_ses_v_prde_rbjt,1,37,,you're; fucked,1.000,1.000,You're fucked!,You're fucked!,NEEDS_TRANSLATION,,,
vzde_dlc3_nemo_ehm_ehm_eh_BANI,1,36,,ehm; chrrrrm,0.500,1.000,<Ehm ehm ehm chrrrrm>,<Ehm ehm ehm chrrrrm>,NEEDS_TRANSLATION,,,
vajd_vajda_gadzo_porazil__NQ5M,1,36,romani,gadjo; chavo,0.333,0.667,A gadjo beat my chavo?,!P A gadjo beat my chave?,NEEDS_TRANSLATION,,,
s_ha_hanus_z_l_boc_bocka__cQNy,1,36,,botschek; kunstadt,1.000,1.000,Bo… Botschek of Kunstadt? The Botschek of Kunstadt?,Bo… Botschek of Kunstadt? The Botschek of Kunstadt?,NEEDS_TRANSLATION,,,
nepr_kuman_nep_odpal_cokle_tsWq,1,36,,csapd; dögöt,1.000,1.000,Csapd le a dögöt!,Csapd le a dögöt!,NEEDS_TRANSLATION,,,
zada_menhart_z_bez_za_ni__fPGM,1,36,german,mein; gott,0.222,0.222,"Go to her, tell her I sent you. And mein Gott, do nothing to bring shame on our guild! I have faith in you.","Go to her, tell her I sent you. And mein Gott, do nothing to bring shame on our guild! I have faith in you.",NEEDS_TRANSLATION,,,
cin__nemecky_r_herr_alber_Womp,1,36,german,herr; ludolf,1.000,1.000,Herr Ludolf!,Herr Ludolf!,NEEDS_TRANSLATION,,,
neme_henry_to_vidim_radej_3Kuw,1,36,german,herr; udo,0.200,0.400,"I can see that! I think you should go, Herr Udo.","I can see that! I think you should go, Udo.",NEEDS_TRANSLATION,,,
vajd_vajda_mel_jsem_dva_c_J8a4,1,36,romani,chave; chay,0.167,0.333,I had two chave and one chay… And now I have nothing.,!P  I had two chave and one chey… And now I have nothing.,NEEDS_TRANSLATION,,,
spol_kuman_vid_zabiju_te_BtCh,1,36,,i'll; kill,1.000,1.000,I'll kill you!,I'll kill you!,NEEDS_TRANSLATION,,,
deve_devecka_u_olda_olda__iaVU,1,36,,olda; oldaaa,0.500,1.000,Olda! Olda! Olda! Olda! Oldaaa!,Olda! Olda! Olda! Olda! Oldaaa!,NEEDS_TRANSLATION,,,
jan__henry_petr_v_zajeti__2Ubj,1,36,hungarian,peter; farkas,0.059,0.118,"Peter fell ill while being held prisoner. Farkas wouldn't let the camp surgeon treat him, and there was no one else who could help him.","Peter fell ill while being held prisoner. Farkas wouldn't let the camp barber surgeon treat him, so there was nobody to help him.",NEEDS_TRANSLATION,,,
jp_c_brabant_sezval_bych__OVnc,1,36,french,monsieur; chevalier,0.077,0.154,Then I would invite the best stonemasons from France and build Monsieur Chapon a castle that even Chevalier Hanush would envy!,Then I would invite the best stonemasons from France and build Lord Capon a castle that even that Hanush would envy!,NEEDS_TRANSLATION,,,
prat_pratelsky_tomu_uz_ne_e85x,1,36,,there's; nothing,1.000,1.000,There's nothing you can do.,There's nothing you can do.,NEEDS_TRANSLATION,,,
pusk_puskar_el_warum_push_HnQX,1,36,,warum; pushko,0.500,1.000,"Warum, Pushko? Warum?","Warum, Pushko? Warum?",NEEDS_TRANSLATION,,,
spol_kuman_spo_a_mame_ho_fyNI,1,36,,we've; got,1.000,1.000,We've got him!,We've got him!,NEEDS_TRANSLATION,,,
goss_gossip_sp_doplnit_ji_Zi1y,1,35,yiddish_hebrew,vey,0.500,0.500,"!P Oy vey, oy vey… what a disaster!","Oy vey, oy vey… what a disaster!",NEEDS_TRANSLATION,,,
henr_arne_nemec_ty_schust_M54k,1,35,hungarian,schwein; arsch,0.167,0.333,Du Schwein! I will kick your Arsch mit your own boots!,Du Schwein! I will kick your Arsch mit your own boots!,NEEDS_TRANSLATION,,,
s_el_puskar_el_mas_pravdu_UcKc,1,35,german,gut,0.091,0.091,"Gut gut! Business is business, and money does not ask any questions. If I had any black powder, I would be happy to sell it to you.","!P Gut gut! Business is business, and money doesn't ask any questions. If I had any black powder, I'd be happy to sell it to you.",NEEDS_TRANSLATION,,,
s_el_puskar_el_no_dobra_o_Bn2e,1,35,german,gut,0.333,0.333,Gut gut… Do you have a letter of assignment?,!P Gut gut… Do you have a letter of assignment?,NEEDS_TRANSLATION,,,
jorg_jorg_prank_hergot_sl_kxMe,1,35,german,herr; gott,0.200,0.200,"Herr Gott, doylem, you've got balls! Pray it's over fast!","Herr Gott, doylem, you've got balls! Pray it’s over fast!",NEEDS_TRANSLATION,,,
jorg_jorg_prank_hergot_zk_QMKX,1,35,german,herr; gott,0.333,0.333,"Herr Gott, how'd you get in here, whoreson!? Go back to where you came from!","Herr Gott, how’d you get in here, whoreson!? Go back to where you came from!",NEEDS_TRANSLATION,,,
s_ho_hospodsky_joo_to_zni_oskq,1,35,german,spieler,0.167,0.167,"Ja ja, that's probably him. But he's a completely terrible Spieler.","!P Ja ja, that's probably him. But he's a completely terrible Zocker.",NEEDS_TRANSLATION,,,
reme_remeslnik_ja_ja_gut_8Gwn,1,35,german,richtig,1.000,1.000,"Ja, ja ... richtig so.","!P Ja, ja... richtig.",NEEDS_TRANSLATION,,,
npc__npc_bezi__oy_vej_oy_JqKh,1,35,yiddish_hebrew,vey,1.000,1.000,"Oy vey, oy…","Oi vey, oi…",NEEDS_TRANSLATION,,,
kost_kostky_he_oy_oy_vej_c99q,1,35,yiddish_hebrew,vey,1.000,1.000,"Oy, oy vey...","Oy, oy vej...",NEEDS_TRANSLATION,,,
post_brabant_vim_co_ti_ud_VgrJ,1,35,french,pardon,1.000,1.000,Pardon ! Pardon !,Pardon! Pardon!,NEEDS_TRANSLATION,,,
henr_menhart_z_scheise_po_XgxV,1,35,german,scheisse; verdammte,0.333,0.667,Scheisse! This verdammte town!,Scheisse! This verdammte town!,NEEDS_TRANSLATION,,,
post_brabant_diky_jindric_u7nB,1,35,french,merci,0.500,0.500,"Thank you, Henry. Merci ! Merci !","Thank you, Henry. Merci! Merci!",NEEDS_TRANSLATION,,,
mari_marika_tak_to_u_nas__a6p6,1,35,romani,chavo,0.125,0.125,"That is what we do. When a chavo and a chay start something, the chavo, man, must marry the girl.","That is what we do. !P When a chave and a chey start something, the chave, man, must marry the girl.",NEEDS_TRANSLATION,,,
npc__kuman_cri_ty_pico_HEze,1,34,czech,életbe,1.000,1.000,A kurva életbe!,Fucking hell!,NEEDS_TRANSLATION,,,
mari_marika_s_panem_bohem_TFSn,1,34,,dja; devleha,0.500,1.000,Dja Devleha!,Farewell!,NEEDS_TRANSLATION,,,
horn_hornik_ah_nakej_nove_83B7,1,34,,god; bless,1.000,1.000,God bless!,God bless!,NEEDS_TRANSLATION,,,
rezy_else_tady_je_ma_vona_x4bc,1,34,german,hier; freund,0.125,0.250,"Hier, here's my perfume, tell your Freund not to worry, that I will reward his courage.","Hier, here's my perfume, tell your Freund not to worry, that I will reward his courage.",NEEDS_TRANSLATION,,,
kate_hejtman_s_ne_to_skut_tAVo,1,34,german,mein; grossvater,0.091,0.182,"In the end, as mein Großvater said, the strength of a castle is measured by its garrison, and mine is one of the best in the region!","In the end, as mein Großvater said, the strength of a castle is measured by its garrison, and mine is one of the best in the region!",NEEDS_TRANSLATION,,,
pozd_pozdrav_k_jo_napot_XP4N,1,34,hungarian,napot,1.000,1.000,Jó napot!,!P Jó napot!,NEEDS_TRANSLATION,,,
redi_reditel_t_pesek_putz_zRZD,1,34,,peshek; putzlauf,0.500,1.000,Peshek Putzlauf!,Peshek Putzlauf,NEEDS_TRANSLATION,,,
cin__henry_aulitz_ten_par_gWSF,1,34,,von; aulitz,0.500,1.000,Von Aulitz!,Aulitz!,NEEDS_TRANSLATION,,,
jizd_brabant_valka_pane_p_47Ey,1,34,french,monsieur; chapon,0.333,0.667,"War, Monsieur Chapon!","War, Monsieur Chapon!",NEEDS_TRANSLATION,,,
spol_soldier_k_weiter_so_hcXj,1,34,german,weiter,1.000,1.000,Weiter so!,!P Weiter so!,NEEDS_TRANSLATION,,,
goss_gossip_ha_ramena_kol_vyEU,1,34,,shoulders; knees,1.000,1.000,What? Shoulders or knees?,What? Shoulders or knees?,NEEDS_TRANSLATION,,,
npc__npc_pobiz_gyerunk_gy_rAj5,1,33,,gyerünk,1.000,1.000,!P Gyerünk! Gyerünk!,Gyerünk! Gyerünk!,NEEDS_TRANSLATION,,,
o_zi_rychtar_h_ano_jako_s_QCeh,1,33,german,aber,0.083,0.083,"Aber ja, as nobility, he should have only paid a heavy fine for hunting animals in another lord's estate...","!P Oh ja, as nobility, he should have only paid a heavy fine for hunting animals in another lord's estate...",NEEDS_TRANSLATION,,,
kate_hejtman_s_opravdu_w7f9,1,33,german,ach,1.000,1.000,Ach ja?,Wirklich?,NEEDS_TRANSLATION,,,
brab_brabant_poplach_q0cn,1,33,,alarme,1.000,1.000,Alarme ! Alarme !,!P Alarme! Alarme!,NEEDS_TRANSLATION,,,
npc__npc_naslo_aj_proc_zr_0QZL,1,33,,soske,1.000,1.000,"Ay, ay! Soske tu?","!T Ay, ay! Soske tu?",NEEDS_TRANSLATION,,,
s_kr_krasek_bellissima_gKm1,1,33,,bella,1.000,1.000,"Bella, bella!",Bellissimo!,NEEDS_TRANSLATION,,,
menh_menhart_z_aber_schwe_g5Z4,1,33,german,schwerter; schwert,0.000,0.200,"But the Schwerter will be blunt, ja? We do not want to lose our handsome faces, no? Heheh! I lend you ein Schwert.","But the Schwerte will be blunt, ja? We do not want to lose our handsome faces, no? Heheh! I lend you ein Schwert.",NEEDS_TRANSLATION,,,
cin__legatuv_m_cosi_cosi__uxKR,1,33,,così,1.000,1.000,"Così così, eh?",Cosi' cosi' eh?,NEEDS_TRANSLATION,,,
menh_henry_danke_menhart_ijMz,1,33,,danke; menhard,0.500,1.000,"Danke, Menhard.","Danke, Menhard.",NEEDS_TRANSLATION,,,
zavo_zavodnik__o_del_o_del_VE4Q,1,33,,devla,1.000,1.000,"Devla, DEVLA!","!T  Devla, DEVLA!",NEEDS_TRANSLATION,,,
npc__npc_pobiz_dza_dza_SkkH,1,33,,dja,1.000,1.000,Dja! Dja!,!T Dja! Dja!,NEEDS_TRANSLATION,,,
miko_handlir_m_zavod_bezi_k9oG,1,33,,dja,1.000,1.000,"Dja, ta dja!","Come on, ride!",NEEDS_TRANSLATION,,,
samo_samomluva_epes_epes_AbC0,1,33,,epes,1.000,1.000,Epes... epes!,!P Epes... epes!,NEEDS_TRANSLATION,,,
zavo_zavodnik__eja_eja_5jVG,1,33,,eya,1.000,1.000,"Eya, eya!","!T Eya, eya!",NEEDS_TRANSLATION,,,
npc__npc_pobiz_eja_eja_dBxU,1,33,,eyah,1.000,1.000,"Eyah, eyah!","!T Eyah, eyah!",NEEDS_TRANSLATION,,,
henr_jasak_ez_jo_jel_9i7i,1,33,hungarian,jel,1.000,1.000,Ez jó jel!,!P Ez jó jel!,NEEDS_TRANSLATION,,,
s_fa_henry_p_fabrizio_don_2RNg,1,33,,fabrizio; dondi,1.000,1.000,Fabrizio Dondi?,Fabrizio Dondi?,NEEDS_TRANSLATION,,,
zaka_zakaznik__frajnd_fra_yYpl,1,33,,fraynd,1.000,1.000,"Fraynd, fraynd!","Frajnd, Frajnd!",NEEDS_TRANSLATION,,,
s_ho_hospodsky_tfuj_vypad_cB7r,1,33,,fuj,1.000,1.000,"Fuj, fuj, fuj!","Fuj, fuj, fuj.",NEEDS_TRANSLATION,,,
redi_reditel_t_gerhart_ig_wC1d,1,33,,gerhart; iglauer,1.000,1.000,Gerhart Iglauer!,Gerhart Iglauer!,NEEDS_TRANSLATION,,,
menh_menhart_z_gut_heinri_zB3q,1,33,german,gut,0.333,0.333,"Gut Heinrich, my thoughts exactly.","!P Gut Heinrich, my words.",NEEDS_TRANSLATION,,,
kost_kostky_vy_mistes_mis_r0ML,1,33,,mishtes,1.000,1.000,Ha ha! Mishtes!,!T Ha ha! Mishtes!,NEEDS_TRANSLATION,,,
bohu_bohuta_ha_ha_plaudite_0P4S,1,33,,plaudite,1.000,1.000,Ha ha! Plaudite!,!P Ha ha! Plaudite!,NEEDS_TRANSLATION,,,
nepr_soldier_k_ha_ha_du_m_YSrM,1,33,,mistkerl,1.000,1.000,"Ha ha, du Mistkerl!","!P Ha ha, du Mistkerl!",NEEDS_TRANSLATION,,,
nepr_soldier_k_ha_ha_du_s_UlRQ,1,33,,scheisskerl,1.000,1.000,"Ha ha, du Scheißkerl!","!P Ha ha, du Scheisskerl!",NEEDS_TRANSLATION,,,
diva_divak_kom_ha_lache_e_7HaD,1,33,,lache,1.000,1.000,Ha! Lache e e e e s!,!T Ha!- Lache e e e e s!,NEEDS_TRANSLATION,,,
anna_anna_z_va_haman_alder_UW8M,1,33,,haman; alder,1.000,1.000,Haman Alder.,Haman Alder.,NEEDS_TRANSLATION,,,
opon_soldier_o_he_he_schon_vk73,1,33,,schön,1.000,1.000,"He he, schön!","!P He he, schön!",NEEDS_TRANSLATION,,,
zavo_zavodnik__hep_hep_hep_AEK4,1,33,,hep,1.000,1.000,"Hep, hep, hep!","!T Hep, hep, hep!",NEEDS_TRANSLATION,,,
npc__npc_naslo_hilfe_hilfe_LTRc,1,33,,hilfe,1.000,1.000,Hilfe... Hilfe...,!P Hilfe... Hilfe...,NEEDS_TRANSLATION,,,
smlo_smlouvani_hm_hm_bite_HIM3,1,33,,bite,1.000,1.000,"Hm, hm... bite.","!P Hm, hm... bite.",NEEDS_TRANSLATION,,,
reak_kutnohors_hynek_hyne_Wb3u,1,33,,hynek,1.000,1.000,Hynek! Hynek!,Hynek! Hynek boy!,NEEDS_TRANSLATION,,,
npc__npc_pobiz_komm_komm_aD95,1,33,,hüa,1.000,1.000,Hüa! Hüa!,!PHüh! Hüh!,NEEDS_TRANSLATION,,,
pozd_pozdrav_k_igen_igen_kUBQ,1,33,,igen,1.000,1.000,"Igen, igen...","!P Igen, igen...",NEEDS_TRANSLATION,,,
zavo_zavodnik__ja_super_s_eprB,1,33,,super,1.000,1.000,Ja! Super! Super!,!P Ja! Super! Super!,NEEDS_TRANSLATION,,,
neme_udo_aus_t_ja_ja_rads_eRsu,1,33,,danke,1.000,1.000,"Ja, ja. Danke!","Ja, ja… Danke!",NEEDS_TRANSLATION,,,
reak_kutnohors_janicek_ja_I6jT,1,33,,janek,1.000,1.000,Janek! Janek!,Janek boy! Janek!,NEEDS_TRANSLATION,,,
reak_kutnohors_pocem_pocem_Erg9,1,33,,kmier,1.000,1.000,Kmier! Kmier!,Comeere! Comeere!,NEEDS_TRANSLATION,,,
gree_obchodnik_komm_komm_6eid,1,33,,kom,1.000,1.000,Kom ... Kom!,Komm... Komm!,NEEDS_TRANSLATION,,,
turn_kutnohors_langschwer_OWr0,1,33,,langschwerten,1.000,1.000,Langschwerten! Langschwerten!,!P Langschwerten! Langschwerten!,NEEDS_TRANSLATION,,,
zaca_zacatek_s_do_toho_XVd8,1,33,,los,1.000,1.000,Los! Los!,!P Los! Los!,NEEDS_TRANSLATION,,,
brab_brabant_kurva_kuva_Mrt1,1,33,,merde,1.000,1.000,"Merde, merde !","Fuck, fuck…",NEEDS_TRANSLATION,,,
zavo_zavodnik__misto_misto_hTbW,1,33,,mishto,1.000,1.000,"Mishto, mishto!","!T Mishto, mishto!",NEEDS_TRANSLATION,,,
kuma_vasko_miert_ne_TCqA,1,33,hungarian,miért,1.000,1.000,Miért ne?,!P Miért ne?,NEEDS_TRANSLATION,,,
npc__npc_naslo_nein_nein_lIus,1,33,,nein,1.000,1.000,Nein! Nein!,!P Nein! Nein!,NEEDS_TRANSLATION,,,
neme_udo_aus_t_nein_nein___YtRz,1,33,,nein,1.000,1.000,"Nein, nein!","Nein, nein.",NEEDS_TRANSLATION,,,
npc__npc_naslo_nein_nein_gxDc,1,33,,nein,1.000,1.000,Nein... Nein!,!P Nein... Nein!,NEEDS_TRANSLATION,,,
kost_kostky_bu_oy_vej_MShR,1,33,yiddish_hebrew,vey,1.000,1.000,Oy vey!,Oy vej!,NEEDS_TRANSLATION,,,
gree_obchodnik_oy_oy_mamz_ChCw,1,33,,mamzer,1.000,1.000,"Oy, oy... Mamzer!","Oy, oy Mamzer!",NEEDS_TRANSLATION,,,
npc__npc_vidi__oy_slegrej_piDZ,1,33,,shlegrey,1.000,1.000,Oy… shlegrey! Shlegrey!,Oy… Shlegrei! Shlegrei!,NEEDS_TRANSLATION,,,
samu_samuel_salom_salom_j_n7CP,1,33,,sholem,1.000,1.000,"Sholem, sholem Henry.","Shalom, shalom Henry.",NEEDS_TRANSLATION,,,
chat_straze_vl_signore_si_Iwa0,1,33,,signore,1.000,1.000,Signore! Signore!,!P Signore! !P Signore!,NEEDS_TRANSLATION,,,
reak_kutnohors_zeleznak_z_1Ecz,1,33,,stanislav,1.000,1.000,Stanislav! Stanislav! Stanislav!,Iron! Iron! Iron!,NEEDS_TRANSLATION,,,
neme_udo_aus_t_was_was_is_waDS,1,33,,willst,1.000,1.000,Was? Was willst du?,Was? Was ist das?,NEEDS_TRANSLATION,,,
reak_kutnohors_vilem_vilem_zbzo,1,33,,willem,1.000,1.000,Willem! Willem!,William! William!,NEEDS_TRANSLATION,,,
zavo_zavodnik__ej_eja_ej_IKjY,1,33,,eyá,1.000,1.000,"Éy, eyá éy!","!T Éy, eyá éy!",NEEDS_TRANSLATION,,,
npc__kuman_cri_asi_to_nic_pCTD,1,32,,faszom,1.000,1.000,A faszom.,Fuck that.,NEEDS_TRANSLATION,,,
npc__kuman_cri_no_kurva_dP6g,1,32,,francba,1.000,1.000,A francba...,"Oh, fuck…",NEEDS_TRANSLATION,,,
utrz_soldier_d_ach_was_nJ8X,1,32,,ach,1.000,1.000,"Ach, was?",!P Ach was?,NEEDS_TRANSLATION,,,
vypr_vyprosten_ah_schlampe_fw3P,1,32,,scheisskerl,1.000,1.000,"Ah, Scheißkerl!","!P Ah, Schlampe!",NEEDS_TRANSLATION,,,
opon_oponent_s_ah_verdammt_Mt6h,1,32,,verdammt,1.000,1.000,"Ah, verdammt!","!P Ah, verdammt!",NEEDS_TRANSLATION,,,
free_svedek_re_dej_si_bac_JnqA,1,32,,ara,1.000,1.000,Ara!,!T Ara!,NEEDS_TRANSLATION,,,
idle_soldier_m_aufgepasst_jkqR,1,32,,aufgepasst,1.000,1.000,Aufgepasst!,!P Aufgepasst!,NEEDS_TRANSLATION,,,
zaca_zacatek_s_bran_se_bNxd,1,32,,bereithalten,1.000,1.000,Bereithalten!,!P Bereithalten!,NEEDS_TRANSLATION,,,
rozl_rozloucen_but_bacht_rMTW,1,32,,bakht,1.000,1.000,But bakht!,!T But bakht!,NEEDS_TRANSLATION,,,
endi_rozloucen_but_bacht_EAkQ,1,32,,bakht,1.000,1.000,But bakht...,But bacht...,NEEDS_TRANSLATION,,,
kost_kostky_st_diese_OBYf,1,32,,diese,1.000,1.000,Diese …,Diese...,NEEDS_TRANSLATION,,,
assa_pratelske_du_verruck_38M2,1,32,,verrückter,1.000,1.000,Du Verrückter!,!P Du Verrückter!,NEEDS_TRANSLATION,,,
gree_pozdrav_z_eh_solem_bYfu,1,32,,sholem,1.000,1.000,Eh.... Sholem!,Eh.... Sholem.,NEEDS_TRANSLATION,,,
spol_soldier_k_festhalten_oUsr,1,32,,festhalten,1.000,1.000,Festhalten!,!P Festhalten!,NEEDS_TRANSLATION,,,
eich_cechmistr_genau_EFWQ,1,32,,genau,1.000,1.000,Genau!,!P Genau!,NEEDS_TRANSLATION,,,
npc__npc_se_vz_gnade_mann_pp6q,1,32,,gnade,1.000,1.000,Gnade!,"!P Gnade, Mann!",NEEDS_TRANSLATION,,,
poda_soldier_z_ha_verrecke_SBxa,1,32,,verrecke,1.000,1.000,"Ha, verrecke!","!P Ha, verrecke!",NEEDS_TRANSLATION,,,
utrz_soldier_d_eh_du_verd_Xkbu,1,32,,verdammter,1.000,1.000,"He, du verdammter …","!P Eh, du verdammter...",NEEDS_TRANSLATION,,,
npc__kuman_cri_he_1jer,1,32,,háh,1.000,1.000,Háh?,Huh?,NEEDS_TRANSLATION,,,
opon_oponent_s_in_deckung_oxvz,1,32,,deckung,1.000,1.000,In Deckung!,!P In Deckung!,NEEDS_TRANSLATION,,,
pozd_uctivy_po_naturlich__F7T2,1,32,,natürlich,1.000,1.000,"Ja, natürlich.","!P Ja, naturlich.",NEEDS_TRANSLATION,,,
eich_cechmistr_junger_tsi_EDC6,1,32,german,junger,0.500,0.500,Junger Frisky!,!P Junger Chipper!,NEEDS_TRANSLATION,,,
kuma_npc_reagu_sundame_ho_18lI,1,32,,kapjuk,1.000,1.000,Kapjuk el őt!,Let's take him down! Follow me!,NEEDS_TRANSLATION,,,
npc__kuman_cri_kterej_srac_qTQW,1,32,,faszom,1.000,1.000,Ki a faszom....?!,What fucker...?,NEEDS_TRANSLATION,,,
npc__kuman_cri_kdo_to_byl_JfTj,1,32,,volt,1.000,1.000,Ki volt az?,Who was that?,NEEDS_TRANSLATION,,,
npc__kuman_cri_zmiz_odsud_GKp9,1,32,,kifelé,1.000,1.000,Kifelé!,Do one!,NEEDS_TRANSLATION,,,
lock_svedek_vi_nech_to_be_wAmE,1,32,,ker,1.000,1.000,Ma ker!,!T Ma ker!,NEEDS_TRANSLATION,,,
npc__kuman_cri_chcipni_uXGh,1,32,,meghalsz,1.000,1.000,Meghalsz!,Die!,NEEDS_TRANSLATION,,,
npc__npc_sbira_cmajz_WBMY,1,32,,megvan,1.000,1.000,Megvan!,Gotcha!,NEEDS_TRANSLATION,,,
npc__npc_vidi__tenhle_si__KhlO,1,32,,megérdemelte,1.000,1.000,Megérdemelte.,He deserved that.,NEEDS_TRANSLATION,,,
po_v_fabrizio_merda_0wXF,1,32,,merda,1.000,1.000,Merda!,!P Merda!,NEEDS_TRANSLATION,,,
brab_brabant_merde_FvUp,1,32,,merde,1.000,1.000,Merde…,!P Merde…,NEEDS_TRANSLATION,,,
npc__kuman_cri_co_to_kurv_2smd,1,32,,fasz,1.000,1.000,Mi a fasz?,What the fuck is that?,NEEDS_TRANSLATION,,,
npc__kuman_cri_co_to_je_csMc,1,32,,fene,1.000,1.000,Mi a fene?,What's that?,NEEDS_TRANSLATION,,,
npc__kuman_cri_ty_vole_co_zkFy,1,32,,fene,1.000,1.000,Mi a fene?!,What the hell?,NEEDS_TRANSLATION,,,
npc__npc_reinf_co_to_pora_cm1P,1,32,,lehet,1.000,1.000,Mi lehet ez?…?,What is that…?,NEEDS_TRANSLATION,,,
npc__kuman_cri_co_to_bylo_6WBi,1,32,,volt,1.000,1.000,Mi volt ez?,What was that?,NEEDS_TRANSLATION,,,
nekd_soldier_b_na_los_X47w,1,32,,los,1.000,1.000,Na los!,!P Na los!,NEEDS_TRANSLATION,,,
menh_menhart_z_tu_v_kutte_25F9,1,32,german,natürlich,0.250,0.250,"Natürlich here in Kuttenberg, near the New Gate.","!P Here in Kuttenberg offensichtlich, near the New Gate.",NEEDS_TRANSLATION,,,
npc__kuman_cri_a_do_hovna_SbQK,1,32,,faszom,1.000,1.000,O a faszom…,"Oh, shit…",NEEDS_TRANSLATION,,,
prat_pratelsky_oh_nein_Jskg,1,32,,nein,1.000,1.000,Oh nein ...,"!P Oh, nein...",NEEDS_TRANSLATION,,,
utrz_soldier_d_oh_ja_KOLw,1,32,,dummkopf,1.000,1.000,"Oh, Dummkopf!","!P Oh, Dummkopf!",NEEDS_TRANSLATION,,,
ukon_vozka_voz_ou_ou_halt_rZEU,1,32,,halt,1.000,1.000,"Oh, he … Halt!","!P Ou, Ou... Halt!",NEEDS_TRANSLATION,,,
dost_soldier_d_oh_scheisse_LUtm,1,32,,scheisse,1.000,1.000,"Oh, Scheiße.","!P Oh, Scheisse.",NEEDS_TRANSLATION,,,
bark_treninkov_oh_hubsch_l9Qf,1,32,,schön,1.000,1.000,"Oh, schön!","!P Oh, Hubsch!",NEEDS_TRANSLATION,,,
kost_kostky_bu_o_devla_ta_tzQR,1,32,yiddish_hebrew,devla,0.333,0.333,Oy devla! How could I fuck that up!,!T Oy devla! How could I fuck that up!,NEEDS_TRANSLATION,,,
npc__npc_bezi__oy_pejres_yMen,1,32,yiddish_hebrew,peyresh,1.000,1.000,Oy peyresh…,Oi peyresh…,NEEDS_TRANSLATION,,,
hrac_npc_je_za_hej_co_to__4vpV,1,32,,keres,1.000,1.000,Oy! So keres?,!T Oy! So keres?,NEEDS_TRANSLATION,,,
menh_henry_richtig_menhar_Jlcz,1,32,,richtig; menhard,0.500,1.000,"Richtig, Menhard.","Richtig, Menhard.",NEEDS_TRANSLATION,,,
npc__kuman_cri_sraci_tTXi,1,32,,rohadék,1.000,1.000,Rohadék!,Fucker!,NEEDS_TRANSLATION,,,
kube_kubenka_z_scheikerl_aCPB,1,32,,scheisskerl,1.000,1.000,Scheißkerl!,!P Scheißkerl!,NEEDS_TRANSLATION,,,
pokr_treninkov_schummler_IasA,1,32,,schummler,1.000,1.000,Schummler!,!P Schummler!,NEEDS_TRANSLATION,,,
zada_hospodsky_a_so_chces_rkxX,1,32,german,schön,0.125,0.125,Schön … Much better than last time. You made muscle!,Ja gut… Much better than last time. You make muscle!,NEEDS_TRANSLATION,,,
ph_l_legatuv_m_sparare_c3xg,1,32,,spara,1.000,1.000,Spara!,!P Sparare!,NEEDS_TRANSLATION,,,
npc__kuman_cri_parchante_zMs0,1,32,,szemétláda,1.000,1.000,Szemétláda!,Bastard!,NEEDS_TRANSLATION,,,
assa_pratelske_co_to_delas_5Cgt,1,32,,keres,1.000,1.000,Ta so keres?,!T Ta so keres?,NEEDS_TRANSLATION,,,
npc__kuman_cri_vypadni_c6K0,1,32,,takarodj,1.000,1.000,Takarodj!,Get lost!,NEEDS_TRANSLATION,,,
npc__kuman_cri_ty_zrmde_euAO,1,32,,szarházi,1.000,1.000,Te szarházi!,You bastard!,NEEDS_TRANSLATION,,,
ph_l_legatuv_m_ti_uccidero_uQL8,1,32,,uccideró,1.000,1.000,Ti uccideró!,!P Ti uccideró!,NEEDS_TRANSLATION,,,
brab_brabant_rychle_do_ch_mVAd,1,32,french,monsieur; hans,0.143,0.286,"To the passage, quickly! Before Monsieur Hans comes around!","To the passage, quickly! Before Monsieur Hans comes around!",NEEDS_TRANSLATION,,,
npc__kuman_cri_kusuj_DCf2,1,32,,tűnj,1.000,1.000,Tűnj el!,Shoo!,NEEDS_TRANSLATION,,,
pozd_npc_zdrav_ma_nisma__yep6,1,32,,geyt,1.000,1.000,Vi geyt es?,Ma nišma?,NEEDS_TRANSLATION,,,
npc__npc_pobiz_komm_schon_fxW7,1,32,,vorwärts,1.000,1.000,Vorwärts!,!PVorwärts!,NEEDS_TRANSLATION,,,
okol_npc_reagu_was_scheis_1330,1,32,,scheisse,1.000,1.000,Was ...? Scheiße!,!P Was...? Scheisse!,NEEDS_TRANSLATION,,,
opon_soldier_o_was_machst_CPta,1,32,,machst,1.000,1.000,Was machst du …,!P Was machst du...,NEEDS_TRANSLATION,,,
hosp_hospodsky_was_kannst_L9qg,1,32,,soll's,1.000,1.000,Was soll's?,!P Was kannst du tun?,NEEDS_TRANSLATION,,,
gree_obchodnik_was_suchen_SX8i,1,32,,suchst,1.000,1.000,Was suchst du?,Was suchen Sie?,NEEDS_TRANSLATION,,,
gree_obchodnik_was_wunsch_u3IX,1,32,,wünschst,1.000,1.000,"Was wünschst du, Heinrich?","Was wünscht du, Heinrich?",NEEDS_TRANSLATION,,,
gree_obchodnik_was_wunsch_CzQR,1,32,,wünschst,1.000,1.000,Was wünschst du?,Was wünscht du?,NEEDS_TRANSLATION,,,
vypr_vyprosten_was_scheis_MBc7,1,32,,scheisse,1.000,1.000,Was … Scheiße!,!P Was... Scheisse!,NEEDS_TRANSLATION,,,
rozh_majitel_s_tohle_nemo_HkW6,1,32,german,einladung,0.100,0.100,What? None of them could have written this! It's almost like ein Einladung to a royal banquet.,!P What? None of them could have written this! It's almost like ein Einladung to a royal banquet.,NEEDS_TRANSLATION,,,
menh_menhart_z_kam_utikas_hg3f,1,32,german,ein; fechter,0.200,0.400,Where are you going? This way you will never be ein Fechter!,Where are you going? This way you will never be ein Fechter!,NEEDS_TRANSLATION,,,
endi_rozloucen_wiedersehe_lVRH,1,32,,wiedersehen,1.000,1.000,"Wiedersehen, Heinrich!","!P Wiedersehen, Heinrich!",NEEDS_TRANSLATION,,,
menh_menhart_z_ale_potreb_Cjs5,1,32,german,freund; fechter,0.111,0.222,"You have proved yourself to be a good Freund to us and now we need one more Fechter, as you know.","You have proved yourself to be a good Freund to us and now we need one more Fechter, as you know.",NEEDS_TRANSLATION,,,
npc__kuman_cri_a_do_prdele_Bf3l,1,32,,fenébe,1.000,1.000,"Ó, a fenébe!","Oh, shit!",NEEDS_TRANSLATION,,,
rozl_rozloucen_orulok_CbQO,1,32,,örülök,1.000,1.000,Örülök...,!P Örülök...,NEEDS_TRANSLATION,,,
npc__soldier_s_uberrascht_Aeps,1,32,,überrascht,1.000,1.000,Überrascht?!,!P Überrascht?!,NEEDS_TRANSLATION,,,
znic_soldier_z_ah_nicht_xPoh,1,31,,nein,1.000,1.000,"Ah, nein!","!P Ah, nicht!",NEEDS_TRANSLATION,,,
o_zi_aranka_a_proc_ty_se__4Szf,1,31,czech; polish,gadjo,0.111,0.111,"And why do you not settle down, instead of jumping from the frying pan into the fire, gadjo?","And why don't you settle down instead of running from one mess to another, gadja?",NEEDS_TRANSLATION,,,
bark_soldier_n_attacke_k6Qs,1,31,,attacke,1.000,1.000,Attacke!,!P Attacke!,NEEDS_TRANSLATION,,,
s_ho_hospodsky_ale_vypada_kprB,1,31,czech; slovak,teufel,0.100,0.100,"But they looked scared, as if they had met den Teufel. Lord knows what happened to them along the way.","But they looked scared, as if they had met der Teufel. Lord knows that happened to them along the way.",NEEDS_TRANSLATION,,,
lega_jindrich__debile_BHW5,1,31,,cazzo,1.000,1.000,Cazzo!,!P Cazzo!,NEEDS_TRANSLATION,,,
spol_utok_na_m_no_tak_nec_DkT1,1,31,,stop,1.000,1.000,Come on. Stop it!,Come on. Stop it….,NEEDS_TRANSLATION,,,
brab_brabant_de_rien_mon__wcjk,1,31,,rien,1.000,1.000,De rien !,!P De rien!,NEEDS_TRANSLATION,,,
npc__npc_rozpo_du_dummkopf_LL6V,1,31,,schwachkopf,1.000,1.000,Du Schwachkopf!,Du Dummkopf!,NEEDS_TRANSLATION,,,
reak_kutnohors_jimram_jim_TZAK,1,31,,emmeram,1.000,1.000,Emmeram! Emmeram!,Jimram! Jimram!,NEEDS_TRANSLATION,,,
tren_protivnik_koncime_tlG2,1,31,,ende,1.000,1.000,Ende!,!P Ende!,NEEDS_TRANSLATION,,,
zave_opily_kum_ez_orulet_u1Kw,1,31,,őrült,1.000,1.000,Ez őrült!,Ez őrület!,NEEDS_TRANSLATION,,,
druh_opily_kum_szar_wccd,1,31,,faszomat,1.000,1.000,Faszomat!,Szar!,NEEDS_TRANSLATION,,,
dial_vasko_az_aljara_J6tC,1,31,,fenékig,1.000,1.000,Fenékig!,Az aljára!,NEEDS_TRANSLATION,,,
deko_tibor_kdybys_cokoli__8baC,1,31,romani,gadjo; p-hral,0.000,0.400,"From now on, I consider you my gadjo p-hral. Brother.","!P From now on, I consider you my gadjo phral. Brother.",NEEDS_TRANSLATION,,,
menh_menhart_z_gut_heinri_QzY6,1,31,,gut,1.000,1.000,"Gut, Heinrich.",!P Gut Heinrich.,NEEDS_TRANSLATION,,,
ptac_ptacek_za_a_sup_zasa_pxft,1,31,,touché,1.000,1.000,Ha! Touché!,!P Ha! Touché!,NEEDS_TRANSLATION,,,
poda_soldier_z_ha_du_blut_BXIo,1,31,,blutest,1.000,1.000,"Ha, du blutest, hm?","!P Ha, du blutest, hm?",NEEDS_TRANSLATION,,,
o_zi_kupec_tro_ten_dokonc_Rt95,1,31,german,herr; von,0.200,0.400,Half of that one belongs to Herr von Bergow.,Half of that one belongs to Herr von Bergow.,NEEDS_TRANSLATION,,,
menh_menhart_z_sss_CHzQ,1,31,,hallo,1.000,1.000,"Hallo, Heinrich!","!P Hallo, Heinrich!",NEEDS_TRANSLATION,,,
ukon_vozka_voz_ou_halt_ha_tHLi,1,31,,halt,1.000,1.000,"He, Halt!","!P Ou, Halt! Halt!",NEEDS_TRANSLATION,,,
dial_bohuta_pl_hergot_to__snjR,1,31,german,gott,0.143,0.143,"Herr Gott, you're right! We'll call some more!","!P Mein Gott, you're right! We'll call some more!",NEEDS_TRANSLATION,,,
heny_jasak_oj_mi_a_fasz_Kz7W,1,31,,fasz,1.000,1.000,Hé! Mi a fasz?,!P Oj! Mi a fasz?,NEEDS_TRANSLATION,,,
se_z_jan_zizka_mel_jsem_o_UeAS,1,31,,istvan; toth; erik,0.000,1.000,Istvan Toth and that Erik of his…,Istvan Toth and that Erik of his…,NEEDS_TRANSLATION,,,
tren_protivnik_rozumim_0GFK,1,31,,genau,1.000,1.000,"Ja, genau!","!P Ja, genau!",NEEDS_TRANSLATION,,,
o_zi_pisar_tyc_ja_was_moc_Aqr8,1,31,,willst,1.000,1.000,"Ja, was willst du?","!P Ja, was mochten Sie?",NEEDS_TRANSLATION,,,
zaca_zacatek_s_bojuj_KpFv,1,31,,kampfen,1.000,1.000,Kampfen!,!P Kampfen!,NEEDS_TRANSLATION,,,
poly_kuman_u_s_vegyem_le_fcAH,1,31,,kiüssem,1.000,1.000,Kiüssem?,Vegyem le?,NEEDS_TRANSLATION,,,
gree_obchodnik_bite_sejn_RGoW,1,31,,kom,1.000,1.000,Kom...,Komm...,NEEDS_TRANSLATION,,,
eich_cechmistr_konzentrie_lTPL,1,31,,konzentrieren,1.000,1.000,Konzentrieren!,!P Konzentrieren!,NEEDS_TRANSLATION,,,
jasa_kumani_na_placeholde_l4xr,1,31,,látod,1.000,1.000,Látod!,!P Látod!,NEEDS_TRANSLATION,,,
jasa_jasak_a_francba_gjVq,1,31,,lófaszt,1.000,1.000,Lófaszt!,!P A francba!,NEEDS_TRANSLATION,,,
brab_brabant_c_hovno_IOH6,1,31,,merde,1.000,1.000,Merde !,!P Merde!,NEEDS_TRANSLATION,,,
brab_brabant_c_chcipni_cEG4,1,31,,meurs,1.000,1.000,Meurs !,!P Mourir!,NEEDS_TRANSLATION,,,
zave_jasak_mi_a_fasz_Lkpk,1,31,,fasz,1.000,1.000,Mi a fasz!,!P Mi a fasz!,NEEDS_TRANSLATION,,,
zave_opily_kum_mi_a_fene__U1Gg,1,31,,fene,1.000,1.000,Mi a fene az?,"Mi a fene az, hogy?",NEEDS_TRANSLATION,,,
cp_z_henry_mi_dispiace_mJlt,1,31,,dispiace,1.000,1.000,Mi dispiace...,!P Mi dispiace...,NEEDS_TRANSLATION,,,
henr_jasak_o_mosolyog_86wO,1,31,,mosolyog,1.000,1.000,Mosolyog.,!P Ő mosolyog?,NEEDS_TRANSLATION,,,
rozh_majitel_s_dobra_dobr_aAuD,1,31,,natürlich,1.000,1.000,Natürlich.,!P Natürlich.,NEEDS_TRANSLATION,,,
s_ho_hospodsky_a_kam_jinam_2hVK,1,31,,natürlich,1.000,1.000,Natürlich…,!P Natürlich…,NEEDS_TRANSLATION,,,
menh_arne_nemec_nein_oSdq,1,31,,nein,1.000,1.000,Nein…,!P Nein…,NEEDS_TRANSLATION,,,
cp_z_henry_no_no_skuzi_WKoC,1,31,,scuzi,1.000,1.000,"No, no! Scuzi!",!P No. !P No. !P Scoosi.,NEEDS_TRANSLATION,,,
spol_utok_na_m_oh_scheiss_41rH,1,31,german,scheisse,0.500,0.500,"Oh Scheiße … Come on, Devil!","!P Oh Scheisse… Come on, Devil!",NEEDS_TRANSLATION,,,
truh_truhlar_m_oh_scheisp_2woW,1,31,,scheisssplitter,1.000,1.000,"Oh, Scheißsplitter!","!P Oh, Scheissplitter!",NEEDS_TRANSLATION,,,
lore_event_tab_jak_rikas__XsXr,1,31,yiddish_hebrew,von,0.111,0.111,Oy oy oy! It's a cross I have to bear. Along with all them noble von Steins and von Bergs.,"Like you say, my, oh my, it's a cross I have to bear. Along with all those noble von Steins and von Bergs.",NEEDS_TRANSLATION,,,
o_zi_zidovsky__oy_vej_na__v9Mr,1,31,yiddish_hebrew,vey,0.250,0.250,Oy vey! I would rather not remember.,Oy vey! I'd rather not remember.,NEEDS_TRANSLATION,,,
hosp_hospodska_oy_pejres_C8G6,1,31,,peyresh,1.000,1.000,Oy! Peyresh...,!P Oy! Peyresh...,NEEDS_TRANSLATION,,,
zavo_zavodnik__ou_benge_nAIy,1,31,,beng,1.000,1.000,"Oy, beng!","!T Oy, beng!",NEEDS_TRANSLATION,,,
npc__npc_bezi__oy_pejres_4Pwi,1,31,,peyresh,1.000,1.000,"Oy, peyresh.","Oi, peyresh.",NEEDS_TRANSLATION,,,
ph_j_brabant_spravne_VOMd,1,31,,parfait,1.000,1.000,Parfait !,!P Parfait!,NEEDS_TRANSLATION,,,
poly_kuman_u_s_fuj_kVhH,1,31,,picsa,1.000,1.000,Picsa!,!P Pisi!,NEEDS_TRANSLATION,,,
brab_brabant_s_prosim_uz__2w7x,1,31,,pitié,1.000,1.000,Pitié !,!P Clémence!,NEEDS_TRANSLATION,,,
post_brabant_quoi_j47j,1,31,,quoi,1.000,1.000,Quoi ?,!P Quoi?,NEEDS_TRANSLATION,,,
prij_npc_akcep_das_stimmt_BeO9,1,31,,richtig,1.000,1.000,Richtig so ...,!P Das stimmt…,NEEDS_TRANSLATION,,,
gree_pozdrav_m_solem_hein_otb0,1,31,,sholem,1.000,1.000,"Sholem, Heinrich!","!P Šolem, Heinrich!",NEEDS_TRANSLATION,,,
reak_kutnohors_zdislav_zd_Frxb,1,31,,stanislav,1.000,1.000,Stanislav! Stanislav!,Irvin! Irvin!,NEEDS_TRANSLATION,,,
dial_jasak_szereted_HN0O,1,31,,szereted,1.000,1.000,Szereted?,!P Szereted?,NEEDS_TRANSLATION,,,
cin__spizovaci_ty_taky_vs_UhrT,1,31,,kifelé,1.000,1.000,Te is! Kifelé!,"!P Te is, kifelé mindenki!",NEEDS_TRANSLATION,,,
endi_rozloucen_tschus_hey_zSMh,1,31,,tschüss,1.000,1.000,"Tschüss, Heinrich!","!P Tschus, Heyne!",NEEDS_TRANSLATION,,,
svat_svatava_g_vendulko_v_qVXn,1,31,,vendula,1.000,1.000,Vendula… Vendula…!,Vendula… Vendula...,NEEDS_TRANSLATION,,,
incl_rychtar_p_tak_jsi_ko_bR6w,1,31,,scheisskerl,1.000,1.000,Was? Du Scheißkerl!,Was? Du Fotze!,NEEDS_TRANSLATION,,,
kost_kibic_fac_miste_tuke_Jeba,1,31,,doing,1.000,1.000,What are you doing?,What're you doing?,NEEDS_TRANSLATION,,,
goss_situace_z_das_ist_to_pZn0,1,31,,wundervoll,1.000,1.000,Wundervoll!,Das ist toll!,NEEDS_TRANSLATION,,,
jasa_jasak_es_ki_tudja_9Zqt,1,31,,tudja,1.000,1.000,És ki tudja?,!P És ki tudja?,NEEDS_TRANSLATION,,,
pozd_sousedsky_salom_c3AE,1,30,,shalom,1.000,1.000,!P Shalom…,Shalom…,NEEDS_TRANSLATION,,,
vyje_hans_uher_a_do_riti_kpeh,1,30,,riti,1.000,1.000,A do riti!,Oh fuck.,NEEDS_TRANSLATION,,,
goss_gossip_sp_ach_qK2L,1,30,german,ach,0.250,0.250,Ach jo… What else would I be doing?,Ach jo… What else is there to do?,NEEDS_TRANSLATION,,,
s_he_hejtman_s_a_nepomohl_4aNu,1,30,german,ach,0.125,0.125,Ach so! And would you help me with him? You just have to catch him and bring me that blasted book.,!P Ach so! And would you help me with him? You just have to catch him and bring me that blasted book.,NEEDS_TRANSLATION,,,
kost_kostky_pr_eh_pejres_YNZe,1,30,,peyresh,1.000,1.000,"Ah, peyresh!","Eh, pejresh!",NEEDS_TRANSLATION,,,
utok_utok_na_m_do_nich_kr_mnhq,1,30,,bloooood,1.000,1.000,At them! Bloooood!,Attack! Bloooood!,NEEDS_TRANSLATION,,,
brab_brabant_hejtmane_jsi_861S,1,30,,capitaine,1.000,1.000,"Capitaine, are you there?","Captain, are you there?",NEEDS_TRANSLATION,,,
s_el_puskar_el_ba_ne_jind_xALk,1,30,german,eine; summe,0.000,0.143,"Come now, you can do better than that! I don't see us making a deal at this rate. Come back when you can offer eine Summe worth considering.","!P Come now, you can do better than that! I don't see us making a deal at this rate. Come back when you can offer etwas worth considering.",NEEDS_TRANSLATION,,,
gree_pozdrav_m_eh_solem_qBPN,1,30,,sholem,1.000,1.000,Eh... sholem.,!P Eh... Šolem.,NEEDS_TRANSLATION,,,
samo_samomluva_gor_nist_uh46,1,30,,gornisht,1.000,1.000,Gornisht…,!P Gornisht…,NEEDS_TRANSLATION,,,
chat_straze_vl_taky_grazie_Z2kG,1,30,italian,grazie,0.500,0.500,Grazie as well!,!P Grazie as well!,NEEDS_TRANSLATION,,,
zizk_hans_uher_uz_sem_tad_LHQE,1,30,,chalani,1.000,1.000,"Here I am, chalani!","!P Here I am, chalani!",NEEDS_TRANSLATION,,,
kuma_kuman_u_s_idiota_Od45,1,30,,idióta,1.000,1.000,Idióta!,!P Idióta…,NEEDS_TRANSLATION,,,
comb_mikulas_p_jasne_od_t_yOzd,1,30,,natürlich,1.000,1.000,"Ja, natürlich, that is why I am here, is it not?","!P Ja, natürlich, that is why I am here, is it not?",NEEDS_TRANSLATION,,,
hans_hans_z_uh_cuuuuraaci__kSgI,1,30,,kokotiiiii,1.000,1.000,Kokotiiiii!,Kokooots!,NEEDS_TRANSLATION,,,
spol_utok_na_m_oy_pejres__vgX3,1,30,yiddish_hebrew,peyresh,0.333,0.333,"Oy peyresh. Devil, do not be so foolish…","!P Oy peyresh. Devil, do not be so foolish…",NEEDS_TRANSLATION,,,
npc__npc_vidi__oy_vej_y_v_uSXP,1,30,yiddish_hebrew,vey,1.000,1.000,Oy vey! Oy vey!,Oy vey! Oy vey!,NEEDS_TRANSLATION,,,
lore_event_tab_oy_vej_asi_ejVR,1,30,yiddish_hebrew,vey,0.250,0.250,"Oy vey, I am sorry to say it is not that simple.","Oy vey, I'm sorry to say it's not that simple.",NEEDS_TRANSLATION,,,
aran_aranka_hej_raklo_1KAs,1,30,,rakleya,1.000,1.000,Oy! Rakleya!,!P Oy! Raklo!,NEEDS_TRANSLATION,,,
npc__npc_cilen_scheisse_k_yD7D,1,30,,scheisse,1.000,1.000,Scheiße! Kurva!,!P Scheisse! Kurva!,NEEDS_TRANSLATION,,,
rozp_npc_rozpo_scheisse_k_LwJD,1,30,,scheisse,1.000,1.000,Scheiße! Where are you?!,!P Scheisse! Where are you?!,NEEDS_TRANSLATION,,,
rozp_npc_rozpo_scheisse_k_IwzY,1,30,,scheisse,1.000,1.000,Scheiße! Who was that?!,!P Scheisse! Who was that?!,NEEDS_TRANSLATION,,,
poly_bohuta_pitomost_P4Xr,1,30,,schmonzes,1.000,1.000,Schmonzes!,!P Schmonzes!,NEEDS_TRANSLATION,,,
menh_menhart_z_proto_ja_k_1xNS,1,30,german,schwert,0.067,0.067,"That is why I must defend my claim in another way. Where words fail, das Schwert shall speak, therefore I issue challenges to duels.","!P That is why I must defend my claim in another way. Where words fail, the Schwert shall get the point across, therefore I issue challenges to duels.",NEEDS_TRANSLATION,,,
npc__bandita_c_ty_pico_y46Z,1,30,,píčo,1.000,1.000,Ty píčo!,Fucking hell!,NEEDS_TRANSLATION,,,
dial_posluchac_coze_uz_dv_i8GZ,1,30,,zweimal,1.000,1.000,Zweimal?,"!P Was, twice?",NEEDS_TRANSLATION,,,
pozd_pozdrav_k_jo_napot_qxq3,1,29,hungarian,napot,1.000,1.000,!P Jó napot!,!P Jó napot!,NEEDS_TRANSLATION,,,
neme_kozina_co_aber_prost_tvkD,1,29,german,aber,0.167,0.167,"Aber what?! Hand over what you got, fucking Deutscher!","Aber what? Hand over what you got, you german fucker!",NEEDS_TRANSLATION,,,
situ_situace_z_ja_rozmysl_DAYT,1,29,german,ach,0.100,0.100,"Ach jo…  If I can't have a bride, at least bring me some wine. A lot, in fact, so I can drown my sorrows!","Oh dear… If I can't have a bride, at least bring me some wine. A lot, in fact, so I can drown my sorrows!",NEEDS_TRANSLATION,,,
goss_gossip_ob_ach_jo_tad_l5mX,1,29,german,ach,0.100,0.100,"Ach jo…! Here, have a bit more on the house, so you don't go around saying I'm some kind of miser.","Ach jo… Here, take some more on the house, so you don't go saying I'm some kind of miser.",NEEDS_TRANSLATION,,,
goss_gossip_sp_ah_so_tak__jPsg,1,29,german,ach,0.250,0.250,"Ach so… well, I hope it is not that serious.","!P Ah so… well, I hope it is not that serious.",NEEDS_TRANSLATION,,,
kost_kostky_he_smula_chla_OcZH,1,29,,bibacht,1.000,1.000,Bibacht.,!T Bibacht.,NEEDS_TRANSLATION,,,
cumi_cumil_vla_bondzorno_F1Ie,1,29,,bongiorno,1.000,1.000,Bongiorno.,!P Bongiorno.,NEEDS_TRANSLATION,,,
gree_pozdrav_h_co_potrebu_y98F,1,29,czech,potřebuješ,1.000,1.000,Co potřebuješ?,,NEEDS_TRANSLATION,,,
aran_aranka_devlale_to_ne_hZWZ,1,29,,devlale,1.000,1.000,"Devlale, no!","!T Devlale, no!",NEEDS_TRANSLATION,,,
cros_handlir_m_heled_I5uV,1,29,,dik,1.000,1.000,Dik...,Look…,NEEDS_TRANSLATION,,,
jan__jan_ze_su_uz_jen_pos_4ney,1,29,hungarian,suchotlesky; farkas,0.000,0.200,Here's a letter with the seal of the Lords of Suchotlesky. Present it to László Farkas as proof that I sent you.,Here is a letter bearing the seal of the Lords of Suchotlesky. Present it to László Farkas as proof that I have sent you.,NEEDS_TRANSLATION,,,
ozra_brabant_na_na_zdra_b_QEbB,1,29,,putain,1.000,1.000,I am… not… Putain!,!P I am… not… Putain!,NEEDS_TRANSLATION,,,
s_ry_henry_nejmenuje_se_t_bV18,1,29,,janosh; uher,0.500,1.000,Janosh Uher?,Janosh Uher?,NEEDS_TRANSLATION,,,
jasa_jasak_tudok_szarni_2AHE,1,29,,leszarom,1.000,1.000,Leszarom.,!P Tudok szarni…,NEEDS_TRANSLATION,,,
samu_samuel_morgen_jindro_ksD3,1,29,,morgen,1.000,1.000,"Morgen, Henry!","Morgen, Henry.",NEEDS_TRANSLATION,,,
otaz_dlc3_joha_herr_alber_sHat,1,29,,ritterbrüder; ludolf,0.500,1.000,Ritterbrüder Ludolf.,Ritterbrüder Ludolf.,NEEDS_TRANSLATION,,,
fano_ztracena__zapichni_ho_NWJY,1,29,,szúrd,1.000,1.000,Szúrd le!,Belezd ki!,NEEDS_TRANSLATION,,,
muz__kocovnik__na_mou_dusi_GBFk,1,29,,merav,1.000,1.000,Te merav...,I swear…,NEEDS_TRANSLATION,,,
lore_event_tab_vim_ze_nac_CG6r,1,29,romani,gadjo; tibor,0.000,0.143,"What I heard was that some gadjo brutes wrongly imprisoned Tibor. Nearly chopped off his hands, head and no doubt his balls too.","!T What I heard was that some gadjo goons wrongly imprisoned Tibor. Nearly chopped off his hands, head and no doubt his balls too.",NEEDS_TRANSLATION,,,
rozp_npc_rozpo_kdo_to_str_4rVf,1,29,,lyivinelas,1.000,1.000,Who lyivinelas?,!T Who lyivinelas?,NEEDS_TRANSLATION,,,
muz__kocovnice_pobodanej__0Otl,1,28,romani,gadjo,0.500,0.500,A gadjo was stabbed…,!P A gadjo was stabbed…,NEEDS_TRANSLATION,,,
band_bandita_v_achtung_ac_Qs9V,1,28,,achtung,1.000,1.000,Achtung! Achtung!,Achtung! Achtung!,NEEDS_TRANSLATION,,,
zave_vasko_szar_f7kA,1,28,,baromság,1.000,1.000,Baromság!,Szar!,NEEDS_TRANSLATION,,,
turn_kutnohors_hora_hora__g9AE,1,28,,berg,1.000,1.000,Berg! Berg! Berg!,Berg! Berg! Berg!,NEEDS_TRANSLATION,,,
seba_rytir_seb_clesgine_c_XT9y,1,28,,clesgine,1.000,1.000,Clesgine? Clesgine!,Clesgine? Clesgine!,NEEDS_TRANSLATION,,,
vzde_dlc3_nemo_zima_je_mi_ZpB1,1,28,,cold,1.000,1.000,Cold… So cold…,Cold… So cold…,NEEDS_TRANSLATION,,,
poly_fabrizio_madonna_AVFF,1,28,,cristo,1.000,1.000,Cristo…,Madonna...,NEEDS_TRANSLATION,,,
assa_npc_vidi__pomatl_ses_gCws,1,28,,dilinardžal,1.000,1.000,Dilinardžal?,!T Demadyal tut o shero?,NEEDS_TRANSLATION,,,
zavo_zavodnik__dzav_dzav_m2ng,1,28,,džav,1.000,1.000,Džav! Džav!,,NEEDS_TRANSLATION,,,
reak_kutnohors_ebner_ebner_Tl2b,1,28,,ebner,1.000,1.000,Ebner! Ebner!,Ebner! Ebner!,NEEDS_TRANSLATION,,,
reak_kutnohors_ebner_ebne_FbN0,1,28,,ebner,1.000,1.000,Ebner! Ebner! Ebner!,Ebner! Ebner! Ebner!,NEEDS_TRANSLATION,,,
diva_divak_kom_jo_davej_d_JFKz,1,28,,gyerünk,1.000,1.000,"Ez az, gyerünk, gyerünk!","Ez az, gyerünk, gyerünk!",NEEDS_TRANSLATION,,,
prov_kuman_pro_tohle_me_b_C109,1,28,hungarian,móka,1.000,1.000,Ez jó móka!,Ez jó móka!,NEEDS_TRANSLATION,,,
prov_kuman_pro_ten_se_mi__YwYN,1,28,hungarian,volt,1.000,1.000,"Ez jó volt, mi?","Ez jó volt, mi?",NEEDS_TRANSLATION,,,
reak_kutnohors_francin_fr_N79H,1,28,,francin,1.000,1.000,Francin! Francin! Francin!,Francin! Francin! Francin!,NEEDS_TRANSLATION,,,
teor_cechmistr_genau_genau_Kkwx,1,28,,genau,1.000,1.000,"Genau, genau...","Genau, genau...",NEEDS_TRANSLATION,,,
reak_kutnohors_gerhart_ge_UOUm,1,28,,gerhart,1.000,1.000,Gerhart! Gerhart!,Gerhart! Gerhart!,NEEDS_TRANSLATION,,,
vyzv_menhart_z_gut_heinri_cFIS,1,28,,gut,1.000,1.000,"Gut, Heinrich, gut!","Gut, Heinrich, gut!",NEEDS_TRANSLATION,,,
jan__jan_ze_su_padl_do_za_7Bwn,1,28,hungarian,farkas,0.111,0.111,He's fallen into the clutches of a Hungarian baron. László Farkas is his name.,He's fallen into the clutches of a Hungarian baron. Laszlo Farkas is his name.,NEEDS_TRANSLATION,,,
assa_obet_bezi_hilfe_hilfe_y8pj,1,28,,hilfe,1.000,1.000,Hilfe! Hilfe!,Hilfe! Hilfe!,NEEDS_TRANSLATION,,,
assa_obet_bezi_hilfe_hilfe_2MKL,1,28,,hilfe,1.000,1.000,"Hilfe, hilfe!","Hilfe, hilfe!",NEEDS_TRANSLATION,,,
voja_vojak_nen_hm_hm_hm_LaGj,1,28,,hmm,1.000,1.000,"Hmm, hmm, hmm...","Hmm, hmm, hmm...",NEEDS_TRANSLATION,,,
neme_udo_aus_t_hoi_hoi_hoi_fKy3,1,28,,hoi,1.000,1.000,Hoi! Hoi! Hoi!,Hoi! Hoi! Hoi!,NEEDS_TRANSLATION,,,
reak_kutnohors_hynek_hyne_G9xD,1,28,,hynek,1.000,1.000,Hynek! Hynek! Hynek!,Hynek! Hynek! Hynek!,NEEDS_TRANSLATION,,,
jan__henry_nevidel_laszlo_yQWv,1,28,hungarian,farkas,0.250,0.250,I didn't. Farkas wouldn't allow it.,I did not. Farkas did not permit it.,NEEDS_TRANSLATION,,,
jan__jan_ze_su_p_podivej__a12x,1,28,hungarian,farkas,0.167,0.167,"If Farkas didn't steal it, it should still be on the cart.","If Farkas didn't nick it, it should be somewhere on the cart.",NEEDS_TRANSLATION,,,
reak_kutnohors_iglauer_ig_avrQ,1,28,,iglauer,1.000,1.000,Iglauer! Iglauer! Iglauer!,Iglauer! Iglauer! Iglauer!,NEEDS_TRANSLATION,,,
jan__henry_uz_je_to_pry_p_z50Q,1,28,hungarian,farkas,0.091,0.091,It seems it happened a few days ago. László Farkas wanted to keep it secret to get coin from you.,They say it happened a few days ago. László Farkas wanted to keep it secret to get money from you.,NEEDS_TRANSLATION,,,
ulri_event_tab_ja_ja_damen_7NXi,1,28,,damen,1.000,1.000,"Ja, ja! Damen!","Ja, ja! Damen!",NEEDS_TRANSLATION,,,
reak_kutnohors_jimram_jim_4Ftq,1,28,,jimram,1.000,1.000,Jimram! Jimram!,Jimram! Jimram!,NEEDS_TRANSLATION,,,
reak_kutnohors_krigl_krig_wCBE,1,28,,krügel,1.000,1.000,Krügel! Krügel! Krügel!,Krügel! Krügel! Krügel!,NEEDS_TRANSLATION,,,
reak_kutnohors_lukas_luka_4z8A,1,28,,lucas,1.000,1.000,Lucas! Lucas! Lucas!,Lucas! Lucas! Lucas!,NEEDS_TRANSLATION,,,
assa_obet_bezi_straze_Wlez,1,28,,manushale,1.000,1.000,Manushale!,!T Manushale!,NEEDS_TRANSLATION,,,
brab_ptacek_re_kurva_jind_m6OI,1,28,,merde,1.000,1.000,"Merde, Henry !","Fuck, Henry!",NEEDS_TRANSLATION,,,
reak_kutnohors_messer_mes_SGGe,1,28,,messer,1.000,1.000,Messer! Messer! Messer!,Messer! Messer! Messer!,NEEDS_TRANSLATION,,,
cert_suchy_cert_mmmm_mmmm_f0Il,1,28,,mmmm,1.000,1.000,Mmmm… mmmm…,Mmmm… mmmm…,NEEDS_TRANSLATION,,,
reak_kutnohors_naz_naz_naz_mj1p,1,28,,naaz,1.000,1.000,Naaz! Naaz! Naaz!,Naaz! Naaz! Naaz!,NEEDS_TRANSLATION,,,
zave_vasko_ne_vitatkozz_PO2H,1,28,czech,vitatkozz,1.000,1.000,Ne vitatkozz!,Ne vitatkozz!,NEEDS_TRANSLATION,,,
reak_kutnohors_otas_otas__3nPJ,1,28,,otto,1.000,1.000,Otto! Otto! Otto!,Otto! Otto! Otto!,NEEDS_TRANSLATION,,,
hans_hans_uher_pica_pica__Lpx0,1,28,,piča,1.000,1.000,"Piča, piča, piča!","Piča, piča, piča!",NEEDS_TRANSLATION,,,
incl_cechmistr_schade_sch_1pUK,1,28,,schade,1.000,1.000,"Schade, schade...","Schade, schade...",NEEDS_TRANSLATION,,,
reak_kutnohors_drzhuba_dr_NVZC,1,28,,shutup,1.000,1.000,Shutup! Shutup!,Shutup! Shutup!,NEEDS_TRANSLATION,,,
reak_kutnohors_stribropes_xt3M,1,28,,silverfist,1.000,1.000,Silverfist! Silverfist!,Silverfist! Silverfist!,NEEDS_TRANSLATION,,,
turn_kutnohors_srabe_srab_PuEv,1,28,,sra-be,1.000,1.000,SRA-BE! SRA-BE! SRA-BE!,,NEEDS_TRANSLATION,,,
vajd_vajda_ten_gadzo_posp_lkf2,1,28,romani,gadjo,0.167,0.167,That gadjo stain our family honour! He deserves punishment!,!P That gadjo has stained our family honour! He deserves punishment!,NEEDS_TRANSLATION,,,
souv_prodavac__tutto_nejl_Xc5L,1,28,,tutto,1.000,1.000,Tutto the best!,!P Tutto the best!,NEEDS_TRANSLATION,,,
vzde_dlc3_nemo_vodu_prosi_UoQz,1,28,,water,1.000,1.000,"Water… Please, water…","Water… Please, water…",NEEDS_TRANSLATION,,,
s_va_vajda_hmmm_na_gadza__LG7n,1,28,romani,gadjo,0.143,0.143,"Well now, for a gadjo you are not bad! I cannot wait to see him.","!P Well now, for a gadjo you're not bad!",NEEDS_TRANSLATION,,,
po_s_tibor_jaj_mamo_ale_t_LeFU,1,28,romani,gadjo,0.100,0.100,What a race! But one can tell you're a gadjo and weren't born half-arse in the saddle like we are!,!P What a race! But one can tell you're a gadjo and weren't born half-arse in the saddle like we are!,NEEDS_TRANSLATION,,,
reak_kutnohors_vilem_vile_n2Zy,1,28,,william,1.000,1.000,William! William! William!,William! William! William!,NEEDS_TRANSLATION,,,
reak_kutnohors_jakes_jake_nIJd,1,28,,yakesh,1.000,1.000,Yakesh! Yakesh! Yakesh!,Yakesh! Yakesh! Yakesh!,NEEDS_TRANSLATION,,,
poly_hans_uher_ty_ses_blb_8GZc,1,28,,kokot,1.000,1.000,You are kokot!,You are a prick.,NEEDS_TRANSLATION,,,
brab_brabant_sezen_ptacka_bI3a,1,28,french,monsieur,0.143,0.143,You must find Monsieur Chapon! We cannot leave without him!,Find Capon! We can't leave without him!,NEEDS_TRANSLATION,,,
reak_kutnohors_zdenek_zde_x1af,1,28,,zdenyek,1.000,1.000,Zdenyek! Zdenyek! Zdenyek!,Zdenyek! Zdenyek! Zdenyek!,NEEDS_TRANSLATION,,,
gree_pozdrav_z_was_brauch_Jzgd,1,27,,brauchst,1.000,1.000,!P Was brauchst du?,!P Was brauchst du?,NEEDS_TRANSLATION,,,
gree_pozdrav_z_was_willst_eBbT,1,27,,willst,1.000,1.000,!P Was willst du?,!P Was willst du?,NEEDS_TRANSLATION,,,
endi_rozloucen_but_bacht_PiWP,1,27,,bacht,1.000,1.000,!T But bacht...,!T But bacht...,NEEDS_TRANSLATION,,,
gree_obchodnik__was_wills_XtCZ,1,27,,willst,1.000,1.000,... Was willst du?,... Was willst du?,NEEDS_TRANSLATION,,,
poda_podareny__ty_vole_Al8G,1,27,,faszomba,1.000,1.000,A faszomba...,A faszomba...,NEEDS_TRANSLATION,,,
utrz_kuman_dos_hovno_kama_Kq0x,1,27,,faszt,1.000,1.000,A faszt!,A faszt!,NEEDS_TRANSLATION,,,
stre_strelnice_do_prdele_yeqy,1,27,,francba,1.000,1.000,A francba!,A francba!,NEEDS_TRANSLATION,,,
stre_strelnice_do_cernyho_23In,1,27,,közepibe,1.000,1.000,A közepibe!,A közepibe!,NEEDS_TRANSLATION,,,
prat_pratelsky_zasranej_z_J7E5,1,27,,picsába,1.000,1.000,A picsába.,A picsába.,NEEDS_TRANSLATION,,,
dost_kuman_dos_eh_pica_Qmpa,1,27,,picsába,1.000,1.000,A picsába...,A picsába...,NEEDS_TRANSLATION,,,
znic_znicila_s_do_pekla_6t8d,1,27,,pokolba,1.000,1.000,A pokolba!,A pokolba!,NEEDS_TRANSLATION,,,
nepr_kuman_nep_aaah_ty_cu_N4Lx,1,27,,aaah,1.000,1.000,"Aaah, te kurva...","Aaah, te kurva...",NEEDS_TRANSLATION,,,
neko_nekoho_ta_arrrrrr_Wd4u,1,27,,arrgh,1.000,1.000,Arrgh!,Arrgh!,NEEDS_TRANSLATION,,,
znic_znicila_s_arrrr_cS6Q,1,27,,ördögbe,1.000,1.000,Az ördögbe!,Az ördögbe!,NEEDS_TRANSLATION,,,
idle_kuman_mlu_jebat_na_to_4olK,1,27,,baszni,1.000,1.000,Baszni rá!,Baszni rá!,NEEDS_TRANSLATION,,,
dark_event_tab_bocsanat_j_2YHT,1,27,,bocsánat,1.000,1.000,"Bocsánat, Henry.","Bocsánat, Henry.",NEEDS_TRANSLATION,,,
ptac_ptacek_vi_jo_dobra_p_cUhR,1,27,,bravo,1.000,1.000,Bravo!,Bravo!,NEEDS_TRANSLATION,,,
dost_kuman_dos_kurvo_nemy_rZm7,1,27,,büdös,1.000,1.000,Büdös kurva!,Büdös kurva!,NEEDS_TRANSLATION,,,
spol_kuman_spo_skoncime_to_hNWu,1,27,,csapjuk,1.000,1.000,Csapjuk le!,Csapjuk le!,NEEDS_TRANSLATION,,,
prat_pratelsky_delej_UEQN,1,27,,csináld,1.000,1.000,Csináld!,Csináld!,NEEDS_TRANSLATION,,,
pozd_sousedsky_dank_E7Fd,1,27,,dank,1.000,1.000,Dank.,Dank.,NEEDS_TRANSLATION,,,
goss_lapka_mlu_no_slysel_lO4i,1,27,,hallottam,1.000,1.000,De hallottam.,De hallottam.,NEEDS_TRANSLATION,,,
goss_lapka_mlu_doprdele_p_Jvl5,1,27,,faszért,1.000,1.000,De mi a faszért?,De mi a faszért?,NEEDS_TRANSLATION,,,
assa_pratelske_dummkopf_jawy,1,27,,dummkopf,1.000,1.000,Dummkopf!,Dummkopf!,NEEDS_TRANSLATION,,,
vask_hejtman_f_tak_do_str_V38x,1,27,,garde,1.000,1.000,En garde!,Ready yourself.,NEEDS_TRANSLATION,,,
brab_brabant_z_olala_trefa_l2hl,1,27,,voilà,1.000,1.000,Et voilà!,Et voilà!,NEEDS_TRANSLATION,,,
zasa_obet_reag_je_to_past_89Ri,1,27,,csapda,1.000,1.000,Ez csapda!,Ez csapda!,NEEDS_TRANSLATION,,,
goss_lapka_mlu_to_je_prav_EMvf,1,27,,igaz,1.000,1.000,Ez igaz.,Ez igaz.,NEEDS_TRANSLATION,,,
neko_nekoho_ta_rozsekame__jp2Y,1,27,,felaprítjuk,1.000,1.000,Felaprítjuk!,Felaprítjuk!,NEEDS_TRANSLATION,,,
reak_kutnohors_francin_fr_7e5c,1,27,,frantzin,1.000,1.000,Frantzin! Frantzin!,Francin! Francin!,NEEDS_TRANSLATION,,,
diva_divak_kom_f_u_u_u_u__XvEf,1,27,,fuuuuuuuuj,1.000,1.000,Fuuuuuuuuj!,Fuuuuuuuuj!,NEEDS_TRANSLATION,,,
turn_kutnohors_jdi_na_kur_UoL1,1,27,,kurzkampf,1.000,1.000,Go for kurzkampf!,!P Go for kurzkampf!,NEEDS_TRANSLATION,,,
opon_oponentov_ha_ses_v_p_8a1O,1,27,,baszhatod,1.000,1.000,"Ha, baszhatod!","Ha, baszhatod!",NEEDS_TRANSLATION,,,
stal_stalker_nerus_BrVY,1,27,,hagyjál,1.000,1.000,Hagyjál!,Hagyjál!,NEEDS_TRANSLATION,,,
pozd_sousedsky_gru_dich_MlR1,1,27,,hallo,1.000,1.000,Hallo!,Hallo!,NEEDS_TRANSLATION,,,
reak_kutnohors_tonda_toni_sIie,1,27,,harry,1.000,1.000,Harry! Harry!,Harry! Our Harry!,NEEDS_TRANSLATION,,,
zavo_zavodnik__hyja_luyn,1,27,,hiya,1.000,1.000,Hiya!,!T Hiya!,NEEDS_TRANSLATION,,,
bark_strelci_b_horej_mgrq,1,27,,hořej,1.000,1.000,Hořej!,,NEEDS_TRANSLATION,,,
spol_kuman_spo_haha_ntOP,1,27,,háhá,1.000,1.000,Háhá!,Háhá!,NEEDS_TRANSLATION,,,
spol_spolubojo_heej_pomoz_JEUp,1,27,,segítsetek,1.000,1.000,Hé! Segítsetek!,Hé! Segítsetek!,NEEDS_TRANSLATION,,,
spol_kuman_vid_hej_krej_se_ol5q,1,27,,vigyázz,1.000,1.000,"Hé, vigyázz!","Hé, vigyázz!",NEEDS_TRANSLATION,,,
bff__musa_zdra_hezkej_vec_ip0G,1,27,,wula,1.000,1.000,"I ni wula, Henry!","I ni wula, Henry!",NEEDS_TRANSLATION,,,
kuma_kuman_v_t_igen__SjhP,1,27,,igen,1.000,1.000,Igen!,Igen!,NEEDS_TRANSLATION,,,
neme_udo_aus_t_ja_ebenholz_xIL8,1,27,,ebenholz,1.000,1.000,Ja! Ebenholz.,Ja! Ebenholz.,NEEDS_TRANSLATION,,,
neme_udo_aus_t_ja_vohl_BCY5,1,27,,jawohl,1.000,1.000,Jawohl!,Jawohl!,NEEDS_TRANSLATION,,,
idle_kuman_mlu_obklicte_ho_Im2k,1,27,,kerítsétek,1.000,1.000,Kerítsétek be!,Kerítsétek be!,NEEDS_TRANSLATION,,,
kuma_basan_com_kettevaglak_xf5k,1,27,,kettéváglak,1.000,1.000,Kettéváglak!,Kettéváglak!,NEEDS_TRANSLATION,,,
dost_kuman_dos_podruhy_to_95d2,1,27,,kibaszott,1.000,1.000,Kibaszott...,Kibaszott...,NEEDS_TRANSLATION,,,
stal_stalker_pal_do_pici_iq37,1,27,,kopj,1.000,1.000,Kopj le!,Kopj le!,NEEDS_TRANSLATION,,,
dost_kuman_dos_sere_pes_PfNs,1,27,,kutyafos,1.000,1.000,Kutyafos!,Kutyafos!,NEEDS_TRANSLATION,,,
prat_pratelsky_podame_si__ihcq,1,27,,leverjük,1.000,1.000,Leverjük?,Leverjük?,NEEDS_TRANSLATION,,,
utrz_kuman_dos_krev_to_mi_qBvm,1,27,,vér,1.000,1.000,Mi a ...? Vér?,Mi a ...? Vér?,NEEDS_TRANSLATION,,,
dost_kuman_dos_co_se_to__Dudl,1,27,,isten,1.000,1.000,Mi az isten...,Mi az isten...,NEEDS_TRANSLATION,,,
vajd_vajda_to_jo_vono_D39Q,1,27,,mishtes,1.000,1.000,Mishtes!,That's right!,NEEDS_TRANSLATION,,,
utrz_kuman_dos_hajzle_46zi,1,27,,mocsok,1.000,1.000,Mocsok!,Mocsok!,NEEDS_TRANSLATION,,,
turn_kutnohors_nestoudnost_FN6G,1,27,,nestoudnost,1.000,1.000,Nestoudnost!,,NEEDS_TRANSLATION,,,
prov_kuman_ude_joo_ty_pico_1EMH,1,27,,nesze,1.000,1.000,"Nesze, te kurva!","Nesze, te kurva!",NEEDS_TRANSLATION,,,
deni_zena_such_nevim_F2pV,1,27,,nevím,1.000,1.000,Nevím.,,NEEDS_TRANSLATION,,,
turn_kutnohors_no_konecne_mKOm,1,27,,konečně,1.000,1.000,No konečně!,,NEEDS_TRANSLATION,,,
turn_kutnohors_nuuudaaa_Ybdf,1,27,,nuuudaaa,1.000,1.000,Nuuudaaa!,,NEEDS_TRANSLATION,,,
o_zi_zidovsky__oy_vej_kaz_FggM,1,27,yiddish_hebrew,vey,0.000,0.167,Oy vey... Everybody hates money that doesn't belong to them.,!P Oy vej... Everybody simply hates money that doesn't belong to them.,NEEDS_TRANSLATION,,,
utrz_kuman_dos_smula_6U0L,1,27,,pech,1.000,1.000,Pech!,Pech!,NEEDS_TRANSLATION,,,
rozh_jimbo_pokr_pokr_634L,1,27,,poker,1.000,1.000,Poker? Poker…,Poker? Poker.,NEEDS_TRANSLATION,,,
neme_udo_aus_t_prost_ifca,1,27,,prost,1.000,1.000,Prost!,Prost!,NEEDS_TRANSLATION,,,
nast_orbance_s_provedu_k0qS,1,27,,provedu,1.000,1.000,Provedu.,,NEEDS_TRANSLATION,,,
zazn_zaznamena_kruci_kam__RcIB,1,27,,sakra,1.000,1.000,"Sakra, where is it?","Oh, where is it?",NEEDS_TRANSLATION,,,
neme_udo_aus_t_schade_dXvY,1,27,,schade,1.000,1.000,Schade.,Schade.,NEEDS_TRANSLATION,,,
assa_npc_bylo__schweinehu_87bv,1,27,,schweinehund,1.000,1.000,Schweinehund!,Schweinehund!,NEEDS_TRANSLATION,,,
kost_kostky_st_schon_SaXA,1,27,,schön,1.000,1.000,Schön.,Schön.,NEEDS_TRANSLATION,,,
neko_nekoho_ta_jdu_ti_pom_1XZo,1,27,,segítek,1.000,1.000,Segítek!,Segítek!,NEEDS_TRANSLATION,,,
diva_divak_kom_zasah_ej_y8Gd,1,27,,találat,1.000,1.000,TALÁLAT! Hé!,TALÁLAT! Hé!,NEEDS_TRANSLATION,,,
stre_strelnice_trefa_HNFX,1,27,,talált,1.000,1.000,Talált!,Talált!,NEEDS_TRANSLATION,,,
turn_kutnohors_to_je_kums_t0iK,1,27,,kumštýř,1.000,1.000,To je kumštýř kurva!,,NEEDS_TRANSLATION,,,
turn_kutnohors_to_je_vono_gYX0,1,27,,vono,1.000,1.000,To je vono!,,NEEDS_TRANSLATION,,,
deni_zena_such_to_nevim_6Xlz,1,27,,nevím,1.000,1.000,To nevím...,,NEEDS_TRANSLATION,,,
bark_kuman_na__jdem_na_to_kbhF,1,27,,támadás,1.000,1.000,Támadás!,Támadás!,NEEDS_TRANSLATION,,,
poda_podareny__hezky_Gt3G,1,27,,verd,1.000,1.000,Verd le!,Verd le!,NEEDS_TRANSLATION,,,
gree_pozdrav_m_gut_pracht_ePDA,1,27,,brauchst,1.000,1.000,Was brauchst du?,Was brauchst du?,NEEDS_TRANSLATION,,,
gree_obchodnic_was_wunsch_q4B2,1,27,,wünscht,1.000,1.000,"Was wünscht du, Henry?","Was wünscht du, Henry?",NEEDS_TRANSLATION,,,
gree_pozdrav_m_willkommen_cRQ2,1,27,,willkommen,1.000,1.000,"Willkommen, Heinrich!","Willkommen, Heinrich!",NEEDS_TRANSLATION,,,
vajd_vajda_zkratka_a_dobr_yspx,1,27,,gadjo,1.000,1.000,"You are, gadjo!","!P You are, gadjo!",NEEDS_TRANSLATION,,,
turn_kutnohors_zrychtuj_ho_V6rY,1,27,,zrychtuj,1.000,1.000,Zrychtuj ho!,,NEEDS_TRANSLATION,,,
dost_kuman_dos_a_boze_co__UXXC,1,27,,ááá,1.000,1.000,"Ááá, mi a ...?","Ááá, mi a ...?",NEEDS_TRANSLATION,,,
znic_znicila_s_boze_ne_sVeH,1,27,,istenem,1.000,1.000,"Ó, Istenem, ne!","Ó, Istenem, ne!",NEEDS_TRANSLATION,,,
dost_kuman_dos_boze_muj_kR6q,1,27,,istenem,1.000,1.000,"Ó, Istenem...","Ó, Istenem...",NEEDS_TRANSLATION,,,
zave_henry_orulok_hvvp,1,27,,örülök,1.000,1.000,Örülök.,Örülök.,NEEDS_TRANSLATION,,,
gree_pozdrav_z_solem_hein_hdnS,1,27,,šolem,1.000,1.000,"Šolem, Heinrich!",,NEEDS_TRANSLATION,,,
goss_gossip_na_aber_to_by_3CuB,1,26,german,aber,0.500,0.500,Aber that was my cow!,Aber that was my cow!,NEEDS_TRANSLATION,,,
obec_povzdech__wow_hergot_4ukR,1,26,,hergot,1.000,1.000,"Ah, Hergot.","Ah, Hergot.",NEEDS_TRANSLATION,,,
zabi_papezsky__aiuto_OHGA,1,26,,aiuto,1.000,1.000,Aiuto!,Aiuto!,NEEDS_TRANSLATION,,,
arne_henry_bereit_NdSt,1,26,,bereit,1.000,1.000,Bereit!,Bereit!,NEEDS_TRANSLATION,,,
zave_vasko_to_je_sila_o2dR,1,26,,bolond,1.000,1.000,Bolond!,Bolond!,NEEDS_TRANSLATION,,,
stra_strazny_z_ale_ehm_sa_lkr9,1,26,,sakra,1.000,1.000,But… uh… Sakra.,But… eh… Damn it,NEEDS_TRANSLATION,,,
pokr_treninkov_tak_delejt_GYDQ,1,26,,shlimaki,1.000,1.000,"Come on, shlimaki!","!T Come on, shlimaki!",NEEDS_TRANSLATION,,,
kunz_kunclin_r_corrump_IEtG,1,26,,corrump,1.000,1.000,Corrump?,Corrump?,NEEDS_TRANSLATION,,,
bff__brabant_z_mon_plasier_wlqe,1,26,,rien,1.000,1.000,De rien!,De rien!,NEEDS_TRANSLATION,,,
erik_erik_dost_du_feigling_ZloF,1,26,,feigling,1.000,1.000,Du Feigling!,Du Feigling!,NEEDS_TRANSLATION,,,
erik_erik_dost_du_hurenso_6TDI,1,26,,hurensohn,1.000,1.000,Du Hurensohn!,Du Hurensohn!,NEEDS_TRANSLATION,,,
prat_pratelsky_eh_degesis_aoWN,1,26,,degeshis,1.000,1.000,"Eh, degeshis...","Eh, degeshis...",NEEDS_TRANSLATION,,,
refu_michal_henry_iyho,1,26,,enrico,1.000,1.000,Enrico!,Henry!,NEEDS_TRANSLATION,,,
se_z_bohuta_pl_nikde_ho_t_Wg1a,1,26,,erik,1.000,1.000,Erik? Where is Erik?,Erik? Where is Erik?,NEEDS_TRANSLATION,,,
menh_menhart_z_gut_cJob,1,26,,genau,1.000,1.000,"Genau, Heinrich!","Genau, Heinrich!",NEEDS_TRANSLATION,,,
jorg_jorg_prank_hergot_ku_hG1K,1,26,german,herr; gott,0.000,0.200,Herr Gott! Go fuck yourself! Nobody threatens me! You're going to get the shit kicked out of you!,Herr Gott! Go fuck yourself! Nobody threatens me! You’re going to get the shit kicked out of you!,NEEDS_TRANSLATION,,,
kost_kostky_st_hier_HPex,1,26,,hier,1.000,1.000,Hier.,Hier.,NEEDS_TRANSLATION,,,
kuma_jasak_he_ez_a_baratom_hNRX,1,26,,barátom,1.000,1.000,Hé! Ez a barátom!,Hé! Ez a barátom!,NEEDS_TRANSLATION,,,
jese_opily_kum_istenem_0OB1,1,26,,istenem,1.000,1.000,Istenem!,Istenem!,NEEDS_TRANSLATION,,,
henr_arne_nemec_ja_du_sch_zHwu,1,26,,schwindler,1.000,1.000,"Ja, du Schwindler!","Ja, du Schwindler!",NEEDS_TRANSLATION,,,
arne_arne_nemec_ah_stimmt_2Afe,1,26,,stimmt,1.000,1.000,"Ja, stimmt.","Ja, stimmt.",NEEDS_TRANSLATION,,,
zave_jasak_lattam_egy_lan_YT97,1,26,,kizárt,1.000,1.000,Kizárt.,Kizárt.,NEEDS_TRANSLATION,,,
zaci_volf_kurvaaa_wXYb,1,26,,kurvaaa,1.000,1.000,Kurvaaa!,Fuuuck!,NEEDS_TRANSLATION,,,
cp_z_komar_mi_dispiace_2c3m,1,26,,dispiacze,1.000,1.000,Mi dispiacze.,Mi dispiacze.,NEEDS_TRANSLATION,,,
dark_event_tab_micsoda__Pzsm,1,26,,micsoda,1.000,1.000,Micsoda?,Micsoda?,NEEDS_TRANSLATION,,,
sam__samuel_chapu_sbohem__H09Z,1,26,,gut,1.000,1.000,"Nu, gut…","Nu, gut…",NEEDS_TRANSLATION,,,
reak_kutnohors_otik_otik_LXph,1,26,,otto,1.000,1.000,Otto! Otto!,Otto! Otto!,NEEDS_TRANSLATION,,,
prat_pratelsky_oy_pejres_NSa8,1,26,,pejresh,1.000,1.000,"Oy, pejresh...","Oy, pejresh...",NEEDS_TRANSLATION,,,
kuma_spizovaci_drzte_hubu_GcHs,1,26,,pofa,1.000,1.000,Pofa be!,Pofa be!,NEEDS_TRANSLATION,,,
tria_pavlena_d_roman_je_b_Mydj,1,26,,roman,1.000,1.000,Roman is... was...,"Roman is... Was, that is...",NEEDS_TRANSLATION,,,
utrz_soldier_d_sakra_co_to_VLXl,1,26,,sakra,1.000,1.000,"Sakra, what the…?","Shit, what the…?",NEEDS_TRANSLATION,,,
incl_cechmistr_schade_pM2j,1,26,,schade,1.000,1.000,Schade...,Schade...,NEEDS_TRANSLATION,,,
npc__npc_neroz_scheisse_k_Vx8K,1,26,,scheisse,1.000,1.000,Scheiße! Who was that?,Scheisse! Who was that?,NEEDS_TRANSLATION,,,
zran_vitek_boh_sovkosovko_jqhx,1,26,,sovka,1.000,1.000,Sovka... Sovka!,Sovka... Sovka!,NEEDS_TRANSLATION,,,
eich_cechmistr_starker_P1Jk,1,26,,stärker,1.000,1.000,Stärker!,Stärker!,NEEDS_TRANSLATION,,,
dial_jasak_szeretlek_j7PT,1,26,,szeretlek,1.000,1.000,Szeretlek!,Szeretlek!,NEEDS_TRANSLATION,,,
druh_vasko_szel_iG7C,1,26,,szél,1.000,1.000,Szél.,Szél.,NEEDS_TRANSLATION,,,
menh_menhart_z_tempo_tempo_TNDH,1,26,,tempo,1.000,1.000,Tempo! Tempo!,Tempo! Tempo!,NEEDS_TRANSLATION,,,
inga_cumil_v_d_to_byl_pes_9HGO,1,26,,dog,1.000,1.000,That was a dog.,That was a dog.,NEEDS_TRANSLATION,,,
jind_zavis_z_g_to_wspania_SoMh,1,26,,wspaniale,1.000,1.000,To wspaniale!,To wspaniale!,NEEDS_TRANSLATION,,,
npc__bandita_c_ty_vole_co_gnST,1,26,,vole,1.000,1.000,"Ty vole, what the…?!",You what?,NEEDS_TRANSLATION,,,
m_po_michal_uccidilo_fITT,1,26,,uccidilo,1.000,1.000,Uccidilo!,Uccidilo!,NEEDS_TRANSLATION,,,
sest_stalker_jasny_F7nR,1,26,,világos,1.000,1.000,Világos.,Világos.,NEEDS_TRANSLATION,,,
s_ku_vasko_viszontlatasra_CqUm,1,26,,viszontlátásra,1.000,1.000,Viszontlátásra!,Viszontlátásra!,NEEDS_TRANSLATION,,,
assa_pratelske_was_machst_5jak,1,26,,machst,1.000,1.000,Was machst du?!,Was machst du?!,NEEDS_TRANSLATION,,,
vyzv_menhart_z_was_rX2D,1,26,,sagst,1.000,1.000,Was sagst du?!,Was sagst du?!,NEEDS_TRANSLATION,,,
spol_soldier_v_do_pici_on_RkyA,1,26,,sakra,1.000,1.000,What the…? Sakra!,What the…? Christ.,NEEDS_TRANSLATION,,,
rozh_vilem_hyn_coze_jarka_VOZA,1,26,,jarka,1.000,1.000,What? Jarka was…?,What? You mean Yarka was…,NEEDS_TRANSLATION,,,
menh_menhart_z_wunderbar__iw3b,1,26,,wunderbar,1.000,1.000,"Wunderbar, Heinrich!","Wunderbar, Heinrich!",NEEDS_TRANSLATION,,,
stre_strelnice_zasah_aX5Q,1,26,,zásah,1.000,1.000,Zásah!,,NEEDS_TRANSLATION,,,
rozl_rozloucen_salom_d0KK,1,25,,shalom,1.000,1.000,!P Shalom!,!P Shalom!,NEEDS_TRANSLATION,,,
diva_divak_kom_trefa_f3Qk,1,25,,hit,1.000,1.000,A HIT!,A HIT!,NEEDS_TRANSLATION,,,
uvod_duely_cer_ad_arma_z3zl,1,25,,arma,1.000,1.000,Ad arma!,Ad arma!,NEEDS_TRANSLATION,,,
ptac_ptacek_audentes_1f1v,1,25,,audentes,1.000,1.000,Audentes!,Audentes!,NEEDS_TRANSLATION,,,
bark_kuman_na__pancharte_phxX,1,25,,bastard,1.000,1.000,Bastard!,Bastard!,NEEDS_TRANSLATION,,,
inga_cumil_v_d_ale_hovno_qOmE,1,25,,bull-shit,1.000,1.000,Bull-shit!,Bull-shit!,NEEDS_TRANSLATION,,,
meni_menim_si__tak_pojd_hba3,1,25,,then,1.000,1.000,"Come on, then!","Come on, then!",NEEDS_TRANSLATION,,,
nepr_kuman_kom_srabe_GLyO,1,25,,coward,1.000,1.000,Coward!,Coward!,NEEDS_TRANSLATION,,,
prov_kuman_ude_kurva_uz_z_H8QJ,1,25,,die,1.000,1.000,Die!,Die!,NEEDS_TRANSLATION,,,
cin__volf_do_pici_ElRW,1,25,,píči,1.000,1.000,Do píči!,Do píči!,NEEDS_TRANSLATION,,,
utrz_soldier_d_do_pici_sH8o,1,25,,píči,1.000,1.000,Do píči...,Do píči...,NEEDS_TRANSLATION,,,
prat_pratelsky_ej_gadzo_ojQa,1,25,,gadjo,1.000,1.000,"Ey, gadjo?!","Ey, gadjo?!",NEEDS_TRANSLATION,,,
bark_kuman_na__bitka_ZElf,1,25,,fight,1.000,1.000,Fight!!,Fight!!,NEEDS_TRANSLATION,,,
ptac_ptacek_fortuna_rhPv,1,25,,fortuna,1.000,1.000,Fortuna!,Fortuna!,NEEDS_TRANSLATION,,,
prov_kuman_ude_tu_mas_sra_oFn6,1,25,,fuck,1.000,1.000,Fuck you!,Fuck you!,NEEDS_TRANSLATION,,,
diva_divak_kom_srac_k_a_a_At8a,1,25,,fuuuuck,1.000,1.000,Fuuuuck!,Fuuuuck!,NEEDS_TRANSLATION,,,
cumi_cumil_vla_buh_s_tebou_UL7O,1,25,,god,1.000,1.000,God be with you.,God be with you.,NEEDS_TRANSLATION,,,
nekd_nekdo_si__ty_svine_s2kY,1,25,,god,1.000,1.000,"God, no!","God, no!",NEEDS_TRANSLATION,,,
diva_divak_kom_skvele_dSgQ,1,25,,great,1.000,1.000,Great!!,Great!!,NEEDS_TRANSLATION,,,
menh_menhart_z_gut_heinri_ez6g,1,25,,gut,1.000,1.000,"Gut, Heinrich!","Gut, Heinrich!",NEEDS_TRANSLATION,,,
berg_bergov_vi_hergot_tad_TU7I,1,25,german,herr; gott,0.000,0.667,Herr Gott! There has been a murder here!,Herr Gott! There has been a murder here!,NEEDS_TRANSLATION,,,
npc__kuman_se__hej_ty_N8fm,1,25,,hey,1.000,1.000,"Hey, you!","Hey, you!",NEEDS_TRANSLATION,,,
prov_kuman_ude_eja_hej_rqU4,1,25,,heyah,1.000,1.000,Heyah!,Heyah!,NEEDS_TRANSLATION,,,
neko_nekoho_ta_pomuzu_ti_HoBf,1,25,,i'm,1.000,1.000,I'm here!,I'm here!,NEEDS_TRANSLATION,,,
ptac_ptacek_iuvat_I5HQ,1,25,,iuvat,1.000,1.000,Iuvat!,Iuvat!,NEEDS_TRANSLATION,,,
menh_henry_klar_2fYc,1,25,,klar,1.000,1.000,Klar.,Klar.,NEEDS_TRANSLATION,,,
spol_kuman_spo_nech_mi_ho_aeBM,1,25,,leave,1.000,1.000,Leave him to me!,Leave him to me!,NEEDS_TRANSLATION,,,
poly_fabrizio_madonna_gqJN,1,25,,madonna,1.000,1.000,Madonna!,Madonna!,NEEDS_TRANSLATION,,,
spol_kuman_vid_boze_muj_IMeo,1,25,,god,1.000,1.000,My God!,My God!,NEEDS_TRANSLATION,,,
pusk_puskar_el_na_und_e4lL,1,25,,und,1.000,1.000,Na und?,Na und?,NEEDS_TRANSLATION,,,
soub_arne_nemec_nein_ihxD,1,25,,niemals,1.000,1.000,Niemals!,Niemals!,NEEDS_TRANSLATION,,,
inga_cumil_v_d_nekecej_ty_4Qmz,1,25,,way,1.000,1.000,No way!,No way!,NEEDS_TRANSLATION,,,
bark_cumil_vla_panecku_ka_AN09,1,25,,cardinal,1.000,1.000,"Oh, my… a Cardinal.","Oh, my… a Cardinal.",NEEDS_TRANSLATION,,,
dost_kuman_dos_kurva_yACd,1,25,,shit,1.000,1.000,"Oh, shit…","Oh, shit…",NEEDS_TRANSLATION,,,
hosp_hospodsky_prave_ze_n_fxTH,1,25,czech; slovak,otik,0.000,0.071,"Only they're not. There's another den a little further on, but Otik went to that one alone. And he hasn't come back yet.","Only they're not. There is another den a little further on, but Otik went to that one alone. And he hasn't come back yet.",NEEDS_TRANSLATION,,,
dost_kuman_dos_kde_ses_to_xgy4,1,25,,oof,1.000,1.000,"Oof, what was that?","Oof, what was that?",NEEDS_TRANSLATION,,,
lasz_laszlo_fa_spehoune_QAOq,1,25,,picsába,1.000,1.000,Picsába!,Picsába!,NEEDS_TRANSLATION,,,
priv_obchodnic_zaj_gezunt_TznV,1,25,,shalom,1.000,1.000,Shalom.,Shalom.,NEEDS_TRANSLATION,,,
meni_menim_si__palte_na_ne_jmpe,1,25,,shoot,1.000,1.000,Shoot at them!,Shoot at them!,NEEDS_TRANSLATION,,,
dost_kuman_dos_bohorodicko_mBmI,1,25,,szűzanyám,1.000,1.000,Szűzanyám!,Szűzanyám!,NEEDS_TRANSLATION,,,
poce_event_poc_pravdou_je_6eCe,1,25,german,herr; otto,0.000,0.222,"Truth be told, he was a slimy snake for not warning Herr Otto about the ambush.","Truth be told, he was a slimy snake for not warning Herr Otto about the ambush.",NEEDS_TRANSLATION,,,
diva_divak_kom_neuveritel_I2eW,1,25,,unbelievable,1.000,1.000,Unbelievable!,Unbelievable!,NEEDS_TRANSLATION,,,
menh_menhart_z_verstehen__GU05,1,25,,verstanden,1.000,1.000,Verstanden.,Verstanden.,NEEDS_TRANSLATION,,,
opon_oponent_s_blizi_se_iBB3,1,25,,vigyázz,1.000,1.000,Vigyázz!,Vigyázz!,NEEDS_TRANSLATION,,,
s_fr_hejtman_f_a_co_dal_W5ZL,1,25,,noch,1.000,1.000,Was noch?,Was noch?,NEEDS_TRANSLATION,,,
prov_kuman_ude_co_smejde_hIDi,1,25,,fucker,1.000,1.000,"What, you fucker?","What, you fucker?",NEEDS_TRANSLATION,,,
s_ho_hospodsky_bilej_jak__faYN,1,25,czech; slovak,teufel,0.000,0.167,"White as a ghost, his eyes as if he had seen den Teufel.","White as a ghost, his eyes as if he seen der Teufel.",NEEDS_TRANSLATION,,,
diva_divak_kom_j_o_o_o_o_o_Sz5G,1,25,,yoohoo,1.000,1.000,Yoohoo!,Yoohoo!,NEEDS_TRANSLATION,,,
vacl_dlc3_kama_echm_5iVD,1,24,,ehm,1.000,1.000,"<Ehm, ehm!>","<Ehm, ehm!>",NEEDS_TRANSLATION,,,
pred_dlc3_deve_glogloglo_e3hR,1,24,,glug,1.000,1.000,<glug glug glug>,<glug glug glug>,NEEDS_TRANSLATION,,,
s_my_dcera_kuc_achjoty_js_2qkZ,1,24,german,ach,0.500,0.500,Ach jo! You're an ox!,Ach jo! You're an ox!,NEEDS_TRANSLATION,,,
cin__volf_ah_do_pici_7g0N,1,24,,píči,1.000,1.000,"Ah, do píči...","Ah, do píči...",NEEDS_TRANSLATION,,,
npc__muz_samom_echrp_ehm_gIXW,1,24,,echm,1.000,1.000,"Echm, echm…","Echm, echm…",NEEDS_TRANSLATION,,,
cin__volf_eh_do_pici_FTcH,1,24,,píči,1.000,1.000,Eh... Do píči...,Eh... Do píči...,NEEDS_TRANSLATION,,,
diva_divak_kom_dobra_trefa_lf01,1,24,,shot,1.000,1.000,Good shot!,Good shot!,NEEDS_TRANSLATION,,,
opon_oponent_n_gor_nist_FIcd,1,24,,gornisht,1.000,1.000,Gornisht!,Gornisht!,NEEDS_TRANSLATION,,,
dial_vasko_gyonyoru_Q8jP,1,24,,gyönyörű,1.000,1.000,Gyönyörű.,Gyönyörű.,NEEDS_TRANSLATION,,,
turn_kutnohors_ringen_bIsE,1,24,,harnisch,1.000,1.000,Harnisch!,Harnisch!,NEEDS_TRANSLATION,,,
zavo_zavodnik__hip_hip_hip_FMvi,1,24,,hip,1.000,1.000,Hip hip hip!,Hip hip hip!,NEEDS_TRANSLATION,,,
reak_kutnohors_johan_johan_vvST,1,24,,johann,1.000,1.000,Johann! Johann!,Johann! Johann!,NEEDS_TRANSLATION,,,
idle_kuman_mlu_pojdme_do__C5Av,1,24,,let's,1.000,1.000,Let's get him!,Let's get him!,NEEDS_TRANSLATION,,,
reak_kutnohors_lukas_lukas_N9TC,1,24,,lucas,1.000,1.000,Lucas! Lucas!,Lucas! Lucas!,NEEDS_TRANSLATION,,,
fabr_fabrizio_madonna_0BnY,1,24,,madonna,1.000,1.000,Madonna...,Madonna...,NEEDS_TRANSLATION,,,
nepr_kuman_nep_tak_pojd_3V5M,1,24,,gyere,1.000,1.000,Na gyere!,Na gyere!,NEEDS_TRANSLATION,,,
pogr_pogrom_ob_o_adonai_Cu9f,1,24,,adonoy,1.000,1.000,"Oy, adonoy…","Oy, adonoy…",NEEDS_TRANSLATION,,,
hrac_henry_p_pusko__JdGO,1,24,,pushko,1.000,1.000,Pushko! Pushko!!!,Pushko! Pushko!!!,NEEDS_TRANSLATION,,,
goss_uhersky_v_dej_s_tim__16mM,1,24,,quit,1.000,1.000,Quit it…,Quit it…,NEEDS_TRANSLATION,,,
arne_arne_nemec_so_bereit_AMkq,1,24,,bereit,1.000,1.000,"So, bereit?","So, bereit?",NEEDS_TRANSLATION,,,
s_bo_zizka3_stahneme_se_d_KRQc,1,24,czech; slovak,jobst,0.000,0.125,Then we'll hide in the Devil's Den and wait for Jobst and his army.,Then we'll hide in the Devil's Den and wait for Jobst with the army.,NEEDS_TRANSLATION,,,
reak_kutnohors_jakes_jakes_80lv,1,24,,yakesh,1.000,1.000,Yakesh! Yakesh!,Yakesh! Yakesh!,NEEDS_TRANSLATION,,,
spol_kuman_vid_ty_svine_rOGu,1,24,,bastard,1.000,1.000,You bastard!,You bastard!,NEEDS_TRANSLATION,,,
baro_bohuta_pl_a_to_se_pr_HYt4,1,24,french,monsieur; baron,0.000,0.400,"You're quite mistaken, Monsieur Baron. I have!","You're quite mistaken, Monsieur Baron. I have!",NEEDS_TRANSLATION,,,
teor_cechmistr_aber_neni__Gw8y,1,23,german,aber,0.250,0.250,Aber I do not see much of a resemblance.,Aber I do not see much of a resemblance.,NEEDS_TRANSLATION,,,
tuto_trener_pi_achjojasne_PEdz,1,23,german,ach,0.000,0.111,"Ach jo… ! Sure, but if you mess it up, you'll have more than just a theft on your conscience.","Oh boy… Sure, but if you mess it up, you'll have more than just a theft on your conscience.",NEEDS_TRANSLATION,,,
bonk_henry_ach_jo_co_mam__uHNE,1,23,german,ach,0.000,1.000,Ach jo… What am I to do with you?,Ach jo… What am I supposed to do with you?,NEEDS_TRANSLATION,,,
jan__jan_ze_su_a_farkas_s_cyHE,1,23,hungarian,farkas,0.200,0.200,And Farkas thought he could keep it a secret?,And Farkas thought he could keep it a secret?,NEEDS_TRANSLATION,,,
samu_samuel_a_ty_muze_nad_2Jl6,1,23,yiddish_hebrew,goy,0.000,0.250,And that only takes one goy here.,And it just takes one goy…,NEEDS_TRANSLATION,,,
tria_leopold_k_i_ja_obcas_BF7a,1,23,german,scheisse,0.000,0.167,"Even I say Scheiße sometimes, and I'm not german.",Even I say schieße sometimes and I'm not German.,NEEDS_TRANSLATION,,,
jan__jan_ze_su_p_to_od_te_FsNC,1,23,hungarian,farkas,0.143,0.143,"First Farkas wanted to rob me, and now you? To hell with you both…","First Farkas wanted to rob me, and now you? To hell with you both…",NEEDS_TRANSLATION,,,
vajd_vajda_p_hehe_to_teda_gX4Q,1,23,romani,chavo,0.000,0.167,"Hehe, I bet. My chavo truly did number on your face.","!P Hehe, I bet. My chave truly did a number on your face.",NEEDS_TRANSLATION,,,
chat_henry_jak_jsi_to_rik_j1n2,1,23,,fortuna,1.000,1.000,How was that...? Fortuna...?,How was that...? Fortuna...?,NEEDS_TRANSLATION,,,
jan__jan_ze_su_ten_farkas_jJaX,1,23,hungarian,farkas,0.000,0.091,I'm liking that Farkas less and less. He's holding us on a tight leash like hunting bitches.,"I'm liking that Farkas less and less. He has a tight reign on us, like hunting dogs.",NEEDS_TRANSLATION,,,
vajd_vajda_muj_chave_vyhr_6stN,1,23,romani,chavo,0.000,0.500,My chavo won!,!P My chave won!,NEEDS_TRANSLATION,,,
muze_henry_hej_zadej_mi_n_dxcS,1,23,yiddish_hebrew,samuel,0.167,0.167,Samuel and the rabbi took those who survived to Kolin.,Samuel and the rabbi took those who survived to Kolin.,NEEDS_TRANSLATION,,,
kost_kostky_bu_ten_gadzo__u5Ff,1,23,romani,gadjo,0.000,0.250,That gadjo is playing circles around me!,!T That gadjo is playing circles around me!,NEEDS_TRANSLATION,,,
rezy_else_to_je_vlastne_d_URpi,1,23,german,freund,0.143,0.143,That's a good plan. Here's my perfume and give your Freund my greetings.,That's a good plan. Here's my perfume and give your Freund my greetings.,NEEDS_TRANSLATION,,,
menh_henry_wette_x1ML,1,23,,wette,1.000,1.000,Wette?,Wette?,NEEDS_TRANSLATION,,,
jola_jolanda_ses_ten_mlad_FZbS,1,23,romani,chavo,0.000,0.500,You are that chavo from my dream.,!P You are that chavo from my dream.,NEEDS_TRANSLATION,,,
refu_albik_z_u_echm_echm_ypGX,1,22,,echm,1.000,1.000,<Echm... Echm...>,<Echm... Echm...>,NEEDS_TRANSLATION,,,
goss_dlc_3_gos_uh_uh_dz5r,1,22,,ugh,1.000,1.000,<ugh ugh>,<ugh ugh>,NEEDS_TRANSLATION,,,
cin__opat_jan__amen_yzQp,1,22,,amen,1.000,1.000,Amen.,Amen.,NEEDS_TRANSLATION,,,
turn_kutnohors_skvele_skv_oy8d,1,22,,bravo,1.000,1.000,Bravo! Bravo!,Bravo! Bravo!,NEEDS_TRANSLATION,,,
stra_strazny_s_echrm_echrm_OxTI,1,22,,echrm,1.000,1.000,"Echrm, echrm...","Echrm, echrm...",NEEDS_TRANSLATION,,,
zran_ptacek_eh_eh_faTQ,1,22,,ehh,1.000,1.000,Ehh… ehh!,Ehh… ehh!,NEEDS_TRANSLATION,,,
neme_udo_aus_t_kozenu_jaj_1Hw5,1,22,german,ein,0.000,0.167,"Ein gutes Kind? A good child? Yes, I have five at home!","Goats? Jaja, meine Liebe? Sehr schön! XXX",NEEDS_TRANSLATION,,,
jan__jan_ze_su_vrat_se_do_8umo,1,22,hungarian,farkas,0.000,0.100,Go back to the camp and negotiate with Farkas like we agreed. We're just wasting time here…,Go back to the camp and negotiate with Farkas like we agreed. We are wasting time here…,NEEDS_TRANSLATION,,,
svep_svepomoc__grose_EtGy,1,22,,groschen,1.000,1.000,Groschen!,Groschen!,NEEDS_TRANSLATION,,,
s_pt_lichtenst_jindro_ty__hmhd,1,22,yiddish_hebrew,samuel,0.000,0.100,"Henry, tell Samuel and the rabbi to get ready to travel. I'll try to get someone else to join.","Henry, tell Samuel and the rabbi to get ready to travel. I'll try to get someone else to join…",NEEDS_TRANSLATION,,,
poly_zbrojnos__hmm_hmm_A1mH,1,22,,hmm,1.000,1.000,Hmm? Hmm?,Hmm? Hmm?,NEEDS_TRANSLATION,,,
zaty_henry_poslali_me_sem_Jdqq,1,22,hungarian,farkas,0.000,0.167,"I was sent from Miskowitz. Oh, and I have to talk to László Farkas as well!","I was sent from Miskovitz. Oh, and I have to talk to Laszlo Farkas as well!",NEEDS_TRANSLATION,,,
zaty_henry_mam_se_stavit__Qhrq,1,22,hungarian,farkas,0.000,0.091,"I'm supposed to go and see László Farkas and Zavish of Garbow, and I've come from the Miskowitz smithy as well!","I'm supposed to go and see Laszlo Farkas and Zawisch of Garbow, and I've come from the Miskovitz smithy as well!",NEEDS_TRANSLATION,,,
hand_konsky_ha_vsak_mi_je_mVDW,1,22,romani,gadjo,0.000,0.200,"It is always gadjo that bring them, after all.",They just bring them to me to sell them.,NEEDS_TRANSLATION,,,
o_zi_kostkar_v_teda_hele__QnAd,1,22,romani,gadjo,0.000,0.111,"Look, you know what, that sounds like the gadjo we saw in the forest the other night!","!T Look, you know what, that sounds like the gadjo we saw in the forest the other night!",NEEDS_TRANSLATION,,,
vyje_marian_kn_ale_to_nic_2SME,1,22,french,taras,0.000,0.091,"None of this, however, rights the wrongs committed by Sir Taras! Or are you looking to pardon him for slaying the cattle?","None of this, however, rights the wrongs committed by Sir Taras! Or are you looking to pardon him for murdering the cattle?",NEEDS_TRANSLATION,,,
deko_aranka_diky_xnFr,1,22,romani,chave,0.000,0.125,Outliving your chave is a terrible thing. It is even worse when you cannot bury them.,Outliving your chave is a terrible thing. It's even worse when you can't bury them.,NEEDS_TRANSLATION,,,
bibr_handlir_m_chungarav__xseu,1,22,romani,gadjo,0.000,0.143,"Rubbish. It will always be the speed race, no matter what some gadjo says.","Rubbish. It will always be a fast race, no matter what some gadje says.",NEEDS_TRANSLATION,,,
jp___ptacek_sakra_jindro_qEfO,1,22,,sakra,1.000,1.000,Sakra! Henry!,Sakra! Henry!,NEEDS_TRANSLATION,,,
turn_kutnohors_vivat_kutt_oZ2A,1,22,,vivat,1.000,1.000,Vivat Kuttenberg!,Vivat Kuttenberg!,NEEDS_TRANSLATION,,,
po_s_tibor_jaj_mamo_ja_te_cuZZ,1,22,romani,gadjo,0.000,0.100,"You rode like you were no gadjo at all! And you weren't even born like us, with your arse half in the saddle!","!P You rode like you were no gadjo at all! And you weren't even born among us, half-arse in the saddle!",NEEDS_TRANSLATION,,,
zada_beta_maji_ty_mas_sak_LXo0,1,21,,adam,1.000,1.000,Adam!,Adam!,NEEDS_TRANSLATION,,,
samu_samueluv__coze_fakt_mjoK,1,21,yiddish_hebrew,goy,0.000,0.091,And that goy who's fixing the building opposite wants more money for letting me watch from his scaffolding.,And that goy who's repairing the building opposite wants more money for letting me watch from his scaffolding.,NEEDS_TRANSLATION,,,
samu_samuel_to_budu_ja_xyaa,1,21,yiddish_hebrew,goy,0.000,0.250,Are you lost? Or what would a goy want here?,Are you lost? What can a goy want here?,NEEDS_TRANSLATION,,,
lich_samuel_pod_moji_hosp_Fjja,1,21,yiddish_hebrew,goyim,0.000,0.143,Below my tavern! Goyim do not just wander in here. But I will tell my people you are with us.,Below my tavern! Goyim don't just wander in here. But I'll tell my people you're one of us...,NEEDS_TRANSLATION,,,
cp_z_kucharka__ale_giusep_wkmT,1,21,,giuseppe,1.000,1.000,But Giuseppe...,But Giuseppe...,NEEDS_TRANSLATION,,,
hlas_moravaci__no_tak_jur_OO4S,1,21,,jurko,1.000,1.000,"Come on, Jurko!","Come on, Jurko!",NEEDS_TRANSLATION,,,
voja_cerny_voj_ech_ech_ech_lRu0,1,21,,ech,1.000,1.000,"Ech, ech! Ech...","Ech, ech! Ech...",NEEDS_TRANSLATION,,,
cp_z_kucharka__giuseppe_ne_fQnr,1,21,,giuseppe,1.000,1.000,Giuseppe! No!,Giuseppe! No!,NEEDS_TRANSLATION,,,
cp_z_komar_grrr_9pab,1,21,,grrr,1.000,1.000,Grrr...,Grrr...,NEEDS_TRANSLATION,,,
bert_berta_haman_co_In4i,1,21,,haman,1.000,1.000,Haman… what?,Haman… what?,NEEDS_TRANSLATION,,,
hanu_hanus_z_l_on_byl_zid_vjs0,1,21,latin,godwin,0.000,0.125,He was a Jew? So that's why Godwin wouldn't let me hold the requiem mass.,He was a Jew? So that's why Godwin poured cold water on the requiem mass.,NEEDS_TRANSLATION,,,
zizk_jan_zizka_krles_Z86H,1,21,,hosanna,1.000,1.000,Hosanna!,Hosanna!,NEEDS_TRANSLATION,,,
odev_henry_hugo_BgY8,1,21,,hugo,1.000,1.000,Hugo?,Hugo?,NEEDS_TRANSLATION,,,
henr_henry_jasak_1f1B,1,21,,jasak,1.000,1.000,Jasak.,Jasak.,NEEDS_TRANSLATION,,,
dial_lacek_kruci_mAFo,1,21,,krucinal,1.000,1.000,Krucinal!,Krucinal!,NEEDS_TRANSLATION,,,
s_de_henry_mandelinka_GbA4,1,21,,magdalenka,1.000,1.000,Magdalenka!,Magdalenka!,NEEDS_TRANSLATION,,,
s_de_henry_marcipan_fX42,1,21,,mandorla,1.000,1.000,Mandorla!,Mandorla!,NEEDS_TRANSLATION,,,
arne_arne_nemec_na_ja_gIzE,1,21,,naja,1.000,1.000,Naja.,Naja.,NEEDS_TRANSLATION,,,
dial_malesov_c_oh_ehm_dob_mAgb,1,21,french,vincenz,0.000,0.333,"Oh… Um… Pardon me, Sir Vincenz.","Oh… Um… Pardon me, Vincenz.",NEEDS_TRANSLATION,,,
musa_musa_z_ma_vsechny_ne_z7fp,1,21,arabic,allah,0.000,0.250,Only Allah can cure the ill.,It is Allah who treats the ill.,NEEDS_TRANSLATION,,,
vajd_henry_nebo_tibor_E5B7,1,21,,tibor,1.000,1.000,Or Tibor.,Or Tibor.,NEEDS_TRANSLATION,,,
cp_z_farar_pet_petrus_WKMf,1,21,,petrus,1.000,1.000,Petrus.,Petrus.,NEEDS_TRANSLATION,,,
s_je_jezek_z_t_roman_ASqM,1,21,,roman,1.000,1.000,Roman?!,Roman?!,NEEDS_TRANSLATION,,,
samk_henry_samko_qLV9,1,21,,samko,1.000,1.000,Samko?,Samko?,NEEDS_TRANSLATION,,,
plan_jan_zizka_a_jeste_ne_poAJ,1,18,czech; slovak,suchdol,0.000,0.077,"And another thing! The Devil's Den is no longer safe, so after the attack, we'll pull back to Suchdol Fortress.","And another thing! The Devil's Den is no longer safe, so after the attack, we'll pull back to Suchdol Fortress.",NEEDS_TRANSLATION,,,
sam__henry_mozna_se_pred__K4Jl,1,18,czech; slovak,zizka,0.000,0.111,I'll go back to the Devil's Den to Zizka and the others. We need to figure out what to do next.,I'll go back to the Devil's Den to Zizka and the others. We need to figure out what to do next.,NEEDS_TRANSLATION,,,
jan__henry_ze_si_to_farka_6ADA,1,18,hungarian,farkas,0.000,0.167,That Farkas is already burning in hell. I sent him there myself.,That Farkas is already burning in hell. I sent him there myself.,NEEDS_TRANSLATION,,,
sam__sara_samo_dalo_by_se_ThiK,1,18,yiddish_hebrew,martin,0.000,0.067,The rabbi gathered the goodmen so they could decide whether we wanted to have a goy blacksmith. And Martin wouldn't stop looking at me all night!,The rabbi gathered the goodmen so they could decide whether we wanted to have a goy blacksmith. And Martin wouldn't stop looking at me all night!,NEEDS_TRANSLATION,,,
samu_samuel_he__no_to_je__HKd3,1,17,yiddish_hebrew,goy,0.000,0.167,Heh heh… good one! A goy lecturing a Jew on Hebrew!,Heh heh… good one! A goy lecturing a Jew on hebrew!,NEEDS_TRANSLATION,,,
forc_musa_z_ma_kazde_stvo_qIML,1,16,arabic,allah,0.000,0.100,"Every creature is beautiful and noble, for Allah created them thus! I am just admiring his work.","Every creature is beautiful and noble, for Allah created them thus! I am just admiring his work.",NEEDS_TRANSLATION,,,
npc__npc_prezi_fuj_uz_jse_Ao6r,1,16,german,fuj,0.000,0.200,Fuj… I thought my gut was going to burst.,Fuj… I thought my gut was going to burst.,NEEDS_TRANSLATION,,,
samu_samuel_to_bych_bejt__4CYG,1,16,yiddish_hebrew,goyim,0.000,0.250,Goyim rarely wander in here with good intentions.,Goyim rarely wander in here with good intentions.,NEEDS_TRANSLATION,,,
cust_henry_nic_nevim__boh_il5S,1,16,german,erik,0.000,0.111,"I'll kill you. And your Erik will have to watch. And as soon as I'm finished with you, I'll gut him as well.","I'll kill you. And your Erik will have to watch. And as soon as I'm finished with you, I'll gut him as well.",NEEDS_TRANSLATION,,,
s_bo_henry_takze_bysme_me_4jZA,1,16,yiddish_hebrew,samuel,0.000,0.125,So we should take Samuel to Kolin as soon as possible so the rabbi can take care of it.,So we should take Samuel to Kolin as soon as possible so the rabbi can take care of it.,NEEDS_TRANSLATION,,,
